class,filename,path,extension,width,height,mode,file_size_kb
hazardous,hazardous_battery-10.jpg,dataset\hazardous\hazardous_battery-10.jpg,.jpg,224,224,RGB,13.83
hazardous,hazardous_battery-10_aug1462.jpg,dataset\hazardous\hazardous_battery-10_aug1462.jpg,.jpg,224,224,RGB,13.83
hazardous,hazardous_battery-10_aug596.jpg,dataset\hazardous\hazardous_battery-10_aug596.jpg,.jpg,224,224,RGB,12.77
hazardous,hazardous_battery-10_aug895.jpg,dataset\hazardous\hazardous_battery-10_aug895.jpg,.jpg,224,224,RGB,14.77
hazardous,hazardous_battery-11_aug2135.jpg,dataset\hazardous\hazardous_battery-11_aug2135.jpg,.jpg,224,224,RGB,15.89
hazardous,hazardous_battery-11_aug2493.jpg,dataset\hazardous\hazardous_battery-11_aug2493.jpg,.jpg,224,224,RGB,15.86
hazardous,hazardous_battery-11_aug40.jpg,dataset\hazardous\hazardous_battery-11_aug40.jpg,.jpg,224,224,RGB,15.63
hazardous,hazardous_battery-11_aug640.jpg,dataset\hazardous\hazardous_battery-11_aug640.jpg,.jpg,224,224,RGB,15.19
hazardous,hazardous_battery-12_aug1083.jpg,dataset\hazardous\hazardous_battery-12_aug1083.jpg,.jpg,224,224,RGB,16.6
hazardous,hazardous_battery-12_aug1305.jpg,dataset\hazardous\hazardous_battery-12_aug1305.jpg,.jpg,224,224,RGB,16.26
hazardous,hazardous_battery-12_aug2295.jpg,dataset\hazardous\hazardous_battery-12_aug2295.jpg,.jpg,224,224,RGB,16.26
hazardous,hazardous_battery-12_aug2473.jpg,dataset\hazardous\hazardous_battery-12_aug2473.jpg,.jpg,224,224,RGB,16.28
hazardous,hazardous_battery-13.jpg,dataset\hazardous\hazardous_battery-13.jpg,.jpg,224,224,RGB,11.64
hazardous,hazardous_battery-13_aug1759.jpg,dataset\hazardous\hazardous_battery-13_aug1759.jpg,.jpg,224,224,RGB,7.33
hazardous,hazardous_battery-13_aug242.jpg,dataset\hazardous\hazardous_battery-13_aug242.jpg,.jpg,224,224,RGB,11.65
hazardous,hazardous_battery-14.jpg,dataset\hazardous\hazardous_battery-14.jpg,.jpg,224,224,RGB,15.22
hazardous,hazardous_battery-14_aug1287.jpg,dataset\hazardous\hazardous_battery-14_aug1287.jpg,.jpg,224,224,RGB,14.12
hazardous,hazardous_battery-14_aug1527.jpg,dataset\hazardous\hazardous_battery-14_aug1527.jpg,.jpg,224,224,RGB,15.83
hazardous,hazardous_battery-14_aug190.jpg,dataset\hazardous\hazardous_battery-14_aug190.jpg,.jpg,224,224,RGB,15.2
hazardous,hazardous_battery-14_aug978.jpg,dataset\hazardous\hazardous_battery-14_aug978.jpg,.jpg,224,224,RGB,14.9
hazardous,hazardous_battery-15_aug1445.jpg,dataset\hazardous\hazardous_battery-15_aug1445.jpg,.jpg,224,224,RGB,14.15
hazardous,hazardous_battery-15_aug1942.jpg,dataset\hazardous\hazardous_battery-15_aug1942.jpg,.jpg,224,224,RGB,14.79
hazardous,hazardous_battery-15_aug2353.jpg,dataset\hazardous\hazardous_battery-15_aug2353.jpg,.jpg,224,224,RGB,13.51
hazardous,hazardous_battery-15_aug2567.jpg,dataset\hazardous\hazardous_battery-15_aug2567.jpg,.jpg,224,224,RGB,14.99
hazardous,hazardous_battery-15_aug2670.jpg,dataset\hazardous\hazardous_battery-15_aug2670.jpg,.jpg,224,224,RGB,13.73
hazardous,hazardous_battery-16_aug1304.jpg,dataset\hazardous\hazardous_battery-16_aug1304.jpg,.jpg,224,224,RGB,13.5
hazardous,hazardous_battery-16_aug2061.jpg,dataset\hazardous\hazardous_battery-16_aug2061.jpg,.jpg,224,224,RGB,13.38
hazardous,hazardous_battery-16_aug2316.jpg,dataset\hazardous\hazardous_battery-16_aug2316.jpg,.jpg,224,224,RGB,13.49
hazardous,hazardous_battery-17_aug1505.jpg,dataset\hazardous\hazardous_battery-17_aug1505.jpg,.jpg,224,224,RGB,13.46
hazardous,hazardous_battery-17_aug1697.jpg,dataset\hazardous\hazardous_battery-17_aug1697.jpg,.jpg,224,224,RGB,14.0
hazardous,hazardous_battery-17_aug843.jpg,dataset\hazardous\hazardous_battery-17_aug843.jpg,.jpg,224,224,RGB,13.45
hazardous,hazardous_battery-18_aug1737.jpg,dataset\hazardous\hazardous_battery-18_aug1737.jpg,.jpg,224,224,RGB,13.53
hazardous,hazardous_battery-18_aug2733.jpg,dataset\hazardous\hazardous_battery-18_aug2733.jpg,.jpg,224,224,RGB,12.42
hazardous,hazardous_battery-19_aug1335.jpg,dataset\hazardous\hazardous_battery-19_aug1335.jpg,.jpg,224,224,RGB,14.35
hazardous,hazardous_battery-19_aug1501.jpg,dataset\hazardous\hazardous_battery-19_aug1501.jpg,.jpg,224,224,RGB,14.34
hazardous,hazardous_battery-1_aug1274.jpg,dataset\hazardous\hazardous_battery-1_aug1274.jpg,.jpg,224,224,RGB,11.19
hazardous,hazardous_battery-1_aug2041.jpg,dataset\hazardous\hazardous_battery-1_aug2041.jpg,.jpg,224,224,RGB,11.26
hazardous,hazardous_battery-1_aug2622.jpg,dataset\hazardous\hazardous_battery-1_aug2622.jpg,.jpg,224,224,RGB,10.54
hazardous,hazardous_battery-1_aug498.jpg,dataset\hazardous\hazardous_battery-1_aug498.jpg,.jpg,224,224,RGB,12.59
hazardous,hazardous_battery-1_aug665.jpg,dataset\hazardous\hazardous_battery-1_aug665.jpg,.jpg,224,224,RGB,11.29
hazardous,hazardous_battery-20_aug166.jpg,dataset\hazardous\hazardous_battery-20_aug166.jpg,.jpg,224,224,RGB,13.71
hazardous,hazardous_battery-20_aug2015.jpg,dataset\hazardous\hazardous_battery-20_aug2015.jpg,.jpg,224,224,RGB,13.22
hazardous,hazardous_battery-20_aug2224.jpg,dataset\hazardous\hazardous_battery-20_aug2224.jpg,.jpg,224,224,RGB,13.26
hazardous,hazardous_battery-20_aug2510.jpg,dataset\hazardous\hazardous_battery-20_aug2510.jpg,.jpg,224,224,RGB,15.13
hazardous,hazardous_battery-21.jpg,dataset\hazardous\hazardous_battery-21.jpg,.jpg,224,224,RGB,11.08
hazardous,hazardous_battery-21_aug1919.jpg,dataset\hazardous\hazardous_battery-21_aug1919.jpg,.jpg,224,224,RGB,10.82
hazardous,hazardous_battery-21_aug2211.jpg,dataset\hazardous\hazardous_battery-21_aug2211.jpg,.jpg,224,224,RGB,11.3
hazardous,hazardous_battery-21_aug245.jpg,dataset\hazardous\hazardous_battery-21_aug245.jpg,.jpg,224,224,RGB,11.4
hazardous,hazardous_battery-21_aug608.jpg,dataset\hazardous\hazardous_battery-21_aug608.jpg,.jpg,224,224,RGB,12.43
hazardous,hazardous_battery-21_aug615.jpg,dataset\hazardous\hazardous_battery-21_aug615.jpg,.jpg,224,224,RGB,11.41
hazardous,hazardous_battery-22_aug639.jpg,dataset\hazardous\hazardous_battery-22_aug639.jpg,.jpg,224,224,RGB,11.73
hazardous,hazardous_battery-23_aug304.jpg,dataset\hazardous\hazardous_battery-23_aug304.jpg,.jpg,224,224,RGB,11.64
hazardous,hazardous_battery-23_aug390.jpg,dataset\hazardous\hazardous_battery-23_aug390.jpg,.jpg,224,224,RGB,13.1
hazardous,hazardous_battery-23_aug721.jpg,dataset\hazardous\hazardous_battery-23_aug721.jpg,.jpg,224,224,RGB,12.46
hazardous,hazardous_battery-24_aug107.jpg,dataset\hazardous\hazardous_battery-24_aug107.jpg,.jpg,224,224,RGB,13.29
hazardous,hazardous_battery-24_aug1435.jpg,dataset\hazardous\hazardous_battery-24_aug1435.jpg,.jpg,224,224,RGB,12.64
hazardous,hazardous_battery-24_aug2562.jpg,dataset\hazardous\hazardous_battery-24_aug2562.jpg,.jpg,224,224,RGB,12.96
hazardous,hazardous_battery-24_aug383.jpg,dataset\hazardous\hazardous_battery-24_aug383.jpg,.jpg,224,224,RGB,12.61
hazardous,hazardous_battery-24_aug922.jpg,dataset\hazardous\hazardous_battery-24_aug922.jpg,.jpg,224,224,RGB,11.75
hazardous,hazardous_battery-25_aug1650.jpg,dataset\hazardous\hazardous_battery-25_aug1650.jpg,.jpg,224,224,RGB,14.42
hazardous,hazardous_battery-25_aug211.jpg,dataset\hazardous\hazardous_battery-25_aug211.jpg,.jpg,224,224,RGB,13.07
hazardous,hazardous_battery-25_aug2210.jpg,dataset\hazardous\hazardous_battery-25_aug2210.jpg,.jpg,224,224,RGB,13.86
hazardous,hazardous_battery-25_aug2672.jpg,dataset\hazardous\hazardous_battery-25_aug2672.jpg,.jpg,224,224,RGB,13.7
hazardous,hazardous_battery-25_aug2687.jpg,dataset\hazardous\hazardous_battery-25_aug2687.jpg,.jpg,224,224,RGB,14.13
hazardous,hazardous_battery-25_aug413.jpg,dataset\hazardous\hazardous_battery-25_aug413.jpg,.jpg,224,224,RGB,12.88
hazardous,hazardous_battery-25_aug839.jpg,dataset\hazardous\hazardous_battery-25_aug839.jpg,.jpg,224,224,RGB,13.34
hazardous,hazardous_battery-26.jpg,dataset\hazardous\hazardous_battery-26.jpg,.jpg,224,224,RGB,12.51
hazardous,hazardous_battery-26_aug1225.jpg,dataset\hazardous\hazardous_battery-26_aug1225.jpg,.jpg,224,224,RGB,12.51
hazardous,hazardous_battery-26_aug1719.jpg,dataset\hazardous\hazardous_battery-26_aug1719.jpg,.jpg,224,224,RGB,13.13
hazardous,hazardous_battery-26_aug268.jpg,dataset\hazardous\hazardous_battery-26_aug268.jpg,.jpg,224,224,RGB,13.21
hazardous,hazardous_battery-27_aug1096.jpg,dataset\hazardous\hazardous_battery-27_aug1096.jpg,.jpg,224,224,RGB,12.08
hazardous,hazardous_battery-27_aug1279.jpg,dataset\hazardous\hazardous_battery-27_aug1279.jpg,.jpg,224,224,RGB,11.93
hazardous,hazardous_battery-27_aug1687.jpg,dataset\hazardous\hazardous_battery-27_aug1687.jpg,.jpg,224,224,RGB,13.36
hazardous,hazardous_battery-28_aug1797.jpg,dataset\hazardous\hazardous_battery-28_aug1797.jpg,.jpg,224,224,RGB,14.07
hazardous,hazardous_battery-28_aug1851.jpg,dataset\hazardous\hazardous_battery-28_aug1851.jpg,.jpg,224,224,RGB,14.73
hazardous,hazardous_battery-28_aug273.jpg,dataset\hazardous\hazardous_battery-28_aug273.jpg,.jpg,224,224,RGB,14.96
hazardous,hazardous_battery-29_aug2589.jpg,dataset\hazardous\hazardous_battery-29_aug2589.jpg,.jpg,224,224,RGB,14.7
hazardous,hazardous_battery-2_aug2049.jpg,dataset\hazardous\hazardous_battery-2_aug2049.jpg,.jpg,224,224,RGB,13.16
hazardous,hazardous_battery-2_aug845.jpg,dataset\hazardous\hazardous_battery-2_aug845.jpg,.jpg,224,224,RGB,13.88
hazardous,hazardous_battery-30_aug142.jpg,dataset\hazardous\hazardous_battery-30_aug142.jpg,.jpg,224,224,RGB,16.1
hazardous,hazardous_battery-30_aug1561.jpg,dataset\hazardous\hazardous_battery-30_aug1561.jpg,.jpg,224,224,RGB,13.69
hazardous,hazardous_battery-30_aug2075.jpg,dataset\hazardous\hazardous_battery-30_aug2075.jpg,.jpg,224,224,RGB,15.67
hazardous,hazardous_battery-30_aug2444.jpg,dataset\hazardous\hazardous_battery-30_aug2444.jpg,.jpg,224,224,RGB,15.47
hazardous,hazardous_battery-30_aug534.jpg,dataset\hazardous\hazardous_battery-30_aug534.jpg,.jpg,224,224,RGB,14.04
hazardous,hazardous_battery-30_aug643.jpg,dataset\hazardous\hazardous_battery-30_aug643.jpg,.jpg,224,224,RGB,14.09
hazardous,hazardous_battery-30_aug71.jpg,dataset\hazardous\hazardous_battery-30_aug71.jpg,.jpg,224,224,RGB,13.61
hazardous,hazardous_battery-31_aug1015.jpg,dataset\hazardous\hazardous_battery-31_aug1015.jpg,.jpg,224,224,RGB,15.89
hazardous,hazardous_battery-31_aug693.jpg,dataset\hazardous\hazardous_battery-31_aug693.jpg,.jpg,224,224,RGB,15.97
hazardous,hazardous_battery-32_aug682.jpg,dataset\hazardous\hazardous_battery-32_aug682.jpg,.jpg,224,224,RGB,14.16
hazardous,hazardous_battery-33_aug1929.jpg,dataset\hazardous\hazardous_battery-33_aug1929.jpg,.jpg,224,224,RGB,14.97
hazardous,hazardous_battery-33_aug2604.jpg,dataset\hazardous\hazardous_battery-33_aug2604.jpg,.jpg,224,224,RGB,14.72
hazardous,hazardous_battery-34_aug217.jpg,dataset\hazardous\hazardous_battery-34_aug217.jpg,.jpg,224,224,RGB,17.16
hazardous,hazardous_battery-34_aug2592.jpg,dataset\hazardous\hazardous_battery-34_aug2592.jpg,.jpg,224,224,RGB,15.72
hazardous,hazardous_battery-34_aug2654.jpg,dataset\hazardous\hazardous_battery-34_aug2654.jpg,.jpg,224,224,RGB,14.38
hazardous,hazardous_battery-35_aug1978.jpg,dataset\hazardous\hazardous_battery-35_aug1978.jpg,.jpg,224,224,RGB,18.26
hazardous,hazardous_battery-35_aug677.jpg,dataset\hazardous\hazardous_battery-35_aug677.jpg,.jpg,224,224,RGB,19.02
hazardous,hazardous_battery-36_aug1180.jpg,dataset\hazardous\hazardous_battery-36_aug1180.jpg,.jpg,224,224,RGB,14.04
hazardous,hazardous_battery-36_aug362.jpg,dataset\hazardous\hazardous_battery-36_aug362.jpg,.jpg,224,224,RGB,14.96
hazardous,hazardous_battery-36_aug497.jpg,dataset\hazardous\hazardous_battery-36_aug497.jpg,.jpg,224,224,RGB,16.28
hazardous,hazardous_battery-36_aug979.jpg,dataset\hazardous\hazardous_battery-36_aug979.jpg,.jpg,224,224,RGB,14.8
hazardous,hazardous_battery-37_aug1051.jpg,dataset\hazardous\hazardous_battery-37_aug1051.jpg,.jpg,224,224,RGB,16.67
hazardous,hazardous_battery-37_aug1060.jpg,dataset\hazardous\hazardous_battery-37_aug1060.jpg,.jpg,224,224,RGB,16.83
hazardous,hazardous_battery-37_aug1743.jpg,dataset\hazardous\hazardous_battery-37_aug1743.jpg,.jpg,224,224,RGB,18.43
hazardous,hazardous_battery-37_aug1765.jpg,dataset\hazardous\hazardous_battery-37_aug1765.jpg,.jpg,224,224,RGB,18.42
hazardous,hazardous_battery-38_aug132.jpg,dataset\hazardous\hazardous_battery-38_aug132.jpg,.jpg,224,224,RGB,16.86
hazardous,hazardous_battery-38_aug1370.jpg,dataset\hazardous\hazardous_battery-38_aug1370.jpg,.jpg,224,224,RGB,16.9
hazardous,hazardous_battery-38_aug1582.jpg,dataset\hazardous\hazardous_battery-38_aug1582.jpg,.jpg,224,224,RGB,17.18
hazardous,hazardous_battery-39_aug1625.jpg,dataset\hazardous\hazardous_battery-39_aug1625.jpg,.jpg,224,224,RGB,14.22
hazardous,hazardous_battery-39_aug1872.jpg,dataset\hazardous\hazardous_battery-39_aug1872.jpg,.jpg,224,224,RGB,13.41
hazardous,hazardous_battery-39_aug836.jpg,dataset\hazardous\hazardous_battery-39_aug836.jpg,.jpg,224,224,RGB,14.18
hazardous,hazardous_battery-39_aug916.jpg,dataset\hazardous\hazardous_battery-39_aug916.jpg,.jpg,224,224,RGB,12.99
hazardous,hazardous_battery-3_aug1837.jpg,dataset\hazardous\hazardous_battery-3_aug1837.jpg,.jpg,224,224,RGB,11.31
hazardous,hazardous_battery-3_aug346.jpg,dataset\hazardous\hazardous_battery-3_aug346.jpg,.jpg,224,224,RGB,11.16
hazardous,hazardous_battery-3_aug770.jpg,dataset\hazardous\hazardous_battery-3_aug770.jpg,.jpg,224,224,RGB,10.54
hazardous,hazardous_battery-3_aug974.jpg,dataset\hazardous\hazardous_battery-3_aug974.jpg,.jpg,224,224,RGB,10.55
hazardous,hazardous_battery-40_aug1301.jpg,dataset\hazardous\hazardous_battery-40_aug1301.jpg,.jpg,224,224,RGB,12.13
hazardous,hazardous_battery-40_aug1740.jpg,dataset\hazardous\hazardous_battery-40_aug1740.jpg,.jpg,224,224,RGB,10.83
hazardous,hazardous_battery-40_aug2277.jpg,dataset\hazardous\hazardous_battery-40_aug2277.jpg,.jpg,224,224,RGB,10.93
hazardous,hazardous_battery-40_aug2437.jpg,dataset\hazardous\hazardous_battery-40_aug2437.jpg,.jpg,224,224,RGB,10.18
hazardous,hazardous_battery-40_aug2620.jpg,dataset\hazardous\hazardous_battery-40_aug2620.jpg,.jpg,224,224,RGB,10.86
hazardous,hazardous_battery-40_aug553.jpg,dataset\hazardous\hazardous_battery-40_aug553.jpg,.jpg,224,224,RGB,12.55
hazardous,hazardous_battery-41.jpg,dataset\hazardous\hazardous_battery-41.jpg,.jpg,224,224,RGB,13.59
hazardous,hazardous_battery-41_aug156.jpg,dataset\hazardous\hazardous_battery-41_aug156.jpg,.jpg,224,224,RGB,14.36
hazardous,hazardous_battery-41_aug1613.jpg,dataset\hazardous\hazardous_battery-41_aug1613.jpg,.jpg,224,224,RGB,14.21
hazardous,hazardous_battery-41_aug262.jpg,dataset\hazardous\hazardous_battery-41_aug262.jpg,.jpg,224,224,RGB,14.2
hazardous,hazardous_battery-41_aug480.jpg,dataset\hazardous\hazardous_battery-41_aug480.jpg,.jpg,224,224,RGB,14.41
hazardous,hazardous_battery-42_aug1309.jpg,dataset\hazardous\hazardous_battery-42_aug1309.jpg,.jpg,224,224,RGB,14.23
hazardous,hazardous_battery-42_aug1447.jpg,dataset\hazardous\hazardous_battery-42_aug1447.jpg,.jpg,224,224,RGB,14.64
hazardous,hazardous_battery-42_aug603.jpg,dataset\hazardous\hazardous_battery-42_aug603.jpg,.jpg,224,224,RGB,13.8
hazardous,hazardous_battery-43_aug1163.jpg,dataset\hazardous\hazardous_battery-43_aug1163.jpg,.jpg,224,224,RGB,12.94
hazardous,hazardous_battery-43_aug1442.jpg,dataset\hazardous\hazardous_battery-43_aug1442.jpg,.jpg,224,224,RGB,12.59
hazardous,hazardous_battery-43_aug1838.jpg,dataset\hazardous\hazardous_battery-43_aug1838.jpg,.jpg,224,224,RGB,12.95
hazardous,hazardous_battery-43_aug1910.jpg,dataset\hazardous\hazardous_battery-43_aug1910.jpg,.jpg,224,224,RGB,12.43
hazardous,hazardous_battery-43_aug1953.jpg,dataset\hazardous\hazardous_battery-43_aug1953.jpg,.jpg,224,224,RGB,11.97
hazardous,hazardous_battery-43_aug1981.jpg,dataset\hazardous\hazardous_battery-43_aug1981.jpg,.jpg,224,224,RGB,11.51
hazardous,hazardous_battery-43_aug2520.jpg,dataset\hazardous\hazardous_battery-43_aug2520.jpg,.jpg,224,224,RGB,11.95
hazardous,hazardous_battery-43_aug37.jpg,dataset\hazardous\hazardous_battery-43_aug37.jpg,.jpg,224,224,RGB,13.24
hazardous,hazardous_battery-44_aug1169.jpg,dataset\hazardous\hazardous_battery-44_aug1169.jpg,.jpg,224,224,RGB,12.86
hazardous,hazardous_battery-44_aug432.jpg,dataset\hazardous\hazardous_battery-44_aug432.jpg,.jpg,224,224,RGB,12.74
hazardous,hazardous_battery-44_aug55.jpg,dataset\hazardous\hazardous_battery-44_aug55.jpg,.jpg,224,224,RGB,12.22
hazardous,hazardous_battery-45_aug1407.jpg,dataset\hazardous\hazardous_battery-45_aug1407.jpg,.jpg,224,224,RGB,13.5
hazardous,hazardous_battery-45_aug1520.jpg,dataset\hazardous\hazardous_battery-45_aug1520.jpg,.jpg,224,224,RGB,14.03
hazardous,hazardous_battery-45_aug224.jpg,dataset\hazardous\hazardous_battery-45_aug224.jpg,.jpg,224,224,RGB,13.83
hazardous,hazardous_battery-45_aug2422.jpg,dataset\hazardous\hazardous_battery-45_aug2422.jpg,.jpg,224,224,RGB,14.07
hazardous,hazardous_battery-45_aug98.jpg,dataset\hazardous\hazardous_battery-45_aug98.jpg,.jpg,224,224,RGB,13.32
hazardous,hazardous_battery-46_aug1166.jpg,dataset\hazardous\hazardous_battery-46_aug1166.jpg,.jpg,224,224,RGB,12.94
hazardous,hazardous_battery-46_aug831.jpg,dataset\hazardous\hazardous_battery-46_aug831.jpg,.jpg,224,224,RGB,12.88
hazardous,hazardous_battery-47_aug1543.jpg,dataset\hazardous\hazardous_battery-47_aug1543.jpg,.jpg,224,224,RGB,15.9
hazardous,hazardous_battery-47_aug1988.jpg,dataset\hazardous\hazardous_battery-47_aug1988.jpg,.jpg,224,224,RGB,15.72
hazardous,hazardous_battery-47_aug2402.jpg,dataset\hazardous\hazardous_battery-47_aug2402.jpg,.jpg,224,224,RGB,16.09
hazardous,hazardous_battery-47_aug532.jpg,dataset\hazardous\hazardous_battery-47_aug532.jpg,.jpg,224,224,RGB,13.86
hazardous,hazardous_battery-48_aug1141.jpg,dataset\hazardous\hazardous_battery-48_aug1141.jpg,.jpg,224,224,RGB,17.06
hazardous,hazardous_battery-48_aug1179.jpg,dataset\hazardous\hazardous_battery-48_aug1179.jpg,.jpg,224,224,RGB,17.16
hazardous,hazardous_battery-48_aug1842.jpg,dataset\hazardous\hazardous_battery-48_aug1842.jpg,.jpg,224,224,RGB,10.38
hazardous,hazardous_battery-48_aug1894.jpg,dataset\hazardous\hazardous_battery-48_aug1894.jpg,.jpg,224,224,RGB,15.96
hazardous,hazardous_battery-48_aug2082.jpg,dataset\hazardous\hazardous_battery-48_aug2082.jpg,.jpg,224,224,RGB,17.1
hazardous,hazardous_battery-48_aug2312.jpg,dataset\hazardous\hazardous_battery-48_aug2312.jpg,.jpg,224,224,RGB,15.18
hazardous,hazardous_battery-48_aug624.jpg,dataset\hazardous\hazardous_battery-48_aug624.jpg,.jpg,224,224,RGB,15.05
hazardous,hazardous_battery-48_aug762.jpg,dataset\hazardous\hazardous_battery-48_aug762.jpg,.jpg,224,224,RGB,16.61
hazardous,hazardous_battery-48_aug818.jpg,dataset\hazardous\hazardous_battery-48_aug818.jpg,.jpg,224,224,RGB,16.03
hazardous,hazardous_battery-49_aug1.jpg,dataset\hazardous\hazardous_battery-49_aug1.jpg,.jpg,224,224,RGB,17.72
hazardous,hazardous_battery-49_aug2690.jpg,dataset\hazardous\hazardous_battery-49_aug2690.jpg,.jpg,224,224,RGB,16.93
hazardous,hazardous_battery-49_aug691.jpg,dataset\hazardous\hazardous_battery-49_aug691.jpg,.jpg,224,224,RGB,17.64
hazardous,hazardous_battery-49_aug857.jpg,dataset\hazardous\hazardous_battery-49_aug857.jpg,.jpg,224,224,RGB,17.3
hazardous,hazardous_battery-4_aug1076.jpg,dataset\hazardous\hazardous_battery-4_aug1076.jpg,.jpg,224,224,RGB,10.94
hazardous,hazardous_battery-4_aug1446.jpg,dataset\hazardous\hazardous_battery-4_aug1446.jpg,.jpg,224,224,RGB,11.67
hazardous,hazardous_battery-5.jpg,dataset\hazardous\hazardous_battery-5.jpg,.jpg,224,224,RGB,12.0
hazardous,hazardous_battery-50_aug2325.jpg,dataset\hazardous\hazardous_battery-50_aug2325.jpg,.jpg,224,224,RGB,15.89
hazardous,hazardous_battery-50_aug237.jpg,dataset\hazardous\hazardous_battery-50_aug237.jpg,.jpg,224,224,RGB,16.46
hazardous,hazardous_battery-50_aug416.jpg,dataset\hazardous\hazardous_battery-50_aug416.jpg,.jpg,224,224,RGB,15.31
hazardous,hazardous_battery-50_aug546.jpg,dataset\hazardous\hazardous_battery-50_aug546.jpg,.jpg,224,224,RGB,15.94
hazardous,hazardous_battery-50_aug846.jpg,dataset\hazardous\hazardous_battery-50_aug846.jpg,.jpg,224,224,RGB,16.09
hazardous,hazardous_battery-50_aug951.jpg,dataset\hazardous\hazardous_battery-50_aug951.jpg,.jpg,224,224,RGB,16.82
hazardous,hazardous_battery-51.jpg,dataset\hazardous\hazardous_battery-51.jpg,.jpg,224,224,RGB,16.74
hazardous,hazardous_battery-51_aug174.jpg,dataset\hazardous\hazardous_battery-51_aug174.jpg,.jpg,224,224,RGB,16.84
hazardous,hazardous_battery-51_aug253.jpg,dataset\hazardous\hazardous_battery-51_aug253.jpg,.jpg,224,224,RGB,17.67
hazardous,hazardous_battery-51_aug347.jpg,dataset\hazardous\hazardous_battery-51_aug347.jpg,.jpg,224,224,RGB,17.72
hazardous,hazardous_battery-51_aug440.jpg,dataset\hazardous\hazardous_battery-51_aug440.jpg,.jpg,224,224,RGB,16.81
hazardous,hazardous_battery-52_aug1026.jpg,dataset\hazardous\hazardous_battery-52_aug1026.jpg,.jpg,224,224,RGB,14.83
hazardous,hazardous_battery-52_aug191.jpg,dataset\hazardous\hazardous_battery-52_aug191.jpg,.jpg,224,224,RGB,15.9
hazardous,hazardous_battery-52_aug2280.jpg,dataset\hazardous\hazardous_battery-52_aug2280.jpg,.jpg,224,224,RGB,15.45
hazardous,hazardous_battery-52_aug229.jpg,dataset\hazardous\hazardous_battery-52_aug229.jpg,.jpg,224,224,RGB,13.63
hazardous,hazardous_battery-52_aug679.jpg,dataset\hazardous\hazardous_battery-52_aug679.jpg,.jpg,224,224,RGB,16.32
hazardous,hazardous_battery-53_aug1065.jpg,dataset\hazardous\hazardous_battery-53_aug1065.jpg,.jpg,224,224,RGB,15.62
hazardous,hazardous_battery-53_aug1167.jpg,dataset\hazardous\hazardous_battery-53_aug1167.jpg,.jpg,224,224,RGB,15.63
hazardous,hazardous_battery-53_aug143.jpg,dataset\hazardous\hazardous_battery-53_aug143.jpg,.jpg,224,224,RGB,15.66
hazardous,hazardous_battery-54_aug1317.jpg,dataset\hazardous\hazardous_battery-54_aug1317.jpg,.jpg,224,224,RGB,16.35
hazardous,hazardous_battery-54_aug1932.jpg,dataset\hazardous\hazardous_battery-54_aug1932.jpg,.jpg,224,224,RGB,16.41
hazardous,hazardous_battery-54_aug1949.jpg,dataset\hazardous\hazardous_battery-54_aug1949.jpg,.jpg,224,224,RGB,15.42
hazardous,hazardous_battery-54_aug2230.jpg,dataset\hazardous\hazardous_battery-54_aug2230.jpg,.jpg,224,224,RGB,16.35
hazardous,hazardous_battery-54_aug2345.jpg,dataset\hazardous\hazardous_battery-54_aug2345.jpg,.jpg,224,224,RGB,16.36
hazardous,hazardous_battery-54_aug2595.jpg,dataset\hazardous\hazardous_battery-54_aug2595.jpg,.jpg,224,224,RGB,16.09
hazardous,hazardous_battery-54_aug279.jpg,dataset\hazardous\hazardous_battery-54_aug279.jpg,.jpg,224,224,RGB,15.9
hazardous,hazardous_battery-54_aug405.jpg,dataset\hazardous\hazardous_battery-54_aug405.jpg,.jpg,224,224,RGB,16.41
hazardous,hazardous_battery-55_aug1631.jpg,dataset\hazardous\hazardous_battery-55_aug1631.jpg,.jpg,224,224,RGB,14.52
hazardous,hazardous_battery-55_aug1789.jpg,dataset\hazardous\hazardous_battery-55_aug1789.jpg,.jpg,224,224,RGB,16.58
hazardous,hazardous_battery-55_aug1923.jpg,dataset\hazardous\hazardous_battery-55_aug1923.jpg,.jpg,224,224,RGB,16.56
hazardous,hazardous_battery-55_aug202.jpg,dataset\hazardous\hazardous_battery-55_aug202.jpg,.jpg,224,224,RGB,16.54
hazardous,hazardous_battery-56.jpg,dataset\hazardous\hazardous_battery-56.jpg,.jpg,224,224,RGB,15.06
hazardous,hazardous_battery-56_aug1589.jpg,dataset\hazardous\hazardous_battery-56_aug1589.jpg,.jpg,224,224,RGB,15.29
hazardous,hazardous_battery-56_aug1665.jpg,dataset\hazardous\hazardous_battery-56_aug1665.jpg,.jpg,224,224,RGB,14.56
hazardous,hazardous_battery-56_aug1999.jpg,dataset\hazardous\hazardous_battery-56_aug1999.jpg,.jpg,224,224,RGB,15.07
hazardous,hazardous_battery-56_aug594.jpg,dataset\hazardous\hazardous_battery-56_aug594.jpg,.jpg,224,224,RGB,15.66
hazardous,hazardous_battery-56_aug731.jpg,dataset\hazardous\hazardous_battery-56_aug731.jpg,.jpg,224,224,RGB,14.32
hazardous,hazardous_battery-56_aug790.jpg,dataset\hazardous\hazardous_battery-56_aug790.jpg,.jpg,224,224,RGB,14.02
hazardous,hazardous_battery-57_aug1185.jpg,dataset\hazardous\hazardous_battery-57_aug1185.jpg,.jpg,224,224,RGB,15.98
hazardous,hazardous_battery-57_aug15.jpg,dataset\hazardous\hazardous_battery-57_aug15.jpg,.jpg,224,224,RGB,17.92
hazardous,hazardous_battery-57_aug1971.jpg,dataset\hazardous\hazardous_battery-57_aug1971.jpg,.jpg,224,224,RGB,14.86
hazardous,hazardous_battery-57_aug2276.jpg,dataset\hazardous\hazardous_battery-57_aug2276.jpg,.jpg,224,224,RGB,14.99
hazardous,hazardous_battery-58.jpg,dataset\hazardous\hazardous_battery-58.jpg,.jpg,224,224,RGB,16.74
hazardous,hazardous_battery-58_aug1211.jpg,dataset\hazardous\hazardous_battery-58_aug1211.jpg,.jpg,224,224,RGB,16.78
hazardous,hazardous_battery-58_aug1668.jpg,dataset\hazardous\hazardous_battery-58_aug1668.jpg,.jpg,224,224,RGB,15.41
hazardous,hazardous_battery-58_aug1863.jpg,dataset\hazardous\hazardous_battery-58_aug1863.jpg,.jpg,224,224,RGB,16.64
hazardous,hazardous_battery-58_aug2105.jpg,dataset\hazardous\hazardous_battery-58_aug2105.jpg,.jpg,224,224,RGB,15.23
hazardous,hazardous_battery-58_aug2132.jpg,dataset\hazardous\hazardous_battery-58_aug2132.jpg,.jpg,224,224,RGB,16.81
hazardous,hazardous_battery-58_aug284.jpg,dataset\hazardous\hazardous_battery-58_aug284.jpg,.jpg,224,224,RGB,17.65
hazardous,hazardous_battery-58_aug950.jpg,dataset\hazardous\hazardous_battery-58_aug950.jpg,.jpg,224,224,RGB,16.74
hazardous,hazardous_battery-59_aug27.jpg,dataset\hazardous\hazardous_battery-59_aug27.jpg,.jpg,224,224,RGB,15.59
hazardous,hazardous_battery-59_aug808.jpg,dataset\hazardous\hazardous_battery-59_aug808.jpg,.jpg,224,224,RGB,15.83
hazardous,hazardous_battery-5_aug194.jpg,dataset\hazardous\hazardous_battery-5_aug194.jpg,.jpg,224,224,RGB,12.87
hazardous,hazardous_battery-60_aug1325.jpg,dataset\hazardous\hazardous_battery-60_aug1325.jpg,.jpg,224,224,RGB,17.52
hazardous,hazardous_battery-60_aug1366.jpg,dataset\hazardous\hazardous_battery-60_aug1366.jpg,.jpg,224,224,RGB,17.13
hazardous,hazardous_battery-60_aug2262.jpg,dataset\hazardous\hazardous_battery-60_aug2262.jpg,.jpg,224,224,RGB,15.05
hazardous,hazardous_battery-61_aug1007.jpg,dataset\hazardous\hazardous_battery-61_aug1007.jpg,.jpg,224,224,RGB,17.08
hazardous,hazardous_battery-61_aug1560.jpg,dataset\hazardous\hazardous_battery-61_aug1560.jpg,.jpg,224,224,RGB,17.26
hazardous,hazardous_battery-62_aug1535.jpg,dataset\hazardous\hazardous_battery-62_aug1535.jpg,.jpg,224,224,RGB,14.74
hazardous,hazardous_battery-62_aug485.jpg,dataset\hazardous\hazardous_battery-62_aug485.jpg,.jpg,224,224,RGB,15.15
hazardous,hazardous_battery-62_aug598.jpg,dataset\hazardous\hazardous_battery-62_aug598.jpg,.jpg,224,224,RGB,13.91
hazardous,hazardous_battery-62_aug897.jpg,dataset\hazardous\hazardous_battery-62_aug897.jpg,.jpg,224,224,RGB,15.44
hazardous,hazardous_battery-63_aug1716.jpg,dataset\hazardous\hazardous_battery-63_aug1716.jpg,.jpg,224,224,RGB,13.31
hazardous,hazardous_battery-63_aug2013.jpg,dataset\hazardous\hazardous_battery-63_aug2013.jpg,.jpg,224,224,RGB,14.14
hazardous,hazardous_battery-63_aug2492.jpg,dataset\hazardous\hazardous_battery-63_aug2492.jpg,.jpg,224,224,RGB,14.66
hazardous,hazardous_battery-64_aug1097.jpg,dataset\hazardous\hazardous_battery-64_aug1097.jpg,.jpg,224,224,RGB,16.06
hazardous,hazardous_battery-64_aug1818.jpg,dataset\hazardous\hazardous_battery-64_aug1818.jpg,.jpg,224,224,RGB,16.02
hazardous,hazardous_battery-64_aug1879.jpg,dataset\hazardous\hazardous_battery-64_aug1879.jpg,.jpg,224,224,RGB,13.56
hazardous,hazardous_battery-64_aug2665.jpg,dataset\hazardous\hazardous_battery-64_aug2665.jpg,.jpg,224,224,RGB,16.49
hazardous,hazardous_battery-64_aug2719.jpg,dataset\hazardous\hazardous_battery-64_aug2719.jpg,.jpg,224,224,RGB,16.93
hazardous,hazardous_battery-64_aug76.jpg,dataset\hazardous\hazardous_battery-64_aug76.jpg,.jpg,224,224,RGB,16.03
hazardous,hazardous_battery-65_aug1271.jpg,dataset\hazardous\hazardous_battery-65_aug1271.jpg,.jpg,224,224,RGB,13.43
hazardous,hazardous_battery-65_aug1330.jpg,dataset\hazardous\hazardous_battery-65_aug1330.jpg,.jpg,224,224,RGB,14.02
hazardous,hazardous_battery-65_aug188.jpg,dataset\hazardous\hazardous_battery-65_aug188.jpg,.jpg,224,224,RGB,14.42
hazardous,hazardous_battery-65_aug759.jpg,dataset\hazardous\hazardous_battery-65_aug759.jpg,.jpg,224,224,RGB,13.43
hazardous,hazardous_battery-66_aug1046.jpg,dataset\hazardous\hazardous_battery-66_aug1046.jpg,.jpg,224,224,RGB,17.19
hazardous,hazardous_battery-66_aug1146.jpg,dataset\hazardous\hazardous_battery-66_aug1146.jpg,.jpg,224,224,RGB,16.34
hazardous,hazardous_battery-66_aug885.jpg,dataset\hazardous\hazardous_battery-66_aug885.jpg,.jpg,224,224,RGB,15.13
hazardous,hazardous_battery-67_aug1082.jpg,dataset\hazardous\hazardous_battery-67_aug1082.jpg,.jpg,224,224,RGB,16.21
hazardous,hazardous_battery-67_aug1265.jpg,dataset\hazardous\hazardous_battery-67_aug1265.jpg,.jpg,224,224,RGB,16.51
hazardous,hazardous_battery-67_aug1791.jpg,dataset\hazardous\hazardous_battery-67_aug1791.jpg,.jpg,224,224,RGB,16.5
hazardous,hazardous_battery-67_aug2021.jpg,dataset\hazardous\hazardous_battery-67_aug2021.jpg,.jpg,224,224,RGB,17.99
hazardous,hazardous_battery-67_aug2721.jpg,dataset\hazardous\hazardous_battery-67_aug2721.jpg,.jpg,224,224,RGB,16.4
hazardous,hazardous_battery-67_aug746.jpg,dataset\hazardous\hazardous_battery-67_aug746.jpg,.jpg,224,224,RGB,17.14
hazardous,hazardous_battery-67_aug964.jpg,dataset\hazardous\hazardous_battery-67_aug964.jpg,.jpg,224,224,RGB,16.41
hazardous,hazardous_battery-68_aug1206.jpg,dataset\hazardous\hazardous_battery-68_aug1206.jpg,.jpg,224,224,RGB,14.56
hazardous,hazardous_battery-68_aug339.jpg,dataset\hazardous\hazardous_battery-68_aug339.jpg,.jpg,224,224,RGB,14.47
hazardous,hazardous_battery-68_aug491.jpg,dataset\hazardous\hazardous_battery-68_aug491.jpg,.jpg,224,224,RGB,8.45
hazardous,hazardous_battery-69.jpg,dataset\hazardous\hazardous_battery-69.jpg,.jpg,224,224,RGB,15.49
hazardous,hazardous_battery-69_aug1612.jpg,dataset\hazardous\hazardous_battery-69_aug1612.jpg,.jpg,224,224,RGB,15.69
hazardous,hazardous_battery-69_aug1622.jpg,dataset\hazardous\hazardous_battery-69_aug1622.jpg,.jpg,224,224,RGB,15.52
hazardous,hazardous_battery-69_aug2246.jpg,dataset\hazardous\hazardous_battery-69_aug2246.jpg,.jpg,224,224,RGB,15.0
hazardous,hazardous_battery-69_aug844.jpg,dataset\hazardous\hazardous_battery-69_aug844.jpg,.jpg,224,224,RGB,15.79
hazardous,hazardous_battery-6_aug1380.jpg,dataset\hazardous\hazardous_battery-6_aug1380.jpg,.jpg,224,224,RGB,15.12
hazardous,hazardous_battery-6_aug17.jpg,dataset\hazardous\hazardous_battery-6_aug17.jpg,.jpg,224,224,RGB,15.46
hazardous,hazardous_battery-6_aug1760.jpg,dataset\hazardous\hazardous_battery-6_aug1760.jpg,.jpg,224,224,RGB,15.08
hazardous,hazardous_battery-6_aug1808.jpg,dataset\hazardous\hazardous_battery-6_aug1808.jpg,.jpg,224,224,RGB,14.04
hazardous,hazardous_battery-6_aug2016.jpg,dataset\hazardous\hazardous_battery-6_aug2016.jpg,.jpg,224,224,RGB,15.07
hazardous,hazardous_battery-6_aug2035.jpg,dataset\hazardous\hazardous_battery-6_aug2035.jpg,.jpg,224,224,RGB,15.14
hazardous,hazardous_battery-70_aug1001.jpg,dataset\hazardous\hazardous_battery-70_aug1001.jpg,.jpg,224,224,RGB,15.19
hazardous,hazardous_battery-70_aug2065.jpg,dataset\hazardous\hazardous_battery-70_aug2065.jpg,.jpg,224,224,RGB,16.46
hazardous,hazardous_battery-70_aug2066.jpg,dataset\hazardous\hazardous_battery-70_aug2066.jpg,.jpg,224,224,RGB,15.5
hazardous,hazardous_battery-70_aug2200.jpg,dataset\hazardous\hazardous_battery-70_aug2200.jpg,.jpg,224,224,RGB,15.07
hazardous,hazardous_battery-71_aug1480.jpg,dataset\hazardous\hazardous_battery-71_aug1480.jpg,.jpg,224,224,RGB,15.21
hazardous,hazardous_battery-71_aug2212.jpg,dataset\hazardous\hazardous_battery-71_aug2212.jpg,.jpg,224,224,RGB,14.67
hazardous,hazardous_battery-71_aug2314.jpg,dataset\hazardous\hazardous_battery-71_aug2314.jpg,.jpg,224,224,RGB,14.68
hazardous,hazardous_battery-71_aug240.jpg,dataset\hazardous\hazardous_battery-71_aug240.jpg,.jpg,224,224,RGB,16.81
hazardous,hazardous_battery-72_aug1568.jpg,dataset\hazardous\hazardous_battery-72_aug1568.jpg,.jpg,224,224,RGB,17.46
hazardous,hazardous_battery-72_aug1646.jpg,dataset\hazardous\hazardous_battery-72_aug1646.jpg,.jpg,224,224,RGB,17.31
hazardous,hazardous_battery-72_aug200.jpg,dataset\hazardous\hazardous_battery-72_aug200.jpg,.jpg,224,224,RGB,17.26
hazardous,hazardous_battery-72_aug644.jpg,dataset\hazardous\hazardous_battery-72_aug644.jpg,.jpg,224,224,RGB,17.25
hazardous,hazardous_battery-72_aug961.jpg,dataset\hazardous\hazardous_battery-72_aug961.jpg,.jpg,224,224,RGB,17.64
hazardous,hazardous_battery-73_aug1322.jpg,dataset\hazardous\hazardous_battery-73_aug1322.jpg,.jpg,224,224,RGB,10.63
hazardous,hazardous_battery-73_aug1361.jpg,dataset\hazardous\hazardous_battery-73_aug1361.jpg,.jpg,224,224,RGB,11.77
hazardous,hazardous_battery-73_aug2728.jpg,dataset\hazardous\hazardous_battery-73_aug2728.jpg,.jpg,224,224,RGB,10.57
hazardous,hazardous_battery-73_aug2736.jpg,dataset\hazardous\hazardous_battery-73_aug2736.jpg,.jpg,224,224,RGB,12.43
hazardous,hazardous_battery-73_aug305.jpg,dataset\hazardous\hazardous_battery-73_aug305.jpg,.jpg,224,224,RGB,10.58
hazardous,hazardous_battery-73_aug508.jpg,dataset\hazardous\hazardous_battery-73_aug508.jpg,.jpg,224,224,RGB,11.86
hazardous,hazardous_battery-73_aug631.jpg,dataset\hazardous\hazardous_battery-73_aug631.jpg,.jpg,224,224,RGB,10.66
hazardous,hazardous_battery-74_aug1030.jpg,dataset\hazardous\hazardous_battery-74_aug1030.jpg,.jpg,224,224,RGB,17.49
hazardous,hazardous_battery-74_aug1994.jpg,dataset\hazardous\hazardous_battery-74_aug1994.jpg,.jpg,224,224,RGB,16.09
hazardous,hazardous_battery-74_aug31.jpg,dataset\hazardous\hazardous_battery-74_aug31.jpg,.jpg,224,224,RGB,17.51
hazardous,hazardous_battery-74_aug420.jpg,dataset\hazardous\hazardous_battery-74_aug420.jpg,.jpg,224,224,RGB,16.73
hazardous,hazardous_battery-74_aug65.jpg,dataset\hazardous\hazardous_battery-74_aug65.jpg,.jpg,224,224,RGB,16.71
hazardous,hazardous_battery-75_aug105.jpg,dataset\hazardous\hazardous_battery-75_aug105.jpg,.jpg,224,224,RGB,13.52
hazardous,hazardous_battery-75_aug1440.jpg,dataset\hazardous\hazardous_battery-75_aug1440.jpg,.jpg,224,224,RGB,15.33
hazardous,hazardous_battery-75_aug2018.jpg,dataset\hazardous\hazardous_battery-75_aug2018.jpg,.jpg,224,224,RGB,12.61
hazardous,hazardous_battery-76_aug1859.jpg,dataset\hazardous\hazardous_battery-76_aug1859.jpg,.jpg,224,224,RGB,12.89
hazardous,hazardous_battery-76_aug2093.jpg,dataset\hazardous\hazardous_battery-76_aug2093.jpg,.jpg,224,224,RGB,12.82
hazardous,hazardous_battery-76_aug758.jpg,dataset\hazardous\hazardous_battery-76_aug758.jpg,.jpg,224,224,RGB,12.91
hazardous,hazardous_battery-77.jpg,dataset\hazardous\hazardous_battery-77.jpg,.jpg,224,224,RGB,14.23
hazardous,hazardous_battery-77_aug1617.jpg,dataset\hazardous\hazardous_battery-77_aug1617.jpg,.jpg,224,224,RGB,14.3
hazardous,hazardous_battery-78_aug1125.jpg,dataset\hazardous\hazardous_battery-78_aug1125.jpg,.jpg,224,224,RGB,13.07
hazardous,hazardous_battery-8.jpg,dataset\hazardous\hazardous_battery-8.jpg,.jpg,224,224,RGB,12.76
hazardous,hazardous_battery-8_aug1738.jpg,dataset\hazardous\hazardous_battery-8_aug1738.jpg,.jpg,224,224,RGB,14.89
hazardous,hazardous_battery-8_aug619.jpg,dataset\hazardous\hazardous_battery-8_aug619.jpg,.jpg,224,224,RGB,14.12
hazardous,hazardous_battery-9.jpg,dataset\hazardous\hazardous_battery-9.jpg,.jpg,224,224,RGB,12.46
hazardous,hazardous_battery-9_aug329.jpg,dataset\hazardous\hazardous_battery-9_aug329.jpg,.jpg,224,224,RGB,13.24
hazardous,hazardous_battery-9_aug525.jpg,dataset\hazardous\hazardous_battery-9_aug525.jpg,.jpg,224,224,RGB,12.42
hazardous,hazardous_battery-9_aug590.jpg,dataset\hazardous\hazardous_battery-9_aug590.jpg,.jpg,224,224,RGB,14.04
hazardous,hazardous_e-waste-10.jpg,dataset\hazardous\hazardous_e-waste-10.jpg,.jpg,224,224,RGB,14.53
hazardous,hazardous_e-waste-10_aug1593.jpg,dataset\hazardous\hazardous_e-waste-10_aug1593.jpg,.jpg,224,224,RGB,15.68
hazardous,hazardous_e-waste-10_aug201.jpg,dataset\hazardous\hazardous_e-waste-10_aug201.jpg,.jpg,224,224,RGB,14.49
hazardous,hazardous_e-waste-10_aug2167.jpg,dataset\hazardous\hazardous_e-waste-10_aug2167.jpg,.jpg,224,224,RGB,15.82
hazardous,hazardous_e-waste-12_aug584.jpg,dataset\hazardous\hazardous_e-waste-12_aug584.jpg,.jpg,224,224,RGB,15.82
hazardous,hazardous_e-waste-13.jpg,dataset\hazardous\hazardous_e-waste-13.jpg,.jpg,224,224,RGB,16.69
hazardous,hazardous_e-waste-13_aug1215.jpg,dataset\hazardous\hazardous_e-waste-13_aug1215.jpg,.jpg,224,224,RGB,16.82
hazardous,hazardous_e-waste-13_aug874.jpg,dataset\hazardous\hazardous_e-waste-13_aug874.jpg,.jpg,224,224,RGB,15.05
hazardous,hazardous_e-waste-14_aug1666.jpg,dataset\hazardous\hazardous_e-waste-14_aug1666.jpg,.jpg,224,224,RGB,14.76
hazardous,hazardous_e-waste-14_aug1904.jpg,dataset\hazardous\hazardous_e-waste-14_aug1904.jpg,.jpg,224,224,RGB,14.86
hazardous,hazardous_e-waste-14_aug2527.jpg,dataset\hazardous\hazardous_e-waste-14_aug2527.jpg,.jpg,224,224,RGB,15.6
hazardous,hazardous_e-waste-15.jpg,dataset\hazardous\hazardous_e-waste-15.jpg,.jpg,224,224,RGB,12.04
hazardous,hazardous_e-waste-15_aug1158.jpg,dataset\hazardous\hazardous_e-waste-15_aug1158.jpg,.jpg,224,224,RGB,11.96
hazardous,hazardous_e-waste-15_aug2134.jpg,dataset\hazardous\hazardous_e-waste-15_aug2134.jpg,.jpg,224,224,RGB,12.72
hazardous,hazardous_e-waste-15_aug97.jpg,dataset\hazardous\hazardous_e-waste-15_aug97.jpg,.jpg,224,224,RGB,14.55
hazardous,hazardous_e-waste-16_aug1260.jpg,dataset\hazardous\hazardous_e-waste-16_aug1260.jpg,.jpg,224,224,RGB,13.54
hazardous,hazardous_e-waste-16_aug2644.jpg,dataset\hazardous\hazardous_e-waste-16_aug2644.jpg,.jpg,224,224,RGB,13.95
hazardous,hazardous_e-waste-16_aug70.jpg,dataset\hazardous\hazardous_e-waste-16_aug70.jpg,.jpg,224,224,RGB,13.05
hazardous,hazardous_e-waste-16_aug799.jpg,dataset\hazardous\hazardous_e-waste-16_aug799.jpg,.jpg,224,224,RGB,13.29
hazardous,hazardous_e-waste-17_aug1577.jpg,dataset\hazardous\hazardous_e-waste-17_aug1577.jpg,.jpg,224,224,RGB,11.06
hazardous,hazardous_e-waste-17_aug1959.jpg,dataset\hazardous\hazardous_e-waste-17_aug1959.jpg,.jpg,224,224,RGB,11.65
hazardous,hazardous_e-waste-17_aug2459.jpg,dataset\hazardous\hazardous_e-waste-17_aug2459.jpg,.jpg,224,224,RGB,11.04
hazardous,hazardous_e-waste-18.jpg,dataset\hazardous\hazardous_e-waste-18.jpg,.jpg,224,224,RGB,13.79
hazardous,hazardous_e-waste-18_aug1244.jpg,dataset\hazardous\hazardous_e-waste-18_aug1244.jpg,.jpg,224,224,RGB,14.04
hazardous,hazardous_e-waste-18_aug1957.jpg,dataset\hazardous\hazardous_e-waste-18_aug1957.jpg,.jpg,224,224,RGB,12.36
hazardous,hazardous_e-waste-18_aug2130.jpg,dataset\hazardous\hazardous_e-waste-18_aug2130.jpg,.jpg,224,224,RGB,13.85
hazardous,hazardous_e-waste-18_aug233.jpg,dataset\hazardous\hazardous_e-waste-18_aug233.jpg,.jpg,224,224,RGB,14.3
hazardous,hazardous_e-waste-18_aug50.jpg,dataset\hazardous\hazardous_e-waste-18_aug50.jpg,.jpg,224,224,RGB,14.44
hazardous,hazardous_e-waste-19_aug1742.jpg,dataset\hazardous\hazardous_e-waste-19_aug1742.jpg,.jpg,224,224,RGB,10.81
hazardous,hazardous_e-waste-20_aug825.jpg,dataset\hazardous\hazardous_e-waste-20_aug825.jpg,.jpg,224,224,RGB,13.16
hazardous,hazardous_e-waste-21_aug1327.jpg,dataset\hazardous\hazardous_e-waste-21_aug1327.jpg,.jpg,224,224,RGB,15.1
hazardous,hazardous_e-waste-21_aug168.jpg,dataset\hazardous\hazardous_e-waste-21_aug168.jpg,.jpg,224,224,RGB,14.33
hazardous,hazardous_e-waste-21_aug1816.jpg,dataset\hazardous\hazardous_e-waste-21_aug1816.jpg,.jpg,224,224,RGB,12.99
hazardous,hazardous_e-waste-21_aug921.jpg,dataset\hazardous\hazardous_e-waste-21_aug921.jpg,.jpg,224,224,RGB,13.66
hazardous,hazardous_e-waste-22_aug1925.jpg,dataset\hazardous\hazardous_e-waste-22_aug1925.jpg,.jpg,224,224,RGB,12.0
hazardous,hazardous_e-waste-22_aug193.jpg,dataset\hazardous\hazardous_e-waste-22_aug193.jpg,.jpg,224,224,RGB,13.41
hazardous,hazardous_e-waste-22_aug850.jpg,dataset\hazardous\hazardous_e-waste-22_aug850.jpg,.jpg,224,224,RGB,12.05
hazardous,hazardous_e-waste-23_aug1395.jpg,dataset\hazardous\hazardous_e-waste-23_aug1395.jpg,.jpg,224,224,RGB,14.66
hazardous,hazardous_e-waste-23_aug1494.jpg,dataset\hazardous\hazardous_e-waste-23_aug1494.jpg,.jpg,224,224,RGB,13.26
hazardous,hazardous_e-waste-23_aug1496.jpg,dataset\hazardous\hazardous_e-waste-23_aug1496.jpg,.jpg,224,224,RGB,13.29
hazardous,hazardous_e-waste-23_aug293.jpg,dataset\hazardous\hazardous_e-waste-23_aug293.jpg,.jpg,224,224,RGB,14.58
hazardous,hazardous_e-waste-24_aug1714.jpg,dataset\hazardous\hazardous_e-waste-24_aug1714.jpg,.jpg,224,224,RGB,14.08
hazardous,hazardous_e-waste-24_aug1991.jpg,dataset\hazardous\hazardous_e-waste-24_aug1991.jpg,.jpg,224,224,RGB,15.13
hazardous,hazardous_e-waste-24_aug452.jpg,dataset\hazardous\hazardous_e-waste-24_aug452.jpg,.jpg,224,224,RGB,14.96
hazardous,hazardous_e-waste-24_aug794.jpg,dataset\hazardous\hazardous_e-waste-24_aug794.jpg,.jpg,224,224,RGB,14.89
hazardous,hazardous_e-waste-25_aug1020.jpg,dataset\hazardous\hazardous_e-waste-25_aug1020.jpg,.jpg,224,224,RGB,11.9
hazardous,hazardous_e-waste-25_aug1562.jpg,dataset\hazardous\hazardous_e-waste-25_aug1562.jpg,.jpg,224,224,RGB,12.45
hazardous,hazardous_e-waste-25_aug2583.jpg,dataset\hazardous\hazardous_e-waste-25_aug2583.jpg,.jpg,224,224,RGB,13.94
hazardous,hazardous_e-waste-25_aug678.jpg,dataset\hazardous\hazardous_e-waste-25_aug678.jpg,.jpg,224,224,RGB,12.13
hazardous,hazardous_e-waste-25_aug777.jpg,dataset\hazardous\hazardous_e-waste-25_aug777.jpg,.jpg,224,224,RGB,11.85
hazardous,hazardous_e-waste-26_aug54.jpg,dataset\hazardous\hazardous_e-waste-26_aug54.jpg,.jpg,224,224,RGB,14.2
hazardous,hazardous_e-waste-26_aug807.jpg,dataset\hazardous\hazardous_e-waste-26_aug807.jpg,.jpg,224,224,RGB,15.85
hazardous,hazardous_e-waste-27_aug1992.jpg,dataset\hazardous\hazardous_e-waste-27_aug1992.jpg,.jpg,224,224,RGB,16.03
hazardous,hazardous_e-waste-27_aug2140.jpg,dataset\hazardous\hazardous_e-waste-27_aug2140.jpg,.jpg,224,224,RGB,14.54
hazardous,hazardous_e-waste-27_aug277.jpg,dataset\hazardous\hazardous_e-waste-27_aug277.jpg,.jpg,224,224,RGB,14.43
hazardous,hazardous_e-waste-2_aug2199.jpg,dataset\hazardous\hazardous_e-waste-2_aug2199.jpg,.jpg,224,224,RGB,16.47
hazardous,hazardous_e-waste-2_aug2619.jpg,dataset\hazardous\hazardous_e-waste-2_aug2619.jpg,.jpg,224,224,RGB,17.38
hazardous,hazardous_e-waste-3_aug2122.jpg,dataset\hazardous\hazardous_e-waste-3_aug2122.jpg,.jpg,224,224,RGB,16.11
hazardous,hazardous_e-waste-3_aug376.jpg,dataset\hazardous\hazardous_e-waste-3_aug376.jpg,.jpg,224,224,RGB,17.99
hazardous,hazardous_e-waste-4_aug1120.jpg,dataset\hazardous\hazardous_e-waste-4_aug1120.jpg,.jpg,224,224,RGB,20.83
hazardous,hazardous_e-waste-4_aug1416.jpg,dataset\hazardous\hazardous_e-waste-4_aug1416.jpg,.jpg,224,224,RGB,19.28
hazardous,hazardous_e-waste-4_aug1540.jpg,dataset\hazardous\hazardous_e-waste-4_aug1540.jpg,.jpg,224,224,RGB,21.13
hazardous,hazardous_e-waste-4_aug1866.jpg,dataset\hazardous\hazardous_e-waste-4_aug1866.jpg,.jpg,224,224,RGB,21.85
hazardous,hazardous_e-waste-4_aug2355.jpg,dataset\hazardous\hazardous_e-waste-4_aug2355.jpg,.jpg,224,224,RGB,19.23
hazardous,hazardous_e-waste-4_aug2392.jpg,dataset\hazardous\hazardous_e-waste-4_aug2392.jpg,.jpg,224,224,RGB,20.97
hazardous,hazardous_e-waste-4_aug737.jpg,dataset\hazardous\hazardous_e-waste-4_aug737.jpg,.jpg,224,224,RGB,19.56
hazardous,hazardous_e-waste-5.jpg,dataset\hazardous\hazardous_e-waste-5.jpg,.jpg,224,224,RGB,19.73
hazardous,hazardous_e-waste-5_aug1389.jpg,dataset\hazardous\hazardous_e-waste-5_aug1389.jpg,.jpg,224,224,RGB,20.82
hazardous,hazardous_e-waste-5_aug1511.jpg,dataset\hazardous\hazardous_e-waste-5_aug1511.jpg,.jpg,224,224,RGB,17.61
hazardous,hazardous_e-waste-5_aug1943.jpg,dataset\hazardous\hazardous_e-waste-5_aug1943.jpg,.jpg,224,224,RGB,19.77
hazardous,hazardous_e-waste-5_aug2544.jpg,dataset\hazardous\hazardous_e-waste-5_aug2544.jpg,.jpg,224,224,RGB,21.17
hazardous,hazardous_e-waste-5_aug734.jpg,dataset\hazardous\hazardous_e-waste-5_aug734.jpg,.jpg,224,224,RGB,21.18
hazardous,hazardous_e-waste-6.jpg,dataset\hazardous\hazardous_e-waste-6.jpg,.jpg,224,224,RGB,20.3
hazardous,hazardous_e-waste-6_aug1248.jpg,dataset\hazardous\hazardous_e-waste-6_aug1248.jpg,.jpg,224,224,RGB,20.76
hazardous,hazardous_e-waste-6_aug1509.jpg,dataset\hazardous\hazardous_e-waste-6_aug1509.jpg,.jpg,224,224,RGB,20.48
hazardous,hazardous_e-waste-7_aug2269.jpg,dataset\hazardous\hazardous_e-waste-7_aug2269.jpg,.jpg,224,224,RGB,20.58
hazardous,hazardous_e-waste-7_aug474.jpg,dataset\hazardous\hazardous_e-waste-7_aug474.jpg,.jpg,224,224,RGB,20.01
hazardous,hazardous_e-waste-8_aug1606.jpg,dataset\hazardous\hazardous_e-waste-8_aug1606.jpg,.jpg,224,224,RGB,16.76
hazardous,hazardous_e-waste-8_aug83.jpg,dataset\hazardous\hazardous_e-waste-8_aug83.jpg,.jpg,224,224,RGB,17.21
hazardous,hazardous_e-waste-9_aug1191.jpg,dataset\hazardous\hazardous_e-waste-9_aug1191.jpg,.jpg,224,224,RGB,12.83
hazardous,hazardous_e-waste-9_aug2406.jpg,dataset\hazardous\hazardous_e-waste-9_aug2406.jpg,.jpg,224,224,RGB,13.48
hazardous,hazardous_e-waste-9_aug953.jpg,dataset\hazardous\hazardous_e-waste-9_aug953.jpg,.jpg,224,224,RGB,15.62
Kaca,kaca_R_3850.jpg,dataset\Kaca\kaca_R_3850.jpg,.jpg,225,225,RGB,2.6
Kaca,kaca_R_3851.jpg,dataset\Kaca\kaca_R_3851.jpg,.jpg,225,225,RGB,4.86
Kaca,kaca_R_3852.jpg,dataset\Kaca\kaca_R_3852.jpg,.jpg,225,225,RGB,2.65
Kaca,kaca_R_3853.jpg,dataset\Kaca\kaca_R_3853.jpg,.jpg,183,275,RGB,3.83
Kaca,kaca_R_3854.jpg,dataset\Kaca\kaca_R_3854.jpg,.jpg,194,259,RGB,3.16
Kaca,kaca_R_3855.jpg,dataset\Kaca\kaca_R_3855.jpg,.jpg,225,225,RGB,3.42
Kaca,kaca_R_3856.jpg,dataset\Kaca\kaca_R_3856.jpg,.jpg,259,194,RGB,2.07
Kaca,kaca_R_3857.jpg,dataset\Kaca\kaca_R_3857.jpg,.jpg,225,225,RGB,2.66
Kaca,kaca_R_3858.jpg,dataset\Kaca\kaca_R_3858.jpg,.jpg,225,225,RGB,2.5
Kaca,kaca_R_3859.jpg,dataset\Kaca\kaca_R_3859.jpg,.jpg,225,225,RGB,3.65
Kaca,kaca_R_3860.jpg,dataset\Kaca\kaca_R_3860.jpg,.jpg,88,222,RGB,2.89
Kaca,kaca_R_3861.jpg,dataset\Kaca\kaca_R_3861.jpg,.jpg,225,225,RGB,4.65
Kaca,kaca_R_3862.jpg,dataset\Kaca\kaca_R_3862.jpg,.jpg,293,172,RGB,3.88
Kaca,kaca_R_3863.jpg,dataset\Kaca\kaca_R_3863.jpg,.jpg,225,225,RGB,3.95
Kaca,kaca_R_3864.jpg,dataset\Kaca\kaca_R_3864.jpg,.jpg,182,277,RGB,4.53
Kaca,kaca_R_3865.jpg,dataset\Kaca\kaca_R_3865.jpg,.jpg,183,275,RGB,5.1
Kaca,kaca_R_3866.jpg,dataset\Kaca\kaca_R_3866.jpg,.jpg,217,232,RGB,3.38
Kaca,kaca_R_3867.jpg,dataset\Kaca\kaca_R_3867.jpg,.jpg,225,225,RGB,5.6
Kaca,kaca_R_3868.jpg,dataset\Kaca\kaca_R_3868.jpg,.jpg,225,225,RGB,2.95
Kaca,kaca_R_3869.jpg,dataset\Kaca\kaca_R_3869.jpg,.jpg,196,256,RGB,4.95
Kaca,kaca_R_3870.jpg,dataset\Kaca\kaca_R_3870.jpg,.jpg,269,187,RGB,10.5
Kaca,kaca_R_3871.jpg,dataset\Kaca\kaca_R_3871.jpg,.jpg,96,203,RGB,2.17
Kaca,kaca_R_3872.jpg,dataset\Kaca\kaca_R_3872.jpg,.jpg,183,275,RGB,4.25
Kaca,kaca_R_3873.jpg,dataset\Kaca\kaca_R_3873.jpg,.jpg,284,177,RGB,4.01
Kaca,kaca_R_3874.jpg,dataset\Kaca\kaca_R_3874.jpg,.jpg,225,225,RGB,4.31
Kaca,kaca_R_3875.jpg,dataset\Kaca\kaca_R_3875.jpg,.jpg,98,199,RGB,2.4
Kaca,kaca_R_3876.jpg,dataset\Kaca\kaca_R_3876.jpg,.jpg,244,207,RGB,7.6
Kaca,kaca_R_3877.jpg,dataset\Kaca\kaca_R_3877.jpg,.jpg,183,275,RGB,3.88
Kaca,kaca_R_3878.jpg,dataset\Kaca\kaca_R_3878.jpg,.jpg,300,168,RGB,9.89
Kaca,kaca_R_3879.jpg,dataset\Kaca\kaca_R_3879.jpg,.jpg,314,161,RGB,12.06
Kaca,kaca_R_3880.jpg,dataset\Kaca\kaca_R_3880.jpg,.jpg,194,259,RGB,5.03
Kaca,kaca_R_3881.jpg,dataset\Kaca\kaca_R_3881.jpg,.jpg,225,225,RGB,4.59
Kaca,kaca_R_3882.jpg,dataset\Kaca\kaca_R_3882.jpg,.jpg,225,225,RGB,2.4
Kaca,kaca_R_3883.jpg,dataset\Kaca\kaca_R_3883.jpg,.jpg,261,193,RGB,6.02
Kaca,kaca_R_3884.jpg,dataset\Kaca\kaca_R_3884.jpg,.jpg,159,318,RGB,8.7
Kaca,kaca_R_3885.jpg,dataset\Kaca\kaca_R_3885.jpg,.jpg,225,225,RGB,5.54
Kaca,kaca_R_3886.jpg,dataset\Kaca\kaca_R_3886.jpg,.jpg,183,275,RGB,5.25
Kaca,kaca_R_3887.jpg,dataset\Kaca\kaca_R_3887.jpg,.jpg,225,225,RGB,4.1
Kaca,kaca_R_3888.jpg,dataset\Kaca\kaca_R_3888.jpg,.jpg,300,168,RGB,7.94
Kaca,kaca_R_3889.jpg,dataset\Kaca\kaca_R_3889.jpg,.jpg,194,259,RGB,3.56
Kaca,kaca_R_3890.jpg,dataset\Kaca\kaca_R_3890.jpg,.jpg,225,225,RGB,3.32
Kaca,kaca_R_3891.jpg,dataset\Kaca\kaca_R_3891.jpg,.jpg,225,225,RGB,12.49
Kaca,kaca_R_3892.jpg,dataset\Kaca\kaca_R_3892.jpg,.jpg,174,289,RGB,4.31
Kaca,kaca_R_3893.jpg,dataset\Kaca\kaca_R_3893.jpg,.jpg,183,275,RGB,4.64
Kaca,kaca_R_3894.jpg,dataset\Kaca\kaca_R_3894.jpg,.jpg,183,275,RGB,4.38
Kaca,kaca_R_3895.jpg,dataset\Kaca\kaca_R_3895.jpg,.jpg,225,225,RGB,2.93
Kaca,kaca_R_3896.jpg,dataset\Kaca\kaca_R_3896.jpg,.jpg,190,266,RGB,3.02
Kaca,kaca_R_3897.jpg,dataset\Kaca\kaca_R_3897.jpg,.jpg,225,225,RGB,4.73
Kaca,kaca_R_3898.jpg,dataset\Kaca\kaca_R_3898.jpg,.jpg,259,194,RGB,5.85
Kaca,kaca_R_3899.jpg,dataset\Kaca\kaca_R_3899.jpg,.jpg,183,275,RGB,5.15
Kaca,kaca_R_3900.jpg,dataset\Kaca\kaca_R_3900.jpg,.jpg,225,225,RGB,4.49
Kaca,kaca_R_3901.jpg,dataset\Kaca\kaca_R_3901.jpg,.jpg,210,240,RGB,1.98
Kaca,kaca_R_3902.jpg,dataset\Kaca\kaca_R_3902.jpg,.jpg,185,272,RGB,5.46
Kaca,kaca_R_3903.jpg,dataset\Kaca\kaca_R_3903.jpg,.jpg,244,206,RGB,3.37
Kaca,kaca_R_3904.jpg,dataset\Kaca\kaca_R_3904.jpg,.jpg,225,225,RGB,4.76
Kaca,kaca_R_3905.jpg,dataset\Kaca\kaca_R_3905.jpg,.jpg,225,225,RGB,9.6
Kaca,kaca_R_3906.jpg,dataset\Kaca\kaca_R_3906.jpg,.jpg,293,172,RGB,12.23
Kaca,kaca_R_3908.jpg,dataset\Kaca\kaca_R_3908.jpg,.jpg,226,223,RGB,8.64
Kaca,kaca_R_3909.jpg,dataset\Kaca\kaca_R_3909.jpg,.jpg,194,259,RGB,2.55
Kaca,kaca_R_3910.jpg,dataset\Kaca\kaca_R_3910.jpg,.jpg,275,183,RGB,6.57
Kaca,kaca_R_3911.jpg,dataset\Kaca\kaca_R_3911.jpg,.jpg,295,171,RGB,6.61
Kaca,kaca_R_3912.jpg,dataset\Kaca\kaca_R_3912.jpg,.jpg,273,185,RGB,10.28
Kaca,kaca_R_3913.jpg,dataset\Kaca\kaca_R_3913.jpg,.jpg,267,189,RGB,2.67
Kaca,kaca_R_3914.jpg,dataset\Kaca\kaca_R_3914.jpg,.jpg,246,205,P,3.81
Kaca,kaca_R_3915.jpg,dataset\Kaca\kaca_R_3915.jpg,.jpg,224,225,RGB,9.34
Kaca,kaca_R_3916.jpg,dataset\Kaca\kaca_R_3916.jpg,.jpg,259,194,RGB,3.79
Kaca,kaca_R_3917.jpg,dataset\Kaca\kaca_R_3917.jpg,.jpg,265,190,RGB,1.97
Kaca,kaca_R_3918.jpg,dataset\Kaca\kaca_R_3918.jpg,.jpg,225,225,RGB,2.57
Kaca,kaca_R_3919.jpg,dataset\Kaca\kaca_R_3919.jpg,.jpg,259,194,RGB,3.31
Kaca,kaca_R_3920.jpg,dataset\Kaca\kaca_R_3920.jpg,.jpg,219,230,RGB,14.69
Kaca,kaca_R_3921.jpg,dataset\Kaca\kaca_R_3921.jpg,.jpg,287,176,RGB,3.62
Kaca,kaca_R_3922.jpg,dataset\Kaca\kaca_R_3922.jpg,.jpg,210,240,RGB,1.96
Kaca,kaca_R_3923.jpg,dataset\Kaca\kaca_R_3923.jpg,.jpg,225,225,RGB,7.39
Kaca,kaca_R_3924.jpg,dataset\Kaca\kaca_R_3924.jpg,.jpg,225,225,RGB,8.55
Kaca,kaca_R_3925.jpg,dataset\Kaca\kaca_R_3925.jpg,.jpg,259,194,RGB,6.74
Kaca,kaca_R_3926.jpg,dataset\Kaca\kaca_R_3926.jpg,.jpg,183,275,RGB,6.79
Kaca,kaca_R_3927.jpg,dataset\Kaca\kaca_R_3927.jpg,.jpg,183,275,RGB,2.96
Kaca,kaca_R_3928.jpg,dataset\Kaca\kaca_R_3928.jpg,.jpg,225,225,RGB,6.83
Kaca,kaca_R_3929.jpg,dataset\Kaca\kaca_R_3929.jpg,.jpg,300,168,RGB,3.29
Kaca,kaca_R_3930.jpg,dataset\Kaca\kaca_R_3930.jpg,.jpg,286,176,RGB,7.41
Kaca,kaca_R_3931.jpg,dataset\Kaca\kaca_R_3931.jpg,.jpg,275,183,RGB,5.87
Kaca,kaca_R_3932.jpg,dataset\Kaca\kaca_R_3932.jpg,.jpg,92,212,RGB,2.57
Kaca,kaca_R_3933.jpg,dataset\Kaca\kaca_R_3933.jpg,.jpg,275,183,RGB,1.81
Kaca,kaca_R_3934.jpg,dataset\Kaca\kaca_R_3934.jpg,.jpg,205,246,P,2.17
Kaca,kaca_R_3935.jpg,dataset\Kaca\kaca_R_3935.jpg,.jpg,225,225,RGB,8.06
Kaca,kaca_R_3936.jpg,dataset\Kaca\kaca_R_3936.jpg,.jpg,225,225,RGB,6.44
Kaca,kaca_R_3937.jpg,dataset\Kaca\kaca_R_3937.jpg,.jpg,159,318,RGB,6.23
Kaca,kaca_R_3939.jpg,dataset\Kaca\kaca_R_3939.jpg,.jpg,225,225,RGB,5.94
Kaca,kaca_R_3940.jpg,dataset\Kaca\kaca_R_3940.jpg,.jpg,195,259,RGB,3.26
Kaca,kaca_R_3941.jpg,dataset\Kaca\kaca_R_3941.jpg,.jpg,294,171,RGB,16.36
Kaca,kaca_R_3942.jpg,dataset\Kaca\kaca_R_3942.jpg,.jpg,225,225,RGB,10.14
Kaca,kaca_R_3943.jpg,dataset\Kaca\kaca_R_3943.jpg,.jpg,194,259,RGB,5.0
Kaca,kaca_R_3944.jpg,dataset\Kaca\kaca_R_3944.jpg,.jpg,75,258,RGB,2.69
Kaca,kaca_R_3945.jpg,dataset\Kaca\kaca_R_3945.jpg,.jpg,224,224,RGB,4.66
Kaca,kaca_R_3946.jpg,dataset\Kaca\kaca_R_3946.jpg,.jpg,225,225,RGB,3.88
Kaca,kaca_R_3947.jpg,dataset\Kaca\kaca_R_3947.jpg,.jpg,225,225,P,2.27
Kaca,kaca_R_3948.jpg,dataset\Kaca\kaca_R_3948.jpg,.jpg,161,314,RGB,5.76
Kaca,kaca_R_3949.jpg,dataset\Kaca\kaca_R_3949.jpg,.jpg,210,240,RGB,3.51
Kaca,kaca_R_3950.jpg,dataset\Kaca\kaca_R_3950.jpg,.jpg,183,276,RGB,3.11
Kaca,kaca_R_3951.jpg,dataset\Kaca\kaca_R_3951.jpg,.jpg,225,225,RGB,5.56
Kaca,kaca_R_3952.jpg,dataset\Kaca\kaca_R_3952.jpg,.jpg,74,264,RGB,5.59
Kaca,kaca_R_3953.jpg,dataset\Kaca\kaca_R_3953.jpg,.jpg,225,225,RGB,5.95
Kaca,kaca_R_3954.jpg,dataset\Kaca\kaca_R_3954.jpg,.jpg,194,259,RGB,4.28
Kaca,kaca_R_3955.jpg,dataset\Kaca\kaca_R_3955.jpg,.jpg,225,225,RGB,9.65
Kaca,kaca_R_3957.jpg,dataset\Kaca\kaca_R_3957.jpg,.jpg,327,154,RGB,13.12
Kaca,kaca_R_3958.jpg,dataset\Kaca\kaca_R_3958.jpg,.jpg,74,264,RGB,4.54
Kaca,kaca_R_3959.jpg,dataset\Kaca\kaca_R_3959.jpg,.jpg,93,210,RGB,2.32
Kaca,kaca_R_3960.jpg,dataset\Kaca\kaca_R_3960.jpg,.jpg,194,259,RGB,5.87
Kaca,kaca_R_3961.jpg,dataset\Kaca\kaca_R_3961.jpg,.jpg,202,250,RGB,7.83
Kaca,kaca_R_3962.jpg,dataset\Kaca\kaca_R_3962.jpg,.jpg,225,225,RGB,9.37
Kaca,kaca_R_3963.jpg,dataset\Kaca\kaca_R_3963.jpg,.jpg,225,225,P,7.04
Kaca,kaca_R_3964.jpg,dataset\Kaca\kaca_R_3964.jpg,.jpg,225,225,RGB,2.82
Kaca,kaca_R_3966.jpg,dataset\Kaca\kaca_R_3966.jpg,.jpg,200,200,P,1.49
Kaca,kaca_R_3967.jpg,dataset\Kaca\kaca_R_3967.jpg,.jpg,219,230,RGB,8.75
Kaca,kaca_R_3968.jpg,dataset\Kaca\kaca_R_3968.jpg,.jpg,254,198,RGB,7.22
Kaca,kaca_R_3969.jpg,dataset\Kaca\kaca_R_3969.jpg,.jpg,194,259,RGB,7.11
Kaca,kaca_R_3970.jpg,dataset\Kaca\kaca_R_3970.jpg,.jpg,259,194,RGB,7.28
Kaca,kaca_R_3971.jpg,dataset\Kaca\kaca_R_3971.jpg,.jpg,201,251,RGB,6.55
Kaca,kaca_R_3972.jpg,dataset\Kaca\kaca_R_3972.jpg,.jpg,168,299,RGB,4.25
Kaca,kaca_R_3973.jpg,dataset\Kaca\kaca_R_3973.jpg,.jpg,194,259,RGB,2.93
Kaca,kaca_R_3974.jpg,dataset\Kaca\kaca_R_3974.jpg,.jpg,225,225,RGB,4.74
Kaca,kaca_R_3975.jpg,dataset\Kaca\kaca_R_3975.jpg,.jpg,70,277,RGB,2.79
Kaca,kaca_R_3976.jpg,dataset\Kaca\kaca_R_3976.jpg,.jpg,225,225,RGB,4.95
Kaca,kaca_R_3977.jpg,dataset\Kaca\kaca_R_3977.jpg,.jpg,210,240,RGB,3.66
Kaca,kaca_R_3978.jpg,dataset\Kaca\kaca_R_3978.jpg,.jpg,225,225,RGB,6.62
Kaca,kaca_R_3979.jpg,dataset\Kaca\kaca_R_3979.jpg,.jpg,194,259,RGB,9.4
Kaca,kaca_R_3980.jpg,dataset\Kaca\kaca_R_3980.jpg,.jpg,168,301,RGB,10.11
Kaca,kaca_R_3981.jpg,dataset\Kaca\kaca_R_3981.jpg,.jpg,225,225,RGB,4.93
Kaca,kaca_R_3982.jpg,dataset\Kaca\kaca_R_3982.jpg,.jpg,270,186,RGB,10.89
Kaca,kaca_R_3983.jpg,dataset\Kaca\kaca_R_3983.jpg,.jpg,225,225,RGB,3.49
Kaca,kaca_R_3984.jpg,dataset\Kaca\kaca_R_3984.jpg,.jpg,225,225,RGB,4.01
Kaca,kaca_R_3985.jpg,dataset\Kaca\kaca_R_3985.jpg,.jpg,225,225,RGB,5.65
Kaca,kaca_R_3986.jpg,dataset\Kaca\kaca_R_3986.jpg,.jpg,220,229,RGB,7.96
Kaca,kaca_R_3987.jpg,dataset\Kaca\kaca_R_3987.jpg,.jpg,225,225,RGB,9.86
Kaca,kaca_R_3988.jpg,dataset\Kaca\kaca_R_3988.jpg,.jpg,225,225,RGB,7.16
Kaca,kaca_R_3989.jpg,dataset\Kaca\kaca_R_3989.jpg,.jpg,275,183,RGB,11.14
Kaca,kaca_R_3990.jpg,dataset\Kaca\kaca_R_3990.jpg,.jpg,202,249,RGB,3.89
Kaca,kaca_R_3991.jpg,dataset\Kaca\kaca_R_3991.jpg,.jpg,224,224,RGB,8.86
Kaca,kaca_R_3992.jpg,dataset\Kaca\kaca_R_3992.jpg,.jpg,194,259,RGB,2.89
Kaca,kaca_R_3993.jpg,dataset\Kaca\kaca_R_3993.jpg,.jpg,162,311,RGB,5.87
Kaca,kaca_R_3994.jpg,dataset\Kaca\kaca_R_3994.jpg,.jpg,225,225,RGB,4.47
Kaca,kaca_R_3995.jpg,dataset\Kaca\kaca_R_3995.jpg,.jpg,80,243,RGB,2.47
Kaca,kaca_R_3996.jpg,dataset\Kaca\kaca_R_3996.jpg,.jpg,159,318,RGB,10.23
Kaca,kaca_R_3997.jpg,dataset\Kaca\kaca_R_3997.jpg,.jpg,225,225,RGB,3.17
Kaca,kaca_R_3998.jpg,dataset\Kaca\kaca_R_3998.jpg,.jpg,225,225,RGB,3.57
Kaca,kaca_R_3999.jpg,dataset\Kaca\kaca_R_3999.jpg,.jpg,204,248,RGB,7.09
Kaca,kaca_R_4000.jpg,dataset\Kaca\kaca_R_4000.jpg,.jpg,294,172,RGB,7.86
Kaca,kaca_R_4001.jpg,dataset\Kaca\kaca_R_4001.jpg,.jpg,225,225,RGB,5.86
Kaca,kaca_R_4003.jpg,dataset\Kaca\kaca_R_4003.jpg,.jpg,284,177,RGB,10.21
Kaca,kaca_R_4007.jpg,dataset\Kaca\kaca_R_4007.jpg,.jpg,159,318,P,1.51
Kaca,kaca_R_4008.jpg,dataset\Kaca\kaca_R_4008.jpg,.jpg,280,180,RGB,8.28
Kaca,kaca_R_4009.jpg,dataset\Kaca\kaca_R_4009.jpg,.jpg,225,225,RGB,11.03
Kaca,kaca_R_4010.jpg,dataset\Kaca\kaca_R_4010.jpg,.jpg,259,194,RGB,5.53
Kaca,kaca_R_4011.jpg,dataset\Kaca\kaca_R_4011.jpg,.jpg,225,225,RGB,6.71
Kaca,kaca_R_4012.jpg,dataset\Kaca\kaca_R_4012.jpg,.jpg,194,259,RGB,6.22
Kaca,kaca_R_4013.jpg,dataset\Kaca\kaca_R_4013.jpg,.jpg,246,205,RGB,4.81
Kaca,kaca_R_4014.jpg,dataset\Kaca\kaca_R_4014.jpg,.jpg,225,225,RGB,4.84
Kaca,kaca_R_4015.jpg,dataset\Kaca\kaca_R_4015.jpg,.jpg,225,225,P,1.97
Kaca,kaca_R_4016.jpg,dataset\Kaca\kaca_R_4016.jpg,.jpg,225,225,P,2.94
Kaca,kaca_R_4017.jpg,dataset\Kaca\kaca_R_4017.jpg,.jpg,240,210,RGB,10.85
Kaca,kaca_R_4018.jpg,dataset\Kaca\kaca_R_4018.jpg,.jpg,250,201,RGB,7.52
Kaca,kaca_R_4019.jpg,dataset\Kaca\kaca_R_4019.jpg,.jpg,225,225,RGB,3.48
Kaca,kaca_R_4020.jpg,dataset\Kaca\kaca_R_4020.jpg,.jpg,232,217,RGB,11.0
Kaca,kaca_R_4021.jpg,dataset\Kaca\kaca_R_4021.jpg,.jpg,225,225,RGB,5.41
Kaca,kaca_R_4022.jpg,dataset\Kaca\kaca_R_4022.jpg,.jpg,275,183,RGB,2.8
Kaca,kaca_R_4023.jpg,dataset\Kaca\kaca_R_4023.jpg,.jpg,225,225,RGB,3.95
Kaca,kaca_R_4024.jpg,dataset\Kaca\kaca_R_4024.jpg,.jpg,225,225,RGB,5.31
Kaca,kaca_R_4025.jpg,dataset\Kaca\kaca_R_4025.jpg,.jpg,194,259,RGB,8.29
Kaca,kaca_R_4026.jpg,dataset\Kaca\kaca_R_4026.jpg,.jpg,259,194,RGB,9.32
Kaca,kaca_R_4027.jpg,dataset\Kaca\kaca_R_4027.jpg,.jpg,202,250,RGB,12.16
Kaca,kaca_R_4028.jpg,dataset\Kaca\kaca_R_4028.jpg,.jpg,190,266,RGB,9.29
Kaca,kaca_R_4029.jpg,dataset\Kaca\kaca_R_4029.jpg,.jpg,256,197,RGB,10.68
Kaca,kaca_R_4030.jpg,dataset\Kaca\kaca_R_4030.jpg,.jpg,225,225,RGB,3.02
Kaca,kaca_R_4031.jpg,dataset\Kaca\kaca_R_4031.jpg,.jpg,198,254,RGB,4.03
Kaca,kaca_R_4032.jpg,dataset\Kaca\kaca_R_4032.jpg,.jpg,183,276,RGB,5.86
Kaca,kaca_R_4033.jpg,dataset\Kaca\kaca_R_4033.jpg,.jpg,91,214,RGB,2.77
Kaca,kaca_R_4034.jpg,dataset\Kaca\kaca_R_4034.jpg,.jpg,183,276,RGB,5.37
Kaca,kaca_R_4035.jpg,dataset\Kaca\kaca_R_4035.jpg,.jpg,225,225,RGB,10.63
Kaca,kaca_R_4036.jpg,dataset\Kaca\kaca_R_4036.jpg,.jpg,222,227,RGB,13.53
Kaca,kaca_R_4037.jpg,dataset\Kaca\kaca_R_4037.jpg,.jpg,275,183,RGB,14.01
Kaca,kaca_R_4038.jpg,dataset\Kaca\kaca_R_4038.jpg,.jpg,73,264,RGB,4.7
Kaca,kaca_R_4039.jpg,dataset\Kaca\kaca_R_4039.jpg,.jpg,194,259,RGB,3.12
Kaca,kaca_R_4040.jpg,dataset\Kaca\kaca_R_4040.jpg,.jpg,225,225,RGB,18.14
Kaca,kaca_R_4041.jpg,dataset\Kaca\kaca_R_4041.jpg,.jpg,268,188,RGB,10.4
Kaca,kaca_R_4042.jpg,dataset\Kaca\kaca_R_4042.jpg,.jpg,201,250,RGB,3.38
Kaca,kaca_R_4043.jpg,dataset\Kaca\kaca_R_4043.jpg,.jpg,225,225,RGB,3.7
Kaca,kaca_R_4044.jpg,dataset\Kaca\kaca_R_4044.jpg,.jpg,190,266,RGB,7.41
Kaca,kaca_R_4045.jpg,dataset\Kaca\kaca_R_4045.jpg,.jpg,217,232,RGB,6.26
Kaca,kaca_R_4047.jpg,dataset\Kaca\kaca_R_4047.jpg,.jpg,246,205,RGB,16.5
Kaca,kaca_R_4048.jpg,dataset\Kaca\kaca_R_4048.jpg,.jpg,268,188,RGB,10.26
Kaca,kaca_R_4049.jpg,dataset\Kaca\kaca_R_4049.jpg,.jpg,180,195,RGB,3.4
Kaca,kaca_R_4050.jpg,dataset\Kaca\kaca_R_4050.jpg,.jpg,184,275,RGB,3.78
Kaca,kaca_R_4051.jpg,dataset\Kaca\kaca_R_4051.jpg,.jpg,259,194,RGB,9.54
Kaca,kaca_R_4052.jpg,dataset\Kaca\kaca_R_4052.jpg,.jpg,225,225,RGB,6.55
Kaca,kaca_R_4053.jpg,dataset\Kaca\kaca_R_4053.jpg,.jpg,225,225,RGB,2.48
Kaca,kaca_R_4054.jpg,dataset\Kaca\kaca_R_4054.jpg,.jpg,183,275,RGB,6.46
Kaca,kaca_R_4055.jpg,dataset\Kaca\kaca_R_4055.jpg,.jpg,91,215,RGB,4.5
Kaca,kaca_R_4056.jpg,dataset\Kaca\kaca_R_4056.jpg,.jpg,265,190,RGB,4.45
Kaca,kaca_R_4057.jpg,dataset\Kaca\kaca_R_4057.jpg,.jpg,199,253,RGB,6.61
Kaca,kaca_R_4058.jpg,dataset\Kaca\kaca_R_4058.jpg,.jpg,256,197,RGB,10.42
Kaca,kaca_R_4059.jpg,dataset\Kaca\kaca_R_4059.jpg,.jpg,201,251,RGB,5.4
Kaca,kaca_R_4060.jpg,dataset\Kaca\kaca_R_4060.jpg,.jpg,193,262,RGB,3.33
Kaca,kaca_R_4061.jpg,dataset\Kaca\kaca_R_4061.jpg,.jpg,235,215,RGB,5.52
Kaca,kaca_R_4062.jpg,dataset\Kaca\kaca_R_4062.jpg,.jpg,208,242,RGB,8.27
Kaca,kaca_R_4063.jpg,dataset\Kaca\kaca_R_4063.jpg,.jpg,225,225,RGB,3.69
Kaca,kaca_R_4064.jpg,dataset\Kaca\kaca_R_4064.jpg,.jpg,200,200,P,1.35
Kaca,kaca_R_4066.jpg,dataset\Kaca\kaca_R_4066.jpg,.jpg,220,230,RGB,4.52
Kaca,kaca_R_4067.jpg,dataset\Kaca\kaca_R_4067.jpg,.jpg,225,225,RGB,4.4
Kaca,kaca_R_4068.jpg,dataset\Kaca\kaca_R_4068.jpg,.jpg,194,259,RGB,3.21
Kaca,kaca_R_4069.jpg,dataset\Kaca\kaca_R_4069.jpg,.jpg,183,275,RGB,4.22
Kaca,kaca_R_4070.jpg,dataset\Kaca\kaca_R_4070.jpg,.jpg,181,278,RGB,11.98
Kaca,kaca_R_4071.jpg,dataset\Kaca\kaca_R_4071.jpg,.jpg,308,163,RGB,4.91
Kaca,kaca_R_4072.jpg,dataset\Kaca\kaca_R_4072.jpg,.jpg,300,168,RGB,8.34
Kaca,kaca_R_4073.jpg,dataset\Kaca\kaca_R_4073.jpg,.jpg,160,314,RGB,7.02
Kaca,kaca_R_4074.jpg,dataset\Kaca\kaca_R_4074.jpg,.jpg,72,269,RGB,4.11
Kaca,kaca_R_4075.jpg,dataset\Kaca\kaca_R_4075.jpg,.jpg,310,163,RGB,2.72
Kaca,kaca_R_4076.jpg,dataset\Kaca\kaca_R_4076.jpg,.jpg,183,275,RGB,8.94
Kaca,kaca_R_4077.jpg,dataset\Kaca\kaca_R_4077.jpg,.jpg,343,147,RGB,9.28
Kaca,kaca_R_4078.jpg,dataset\Kaca\kaca_R_4078.jpg,.jpg,184,274,RGB,3.77
Kaca,kaca_R_4079.jpg,dataset\Kaca\kaca_R_4079.jpg,.jpg,194,259,RGB,5.95
Kaca,kaca_R_4080.jpg,dataset\Kaca\kaca_R_4080.jpg,.jpg,222,227,RGB,8.26
Kaca,kaca_R_4081.jpg,dataset\Kaca\kaca_R_4081.jpg,.jpg,327,154,RGB,7.3
Kaca,kaca_R_4082.jpg,dataset\Kaca\kaca_R_4082.jpg,.jpg,254,198,RGB,12.58
Kaca,kaca_R_4083.jpg,dataset\Kaca\kaca_R_4083.jpg,.jpg,194,259,RGB,11.59
Kaca,kaca_R_4084.jpg,dataset\Kaca\kaca_R_4084.jpg,.jpg,190,266,RGB,11.79
Kaca,kaca_R_4086.jpg,dataset\Kaca\kaca_R_4086.jpg,.jpg,225,225,RGB,6.83
Kaca,kaca_R_4087.jpg,dataset\Kaca\kaca_R_4087.jpg,.jpg,253,199,RGB,12.72
Kaca,kaca_R_4088.jpg,dataset\Kaca\kaca_R_4088.jpg,.jpg,275,183,RGB,6.5
Kaca,kaca_R_4091.jpg,dataset\Kaca\kaca_R_4091.jpg,.jpg,210,241,RGB,7.4
Kaca,kaca_R_4092.jpg,dataset\Kaca\kaca_R_4092.jpg,.jpg,225,225,P,2.17
Kaca,kaca_R_4094.jpg,dataset\Kaca\kaca_R_4094.jpg,.jpg,259,194,RGB,3.94
Kaca,kaca_R_4095.jpg,dataset\Kaca\kaca_R_4095.jpg,.jpg,199,253,RGB,4.68
Kaca,kaca_R_4096.jpg,dataset\Kaca\kaca_R_4096.jpg,.jpg,85,228,RGB,3.51
Kaca,kaca_R_4097.jpg,dataset\Kaca\kaca_R_4097.jpg,.jpg,225,225,RGB,4.51
Kaca,kaca_R_4098.jpg,dataset\Kaca\kaca_R_4098.jpg,.jpg,202,249,RGB,3.57
Kaca,kaca_R_4100.jpg,dataset\Kaca\kaca_R_4100.jpg,.jpg,259,194,RGB,10.98
Kaca,kaca_R_4101.jpg,dataset\Kaca\kaca_R_4101.jpg,.jpg,225,225,RGB,6.58
Kaca,kaca_R_4102.jpg,dataset\Kaca\kaca_R_4102.jpg,.jpg,225,225,RGB,11.36
Kaca,kaca_R_4103.jpg,dataset\Kaca\kaca_R_4103.jpg,.jpg,83,233,RGB,3.78
Kaca,kaca_R_4104.jpg,dataset\Kaca\kaca_R_4104.jpg,.jpg,80,244,RGB,4.47
Kaca,kaca_R_4105.jpg,dataset\Kaca\kaca_R_4105.jpg,.jpg,92,211,RGB,2.81
Kaca,kaca_R_4106.jpg,dataset\Kaca\kaca_R_4106.jpg,.jpg,183,275,RGB,4.04
Kaca,kaca_R_4107.jpg,dataset\Kaca\kaca_R_4107.jpg,.jpg,259,194,RGB,9.36
Kaca,kaca_R_4108.jpg,dataset\Kaca\kaca_R_4108.jpg,.jpg,183,275,RGB,7.61
Kaca,kaca_R_4109.jpg,dataset\Kaca\kaca_R_4109.jpg,.jpg,225,225,RGB,3.96
Kaca,kaca_R_4110.jpg,dataset\Kaca\kaca_R_4110.jpg,.jpg,290,174,RGB,9.66
Kaca,kaca_R_4111.jpg,dataset\Kaca\kaca_R_4111.jpg,.jpg,225,225,RGB,8.85
Kaca,kaca_R_4112.jpg,dataset\Kaca\kaca_R_4112.jpg,.jpg,200,252,RGB,8.32
Kaca,kaca_R_4113.jpg,dataset\Kaca\kaca_R_4113.jpg,.jpg,199,253,RGB,3.61
Kaca,kaca_R_4114.jpg,dataset\Kaca\kaca_R_4114.jpg,.jpg,259,194,RGB,7.51
Kaca,kaca_R_4115.jpg,dataset\Kaca\kaca_R_4115.jpg,.jpg,183,276,RGB,8.47
Kaca,kaca_R_4116.jpg,dataset\Kaca\kaca_R_4116.jpg,.jpg,308,163,RGB,3.5
Kaca,kaca_R_4117.jpg,dataset\Kaca\kaca_R_4117.jpg,.jpg,187,270,RGB,6.49
Kaca,kaca_R_4118.jpg,dataset\Kaca\kaca_R_4118.jpg,.jpg,194,259,RGB,3.41
Kaca,kaca_R_4119.jpg,dataset\Kaca\kaca_R_4119.jpg,.jpg,259,194,RGB,7.95
Kaca,kaca_R_4121.jpg,dataset\Kaca\kaca_R_4121.jpg,.jpg,225,225,RGB,5.02
Kaca,kaca_R_4122.jpg,dataset\Kaca\kaca_R_4122.jpg,.jpg,264,191,RGB,7.61
Kaca,kaca_R_4123.jpg,dataset\Kaca\kaca_R_4123.jpg,.jpg,225,225,RGB,3.63
Kaca,kaca_R_4124.jpg,dataset\Kaca\kaca_R_4124.jpg,.jpg,194,259,RGB,8.12
Kaca,kaca_R_4125.jpg,dataset\Kaca\kaca_R_4125.jpg,.jpg,275,183,RGB,5.45
Kaca,kaca_R_4126.jpg,dataset\Kaca\kaca_R_4126.jpg,.jpg,197,256,RGB,11.4
Kaca,kaca_R_4127.jpg,dataset\Kaca\kaca_R_4127.jpg,.jpg,460,109,RGB,11.11
Kaca,kaca_R_4128.jpg,dataset\Kaca\kaca_R_4128.jpg,.jpg,164,307,RGB,8.25
Kaca,kaca_R_4129.jpg,dataset\Kaca\kaca_R_4129.jpg,.jpg,225,225,RGB,2.99
Kaca,kaca_R_4130.jpg,dataset\Kaca\kaca_R_4130.jpg,.jpg,289,175,RGB,10.74
Kaca,kaca_R_4131.jpg,dataset\Kaca\kaca_R_4131.jpg,.jpg,183,275,RGB,6.7
Kaca,kaca_R_4132.jpg,dataset\Kaca\kaca_R_4132.jpg,.jpg,194,259,RGB,5.75
Kaca,kaca_R_4133.jpg,dataset\Kaca\kaca_R_4133.jpg,.jpg,92,212,RGB,2.6
Kaca,kaca_R_4135.jpg,dataset\Kaca\kaca_R_4135.jpg,.jpg,194,259,RGB,5.61
Kaca,kaca_R_4136.jpg,dataset\Kaca\kaca_R_4136.jpg,.jpg,76,256,RGB,4.03
Kaca,kaca_R_4137.jpg,dataset\Kaca\kaca_R_4137.jpg,.jpg,163,310,RGB,7.12
Kaca,kaca_R_4138.jpg,dataset\Kaca\kaca_R_4138.jpg,.jpg,225,225,RGB,1.56
Kaca,kaca_R_4139.jpg,dataset\Kaca\kaca_R_4139.jpg,.jpg,286,176,RGB,3.46
Kaca,kaca_R_4140.jpg,dataset\Kaca\kaca_R_4140.jpg,.jpg,284,177,RGB,12.82
Kaca,kaca_R_4141.jpg,dataset\Kaca\kaca_R_4141.jpg,.jpg,225,225,RGB,2.64
Kaca,kaca_R_4142.jpg,dataset\Kaca\kaca_R_4142.jpg,.jpg,195,258,RGB,7.24
Kaca,kaca_R_4143.jpg,dataset\Kaca\kaca_R_4143.jpg,.jpg,168,300,RGB,8.95
Kaca,kaca_R_4144.jpg,dataset\Kaca\kaca_R_4144.jpg,.jpg,389,129,RGB,12.28
Kaca,kaca_R_4145.jpg,dataset\Kaca\kaca_R_4145.jpg,.jpg,185,273,RGB,4.71
Kaca,kaca_R_4146.jpg,dataset\Kaca\kaca_R_4146.jpg,.jpg,259,194,RGB,8.42
Kaca,kaca_R_4148.jpg,dataset\Kaca\kaca_R_4148.jpg,.jpg,225,225,RGB,15.48
Kaca,kaca_R_4149.jpg,dataset\Kaca\kaca_R_4149.jpg,.jpg,201,251,RGB,2.74
Kaca,kaca_R_4150.jpg,dataset\Kaca\kaca_R_4150.jpg,.jpg,201,251,RGB,3.04
Kaca,kaca_R_4151.jpg,dataset\Kaca\kaca_R_4151.jpg,.jpg,225,225,RGB,7.43
Kaca,kaca_R_4152.jpg,dataset\Kaca\kaca_R_4152.jpg,.jpg,194,260,RGB,11.61
Kaca,kaca_R_4153.jpg,dataset\Kaca\kaca_R_4153.jpg,.jpg,237,213,RGB,6.83
Kaca,kaca_R_4154.jpg,dataset\Kaca\kaca_R_4154.jpg,.jpg,184,274,RGB,4.82
Kaca,kaca_R_4155.jpg,dataset\Kaca\kaca_R_4155.jpg,.jpg,215,235,RGB,7.97
Kaca,kaca_R_4156.jpg,dataset\Kaca\kaca_R_4156.jpg,.jpg,225,225,RGB,2.33
Kaca,kaca_R_4157.jpg,dataset\Kaca\kaca_R_4157.jpg,.jpg,255,198,RGB,7.29
Kaca,kaca_R_4159.jpg,dataset\Kaca\kaca_R_4159.jpg,.jpg,225,225,RGB,6.16
Kaca,kaca_R_4160.jpg,dataset\Kaca\kaca_R_4160.jpg,.jpg,183,275,RGB,2.86
Kaca,kaca_R_4161.jpg,dataset\Kaca\kaca_R_4161.jpg,.jpg,168,300,RGB,8.98
Kaca,kaca_R_4162.jpg,dataset\Kaca\kaca_R_4162.jpg,.jpg,225,225,RGB,3.91
Kaca,kaca_R_4163.jpg,dataset\Kaca\kaca_R_4163.jpg,.jpg,202,249,RGB,2.61
Kaca,kaca_R_4164.jpg,dataset\Kaca\kaca_R_4164.jpg,.jpg,184,275,RGB,5.39
Kaca,kaca_R_4165.jpg,dataset\Kaca\kaca_R_4165.jpg,.jpg,225,225,RGB,2.28
Kaca,kaca_R_4166.jpg,dataset\Kaca\kaca_R_4166.jpg,.jpg,225,225,RGB,6.89
Kaca,kaca_R_4167.jpg,dataset\Kaca\kaca_R_4167.jpg,.jpg,217,232,RGB,8.68
Kaca,kaca_R_4168.jpg,dataset\Kaca\kaca_R_4168.jpg,.jpg,189,267,P,1.45
Kaca,kaca_R_4169.jpg,dataset\Kaca\kaca_R_4169.jpg,.jpg,300,168,RGB,4.12
Kaca,kaca_R_4170.jpg,dataset\Kaca\kaca_R_4170.jpg,.jpg,258,195,P,11.4
Kaca,kaca_R_4171.jpg,dataset\Kaca\kaca_R_4171.jpg,.jpg,225,225,RGB,8.09
Kaca,kaca_R_4172.jpg,dataset\Kaca\kaca_R_4172.jpg,.jpg,233,216,RGB,9.23
Kaca,kaca_R_4173.jpg,dataset\Kaca\kaca_R_4173.jpg,.jpg,92,212,RGB,1.98
Kaca,kaca_R_4174.jpg,dataset\Kaca\kaca_R_4174.jpg,.jpg,243,208,RGB,5.96
Kaca,kaca_R_4175.jpg,dataset\Kaca\kaca_R_4175.jpg,.jpg,90,216,RGB,4.6
Kaca,kaca_R_4176.jpg,dataset\Kaca\kaca_R_4176.jpg,.jpg,179,281,RGB,5.5
Kaca,kaca_R_4177.jpg,dataset\Kaca\kaca_R_4177.jpg,.jpg,225,224,RGB,11.55
Kaca,kaca_R_4178.jpg,dataset\Kaca\kaca_R_4178.jpg,.jpg,210,240,RGB,5.37
Kaca,kaca_R_4179.jpg,dataset\Kaca\kaca_R_4179.jpg,.jpg,212,237,RGB,5.59
Kaca,kaca_R_4180.jpg,dataset\Kaca\kaca_R_4180.jpg,.jpg,95,204,RGB,2.12
Kaca,kaca_R_4181.jpg,dataset\Kaca\kaca_R_4181.jpg,.jpg,322,157,RGB,6.58
Kaca,kaca_R_4183.jpg,dataset\Kaca\kaca_R_4183.jpg,.jpg,224,225,RGB,5.1
Kaca,kaca_R_4184.jpg,dataset\Kaca\kaca_R_4184.jpg,.jpg,319,158,RGB,6.96
Kaca,kaca_R_4185.jpg,dataset\Kaca\kaca_R_4185.jpg,.jpg,207,244,RGB,6.19
Kaca,kaca_R_4186.jpg,dataset\Kaca\kaca_R_4186.jpg,.jpg,259,194,RGB,6.25
Kaca,kaca_R_4187.jpg,dataset\Kaca\kaca_R_4187.jpg,.jpg,274,184,RGB,10.46
Kaca,kaca_R_4188.jpg,dataset\Kaca\kaca_R_4188.jpg,.jpg,241,209,RGB,10.38
Kaca,kaca_R_4189.jpg,dataset\Kaca\kaca_R_4189.jpg,.jpg,254,198,RGB,9.7
Kaca,kaca_R_4191.jpg,dataset\Kaca\kaca_R_4191.jpg,.jpg,239,211,RGB,10.41
Kaca,kaca_R_4192.jpg,dataset\Kaca\kaca_R_4192.jpg,.jpg,216,234,RGB,7.38
Kaca,kaca_R_4193.jpg,dataset\Kaca\kaca_R_4193.jpg,.jpg,196,258,RGB,3.95
Kaca,kaca_R_4195.jpg,dataset\Kaca\kaca_R_4195.jpg,.jpg,199,253,RGB,10.14
Kaca,kaca_R_4196.jpg,dataset\Kaca\kaca_R_4196.jpg,.jpg,86,226,RGB,4.27
Kaca,kaca_R_4197.jpg,dataset\Kaca\kaca_R_4197.jpg,.jpg,206,245,RGB,8.91
Kaca,kaca_R_4198.jpg,dataset\Kaca\kaca_R_4198.jpg,.jpg,224,224,RGB,3.85
Kaca,kaca_R_4199.jpg,dataset\Kaca\kaca_R_4199.jpg,.jpg,352,143,RGB,5.93
Kaca,kaca_R_4200.jpg,dataset\Kaca\kaca_R_4200.jpg,.jpg,211,239,RGB,13.04
Kaca,kaca_R_4201.jpg,dataset\Kaca\kaca_R_4201.jpg,.jpg,73,265,RGB,4.17
Kaca,kaca_R_4202.jpg,dataset\Kaca\kaca_R_4202.jpg,.jpg,225,225,RGB,8.83
Kaca,kaca_R_4204.jpg,dataset\Kaca\kaca_R_4204.jpg,.jpg,194,259,RGB,4.04
Kaca,kaca_R_4205.jpg,dataset\Kaca\kaca_R_4205.jpg,.jpg,318,159,RGB,6.49
Kaca,kaca_R_4206.jpg,dataset\Kaca\kaca_R_4206.jpg,.jpg,275,183,RGB,9.71
Kaca,kaca_R_4207.jpg,dataset\Kaca\kaca_R_4207.jpg,.jpg,173,291,RGB,9.07
Kaca,kaca_R_4208.jpg,dataset\Kaca\kaca_R_4208.jpg,.jpg,183,275,RGB,5.38
Kaca,kaca_R_4209.jpg,dataset\Kaca\kaca_R_4209.jpg,.jpg,236,213,RGB,6.76
Kaca,kaca_R_4211.jpg,dataset\Kaca\kaca_R_4211.jpg,.jpg,225,225,RGB,8.11
Kaca,kaca_R_4212.jpg,dataset\Kaca\kaca_R_4212.jpg,.jpg,179,281,RGB,2.78
Kaca,kaca_R_4214.jpg,dataset\Kaca\kaca_R_4214.jpg,.jpg,182,276,RGB,15.38
Kaca,kaca_R_4215.jpg,dataset\Kaca\kaca_R_4215.jpg,.jpg,231,218,RGB,9.83
Kaca,kaca_R_4216.jpg,dataset\Kaca\kaca_R_4216.jpg,.jpg,225,225,RGB,12.58
Kaca,kaca_R_4217.jpg,dataset\Kaca\kaca_R_4217.jpg,.jpg,86,227,RGB,4.28
Kaca,kaca_R_4218.jpg,dataset\Kaca\kaca_R_4218.jpg,.jpg,163,310,RGB,7.2
Kaca,kaca_R_4219.jpg,dataset\Kaca\kaca_R_4219.jpg,.jpg,440,114,RGB,10.54
Kaca,kaca_R_4220.jpg,dataset\Kaca\kaca_R_4220.jpg,.jpg,201,251,RGB,4.3
Kaca,kaca_R_4221.jpg,dataset\Kaca\kaca_R_4221.jpg,.jpg,194,259,RGB,6.43
Kaca,kaca_R_4222.jpg,dataset\Kaca\kaca_R_4222.jpg,.jpg,180,279,RGB,10.64
Kaca,kaca_R_4223.jpg,dataset\Kaca\kaca_R_4223.jpg,.jpg,172,293,RGB,5.05
Kaca,kaca_R_4224.jpg,dataset\Kaca\kaca_R_4224.jpg,.jpg,225,225,RGB,10.21
Kaca,kaca_R_4225.jpg,dataset\Kaca\kaca_R_4225.jpg,.jpg,253,199,RGB,11.51
Kaca,kaca_R_4226.jpg,dataset\Kaca\kaca_R_4226.jpg,.jpg,217,232,RGB,11.12
Kaca,kaca_R_4227.jpg,dataset\Kaca\kaca_R_4227.jpg,.jpg,185,273,RGB,7.13
Kaca,kaca_R_4228.jpg,dataset\Kaca\kaca_R_4228.jpg,.jpg,261,193,RGB,9.0
Kaca,kaca_R_4229.jpg,dataset\Kaca\kaca_R_4229.jpg,.jpg,259,194,RGB,5.78
Kaca,kaca_R_4230.jpg,dataset\Kaca\kaca_R_4230.jpg,.jpg,275,183,RGB,20.21
Kaca,kaca_R_4231.jpg,dataset\Kaca\kaca_R_4231.jpg,.jpg,206,244,RGB,6.83
Kaca,kaca_R_4232.jpg,dataset\Kaca\kaca_R_4232.jpg,.jpg,201,251,RGB,4.35
Kaca,kaca_R_4233.jpg,dataset\Kaca\kaca_R_4233.jpg,.jpg,194,259,RGB,15.86
Kaca,kaca_R_4234.jpg,dataset\Kaca\kaca_R_4234.jpg,.jpg,248,203,RGB,6.6
Kaca,kaca_R_4235.jpg,dataset\Kaca\kaca_R_4235.jpg,.jpg,225,225,RGB,8.9
Kaca,kaca_R_4236.jpg,dataset\Kaca\kaca_R_4236.jpg,.jpg,225,225,RGB,8.33
Kaca,kaca_R_4237.jpg,dataset\Kaca\kaca_R_4237.jpg,.jpg,228,222,RGB,6.61
Kaca,kaca_R_4238.jpg,dataset\Kaca\kaca_R_4238.jpg,.jpg,265,191,RGB,8.89
Kaca,kaca_R_4239.jpg,dataset\Kaca\kaca_R_4239.jpg,.jpg,259,194,RGB,11.66
Kaca,kaca_R_4240.jpg,dataset\Kaca\kaca_R_4240.jpg,.jpg,256,197,RGB,8.37
Kaca,kaca_R_4241.jpg,dataset\Kaca\kaca_R_4241.jpg,.jpg,214,235,RGB,5.54
Kaca,kaca_R_4242.jpg,dataset\Kaca\kaca_R_4242.jpg,.jpg,167,302,RGB,4.83
Kaca,kaca_R_4243.jpg,dataset\Kaca\kaca_R_4243.jpg,.jpg,225,225,RGB,7.52
Kaca,kaca_R_4244.jpg,dataset\Kaca\kaca_R_4244.jpg,.jpg,259,194,RGB,14.2
Kaca,kaca_R_4245.jpg,dataset\Kaca\kaca_R_4245.jpg,.jpg,213,236,RGB,2.46
Kaca,kaca_R_4246.jpg,dataset\Kaca\kaca_R_4246.jpg,.jpg,200,252,RGB,9.52
Kaca,kaca_R_4247.jpg,dataset\Kaca\kaca_R_4247.jpg,.jpg,80,244,RGB,3.94
Kaca,kaca_R_4248.jpg,dataset\Kaca\kaca_R_4248.jpg,.jpg,75,260,RGB,4.48
Kaca,kaca_R_4249.jpg,dataset\Kaca\kaca_R_4249.jpg,.jpg,225,225,RGB,3.71
Kaca,kaca_R_4250.jpg,dataset\Kaca\kaca_R_4250.jpg,.jpg,241,209,RGB,9.23
Kaca,kaca_R_4251.jpg,dataset\Kaca\kaca_R_4251.jpg,.jpg,220,229,RGB,7.95
Kaca,kaca_R_4252.jpg,dataset\Kaca\kaca_R_4252.jpg,.jpg,268,188,RGB,12.48
Kaca,kaca_R_4253.jpg,dataset\Kaca\kaca_R_4253.jpg,.jpg,227,222,RGB,9.95
Kaca,kaca_R_4254.jpg,dataset\Kaca\kaca_R_4254.jpg,.jpg,164,308,RGB,10.89
Kaca,kaca_R_4255.jpg,dataset\Kaca\kaca_R_4255.jpg,.jpg,217,232,RGB,6.16
Kaca,kaca_R_4256.jpg,dataset\Kaca\kaca_R_4256.jpg,.jpg,251,201,RGB,8.71
Kaca,kaca_R_4257.jpg,dataset\Kaca\kaca_R_4257.jpg,.jpg,259,194,RGB,9.59
Kaca,kaca_R_4258.jpg,dataset\Kaca\kaca_R_4258.jpg,.jpg,273,184,RGB,6.68
Kaca,kaca_R_4259.jpg,dataset\Kaca\kaca_R_4259.jpg,.jpg,275,183,RGB,4.79
Kaca,kaca_R_4260.jpg,dataset\Kaca\kaca_R_4260.jpg,.jpg,374,135,RGB,12.8
Kaca,kaca_R_4261.jpg,dataset\Kaca\kaca_R_4261.jpg,.jpg,196,258,RGB,3.0
Kaca,kaca_R_4262.jpg,dataset\Kaca\kaca_R_4262.jpg,.jpg,284,177,RGB,6.68
Kaca,kaca_R_4263.jpg,dataset\Kaca\kaca_R_4263.jpg,.jpg,308,163,RGB,7.03
Kaca,kaca_R_4264.jpg,dataset\Kaca\kaca_R_4264.jpg,.jpg,224,225,RGB,5.97
Kaca,kaca_R_4265.jpg,dataset\Kaca\kaca_R_4265.jpg,.jpg,71,272,P,7.36
Kaca,kaca_R_4266.jpg,dataset\Kaca\kaca_R_4266.jpg,.jpg,338,149,RGB,12.38
Kaca,kaca_R_4267.jpg,dataset\Kaca\kaca_R_4267.jpg,.jpg,299,168,RGB,4.45
Kaca,kaca_R_4268.jpg,dataset\Kaca\kaca_R_4268.jpg,.jpg,225,225,P,2.37
Kaca,kaca_R_4269.jpg,dataset\Kaca\kaca_R_4269.jpg,.jpg,225,225,RGB,8.93
Kaca,kaca_R_4270.jpg,dataset\Kaca\kaca_R_4270.jpg,.jpg,197,256,RGB,2.36
Kaca,kaca_R_4271.jpg,dataset\Kaca\kaca_R_4271.jpg,.jpg,183,275,RGB,12.83
Kaca,kaca_R_4272.jpg,dataset\Kaca\kaca_R_4272.jpg,.jpg,98,199,RGB,2.41
Kaca,kaca_R_4273.jpg,dataset\Kaca\kaca_R_4273.jpg,.jpg,311,162,RGB,13.53
Kaca,kaca_R_4274.jpg,dataset\Kaca\kaca_R_4274.jpg,.jpg,219,231,RGB,10.08
Kaca,kaca_R_4275.jpg,dataset\Kaca\kaca_R_4275.jpg,.jpg,168,301,RGB,8.93
Kaca,kaca_R_4276.jpg,dataset\Kaca\kaca_R_4276.jpg,.jpg,183,275,RGB,7.17
Kaca,kaca_R_4277.jpg,dataset\Kaca\kaca_R_4277.jpg,.jpg,348,145,RGB,25.14
Kaca,kaca_R_4278.jpg,dataset\Kaca\kaca_R_4278.jpg,.jpg,315,160,RGB,8.88
Kaca,kaca_R_4279.jpg,dataset\Kaca\kaca_R_4279.jpg,.jpg,77,252,RGB,2.88
Kaca,kaca_R_4280.jpg,dataset\Kaca\kaca_R_4280.jpg,.jpg,219,230,RGB,4.88
Kaca,kaca_R_4281.jpg,dataset\Kaca\kaca_R_4281.jpg,.jpg,284,177,RGB,12.57
Kaca,kaca_R_4283.jpg,dataset\Kaca\kaca_R_4283.jpg,.jpg,183,276,RGB,6.93
Kaca,kaca_R_4284.jpg,dataset\Kaca\kaca_R_4284.jpg,.jpg,201,251,RGB,2.7
Kaca,kaca_R_4285.jpg,dataset\Kaca\kaca_R_4285.jpg,.jpg,193,262,RGB,4.52
Kaca,kaca_R_4286.jpg,dataset\Kaca\kaca_R_4286.jpg,.jpg,183,275,RGB,4.76
Kaca,kaca_R_4288.jpg,dataset\Kaca\kaca_R_4288.jpg,.jpg,204,248,RGB,6.8
Kaca,kaca_R_4289.jpg,dataset\Kaca\kaca_R_4289.jpg,.jpg,225,225,RGB,3.81
Kaca,kaca_R_4290.jpg,dataset\Kaca\kaca_R_4290.jpg,.jpg,183,275,RGB,6.74
Kaca,kaca_R_4291.jpg,dataset\Kaca\kaca_R_4291.jpg,.jpg,272,185,RGB,6.76
Kaca,kaca_R_4292.jpg,dataset\Kaca\kaca_R_4292.jpg,.jpg,230,219,RGB,10.45
Kaca,kaca_R_4293.jpg,dataset\Kaca\kaca_R_4293.jpg,.jpg,266,189,RGB,13.21
Kaca,kaca_R_4294.jpg,dataset\Kaca\kaca_R_4294.jpg,.jpg,259,194,RGB,3.52
Kaca,kaca_R_4295.jpg,dataset\Kaca\kaca_R_4295.jpg,.jpg,273,185,RGB,7.73
Kaca,kaca_R_4296.jpg,dataset\Kaca\kaca_R_4296.jpg,.jpg,250,201,RGB,8.54
Kaca,kaca_R_4297.jpg,dataset\Kaca\kaca_R_4297.jpg,.jpg,258,196,RGB,8.55
Kaca,kaca_R_4298.jpg,dataset\Kaca\kaca_R_4298.jpg,.jpg,284,177,RGB,5.01
Kaca,kaca_R_4299.jpg,dataset\Kaca\kaca_R_4299.jpg,.jpg,244,207,RGB,5.24
Kaca,kaca_R_4300.jpg,dataset\Kaca\kaca_R_4300.jpg,.jpg,244,206,RGB,6.22
Kaca,kaca_R_4301.jpg,dataset\Kaca\kaca_R_4301.jpg,.jpg,225,225,RGB,4.86
Kaca,kaca_R_4302.jpg,dataset\Kaca\kaca_R_4302.jpg,.jpg,217,232,RGB,8.65
Kaca,kaca_R_4303.jpg,dataset\Kaca\kaca_R_4303.jpg,.jpg,259,194,RGB,7.22
Kaca,kaca_R_4304.jpg,dataset\Kaca\kaca_R_4304.jpg,.jpg,269,187,RGB,14.61
Kaca,kaca_R_4305.jpg,dataset\Kaca\kaca_R_4305.jpg,.jpg,249,203,RGB,6.31
Kaca,kaca_R_4306.jpg,dataset\Kaca\kaca_R_4306.jpg,.jpg,65,298,RGB,4.07
Kaca,kaca_R_4307.jpg,dataset\Kaca\kaca_R_4307.jpg,.jpg,194,259,RGB,4.21
Kaca,kaca_R_4308.jpg,dataset\Kaca\kaca_R_4308.jpg,.jpg,203,248,RGB,10.46
Kaca,kaca_R_4309.jpg,dataset\Kaca\kaca_R_4309.jpg,.jpg,93,209,RGB,5.27
Kaca,kaca_R_4310.jpg,dataset\Kaca\kaca_R_4310.jpg,.jpg,211,239,RGB,6.35
Kaca,kaca_R_4311.jpg,dataset\Kaca\kaca_R_4311.jpg,.jpg,308,163,RGB,5.48
Kaca,kaca_R_4312.jpg,dataset\Kaca\kaca_R_4312.jpg,.jpg,252,200,RGB,10.65
Kaca,kaca_R_4313.jpg,dataset\Kaca\kaca_R_4313.jpg,.jpg,225,225,RGB,7.47
Kaca,kaca_R_4314.jpg,dataset\Kaca\kaca_R_4314.jpg,.jpg,272,185,RGB,8.56
Kaca,kaca_R_4316.jpg,dataset\Kaca\kaca_R_4316.jpg,.jpg,299,168,RGB,4.92
Kaca,kaca_R_4317.jpg,dataset\Kaca\kaca_R_4317.jpg,.jpg,92,210,RGB,5.08
Kaca,kaca_R_4318.jpg,dataset\Kaca\kaca_R_4318.jpg,.jpg,350,144,RGB,12.37
Kaca,kaca_R_4319.jpg,dataset\Kaca\kaca_R_4319.jpg,.jpg,225,225,RGB,7.91
Kaca,kaca_R_4320.jpg,dataset\Kaca\kaca_R_4320.jpg,.jpg,94,207,RGB,4.11
Kaca,kaca_R_4321.jpg,dataset\Kaca\kaca_R_4321.jpg,.jpg,308,163,RGB,3.77
Kaca,kaca_R_4322.jpg,dataset\Kaca\kaca_R_4322.jpg,.jpg,299,168,RGB,4.42
Kaca,kaca_R_4323.jpg,dataset\Kaca\kaca_R_4323.jpg,.jpg,281,180,RGB,21.35
Kaca,kaca_R_5054.jpg,dataset\Kaca\kaca_R_5054.jpg,.jpg,225,225,RGB,3.1
Kaca,kaca_R_5055.jpg,dataset\Kaca\kaca_R_5055.jpg,.jpg,225,225,RGB,2.77
Kaca,kaca_R_5056.jpg,dataset\Kaca\kaca_R_5056.jpg,.jpg,194,259,RGB,3.98
Kaca,kaca_R_5057.jpg,dataset\Kaca\kaca_R_5057.jpg,.jpg,225,225,RGB,2.86
Kaca,kaca_R_5058.jpg,dataset\Kaca\kaca_R_5058.jpg,.jpg,202,249,RGB,5.2
Kaca,kaca_R_5059.jpg,dataset\Kaca\kaca_R_5059.jpg,.jpg,225,225,RGB,4.37
Kaca,kaca_R_5060.jpg,dataset\Kaca\kaca_R_5060.jpg,.jpg,225,225,RGB,4.09
Kaca,kaca_R_5061.jpg,dataset\Kaca\kaca_R_5061.jpg,.jpg,225,225,RGB,9.51
Kaca,kaca_R_5062.jpg,dataset\Kaca\kaca_R_5062.jpg,.jpg,225,225,RGB,2.77
Kaca,kaca_R_5063.jpg,dataset\Kaca\kaca_R_5063.jpg,.jpg,225,225,RGB,3.87
Kaca,kaca_R_5064.jpg,dataset\Kaca\kaca_R_5064.jpg,.jpg,224,224,RGB,3.88
Kaca,kaca_R_5065.jpg,dataset\Kaca\kaca_R_5065.jpg,.jpg,236,214,RGB,5.93
Kaca,kaca_R_5066.jpg,dataset\Kaca\kaca_R_5066.jpg,.jpg,207,243,RGB,3.12
Kaca,kaca_R_5067.jpg,dataset\Kaca\kaca_R_5067.jpg,.jpg,225,225,RGB,4.82
Kaca,kaca_R_5068.jpg,dataset\Kaca\kaca_R_5068.jpg,.jpg,225,225,RGB,4.61
Kaca,kaca_R_5069.jpg,dataset\Kaca\kaca_R_5069.jpg,.jpg,225,225,RGB,6.1
Kaca,kaca_R_5070.jpg,dataset\Kaca\kaca_R_5070.jpg,.jpg,225,225,RGB,4.82
Kaca,kaca_R_5071.jpg,dataset\Kaca\kaca_R_5071.jpg,.jpg,185,273,RGB,5.55
Kaca,kaca_R_5072.jpg,dataset\Kaca\kaca_R_5072.jpg,.jpg,268,188,RGB,4.48
Kaca,kaca_R_5073.jpg,dataset\Kaca\kaca_R_5073.jpg,.jpg,225,225,RGB,3.32
Kaca,kaca_R_5074.jpg,dataset\Kaca\kaca_R_5074.jpg,.jpg,225,225,RGB,4.43
Kaca,kaca_R_5075.jpg,dataset\Kaca\kaca_R_5075.jpg,.jpg,225,225,RGB,4.11
Kaca,kaca_R_5076.jpg,dataset\Kaca\kaca_R_5076.jpg,.jpg,225,225,RGB,3.41
Kaca,kaca_R_5077.jpg,dataset\Kaca\kaca_R_5077.jpg,.jpg,225,225,RGB,6.16
Kaca,kaca_R_5078.jpg,dataset\Kaca\kaca_R_5078.jpg,.jpg,194,259,RGB,4.2
Kaca,kaca_R_5079.jpg,dataset\Kaca\kaca_R_5079.jpg,.jpg,318,159,RGB,4.26
Kaca,kaca_R_5080.jpg,dataset\Kaca\kaca_R_5080.jpg,.jpg,225,225,RGB,2.48
Kaca,kaca_R_5081.jpg,dataset\Kaca\kaca_R_5081.jpg,.jpg,225,225,RGB,8.23
Kaca,kaca_R_5082.jpg,dataset\Kaca\kaca_R_5082.jpg,.jpg,250,166,RGB,4.91
Kaca,kaca_R_5083.jpg,dataset\Kaca\kaca_R_5083.jpg,.jpg,225,225,RGB,4.24
Kaca,kaca_R_5084.jpg,dataset\Kaca\kaca_R_5084.jpg,.jpg,225,225,RGB,4.01
Kaca,kaca_R_5085.jpg,dataset\Kaca\kaca_R_5085.jpg,.jpg,225,225,RGB,6.8
Kaca,kaca_R_5086.jpg,dataset\Kaca\kaca_R_5086.jpg,.jpg,321,157,RGB,6.17
Kaca,kaca_R_5087.jpg,dataset\Kaca\kaca_R_5087.jpg,.jpg,225,225,RGB,7.31
Kaca,kaca_R_5088.jpg,dataset\Kaca\kaca_R_5088.jpg,.jpg,246,205,RGB,5.81
Kaca,kaca_R_5089.jpg,dataset\Kaca\kaca_R_5089.jpg,.jpg,225,225,RGB,5.66
Kaca,kaca_R_5090.jpg,dataset\Kaca\kaca_R_5090.jpg,.jpg,225,225,RGB,5.2
Kaca,kaca_R_5091.jpg,dataset\Kaca\kaca_R_5091.jpg,.jpg,194,260,RGB,5.21
Kaca,kaca_R_5092.jpg,dataset\Kaca\kaca_R_5092.jpg,.jpg,262,193,RGB,5.15
Kaca,kaca_R_5093.jpg,dataset\Kaca\kaca_R_5093.jpg,.jpg,225,225,RGB,3.76
Kaca,kaca_R_5094.jpg,dataset\Kaca\kaca_R_5094.jpg,.jpg,225,225,RGB,3.09
Kaca,kaca_R_5095.jpg,dataset\Kaca\kaca_R_5095.jpg,.jpg,280,180,RGB,8.42
Kaca,kaca_R_5096.jpg,dataset\Kaca\kaca_R_5096.jpg,.jpg,225,225,RGB,3.08
Kaca,kaca_R_5097.jpg,dataset\Kaca\kaca_R_5097.jpg,.jpg,183,275,RGB,4.5
Kaca,kaca_R_5098.jpg,dataset\Kaca\kaca_R_5098.jpg,.jpg,236,213,RGB,3.76
Kaca,kaca_R_5099.jpg,dataset\Kaca\kaca_R_5099.jpg,.jpg,225,225,RGB,4.39
Kaca,kaca_R_5100.jpg,dataset\Kaca\kaca_R_5100.jpg,.jpg,225,225,RGB,4.89
Kaca,kaca_R_5101.jpg,dataset\Kaca\kaca_R_5101.jpg,.jpg,201,251,RGB,1.96
Kaca,kaca_R_5102.jpg,dataset\Kaca\kaca_R_5102.jpg,.jpg,250,167,RGB,5.03
Kaca,kaca_R_5103.jpg,dataset\Kaca\kaca_R_5103.jpg,.jpg,225,225,RGB,4.81
Kaca,kaca_R_5104.jpg,dataset\Kaca\kaca_R_5104.jpg,.jpg,225,225,RGB,4.13
Kaca,kaca_R_5105.jpg,dataset\Kaca\kaca_R_5105.jpg,.jpg,225,225,RGB,5.98
Kaca,kaca_R_5106.jpg,dataset\Kaca\kaca_R_5106.jpg,.jpg,207,244,RGB,3.71
Kaca,kaca_R_5107.jpg,dataset\Kaca\kaca_R_5107.jpg,.jpg,225,225,RGB,2.57
Kaca,kaca_R_5108.jpg,dataset\Kaca\kaca_R_5108.jpg,.jpg,225,225,RGB,5.23
Kaca,kaca_R_5109.jpg,dataset\Kaca\kaca_R_5109.jpg,.jpg,225,225,RGB,1.96
Kaca,kaca_R_5110.jpg,dataset\Kaca\kaca_R_5110.jpg,.jpg,225,225,RGB,3.62
Kaca,kaca_R_5111.jpg,dataset\Kaca\kaca_R_5111.jpg,.jpg,174,289,RGB,6.21
Kaca,kaca_R_5112.jpg,dataset\Kaca\kaca_R_5112.jpg,.jpg,225,225,RGB,4.41
Kaca,kaca_R_5113.jpg,dataset\Kaca\kaca_R_5113.jpg,.jpg,225,225,RGB,4.4
Kaca,kaca_R_5114.jpg,dataset\Kaca\kaca_R_5114.jpg,.jpg,300,168,RGB,5.17
Kaca,kaca_R_5115.jpg,dataset\Kaca\kaca_R_5115.jpg,.jpg,225,225,RGB,3.34
Kaca,kaca_R_5116.jpg,dataset\Kaca\kaca_R_5116.jpg,.jpg,331,152,RGB,4.43
Kaca,kaca_R_5117.jpg,dataset\Kaca\kaca_R_5117.jpg,.jpg,225,225,RGB,5.53
Kaca,kaca_R_5118.jpg,dataset\Kaca\kaca_R_5118.jpg,.jpg,225,225,RGB,4.81
Kaca,kaca_R_5119.jpg,dataset\Kaca\kaca_R_5119.jpg,.jpg,259,194,RGB,3.79
Kaca,kaca_R_5120.jpg,dataset\Kaca\kaca_R_5120.jpg,.jpg,225,225,RGB,3.3
Kaca,kaca_R_5121.jpg,dataset\Kaca\kaca_R_5121.jpg,.jpg,225,225,RGB,2.28
Kaca,kaca_R_5122.jpg,dataset\Kaca\kaca_R_5122.jpg,.jpg,225,225,RGB,4.17
Kaca,kaca_R_5124.jpg,dataset\Kaca\kaca_R_5124.jpg,.jpg,225,225,RGB,4.59
Kaca,kaca_R_5125.jpg,dataset\Kaca\kaca_R_5125.jpg,.jpg,225,225,RGB,8.8
Kaca,kaca_R_5126.jpg,dataset\Kaca\kaca_R_5126.jpg,.jpg,224,224,RGB,2.65
Kaca,kaca_R_5127.jpg,dataset\Kaca\kaca_R_5127.jpg,.jpg,225,225,RGB,5.07
Kaca,kaca_R_5128.jpg,dataset\Kaca\kaca_R_5128.jpg,.jpg,237,213,RGB,6.78
Kaca,kaca_R_5129.jpg,dataset\Kaca\kaca_R_5129.jpg,.jpg,225,225,RGB,3.89
Kaca,kaca_R_5130.jpg,dataset\Kaca\kaca_R_5130.jpg,.jpg,225,225,RGB,2.22
Kaca,kaca_R_5131.jpg,dataset\Kaca\kaca_R_5131.jpg,.jpg,225,225,RGB,3.82
Kaca,kaca_R_5132.jpg,dataset\Kaca\kaca_R_5132.jpg,.jpg,193,262,RGB,4.04
Kaca,kaca_R_5133.jpg,dataset\Kaca\kaca_R_5133.jpg,.jpg,200,252,RGB,3.74
Kaca,kaca_R_5134.jpg,dataset\Kaca\kaca_R_5134.jpg,.jpg,225,225,RGB,4.31
Kaca,kaca_R_5135.jpg,dataset\Kaca\kaca_R_5135.jpg,.jpg,251,201,RGB,5.54
Kaca,kaca_R_5136.jpg,dataset\Kaca\kaca_R_5136.jpg,.jpg,224,224,RGB,4.42
Kaca,kaca_R_5137.jpg,dataset\Kaca\kaca_R_5137.jpg,.jpg,225,225,RGB,4.78
Kaca,kaca_R_5138.jpg,dataset\Kaca\kaca_R_5138.jpg,.jpg,245,206,RGB,4.5
Kaca,kaca_R_5139.jpg,dataset\Kaca\kaca_R_5139.jpg,.jpg,225,225,RGB,6.57
Kaca,kaca_R_5140.jpg,dataset\Kaca\kaca_R_5140.jpg,.jpg,288,175,RGB,4.67
Kaca,kaca_R_5141.jpg,dataset\Kaca\kaca_R_5141.jpg,.jpg,225,225,RGB,4.16
Kaca,kaca_R_5142.jpg,dataset\Kaca\kaca_R_5142.jpg,.jpg,225,225,RGB,4.74
Kaca,kaca_R_5143.jpg,dataset\Kaca\kaca_R_5143.jpg,.jpg,271,186,RGB,5.73
Kaca,kaca_R_5144.jpg,dataset\Kaca\kaca_R_5144.jpg,.jpg,214,236,RGB,5.53
Kaca,kaca_R_5145.jpg,dataset\Kaca\kaca_R_5145.jpg,.jpg,242,208,RGB,5.5
Kaca,kaca_R_5146.jpg,dataset\Kaca\kaca_R_5146.jpg,.jpg,225,225,RGB,2.18
Kaca,kaca_R_5147.jpg,dataset\Kaca\kaca_R_5147.jpg,.jpg,225,225,RGB,3.42
Kaca,kaca_R_5148.jpg,dataset\Kaca\kaca_R_5148.jpg,.jpg,225,225,RGB,3.06
Kaca,kaca_R_5149.jpg,dataset\Kaca\kaca_R_5149.jpg,.jpg,225,225,RGB,2.41
Kaca,kaca_R_5150.jpg,dataset\Kaca\kaca_R_5150.jpg,.jpg,204,247,RGB,5.22
Kaca,kaca_R_5151.jpg,dataset\Kaca\kaca_R_5151.jpg,.jpg,225,225,RGB,1.5
Kaca,kaca_R_5152.jpg,dataset\Kaca\kaca_R_5152.jpg,.jpg,225,225,RGB,3.07
Kaca,kaca_R_5153.jpg,dataset\Kaca\kaca_R_5153.jpg,.jpg,195,258,RGB,3.24
Kaca,kaca_R_5154.jpg,dataset\Kaca\kaca_R_5154.jpg,.jpg,225,224,RGB,5.06
Kaca,kaca_R_5155.jpg,dataset\Kaca\kaca_R_5155.jpg,.jpg,225,225,RGB,3.08
Kaca,kaca_R_5156.jpg,dataset\Kaca\kaca_R_5156.jpg,.jpg,244,206,RGB,4.71
Kaca,kaca_R_5157.jpg,dataset\Kaca\kaca_R_5157.jpg,.jpg,194,260,RGB,3.86
Kaca,kaca_R_5158.jpg,dataset\Kaca\kaca_R_5158.jpg,.jpg,264,191,RGB,5.62
Kaca,kaca_R_5159.jpg,dataset\Kaca\kaca_R_5159.jpg,.jpg,266,189,RGB,4.5
Kaca,kaca_R_5160.jpg,dataset\Kaca\kaca_R_5160.jpg,.jpg,168,300,RGB,5.22
Kaca,kaca_R_5161.jpg,dataset\Kaca\kaca_R_5161.jpg,.jpg,225,225,RGB,3.62
Kaca,kaca_R_5162.jpg,dataset\Kaca\kaca_R_5162.jpg,.jpg,250,201,RGB,4.54
Kaca,kaca_R_5163.jpg,dataset\Kaca\kaca_R_5163.jpg,.jpg,225,225,RGB,5.6
Kaca,kaca_R_5164.jpg,dataset\Kaca\kaca_R_5164.jpg,.jpg,205,245,RGB,7.06
Kaca,kaca_R_5165.jpg,dataset\Kaca\kaca_R_5165.jpg,.jpg,225,225,RGB,4.63
Kaca,kaca_R_5166.jpg,dataset\Kaca\kaca_R_5166.jpg,.jpg,206,245,RGB,7.48
Kaca,kaca_R_5167.jpg,dataset\Kaca\kaca_R_5167.jpg,.jpg,218,231,RGB,1.46
Kaca,kaca_R_5168.jpg,dataset\Kaca\kaca_R_5168.jpg,.jpg,223,226,RGB,5.71
Kaca,kaca_R_5169.jpg,dataset\Kaca\kaca_R_5169.jpg,.jpg,225,225,RGB,2.52
Kaca,kaca_R_5170.jpg,dataset\Kaca\kaca_R_5170.jpg,.jpg,224,224,RGB,2.79
Kaca,kaca_R_5171.jpg,dataset\Kaca\kaca_R_5171.jpg,.jpg,217,232,RGB,3.9
Kaca,kaca_R_5172.jpg,dataset\Kaca\kaca_R_5172.jpg,.jpg,226,223,RGB,4.57
Kaca,kaca_R_5173.jpg,dataset\Kaca\kaca_R_5173.jpg,.jpg,225,225,RGB,3.27
Kaca,kaca_R_5174.jpg,dataset\Kaca\kaca_R_5174.jpg,.jpg,200,252,RGB,2.7
Kaca,kaca_R_5175.jpg,dataset\Kaca\kaca_R_5175.jpg,.jpg,300,168,RGB,3.63
Kaca,kaca_R_5176.jpg,dataset\Kaca\kaca_R_5176.jpg,.jpg,225,225,RGB,4.69
Kaca,kaca_R_5177.jpg,dataset\Kaca\kaca_R_5177.jpg,.jpg,259,194,RGB,8.48
Kaca,kaca_R_5178.jpg,dataset\Kaca\kaca_R_5178.jpg,.jpg,225,225,RGB,4.44
Kaca,kaca_R_5179.jpg,dataset\Kaca\kaca_R_5179.jpg,.jpg,247,204,RGB,4.52
Kaca,kaca_R_5180.jpg,dataset\Kaca\kaca_R_5180.jpg,.jpg,225,225,RGB,5.21
Kaca,kaca_R_5181.jpg,dataset\Kaca\kaca_R_5181.jpg,.jpg,254,198,RGB,8.51
Kaca,kaca_R_5182.jpg,dataset\Kaca\kaca_R_5182.jpg,.jpg,224,224,RGB,4.21
Kaca,kaca_R_5183.jpg,dataset\Kaca\kaca_R_5183.jpg,.jpg,225,225,RGB,3.62
Kaca,kaca_R_5184.jpg,dataset\Kaca\kaca_R_5184.jpg,.jpg,225,225,RGB,2.17
Kaca,kaca_R_5185.jpg,dataset\Kaca\kaca_R_5185.jpg,.jpg,225,225,RGB,2.83
Kaca,kaca_R_5186.jpg,dataset\Kaca\kaca_R_5186.jpg,.jpg,225,225,RGB,4.92
Kaca,kaca_R_5187.jpg,dataset\Kaca\kaca_R_5187.jpg,.jpg,225,225,RGB,6.91
Kaca,kaca_R_5188.jpg,dataset\Kaca\kaca_R_5188.jpg,.jpg,223,226,RGB,3.92
Kaca,kaca_R_5189.jpg,dataset\Kaca\kaca_R_5189.jpg,.jpg,225,225,RGB,6.04
Kaca,kaca_R_5190.jpg,dataset\Kaca\kaca_R_5190.jpg,.jpg,225,225,RGB,2.43
Kaca,kaca_R_5191.jpg,dataset\Kaca\kaca_R_5191.jpg,.jpg,200,200,RGB,6.9
Kaca,kaca_R_5192.jpg,dataset\Kaca\kaca_R_5192.jpg,.jpg,299,169,RGB,4.05
Kaca,kaca_R_5193.jpg,dataset\Kaca\kaca_R_5193.jpg,.jpg,220,229,RGB,6.18
Kaca,kaca_R_5194.jpg,dataset\Kaca\kaca_R_5194.jpg,.jpg,221,228,RGB,2.22
Kaca,kaca_R_5195.jpg,dataset\Kaca\kaca_R_5195.jpg,.jpg,173,292,RGB,9.6
Kaca,kaca_R_5196.jpg,dataset\Kaca\kaca_R_5196.jpg,.jpg,225,225,RGB,5.47
Kaca,kaca_R_5197.jpg,dataset\Kaca\kaca_R_5197.jpg,.jpg,275,183,RGB,7.19
Kaca,kaca_R_5198.jpg,dataset\Kaca\kaca_R_5198.jpg,.jpg,194,259,RGB,4.53
Kaca,kaca_R_5199.jpg,dataset\Kaca\kaca_R_5199.jpg,.jpg,192,262,RGB,1.68
Kaca,kaca_R_5200.jpg,dataset\Kaca\kaca_R_5200.jpg,.jpg,225,225,RGB,4.77
Kaca,kaca_R_5201.jpg,dataset\Kaca\kaca_R_5201.jpg,.jpg,225,225,RGB,3.52
Kaca,kaca_R_5202.jpg,dataset\Kaca\kaca_R_5202.jpg,.jpg,242,208,RGB,5.05
Kaca,kaca_R_5203.jpg,dataset\Kaca\kaca_R_5203.jpg,.jpg,225,225,RGB,4.31
Kaca,kaca_R_5204.jpg,dataset\Kaca\kaca_R_5204.jpg,.jpg,211,239,RGB,3.76
Kaca,kaca_R_5205.jpg,dataset\Kaca\kaca_R_5205.jpg,.jpg,215,234,RGB,3.98
Kaca,kaca_R_5206.jpg,dataset\Kaca\kaca_R_5206.jpg,.jpg,225,225,RGB,4.65
Kaca,kaca_R_5207.jpg,dataset\Kaca\kaca_R_5207.jpg,.jpg,210,210,RGB,3.68
Kaca,kaca_R_5208.jpg,dataset\Kaca\kaca_R_5208.jpg,.jpg,220,220,RGB,2.95
Kaca,kaca_R_5209.jpg,dataset\Kaca\kaca_R_5209.jpg,.jpg,225,225,RGB,5.73
Kaca,kaca_R_5210.jpg,dataset\Kaca\kaca_R_5210.jpg,.jpg,225,225,RGB,4.62
Kaca,kaca_R_5211.jpg,dataset\Kaca\kaca_R_5211.jpg,.jpg,275,183,RGB,4.7
Kaca,kaca_R_5212.jpg,dataset\Kaca\kaca_R_5212.jpg,.jpg,225,225,RGB,9.11
Kaca,kaca_R_5213.jpg,dataset\Kaca\kaca_R_5213.jpg,.jpg,313,161,RGB,5.75
Kaca,kaca_R_5214.jpg,dataset\Kaca\kaca_R_5214.jpg,.jpg,204,247,RGB,2.75
Kaca,kaca_R_5215.jpg,dataset\Kaca\kaca_R_5215.jpg,.jpg,317,159,RGB,10.13
Kaca,kaca_R_5216.jpg,dataset\Kaca\kaca_R_5216.jpg,.jpg,194,260,RGB,5.86
Kaca,kaca_R_5217.jpg,dataset\Kaca\kaca_R_5217.jpg,.jpg,225,225,RGB,5.24
Kaca,kaca_R_5218.jpg,dataset\Kaca\kaca_R_5218.jpg,.jpg,225,225,RGB,2.51
Kaca,kaca_R_5219.jpg,dataset\Kaca\kaca_R_5219.jpg,.jpg,247,204,RGB,4.21
Kaca,kaca_R_5220.jpg,dataset\Kaca\kaca_R_5220.jpg,.jpg,225,225,RGB,3.56
Kaca,kaca_R_5221.jpg,dataset\Kaca\kaca_R_5221.jpg,.jpg,224,224,RGB,4.81
Kaca,kaca_R_5222.jpg,dataset\Kaca\kaca_R_5222.jpg,.jpg,204,247,RGB,2.87
Kaca,kaca_R_5223.jpg,dataset\Kaca\kaca_R_5223.jpg,.jpg,251,201,RGB,3.94
Kaca,kaca_R_5224.jpg,dataset\Kaca\kaca_R_5224.jpg,.jpg,215,234,RGB,2.29
Kaca,kaca_R_5225.jpg,dataset\Kaca\kaca_R_5225.jpg,.jpg,225,225,RGB,3.78
Kaca,kaca_R_5226.jpg,dataset\Kaca\kaca_R_5226.jpg,.jpg,291,167,RGB,4.47
Kaca,kaca_R_5227.jpg,dataset\Kaca\kaca_R_5227.jpg,.jpg,275,183,RGB,6.57
Kaca,kaca_R_5228.jpg,dataset\Kaca\kaca_R_5228.jpg,.jpg,275,183,RGB,4.1
Kaca,kaca_R_5229.jpg,dataset\Kaca\kaca_R_5229.jpg,.jpg,205,246,RGB,7.14
Kaca,kaca_R_5230.jpg,dataset\Kaca\kaca_R_5230.jpg,.jpg,194,259,RGB,2.89
Kaca,kaca_R_5231.jpg,dataset\Kaca\kaca_R_5231.jpg,.jpg,225,225,RGB,2.78
Kaca,kaca_R_5232.jpg,dataset\Kaca\kaca_R_5232.jpg,.jpg,225,225,RGB,6.96
Kaca,kaca_R_5233.jpg,dataset\Kaca\kaca_R_5233.jpg,.jpg,201,251,RGB,5.24
Kaca,kaca_R_5234.jpg,dataset\Kaca\kaca_R_5234.jpg,.jpg,213,237,RGB,2.9
Kaca,kaca_R_5235.jpg,dataset\Kaca\kaca_R_5235.jpg,.jpg,275,183,RGB,7.67
Kaca,kaca_R_5236.jpg,dataset\Kaca\kaca_R_5236.jpg,.jpg,225,225,RGB,5.71
Kaca,kaca_R_5237.jpg,dataset\Kaca\kaca_R_5237.jpg,.jpg,225,225,RGB,3.15
Kaca,kaca_R_5238.jpg,dataset\Kaca\kaca_R_5238.jpg,.jpg,225,225,RGB,2.76
Kaca,kaca_R_5239.jpg,dataset\Kaca\kaca_R_5239.jpg,.jpg,194,260,RGB,5.13
Kaca,kaca_R_5240.jpg,dataset\Kaca\kaca_R_5240.jpg,.jpg,199,253,RGB,3.52
Kaca,kaca_R_5241.jpg,dataset\Kaca\kaca_R_5241.jpg,.jpg,194,259,RGB,2.67
Kaca,kaca_R_5242.jpg,dataset\Kaca\kaca_R_5242.jpg,.jpg,225,225,RGB,3.64
Kaca,kaca_R_5243.jpg,dataset\Kaca\kaca_R_5243.jpg,.jpg,210,210,RGB,5.04
Kaca,kaca_R_5244.jpg,dataset\Kaca\kaca_R_5244.jpg,.jpg,225,225,RGB,6.91
Kaca,kaca_R_5245.jpg,dataset\Kaca\kaca_R_5245.jpg,.jpg,225,225,RGB,1.26
Kaca,kaca_R_5246.jpg,dataset\Kaca\kaca_R_5246.jpg,.jpg,252,200,RGB,4.57
Kaca,kaca_R_5247.jpg,dataset\Kaca\kaca_R_5247.jpg,.jpg,169,298,RGB,5.87
Kaca,kaca_R_5248.jpg,dataset\Kaca\kaca_R_5248.jpg,.jpg,224,224,RGB,5.63
Kaca,kaca_R_5249.jpg,dataset\Kaca\kaca_R_5249.jpg,.jpg,275,183,RGB,3.78
Kaca,kaca_R_5250.jpg,dataset\Kaca\kaca_R_5250.jpg,.jpg,207,244,RGB,3.0
Kaca,kaca_R_5251.jpg,dataset\Kaca\kaca_R_5251.jpg,.jpg,260,194,RGB,2.36
Kaca,kaca_R_5252.jpg,dataset\Kaca\kaca_R_5252.jpg,.jpg,259,194,RGB,5.79
Kaca,kaca_R_5253.jpg,dataset\Kaca\kaca_R_5253.jpg,.jpg,275,183,RGB,5.1
Kaca,kaca_R_5254.jpg,dataset\Kaca\kaca_R_5254.jpg,.jpg,225,225,RGB,9.95
Kaca,kaca_R_5255.jpg,dataset\Kaca\kaca_R_5255.jpg,.jpg,225,225,RGB,5.45
Kaca,kaca_R_5256.jpg,dataset\Kaca\kaca_R_5256.jpg,.jpg,218,231,RGB,4.94
Kaca,kaca_R_5257.jpg,dataset\Kaca\kaca_R_5257.jpg,.jpg,225,225,RGB,4.6
Kaca,kaca_R_5258.jpg,dataset\Kaca\kaca_R_5258.jpg,.jpg,207,243,RGB,3.84
Kaca,kaca_R_5259.jpg,dataset\Kaca\kaca_R_5259.jpg,.jpg,275,183,RGB,5.71
Kaca,kaca_R_5260.jpg,dataset\Kaca\kaca_R_5260.jpg,.jpg,207,243,RGB,7.53
Kaca,kaca_R_5261.jpg,dataset\Kaca\kaca_R_5261.jpg,.jpg,214,236,RGB,5.82
Kaca,kaca_R_5262.jpg,dataset\Kaca\kaca_R_5262.jpg,.jpg,299,168,RGB,8.17
Kaca,kaca_R_5263.jpg,dataset\Kaca\kaca_R_5263.jpg,.jpg,259,194,RGB,6.79
Kaca,kaca_R_5264.jpg,dataset\Kaca\kaca_R_5264.jpg,.jpg,200,200,RGB,6.78
Kaca,kaca_R_5265.jpg,dataset\Kaca\kaca_R_5265.jpg,.jpg,276,183,RGB,7.28
Kaca,kaca_R_5266.jpg,dataset\Kaca\kaca_R_5266.jpg,.jpg,259,194,RGB,6.49
Kaca,kaca_R_5267.jpg,dataset\Kaca\kaca_R_5267.jpg,.jpg,225,225,RGB,3.93
Kaca,kaca_R_5268.jpg,dataset\Kaca\kaca_R_5268.jpg,.jpg,188,268,RGB,3.51
Kaca,kaca_R_5269.jpg,dataset\Kaca\kaca_R_5269.jpg,.jpg,225,225,RGB,1.9
Kaca,kaca_R_5270.jpg,dataset\Kaca\kaca_R_5270.jpg,.jpg,250,202,RGB,6.13
Kaca,kaca_R_5272.jpg,dataset\Kaca\kaca_R_5272.jpg,.jpg,183,275,RGB,5.12
Kaca,kaca_R_5273.jpg,dataset\Kaca\kaca_R_5273.jpg,.jpg,207,243,RGB,5.73
Kaca,kaca_R_5274.jpg,dataset\Kaca\kaca_R_5274.jpg,.jpg,275,183,RGB,5.49
Kaca,kaca_R_5275.jpg,dataset\Kaca\kaca_R_5275.jpg,.jpg,237,212,RGB,6.58
Kaca,kaca_R_5276.jpg,dataset\Kaca\kaca_R_5276.jpg,.jpg,250,188,RGB,3.91
Kaca,kaca_R_5277.jpg,dataset\Kaca\kaca_R_5277.jpg,.jpg,251,201,RGB,13.46
Kaca,kaca_R_5278.jpg,dataset\Kaca\kaca_R_5278.jpg,.jpg,209,241,RGB,8.39
Kaca,kaca_R_5279.jpg,dataset\Kaca\kaca_R_5279.jpg,.jpg,225,225,RGB,2.65
Kaca,kaca_R_5280.jpg,dataset\Kaca\kaca_R_5280.jpg,.jpg,225,225,RGB,4.09
Kaca,kaca_R_5281.jpg,dataset\Kaca\kaca_R_5281.jpg,.jpg,225,225,RGB,3.56
Kaca,kaca_R_5282.jpg,dataset\Kaca\kaca_R_5282.jpg,.jpg,259,194,RGB,5.97
Kaca,kaca_R_5283.jpg,dataset\Kaca\kaca_R_5283.jpg,.jpg,225,225,RGB,2.45
Kaca,kaca_R_5284.jpg,dataset\Kaca\kaca_R_5284.jpg,.jpg,224,224,RGB,6.33
Kaca,kaca_R_5285.jpg,dataset\Kaca\kaca_R_5285.jpg,.jpg,225,225,RGB,7.07
Kaca,kaca_R_5286.jpg,dataset\Kaca\kaca_R_5286.jpg,.jpg,225,225,RGB,4.82
Kaca,kaca_R_5287.jpg,dataset\Kaca\kaca_R_5287.jpg,.jpg,327,154,RGB,6.6
Kaca,kaca_R_5288.jpg,dataset\Kaca\kaca_R_5288.jpg,.jpg,266,190,RGB,3.15
Kaca,kaca_R_5289.jpg,dataset\Kaca\kaca_R_5289.jpg,.jpg,225,225,RGB,5.43
Kaca,kaca_R_5290.jpg,dataset\Kaca\kaca_R_5290.jpg,.jpg,225,225,RGB,1.64
Kaca,kaca_R_5291.jpg,dataset\Kaca\kaca_R_5291.jpg,.jpg,204,247,RGB,3.43
Kaca,kaca_R_5292.jpg,dataset\Kaca\kaca_R_5292.jpg,.jpg,207,243,RGB,4.88
Kaca,kaca_R_5293.jpg,dataset\Kaca\kaca_R_5293.jpg,.jpg,194,259,RGB,3.63
Kaca,kaca_R_5294.jpg,dataset\Kaca\kaca_R_5294.jpg,.jpg,252,200,RGB,5.32
Kaca,kaca_R_5295.jpg,dataset\Kaca\kaca_R_5295.jpg,.jpg,225,225,RGB,5.23
Kaca,kaca_R_5296.jpg,dataset\Kaca\kaca_R_5296.jpg,.jpg,225,225,RGB,3.83
Kaca,kaca_R_5297.jpg,dataset\Kaca\kaca_R_5297.jpg,.jpg,259,194,RGB,3.33
Kaca,kaca_R_5298.jpg,dataset\Kaca\kaca_R_5298.jpg,.jpg,217,233,RGB,7.64
Kaca,kaca_R_5299.jpg,dataset\Kaca\kaca_R_5299.jpg,.jpg,225,224,RGB,8.03
Kaca,kaca_R_5300.jpg,dataset\Kaca\kaca_R_5300.jpg,.jpg,225,225,RGB,3.56
Kaca,kaca_R_5301.jpg,dataset\Kaca\kaca_R_5301.jpg,.jpg,225,225,RGB,3.5
Kaca,kaca_R_5302.jpg,dataset\Kaca\kaca_R_5302.jpg,.jpg,259,194,RGB,2.6
Kaca,kaca_R_5303.jpg,dataset\Kaca\kaca_R_5303.jpg,.jpg,225,224,RGB,5.17
Kaca,kaca_R_5304.jpg,dataset\Kaca\kaca_R_5304.jpg,.jpg,249,202,RGB,8.08
Kaca,kaca_R_5305.jpg,dataset\Kaca\kaca_R_5305.jpg,.jpg,180,180,RGB,3.38
Kaca,kaca_R_5306.jpg,dataset\Kaca\kaca_R_5306.jpg,.jpg,262,193,RGB,5.43
Kaca,kaca_R_5307.jpg,dataset\Kaca\kaca_R_5307.jpg,.jpg,257,196,RGB,2.76
Kaca,kaca_R_5308.jpg,dataset\Kaca\kaca_R_5308.jpg,.jpg,266,189,RGB,7.67
Kaca,kaca_R_5309.jpg,dataset\Kaca\kaca_R_5309.jpg,.jpg,225,225,RGB,4.29
Kaca,kaca_R_5310.jpg,dataset\Kaca\kaca_R_5310.jpg,.jpg,194,259,RGB,6.0
Kaca,kaca_R_5311.jpg,dataset\Kaca\kaca_R_5311.jpg,.jpg,225,225,RGB,6.0
Kaca,kaca_R_5312.jpg,dataset\Kaca\kaca_R_5312.jpg,.jpg,385,131,RGB,7.16
Kaca,kaca_R_5313.jpg,dataset\Kaca\kaca_R_5313.jpg,.jpg,194,259,RGB,2.47
Kaca,kaca_R_5314.jpg,dataset\Kaca\kaca_R_5314.jpg,.jpg,225,225,RGB,3.31
Kaca,kaca_R_5315.jpg,dataset\Kaca\kaca_R_5315.jpg,.jpg,259,195,RGB,5.2
Kaca,kaca_R_5316.jpg,dataset\Kaca\kaca_R_5316.jpg,.jpg,225,225,RGB,4.75
Kaca,kaca_R_5317.jpg,dataset\Kaca\kaca_R_5317.jpg,.jpg,225,225,RGB,4.4
Kaca,kaca_R_5318.jpg,dataset\Kaca\kaca_R_5318.jpg,.jpg,238,212,RGB,5.61
Kaca,kaca_R_5319.jpg,dataset\Kaca\kaca_R_5319.jpg,.jpg,259,194,RGB,8.59
Kaca,kaca_R_5320.jpg,dataset\Kaca\kaca_R_5320.jpg,.jpg,275,183,RGB,3.44
Kaca,kaca_R_5321.jpg,dataset\Kaca\kaca_R_5321.jpg,.jpg,225,225,RGB,2.55
Kaca,kaca_R_5322.jpg,dataset\Kaca\kaca_R_5322.jpg,.jpg,259,195,RGB,9.08
Kaca,kaca_R_5323.jpg,dataset\Kaca\kaca_R_5323.jpg,.jpg,225,225,RGB,7.04
Kaca,kaca_R_5324.jpg,dataset\Kaca\kaca_R_5324.jpg,.jpg,225,225,RGB,2.28
Kaca,kaca_R_5325.jpg,dataset\Kaca\kaca_R_5325.jpg,.jpg,225,225,RGB,2.7
Kaca,kaca_R_5326.jpg,dataset\Kaca\kaca_R_5326.jpg,.jpg,236,189,RGB,6.86
Kaca,kaca_R_5327.jpg,dataset\Kaca\kaca_R_5327.jpg,.jpg,251,201,RGB,6.15
Kaca,kaca_R_5328.jpg,dataset\Kaca\kaca_R_5328.jpg,.jpg,232,217,RGB,3.83
Kaca,kaca_R_5329.jpg,dataset\Kaca\kaca_R_5329.jpg,.jpg,214,235,RGB,5.24
Kaca,kaca_R_5330.jpg,dataset\Kaca\kaca_R_5330.jpg,.jpg,225,225,RGB,2.25
Kaca,kaca_R_5331.jpg,dataset\Kaca\kaca_R_5331.jpg,.jpg,224,224,RGB,5.4
Kaca,kaca_R_5332.jpg,dataset\Kaca\kaca_R_5332.jpg,.jpg,225,225,RGB,3.69
Kaca,kaca_R_5333.jpg,dataset\Kaca\kaca_R_5333.jpg,.jpg,150,196,RGB,2.36
Kaca,kaca_R_5334.jpg,dataset\Kaca\kaca_R_5334.jpg,.jpg,225,225,RGB,4.33
Kaca,kaca_R_5335.jpg,dataset\Kaca\kaca_R_5335.jpg,.jpg,281,179,RGB,7.35
Kaca,kaca_R_5336.jpg,dataset\Kaca\kaca_R_5336.jpg,.jpg,194,259,RGB,6.04
Kaca,kaca_R_5337.jpg,dataset\Kaca\kaca_R_5337.jpg,.jpg,222,227,RGB,11.41
Kaca,kaca_R_5338.jpg,dataset\Kaca\kaca_R_5338.jpg,.jpg,205,245,RGB,7.31
Kaca,kaca_R_5339.jpg,dataset\Kaca\kaca_R_5339.jpg,.jpg,233,216,RGB,4.45
Kaca,kaca_R_5340.jpg,dataset\Kaca\kaca_R_5340.jpg,.jpg,310,163,RGB,5.63
Kaca,kaca_R_5341.jpg,dataset\Kaca\kaca_R_5341.jpg,.jpg,259,194,RGB,6.87
Kaca,kaca_R_5342.jpg,dataset\Kaca\kaca_R_5342.jpg,.jpg,225,225,RGB,7.37
Kaca,kaca_R_5343.jpg,dataset\Kaca\kaca_R_5343.jpg,.jpg,233,216,RGB,4.31
Kaca,kaca_R_5344.jpg,dataset\Kaca\kaca_R_5344.jpg,.jpg,193,261,RGB,6.64
Kaca,kaca_R_5345.jpg,dataset\Kaca\kaca_R_5345.jpg,.jpg,418,120,RGB,5.19
Kaca,kaca_R_5346.jpg,dataset\Kaca\kaca_R_5346.jpg,.jpg,225,225,RGB,4.58
Kaca,kaca_R_5347.jpg,dataset\Kaca\kaca_R_5347.jpg,.jpg,213,237,RGB,4.67
Kaca,kaca_R_5348.jpg,dataset\Kaca\kaca_R_5348.jpg,.jpg,166,219,RGB,2.74
Kaca,kaca_R_5349.jpg,dataset\Kaca\kaca_R_5349.jpg,.jpg,225,225,RGB,3.03
Kaca,kaca_R_5350.jpg,dataset\Kaca\kaca_R_5350.jpg,.jpg,214,235,RGB,5.02
Kaca,kaca_R_5351.jpg,dataset\Kaca\kaca_R_5351.jpg,.jpg,225,225,RGB,2.32
Kaca,kaca_R_5352.jpg,dataset\Kaca\kaca_R_5352.jpg,.jpg,222,227,RGB,2.52
Kaca,kaca_R_5353.jpg,dataset\Kaca\kaca_R_5353.jpg,.jpg,259,194,RGB,3.66
Kaca,kaca_R_5354.jpg,dataset\Kaca\kaca_R_5354.jpg,.jpg,210,240,RGB,6.77
Kaca,kaca_R_5355.jpg,dataset\Kaca\kaca_R_5355.jpg,.jpg,225,225,RGB,5.58
Kaca,kaca_R_5356.jpg,dataset\Kaca\kaca_R_5356.jpg,.jpg,241,209,RGB,3.79
Kaca,kaca_R_5357.jpg,dataset\Kaca\kaca_R_5357.jpg,.jpg,251,201,RGB,7.5
Kaca,kaca_R_5358.jpg,dataset\Kaca\kaca_R_5358.jpg,.jpg,259,194,RGB,6.41
Kaca,kaca_R_5359.jpg,dataset\Kaca\kaca_R_5359.jpg,.jpg,225,225,RGB,2.01
Kaca,kaca_R_5360.jpg,dataset\Kaca\kaca_R_5360.jpg,.jpg,225,225,RGB,9.55
Kaca,kaca_R_5361.jpg,dataset\Kaca\kaca_R_5361.jpg,.jpg,225,225,RGB,4.58
Kaca,kaca_R_5362.jpg,dataset\Kaca\kaca_R_5362.jpg,.jpg,225,225,RGB,2.74
Kaca,kaca_R_5363.jpg,dataset\Kaca\kaca_R_5363.jpg,.jpg,225,225,RGB,6.71
Kaca,kaca_R_5364.jpg,dataset\Kaca\kaca_R_5364.jpg,.jpg,270,187,RGB,12.63
Kaca,kaca_R_5365.jpg,dataset\Kaca\kaca_R_5365.jpg,.jpg,259,194,RGB,4.9
Kaca,kaca_R_5366.jpg,dataset\Kaca\kaca_R_5366.jpg,.jpg,194,259,RGB,2.42
Kaca,kaca_R_5367.jpg,dataset\Kaca\kaca_R_5367.jpg,.jpg,330,153,RGB,8.04
Kaca,kaca_R_5368.jpg,dataset\Kaca\kaca_R_5368.jpg,.jpg,225,224,RGB,2.01
Kaca,kaca_R_5369.jpg,dataset\Kaca\kaca_R_5369.jpg,.jpg,296,170,RGB,13.35
Kaca,kaca_R_5370.jpg,dataset\Kaca\kaca_R_5370.jpg,.jpg,201,251,RGB,7.44
Kaca,kaca_R_5371.jpg,dataset\Kaca\kaca_R_5371.jpg,.jpg,220,229,RGB,4.76
Kaca,kaca_R_5372.jpg,dataset\Kaca\kaca_R_5372.jpg,.jpg,225,225,RGB,5.66
Kaca,kaca_R_5373.jpg,dataset\Kaca\kaca_R_5373.jpg,.jpg,266,190,RGB,3.77
Kaca,kaca_R_5374.jpg,dataset\Kaca\kaca_R_5374.jpg,.jpg,225,225,RGB,2.91
Kaca,kaca_R_5375.jpg,dataset\Kaca\kaca_R_5375.jpg,.jpg,223,226,RGB,8.1
Kaca,kaca_R_5376.jpg,dataset\Kaca\kaca_R_5376.jpg,.jpg,191,264,RGB,3.31
Kaca,kaca_R_5377.jpg,dataset\Kaca\kaca_R_5377.jpg,.jpg,259,194,RGB,5.24
Kaca,kaca_R_5378.jpg,dataset\Kaca\kaca_R_5378.jpg,.jpg,267,189,RGB,2.57
Kaca,kaca_R_5379.jpg,dataset\Kaca\kaca_R_5379.jpg,.jpg,263,192,RGB,3.31
Kaca,kaca_R_5380.jpg,dataset\Kaca\kaca_R_5380.jpg,.jpg,211,239,RGB,2.54
Kaca,kaca_R_5381.jpg,dataset\Kaca\kaca_R_5381.jpg,.jpg,224,225,RGB,3.03
Kaca,kaca_R_5382.jpg,dataset\Kaca\kaca_R_5382.jpg,.jpg,221,228,RGB,5.64
Kaca,kaca_R_5383.jpg,dataset\Kaca\kaca_R_5383.jpg,.jpg,180,280,RGB,7.05
Kaca,kaca_R_5384.jpg,dataset\Kaca\kaca_R_5384.jpg,.jpg,225,225,RGB,10.56
Kaca,kaca_R_5385.jpg,dataset\Kaca\kaca_R_5385.jpg,.jpg,193,261,RGB,6.11
Kaca,kaca_R_5386.jpg,dataset\Kaca\kaca_R_5386.jpg,.jpg,225,225,RGB,6.82
Kaca,kaca_R_5387.jpg,dataset\Kaca\kaca_R_5387.jpg,.jpg,394,128,RGB,4.69
Kaca,kaca_R_5388.jpg,dataset\Kaca\kaca_R_5388.jpg,.jpg,225,225,RGB,8.37
Kaca,kaca_R_5389.jpg,dataset\Kaca\kaca_R_5389.jpg,.jpg,260,194,RGB,6.02
Kaca,kaca_R_5390.jpg,dataset\Kaca\kaca_R_5390.jpg,.jpg,225,225,RGB,5.05
Kaca,kaca_R_5391.jpg,dataset\Kaca\kaca_R_5391.jpg,.jpg,224,224,RGB,6.2
Kaca,kaca_R_5392.jpg,dataset\Kaca\kaca_R_5392.jpg,.jpg,225,225,RGB,3.25
Kaca,kaca_R_5393.jpg,dataset\Kaca\kaca_R_5393.jpg,.jpg,225,225,RGB,4.18
Kaca,kaca_R_5394.jpg,dataset\Kaca\kaca_R_5394.jpg,.jpg,183,275,RGB,4.87
Kaca,kaca_R_5395.jpg,dataset\Kaca\kaca_R_5395.jpg,.jpg,225,225,RGB,6.97
Kaca,kaca_R_5396.jpg,dataset\Kaca\kaca_R_5396.jpg,.jpg,225,225,RGB,6.99
Kaca,kaca_R_5397.jpg,dataset\Kaca\kaca_R_5397.jpg,.jpg,225,225,RGB,6.22
Kaca,kaca_R_5398.jpg,dataset\Kaca\kaca_R_5398.jpg,.jpg,223,226,RGB,2.44
Kaca,kaca_R_5399.jpg,dataset\Kaca\kaca_R_5399.jpg,.jpg,225,225,RGB,5.76
Kaca,kaca_R_5400.jpg,dataset\Kaca\kaca_R_5400.jpg,.jpg,215,234,RGB,11.89
Kaca,kaca_R_5401.jpg,dataset\Kaca\kaca_R_5401.jpg,.jpg,225,225,RGB,5.85
Kaca,kaca_R_5402.jpg,dataset\Kaca\kaca_R_5402.jpg,.jpg,275,183,RGB,4.97
Kaca,kaca_R_5403.jpg,dataset\Kaca\kaca_R_5403.jpg,.jpg,225,225,RGB,5.71
Kaca,kaca_R_5404.jpg,dataset\Kaca\kaca_R_5404.jpg,.jpg,214,236,RGB,7.53
Kaca,kaca_R_5405.jpg,dataset\Kaca\kaca_R_5405.jpg,.jpg,225,225,RGB,3.68
Kaca,kaca_R_5406.jpg,dataset\Kaca\kaca_R_5406.jpg,.jpg,225,225,RGB,6.0
Kaca,kaca_R_5407.jpg,dataset\Kaca\kaca_R_5407.jpg,.jpg,225,225,RGB,7.8
Kaca,kaca_R_5408.jpg,dataset\Kaca\kaca_R_5408.jpg,.jpg,225,225,RGB,4.73
Kaca,kaca_R_5409.jpg,dataset\Kaca\kaca_R_5409.jpg,.jpg,225,225,RGB,5.78
Kaca,kaca_R_5410.jpg,dataset\Kaca\kaca_R_5410.jpg,.jpg,225,225,RGB,7.26
Kaca,kaca_R_5411.jpg,dataset\Kaca\kaca_R_5411.jpg,.jpg,225,225,RGB,4.35
Kaca,kaca_R_5412.jpg,dataset\Kaca\kaca_R_5412.jpg,.jpg,225,225,RGB,2.49
Kaca,kaca_R_5413.jpg,dataset\Kaca\kaca_R_5413.jpg,.jpg,265,190,RGB,5.22
Kaca,kaca_R_5414.jpg,dataset\Kaca\kaca_R_5414.jpg,.jpg,269,187,RGB,9.07
Kaca,kaca_R_5415.jpg,dataset\Kaca\kaca_R_5415.jpg,.jpg,228,221,RGB,3.11
Kaca,kaca_R_5416.jpg,dataset\Kaca\kaca_R_5416.jpg,.jpg,216,233,RGB,4.69
Kaca,kaca_R_5417.jpg,dataset\Kaca\kaca_R_5417.jpg,.jpg,225,225,RGB,6.9
Kaca,kaca_R_5418.jpg,dataset\Kaca\kaca_R_5418.jpg,.jpg,259,194,RGB,6.58
Kaca,kaca_R_5419.jpg,dataset\Kaca\kaca_R_5419.jpg,.jpg,259,194,RGB,8.8
Kaca,kaca_R_5420.jpg,dataset\Kaca\kaca_R_5420.jpg,.jpg,275,183,RGB,6.76
Kaca,kaca_R_5421.jpg,dataset\Kaca\kaca_R_5421.jpg,.jpg,252,200,RGB,3.95
Kaca,kaca_R_5422.jpg,dataset\Kaca\kaca_R_5422.jpg,.jpg,231,219,RGB,6.42
Kaca,kaca_R_5423.jpg,dataset\Kaca\kaca_R_5423.jpg,.jpg,231,218,RGB,5.08
Kaca,kaca_R_5424.jpg,dataset\Kaca\kaca_R_5424.jpg,.jpg,269,187,RGB,11.8
Kaca,kaca_R_5425.jpg,dataset\Kaca\kaca_R_5425.jpg,.jpg,214,236,RGB,10.65
Kaca,kaca_R_5426.jpg,dataset\Kaca\kaca_R_5426.jpg,.jpg,89,219,RGB,3.0
Kaca,kaca_R_5427.jpg,dataset\Kaca\kaca_R_5427.jpg,.jpg,225,225,RGB,2.47
Kaca,kaca_R_5428.jpg,dataset\Kaca\kaca_R_5428.jpg,.jpg,225,225,RGB,6.33
Kaca,kaca_R_5429.jpg,dataset\Kaca\kaca_R_5429.jpg,.jpg,276,183,RGB,9.79
Kaca,kaca_R_5430.jpg,dataset\Kaca\kaca_R_5430.jpg,.jpg,275,183,RGB,6.28
Kaca,kaca_R_5431.jpg,dataset\Kaca\kaca_R_5431.jpg,.jpg,183,275,RGB,6.64
Kaca,kaca_R_5432.jpg,dataset\Kaca\kaca_R_5432.jpg,.jpg,300,168,RGB,13.78
Kaca,kaca_R_5433.jpg,dataset\Kaca\kaca_R_5433.jpg,.jpg,266,190,RGB,7.81
Kaca,kaca_R_5434.jpg,dataset\Kaca\kaca_R_5434.jpg,.jpg,225,225,RGB,5.75
Kaca,kaca_R_5435.jpg,dataset\Kaca\kaca_R_5435.jpg,.jpg,183,275,RGB,8.43
Kaca,kaca_R_5436.jpg,dataset\Kaca\kaca_R_5436.jpg,.jpg,225,225,RGB,3.1
Kaca,kaca_R_5437.jpg,dataset\Kaca\kaca_R_5437.jpg,.jpg,225,225,RGB,3.82
Kaca,kaca_R_5438.jpg,dataset\Kaca\kaca_R_5438.jpg,.jpg,201,251,RGB,6.98
Kaca,kaca_R_5439.jpg,dataset\Kaca\kaca_R_5439.jpg,.jpg,225,225,RGB,4.11
Kaca,kaca_R_5440.jpg,dataset\Kaca\kaca_R_5440.jpg,.jpg,259,194,RGB,7.34
Kaca,kaca_R_5441.jpg,dataset\Kaca\kaca_R_5441.jpg,.jpg,251,201,RGB,8.86
Kaca,kaca_R_5442.jpg,dataset\Kaca\kaca_R_5442.jpg,.jpg,223,226,RGB,4.14
Kaca,kaca_R_5443.jpg,dataset\Kaca\kaca_R_5443.jpg,.jpg,267,189,RGB,3.98
Kaca,kaca_R_5444.jpg,dataset\Kaca\kaca_R_5444.jpg,.jpg,311,162,RGB,11.45
Kaca,kaca_R_5445.jpg,dataset\Kaca\kaca_R_5445.jpg,.jpg,185,272,RGB,5.15
Kaca,kaca_R_5446.jpg,dataset\Kaca\kaca_R_5446.jpg,.jpg,225,225,RGB,2.38
Kaca,kaca_R_5447.jpg,dataset\Kaca\kaca_R_5447.jpg,.jpg,251,201,RGB,5.94
Kaca,kaca_R_5448.jpg,dataset\Kaca\kaca_R_5448.jpg,.jpg,200,200,RGB,4.09
Kaca,kaca_R_5449.jpg,dataset\Kaca\kaca_R_5449.jpg,.jpg,183,275,RGB,6.25
Kaca,kaca_R_5450.jpg,dataset\Kaca\kaca_R_5450.jpg,.jpg,275,183,RGB,4.4
Kaca,kaca_R_5451.jpg,dataset\Kaca\kaca_R_5451.jpg,.jpg,225,224,RGB,7.99
Kaca,kaca_R_5452.jpg,dataset\Kaca\kaca_R_5452.jpg,.jpg,275,183,RGB,9.0
Kaca,kaca_R_5453.jpg,dataset\Kaca\kaca_R_5453.jpg,.jpg,225,225,RGB,3.94
Kaca,kaca_R_5454.jpg,dataset\Kaca\kaca_R_5454.jpg,.jpg,225,225,RGB,6.04
Kaca,kaca_R_5455.jpg,dataset\Kaca\kaca_R_5455.jpg,.jpg,194,259,RGB,5.67
Kaca,kaca_R_5456.jpg,dataset\Kaca\kaca_R_5456.jpg,.jpg,225,225,RGB,14.09
Kaca,kaca_R_5457.jpg,dataset\Kaca\kaca_R_5457.jpg,.jpg,220,220,RGB,3.21
Kaca,kaca_R_5458.jpg,dataset\Kaca\kaca_R_5458.jpg,.jpg,188,268,RGB,7.79
Kaca,kaca_R_5459.jpg,dataset\Kaca\kaca_R_5459.jpg,.jpg,311,162,RGB,4.62
Kaca,kaca_R_5460.jpg,dataset\Kaca\kaca_R_5460.jpg,.jpg,225,225,RGB,5.79
Kaca,kaca_R_5461.jpg,dataset\Kaca\kaca_R_5461.jpg,.jpg,214,235,RGB,5.34
Kaca,kaca_R_5462.jpg,dataset\Kaca\kaca_R_5462.jpg,.jpg,160,316,RGB,6.61
Kaca,kaca_R_5463.jpg,dataset\Kaca\kaca_R_5463.jpg,.jpg,183,275,RGB,6.64
Kaca,kaca_R_5464.jpg,dataset\Kaca\kaca_R_5464.jpg,.jpg,194,259,RGB,7.51
Kaca,kaca_R_5465.jpg,dataset\Kaca\kaca_R_5465.jpg,.jpg,262,192,RGB,6.53
Kaca,kaca_R_5466.jpg,dataset\Kaca\kaca_R_5466.jpg,.jpg,225,225,RGB,3.83
Kaca,kaca_R_5467.jpg,dataset\Kaca\kaca_R_5467.jpg,.jpg,204,247,RGB,3.58
Kaca,kaca_R_5468.jpg,dataset\Kaca\kaca_R_5468.jpg,.jpg,225,225,RGB,7.77
Kaca,kaca_R_5469.jpg,dataset\Kaca\kaca_R_5469.jpg,.jpg,141,250,RGB,3.52
Kaca,kaca_R_5470.jpg,dataset\Kaca\kaca_R_5470.jpg,.jpg,277,182,RGB,6.42
Kaca,kaca_R_5471.jpg,dataset\Kaca\kaca_R_5471.jpg,.jpg,258,196,RGB,6.39
Kaca,kaca_R_5472.jpg,dataset\Kaca\kaca_R_5472.jpg,.jpg,275,183,RGB,5.73
Kaca,kaca_R_5473.jpg,dataset\Kaca\kaca_R_5473.jpg,.jpg,259,194,RGB,3.85
Kaca,kaca_R_5474.jpg,dataset\Kaca\kaca_R_5474.jpg,.jpg,259,194,RGB,8.08
Kaca,kaca_R_5475.jpg,dataset\Kaca\kaca_R_5475.jpg,.jpg,257,196,RGB,4.29
Kaca,kaca_R_5476.jpg,dataset\Kaca\kaca_R_5476.jpg,.jpg,168,299,RGB,3.36
Kaca,kaca_R_5477.jpg,dataset\Kaca\kaca_R_5477.jpg,.jpg,225,225,RGB,5.35
Kaca,kaca_R_5478.jpg,dataset\Kaca\kaca_R_5478.jpg,.jpg,277,182,RGB,10.39
Kaca,kaca_R_5479.jpg,dataset\Kaca\kaca_R_5479.jpg,.jpg,266,189,RGB,8.02
Kaca,kaca_R_5480.jpg,dataset\Kaca\kaca_R_5480.jpg,.jpg,183,275,RGB,4.33
Kaca,kaca_R_5481.jpg,dataset\Kaca\kaca_R_5481.jpg,.jpg,275,183,RGB,8.17
Kaca,kaca_R_5482.jpg,dataset\Kaca\kaca_R_5482.jpg,.jpg,300,168,RGB,7.16
Kaca,kaca_R_5483.jpg,dataset\Kaca\kaca_R_5483.jpg,.jpg,259,194,RGB,4.77
Kaca,kaca_R_5484.jpg,dataset\Kaca\kaca_R_5484.jpg,.jpg,259,194,RGB,4.77
Kaca,kaca_R_5485.jpg,dataset\Kaca\kaca_R_5485.jpg,.jpg,284,177,RGB,7.13
Kaca,kaca_R_5486.jpg,dataset\Kaca\kaca_R_5486.jpg,.jpg,260,194,RGB,7.57
Kaca,kaca_R_5487.jpg,dataset\Kaca\kaca_R_5487.jpg,.jpg,225,225,RGB,2.32
Kaca,kaca_R_5488.jpg,dataset\Kaca\kaca_R_5488.jpg,.jpg,242,208,RGB,5.49
Kaca,kaca_R_5489.jpg,dataset\Kaca\kaca_R_5489.jpg,.jpg,179,281,RGB,5.39
Kaca,kaca_R_5490.jpg,dataset\Kaca\kaca_R_5490.jpg,.jpg,225,225,RGB,3.17
Kaca,kaca_R_5491.jpg,dataset\Kaca\kaca_R_5491.jpg,.jpg,225,225,RGB,5.64
Kaca,kaca_R_5492.jpg,dataset\Kaca\kaca_R_5492.jpg,.jpg,300,168,RGB,8.6
Kaca,kaca_R_5493.jpg,dataset\Kaca\kaca_R_5493.jpg,.jpg,211,239,RGB,4.8
Kaca,kaca_R_5494.jpg,dataset\Kaca\kaca_R_5494.jpg,.jpg,305,165,RGB,9.23
Kaca,kaca_R_5495.jpg,dataset\Kaca\kaca_R_5495.jpg,.jpg,315,160,RGB,10.12
Kaca,kaca_R_5496.jpg,dataset\Kaca\kaca_R_5496.jpg,.jpg,223,226,RGB,11.17
Kaca,kaca_R_5497.jpg,dataset\Kaca\kaca_R_5497.jpg,.jpg,225,225,RGB,3.97
Kaca,kaca_R_5498.jpg,dataset\Kaca\kaca_R_5498.jpg,.jpg,247,204,RGB,7.34
Kaca,kaca_R_5499.jpg,dataset\Kaca\kaca_R_5499.jpg,.jpg,212,238,RGB,7.83
Kaca,kaca_R_5500.jpg,dataset\Kaca\kaca_R_5500.jpg,.jpg,275,183,RGB,5.64
Kaca,kaca_R_5501.jpg,dataset\Kaca\kaca_R_5501.jpg,.jpg,262,192,RGB,5.74
Kaca,kaca_R_5502.jpg,dataset\Kaca\kaca_R_5502.jpg,.jpg,225,225,RGB,6.01
Kaca,kaca_R_5503.jpg,dataset\Kaca\kaca_R_5503.jpg,.jpg,245,205,RGB,4.91
Kaca,kaca_R_5504.jpg,dataset\Kaca\kaca_R_5504.jpg,.jpg,273,185,RGB,5.25
Kaca,kaca_R_5505.jpg,dataset\Kaca\kaca_R_5505.jpg,.jpg,259,194,RGB,8.97
Kaca,kaca_R_5506.jpg,dataset\Kaca\kaca_R_5506.jpg,.jpg,225,225,RGB,3.54
Kaca,kaca_R_5507.jpg,dataset\Kaca\kaca_R_5507.jpg,.jpg,204,247,RGB,4.88
Kaca,kaca_R_5508.jpg,dataset\Kaca\kaca_R_5508.jpg,.jpg,225,225,RGB,2.79
Kaca,kaca_R_5509.jpg,dataset\Kaca\kaca_R_5509.jpg,.jpg,225,225,RGB,3.74
Kaca,kaca_R_5510.jpg,dataset\Kaca\kaca_R_5510.jpg,.jpg,225,225,RGB,3.13
Kaca,kaca_R_5511.jpg,dataset\Kaca\kaca_R_5511.jpg,.jpg,260,194,RGB,10.29
Kaca,kaca_R_5512.jpg,dataset\Kaca\kaca_R_5512.jpg,.jpg,274,184,RGB,4.75
Kaca,kaca_R_5513.jpg,dataset\Kaca\kaca_R_5513.jpg,.jpg,274,184,RGB,5.43
Kaca,kaca_R_5514.jpg,dataset\Kaca\kaca_R_5514.jpg,.jpg,225,225,RGB,4.91
Kaca,kaca_R_5515.jpg,dataset\Kaca\kaca_R_5515.jpg,.jpg,225,225,RGB,7.83
Kaca,kaca_R_5516.jpg,dataset\Kaca\kaca_R_5516.jpg,.jpg,259,194,RGB,5.08
Kaca,kaca_R_5517.jpg,dataset\Kaca\kaca_R_5517.jpg,.jpg,230,219,RGB,2.75
Kaca,kaca_R_5518.jpg,dataset\Kaca\kaca_R_5518.jpg,.jpg,275,183,RGB,7.51
Kaca,kaca_R_5519.jpg,dataset\Kaca\kaca_R_5519.jpg,.jpg,225,225,RGB,4.37
Kaca,kaca_R_5520.jpg,dataset\Kaca\kaca_R_5520.jpg,.jpg,248,203,RGB,4.97
Kaca,kaca_R_5521.jpg,dataset\Kaca\kaca_R_5521.jpg,.jpg,183,275,RGB,6.65
Kaca,kaca_R_5522.jpg,dataset\Kaca\kaca_R_5522.jpg,.jpg,229,220,RGB,9.22
Kaca,kaca_R_5523.jpg,dataset\Kaca\kaca_R_5523.jpg,.jpg,225,225,RGB,8.76
Kaca,kaca_R_5524.jpg,dataset\Kaca\kaca_R_5524.jpg,.jpg,210,240,RGB,6.57
Kaca,kaca_R_5525.jpg,dataset\Kaca\kaca_R_5525.jpg,.jpg,274,184,RGB,6.67
Kaca,kaca_R_5526.jpg,dataset\Kaca\kaca_R_5526.jpg,.jpg,225,225,RGB,5.66
Kaca,kaca_R_5527.jpg,dataset\Kaca\kaca_R_5527.jpg,.jpg,178,283,RGB,6.4
Kaca,kaca_R_5528.jpg,dataset\Kaca\kaca_R_5528.jpg,.jpg,311,162,RGB,10.34
Kaca,kaca_R_5529.jpg,dataset\Kaca\kaca_R_5529.jpg,.jpg,279,181,RGB,7.81
Kaca,kaca_R_5530.jpg,dataset\Kaca\kaca_R_5530.jpg,.jpg,210,240,RGB,5.66
Kaca,kaca_R_5531.jpg,dataset\Kaca\kaca_R_5531.jpg,.jpg,275,183,RGB,8.07
Kaca,kaca_R_5532.jpg,dataset\Kaca\kaca_R_5532.jpg,.jpg,220,220,RGB,8.33
Kaca,kaca_R_5533.jpg,dataset\Kaca\kaca_R_5533.jpg,.jpg,225,225,RGB,5.11
Kaca,kaca_R_5534.jpg,dataset\Kaca\kaca_R_5534.jpg,.jpg,225,225,RGB,9.06
Kaca,kaca_R_5535.jpg,dataset\Kaca\kaca_R_5535.jpg,.jpg,225,225,RGB,6.23
Kaca,kaca_R_5536.jpg,dataset\Kaca\kaca_R_5536.jpg,.jpg,250,189,RGB,7.26
Kaca,kaca_R_5537.jpg,dataset\Kaca\kaca_R_5537.jpg,.jpg,268,188,RGB,4.07
Kaca,kaca_R_5538.jpg,dataset\Kaca\kaca_R_5538.jpg,.jpg,249,203,RGB,4.65
Kaca,kaca_R_5539.jpg,dataset\Kaca\kaca_R_5539.jpg,.jpg,282,178,RGB,3.53
Kaca,kaca_R_5540.jpg,dataset\Kaca\kaca_R_5540.jpg,.jpg,259,194,RGB,5.52
Kaca,kaca_R_5541.jpg,dataset\Kaca\kaca_R_5541.jpg,.jpg,225,225,RGB,6.5
Kaca,kaca_R_5542.jpg,dataset\Kaca\kaca_R_5542.jpg,.jpg,275,183,RGB,6.09
Kaca,kaca_R_5543.jpg,dataset\Kaca\kaca_R_5543.jpg,.jpg,183,275,RGB,4.34
Kaca,kaca_R_5544.jpg,dataset\Kaca\kaca_R_5544.jpg,.jpg,182,182,RGB,5.79
Kaca,kaca_R_5545.jpg,dataset\Kaca\kaca_R_5545.jpg,.jpg,247,204,RGB,8.33
Kaca,kaca_R_5546.jpg,dataset\Kaca\kaca_R_5546.jpg,.jpg,200,173,RGB,4.36
Kaca,kaca_R_5547.jpg,dataset\Kaca\kaca_R_5547.jpg,.jpg,198,254,RGB,6.09
Kaca,kaca_R_5548.jpg,dataset\Kaca\kaca_R_5548.jpg,.jpg,264,191,RGB,9.6
Kaca,kaca_R_5549.jpg,dataset\Kaca\kaca_R_5549.jpg,.jpg,225,225,RGB,5.81
Kaca,kaca_R_5550.jpg,dataset\Kaca\kaca_R_5550.jpg,.jpg,250,166,RGB,3.16
Kaca,kaca_R_5551.jpg,dataset\Kaca\kaca_R_5551.jpg,.jpg,177,285,RGB,4.05
Kaca,kaca_R_5552.jpg,dataset\Kaca\kaca_R_5552.jpg,.jpg,225,225,RGB,8.79
Kaca,kaca_R_5553.jpg,dataset\Kaca\kaca_R_5553.jpg,.jpg,225,225,RGB,4.73
Kaca,kaca_R_5554.jpg,dataset\Kaca\kaca_R_5554.jpg,.jpg,275,183,RGB,6.45
Kaca,kaca_R_5555.jpg,dataset\Kaca\kaca_R_5555.jpg,.jpg,201,251,RGB,4.82
Kaca,kaca_R_5556.jpg,dataset\Kaca\kaca_R_5556.jpg,.jpg,236,214,RGB,5.6
Kaca,kaca_R_5557.jpg,dataset\Kaca\kaca_R_5557.jpg,.jpg,225,225,RGB,3.77
Kaca,kaca_R_5558.jpg,dataset\Kaca\kaca_R_5558.jpg,.jpg,264,191,RGB,13.24
Kaca,kaca_R_5559.jpg,dataset\Kaca\kaca_R_5559.jpg,.jpg,246,205,RGB,3.02
Kaca,kaca_R_5560.jpg,dataset\Kaca\kaca_R_5560.jpg,.jpg,299,169,RGB,6.18
Kaca,kaca_R_5561.jpg,dataset\Kaca\kaca_R_5561.jpg,.jpg,274,184,RGB,5.7
Kaca,kaca_R_5562.jpg,dataset\Kaca\kaca_R_5562.jpg,.jpg,225,225,RGB,5.46
Kaca,kaca_R_5563.jpg,dataset\Kaca\kaca_R_5563.jpg,.jpg,283,178,RGB,4.95
Kaca,kaca_R_5564.jpg,dataset\Kaca\kaca_R_5564.jpg,.jpg,214,235,RGB,7.0
Kaca,kaca_R_5565.jpg,dataset\Kaca\kaca_R_5565.jpg,.jpg,297,170,RGB,9.84
Kaca,kaca_R_5566.jpg,dataset\Kaca\kaca_R_5566.jpg,.jpg,184,275,RGB,7.0
Kaca,kaca_R_5567.jpg,dataset\Kaca\kaca_R_5567.jpg,.jpg,275,183,RGB,4.3
Kaca,kaca_R_5568.jpg,dataset\Kaca\kaca_R_5568.jpg,.jpg,194,259,RGB,4.68
Kaca,kaca_R_5569.jpg,dataset\Kaca\kaca_R_5569.jpg,.jpg,272,185,RGB,9.05
Kaca,kaca_R_5570.jpg,dataset\Kaca\kaca_R_5570.jpg,.jpg,225,225,RGB,7.39
Kaca,kaca_R_5571.jpg,dataset\Kaca\kaca_R_5571.jpg,.jpg,275,183,RGB,6.97
Kaca,kaca_R_5572.jpg,dataset\Kaca\kaca_R_5572.jpg,.jpg,225,225,RGB,5.27
Kaca,kaca_R_5573.jpg,dataset\Kaca\kaca_R_5573.jpg,.jpg,263,192,RGB,4.71
Kaca,kaca_R_5574.jpg,dataset\Kaca\kaca_R_5574.jpg,.jpg,273,185,RGB,8.93
Kaca,kaca_R_5575.jpg,dataset\Kaca\kaca_R_5575.jpg,.jpg,259,194,RGB,4.86
Kaca,kaca_R_5576.jpg,dataset\Kaca\kaca_R_5576.jpg,.jpg,364,138,RGB,9.37
Kaca,kaca_R_5577.jpg,dataset\Kaca\kaca_R_5577.jpg,.jpg,233,216,RGB,7.98
Kaca,kaca_R_5578.jpg,dataset\Kaca\kaca_R_5578.jpg,.jpg,286,176,RGB,7.04
Kaca,kaca_R_5579.jpg,dataset\Kaca\kaca_R_5579.jpg,.jpg,275,183,RGB,8.46
Kaca,kaca_R_5580.jpg,dataset\Kaca\kaca_R_5580.jpg,.jpg,266,190,RGB,2.84
Kaca,kaca_R_5581.jpg,dataset\Kaca\kaca_R_5581.jpg,.jpg,314,161,RGB,5.44
Kaca,kaca_R_5582.jpg,dataset\Kaca\kaca_R_5582.jpg,.jpg,269,187,RGB,12.41
Kaca,kaca_R_5583.jpg,dataset\Kaca\kaca_R_5583.jpg,.jpg,225,225,RGB,4.92
Kaca,kaca_R_5584.jpg,dataset\Kaca\kaca_R_5584.jpg,.jpg,224,225,RGB,3.42
Kaca,kaca_R_5585.jpg,dataset\Kaca\kaca_R_5585.jpg,.jpg,225,225,RGB,6.28
Kaca,kaca_R_5586.jpg,dataset\Kaca\kaca_R_5586.jpg,.jpg,183,275,RGB,5.36
Kaca,kaca_R_5587.jpg,dataset\Kaca\kaca_R_5587.jpg,.jpg,224,225,RGB,10.99
Kaca,kaca_R_5588.jpg,dataset\Kaca\kaca_R_5588.jpg,.jpg,300,168,RGB,5.09
Kaca,kaca_R_5589.jpg,dataset\Kaca\kaca_R_5589.jpg,.jpg,255,198,RGB,2.4
Kaca,kaca_R_5590.jpg,dataset\Kaca\kaca_R_5590.jpg,.jpg,225,225,RGB,2.67
Kaca,kaca_R_5591.jpg,dataset\Kaca\kaca_R_5591.jpg,.jpg,224,225,RGB,4.64
Kaca,kaca_R_5592.jpg,dataset\Kaca\kaca_R_5592.jpg,.jpg,224,224,RGB,6.86
Kaca,kaca_R_5593.jpg,dataset\Kaca\kaca_R_5593.jpg,.jpg,294,172,RGB,9.61
Kaca,kaca_R_5594.jpg,dataset\Kaca\kaca_R_5594.jpg,.jpg,275,183,RGB,4.81
Kaca,kaca_R_5595.jpg,dataset\Kaca\kaca_R_5595.jpg,.jpg,286,176,RGB,6.29
Kaca,kaca_R_5596.jpg,dataset\Kaca\kaca_R_5596.jpg,.jpg,252,200,RGB,3.58
Kaca,kaca_R_5597.jpg,dataset\Kaca\kaca_R_5597.jpg,.jpg,225,225,RGB,8.36
Kaca,kaca_R_5598.jpg,dataset\Kaca\kaca_R_5598.jpg,.jpg,183,275,RGB,8.92
Kaca,kaca_R_5599.jpg,dataset\Kaca\kaca_R_5599.jpg,.jpg,225,225,RGB,6.46
Kaca,kaca_R_5600.jpg,dataset\Kaca\kaca_R_5600.jpg,.jpg,251,201,RGB,4.68
Kaca,kaca_R_5601.jpg,dataset\Kaca\kaca_R_5601.jpg,.jpg,306,164,RGB,8.18
Kaca,kaca_R_5602.jpg,dataset\Kaca\kaca_R_5602.jpg,.jpg,202,249,RGB,4.22
Kaca,kaca_R_5603.jpg,dataset\Kaca\kaca_R_5603.jpg,.jpg,251,201,RGB,9.26
Kaca,kaca_R_5604.jpg,dataset\Kaca\kaca_R_5604.jpg,.jpg,225,225,RGB,10.45
Kaca,kaca_R_5605.jpg,dataset\Kaca\kaca_R_5605.jpg,.jpg,225,225,RGB,5.87
Kaca,kaca_R_5606.jpg,dataset\Kaca\kaca_R_5606.jpg,.jpg,276,182,RGB,3.76
Kaca,kaca_R_5607.jpg,dataset\Kaca\kaca_R_5607.jpg,.jpg,250,166,RGB,3.32
Kaca,kaca_R_5608.jpg,dataset\Kaca\kaca_R_5608.jpg,.jpg,225,225,RGB,1.73
Kaca,kaca_R_5609.jpg,dataset\Kaca\kaca_R_5609.jpg,.jpg,209,241,RGB,6.47
Kaca,kaca_R_5610.jpg,dataset\Kaca\kaca_R_5610.jpg,.jpg,274,184,RGB,7.78
Kaca,kaca_R_5611.jpg,dataset\Kaca\kaca_R_5611.jpg,.jpg,269,188,RGB,5.05
Kaca,kaca_R_5612.jpg,dataset\Kaca\kaca_R_5612.jpg,.jpg,201,250,RGB,9.54
Kaca,kaca_R_5613.jpg,dataset\Kaca\kaca_R_5613.jpg,.jpg,194,259,RGB,5.24
Kaca,kaca_R_5614.jpg,dataset\Kaca\kaca_R_5614.jpg,.jpg,183,275,RGB,6.98
Kaca,kaca_R_5615.jpg,dataset\Kaca\kaca_R_5615.jpg,.jpg,185,272,RGB,4.35
Kaca,kaca_R_5616.jpg,dataset\Kaca\kaca_R_5616.jpg,.jpg,300,168,RGB,6.03
Kaca,kaca_R_5617.jpg,dataset\Kaca\kaca_R_5617.jpg,.jpg,214,236,RGB,4.0
Kaca,kaca_R_5618.jpg,dataset\Kaca\kaca_R_5618.jpg,.jpg,237,213,RGB,7.76
Kaca,kaca_R_5619.jpg,dataset\Kaca\kaca_R_5619.jpg,.jpg,261,193,RGB,6.58
Kaca,kaca_R_5620.jpg,dataset\Kaca\kaca_R_5620.jpg,.jpg,286,176,RGB,7.83
Kaca,kaca_R_5621.jpg,dataset\Kaca\kaca_R_5621.jpg,.jpg,261,193,RGB,4.49
Kaca,kaca_R_5622.jpg,dataset\Kaca\kaca_R_5622.jpg,.jpg,377,134,RGB,6.8
Kaca,kaca_R_5623.jpg,dataset\Kaca\kaca_R_5623.jpg,.jpg,225,225,RGB,3.24
Kaca,kaca_R_5624.jpg,dataset\Kaca\kaca_R_5624.jpg,.jpg,225,225,RGB,1.66
Kaca,kaca_R_5625.jpg,dataset\Kaca\kaca_R_5625.jpg,.jpg,224,225,RGB,3.89
Kaca,kaca_R_5626.jpg,dataset\Kaca\kaca_R_5626.jpg,.jpg,184,274,RGB,8.26
Kaca,kaca_R_5627.jpg,dataset\Kaca\kaca_R_5627.jpg,.jpg,310,163,RGB,6.97
Kaca,kaca_R_5628.jpg,dataset\Kaca\kaca_R_5628.jpg,.jpg,285,177,RGB,5.83
Kaca,kaca_R_5629.jpg,dataset\Kaca\kaca_R_5629.jpg,.jpg,225,225,RGB,11.66
Kaca,kaca_R_5630.jpg,dataset\Kaca\kaca_R_5630.jpg,.jpg,210,240,RGB,4.17
Kaca,kaca_R_5631.jpg,dataset\Kaca\kaca_R_5631.jpg,.jpg,225,225,RGB,5.46
Kaca,kaca_R_5632.jpg,dataset\Kaca\kaca_R_5632.jpg,.jpg,300,168,RGB,6.85
Kaca,kaca_R_5633.jpg,dataset\Kaca\kaca_R_5633.jpg,.jpg,183,275,RGB,5.23
Kaca,kaca_R_5634.jpg,dataset\Kaca\kaca_R_5634.jpg,.jpg,266,190,RGB,7.89
Kaca,kaca_R_5635.jpg,dataset\Kaca\kaca_R_5635.jpg,.jpg,274,184,RGB,8.68
Kaca,kaca_R_5636.jpg,dataset\Kaca\kaca_R_5636.jpg,.jpg,275,183,RGB,5.21
Kaca,kaca_R_5637.jpg,dataset\Kaca\kaca_R_5637.jpg,.jpg,225,225,RGB,2.93
Kaca,kaca_R_5638.jpg,dataset\Kaca\kaca_R_5638.jpg,.jpg,183,275,RGB,8.18
Kaca,kaca_R_5639.jpg,dataset\Kaca\kaca_R_5639.jpg,.jpg,225,225,RGB,3.7
Kaca,kaca_R_5640.jpg,dataset\Kaca\kaca_R_5640.jpg,.jpg,183,275,RGB,7.42
Kaca,kaca_R_5641.jpg,dataset\Kaca\kaca_R_5641.jpg,.jpg,275,183,RGB,3.95
Kaca,kaca_R_5642.jpg,dataset\Kaca\kaca_R_5642.jpg,.jpg,260,194,RGB,10.68
Kaca,kaca_R_5643.jpg,dataset\Kaca\kaca_R_5643.jpg,.jpg,225,225,RGB,5.23
Kaca,kaca_R_5644.jpg,dataset\Kaca\kaca_R_5644.jpg,.jpg,275,184,RGB,6.56
Kaca,kaca_R_5645.jpg,dataset\Kaca\kaca_R_5645.jpg,.jpg,185,221,RGB,4.13
Kaca,kaca_R_5646.jpg,dataset\Kaca\kaca_R_5646.jpg,.jpg,247,204,RGB,10.78
Kaca,kaca_R_5647.jpg,dataset\Kaca\kaca_R_5647.jpg,.jpg,406,124,RGB,8.94
Kaca,kaca_R_5648.jpg,dataset\Kaca\kaca_R_5648.jpg,.jpg,194,259,RGB,8.5
Kaca,kaca_R_5649.jpg,dataset\Kaca\kaca_R_5649.jpg,.jpg,225,225,RGB,4.7
Kaca,kaca_R_5650.jpg,dataset\Kaca\kaca_R_5650.jpg,.jpg,199,254,RGB,3.67
Kaca,kaca_R_5651.jpg,dataset\Kaca\kaca_R_5651.jpg,.jpg,225,225,RGB,7.81
Kaca,kaca_R_5652.jpg,dataset\Kaca\kaca_R_5652.jpg,.jpg,193,261,RGB,11.51
Kaca,kaca_R_5653.jpg,dataset\Kaca\kaca_R_5653.jpg,.jpg,266,189,RGB,5.04
Kaca,kaca_R_5654.jpg,dataset\Kaca\kaca_R_5654.jpg,.jpg,214,235,RGB,6.37
Kaca,kaca_R_5655.jpg,dataset\Kaca\kaca_R_5655.jpg,.jpg,275,183,RGB,7.78
Kaca,kaca_R_5656.jpg,dataset\Kaca\kaca_R_5656.jpg,.jpg,187,270,RGB,8.64
Kaca,kaca_R_5657.jpg,dataset\Kaca\kaca_R_5657.jpg,.jpg,275,183,RGB,5.97
Kaca,kaca_R_5658.jpg,dataset\Kaca\kaca_R_5658.jpg,.jpg,225,225,RGB,3.71
Kaca,kaca_R_5659.jpg,dataset\Kaca\kaca_R_5659.jpg,.jpg,288,175,RGB,4.87
Kaca,kaca_R_5660.jpg,dataset\Kaca\kaca_R_5660.jpg,.jpg,259,194,RGB,6.26
Kaca,kaca_R_5661.jpg,dataset\Kaca\kaca_R_5661.jpg,.jpg,224,224,RGB,3.72
Kaca,kaca_R_5662.jpg,dataset\Kaca\kaca_R_5662.jpg,.jpg,258,196,RGB,8.08
Kaca,kaca_R_5663.jpg,dataset\Kaca\kaca_R_5663.jpg,.jpg,225,225,RGB,2.32
Kaca,kaca_R_5664.jpg,dataset\Kaca\kaca_R_5664.jpg,.jpg,225,225,RGB,2.52
Kaca,kaca_R_5665.jpg,dataset\Kaca\kaca_R_5665.jpg,.jpg,182,182,RGB,5.33
Kaca,kaca_R_5666.jpg,dataset\Kaca\kaca_R_5666.jpg,.jpg,329,153,RGB,5.73
Kaca,kaca_R_5667.jpg,dataset\Kaca\kaca_R_5667.jpg,.jpg,275,183,RGB,5.48
Kaca,kaca_R_5668.jpg,dataset\Kaca\kaca_R_5668.jpg,.jpg,225,225,RGB,3.99
Kaca,kaca_R_5669.jpg,dataset\Kaca\kaca_R_5669.jpg,.jpg,275,183,RGB,8.94
Kaca,kaca_R_5670.jpg,dataset\Kaca\kaca_R_5670.jpg,.jpg,274,184,RGB,5.07
Kaca,kaca_R_5671.jpg,dataset\Kaca\kaca_R_5671.jpg,.jpg,259,194,RGB,7.58
Kaca,kaca_R_5672.jpg,dataset\Kaca\kaca_R_5672.jpg,.jpg,171,294,RGB,3.12
Kaca,kaca_R_5673.jpg,dataset\Kaca\kaca_R_5673.jpg,.jpg,214,236,RGB,5.87
Kaca,kaca_R_5674.jpg,dataset\Kaca\kaca_R_5674.jpg,.jpg,225,225,RGB,2.92
Kaca,kaca_R_5675.jpg,dataset\Kaca\kaca_R_5675.jpg,.jpg,359,140,RGB,8.0
Kaca,kaca_R_5676.jpg,dataset\Kaca\kaca_R_5676.jpg,.jpg,255,197,RGB,9.23
Kaca,kaca_R_5677.jpg,dataset\Kaca\kaca_R_5677.jpg,.jpg,274,184,RGB,6.0
Kaca,kaca_R_5678.jpg,dataset\Kaca\kaca_R_5678.jpg,.jpg,285,177,RGB,11.87
Kaca,kaca_R_5679.jpg,dataset\Kaca\kaca_R_5679.jpg,.jpg,193,262,RGB,5.4
Kaca,kaca_R_5680.jpg,dataset\Kaca\kaca_R_5680.jpg,.jpg,239,211,RGB,6.45
Kaca,kaca_R_5681.jpg,dataset\Kaca\kaca_R_5681.jpg,.jpg,259,194,RGB,5.93
Kaca,kaca_R_5682.jpg,dataset\Kaca\kaca_R_5682.jpg,.jpg,225,225,RGB,6.8
Kaca,kaca_R_5683.jpg,dataset\Kaca\kaca_R_5683.jpg,.jpg,183,275,RGB,7.9
Kaca,kaca_R_5684.jpg,dataset\Kaca\kaca_R_5684.jpg,.jpg,316,159,RGB,5.63
Kaca,kaca_R_5685.jpg,dataset\Kaca\kaca_R_5685.jpg,.jpg,225,225,RGB,2.15
Kaca,kaca_R_5686.jpg,dataset\Kaca\kaca_R_5686.jpg,.jpg,298,169,RGB,10.58
Kaca,kaca_R_5687.jpg,dataset\Kaca\kaca_R_5687.jpg,.jpg,258,196,RGB,9.4
Kaca,kaca_R_5688.jpg,dataset\Kaca\kaca_R_5688.jpg,.jpg,225,225,RGB,5.11
Kaca,kaca_R_5689.jpg,dataset\Kaca\kaca_R_5689.jpg,.jpg,259,194,RGB,4.73
Kaca,kaca_R_5690.jpg,dataset\Kaca\kaca_R_5690.jpg,.jpg,225,225,RGB,7.56
Kaca,kaca_R_5691.jpg,dataset\Kaca\kaca_R_5691.jpg,.jpg,191,264,RGB,9.67
Kaca,kaca_R_5692.jpg,dataset\Kaca\kaca_R_5692.jpg,.jpg,289,174,RGB,7.23
Kaca,kaca_R_5693.jpg,dataset\Kaca\kaca_R_5693.jpg,.jpg,276,183,RGB,9.96
Kaca,kaca_R_5694.jpg,dataset\Kaca\kaca_R_5694.jpg,.jpg,225,225,RGB,6.15
Kaca,kaca_R_5695.jpg,dataset\Kaca\kaca_R_5695.jpg,.jpg,254,198,RGB,6.53
Kaca,kaca_R_5696.jpg,dataset\Kaca\kaca_R_5696.jpg,.jpg,225,225,RGB,2.08
Kaca,kaca_R_5697.jpg,dataset\Kaca\kaca_R_5697.jpg,.jpg,214,235,RGB,8.34
Kaca,kaca_R_5698.jpg,dataset\Kaca\kaca_R_5698.jpg,.jpg,183,275,RGB,6.96
Kaca,kaca_R_5699.jpg,dataset\Kaca\kaca_R_5699.jpg,.jpg,204,247,RGB,8.2
Kaca,kaca_R_5700.jpg,dataset\Kaca\kaca_R_5700.jpg,.jpg,195,259,RGB,6.06
Kaca,kaca_R_5701.jpg,dataset\Kaca\kaca_R_5701.jpg,.jpg,300,168,RGB,5.87
Kaca,kaca_R_5702.jpg,dataset\Kaca\kaca_R_5702.jpg,.jpg,258,196,RGB,5.3
Kaca,kaca_R_5703.jpg,dataset\Kaca\kaca_R_5703.jpg,.jpg,183,276,RGB,4.25
Kaca,kaca_R_5704.jpg,dataset\Kaca\kaca_R_5704.jpg,.jpg,225,225,RGB,8.15
Kaca,kaca_R_5705.jpg,dataset\Kaca\kaca_R_5705.jpg,.jpg,300,168,RGB,5.98
Kaca,kaca_R_5706.jpg,dataset\Kaca\kaca_R_5706.jpg,.jpg,225,225,RGB,4.78
Kaca,kaca_R_5707.jpg,dataset\Kaca\kaca_R_5707.jpg,.jpg,299,168,RGB,4.08
Kaca,kaca_R_5708.jpg,dataset\Kaca\kaca_R_5708.jpg,.jpg,275,183,RGB,10.54
Kaca,kaca_R_5709.jpg,dataset\Kaca\kaca_R_5709.jpg,.jpg,232,217,RGB,8.94
Kaca,kaca_R_5710.jpg,dataset\Kaca\kaca_R_5710.jpg,.jpg,259,194,RGB,7.59
Kaca,kaca_R_5711.jpg,dataset\Kaca\kaca_R_5711.jpg,.jpg,206,244,RGB,7.02
Kaca,kaca_R_9182.jpg,dataset\Kaca\kaca_R_9182.jpg,.jpg,318,159,RGB,7.19
Kaca,kaca_R_9183.jpg,dataset\Kaca\kaca_R_9183.jpg,.jpg,225,225,RGB,6.76
Kaca,kaca_R_9185.jpg,dataset\Kaca\kaca_R_9185.jpg,.jpg,289,174,RGB,4.41
Kaca,kaca_R_9188.jpg,dataset\Kaca\kaca_R_9188.jpg,.jpg,199,254,RGB,7.24
Kaca,kaca_R_9190.jpg,dataset\Kaca\kaca_R_9190.jpg,.jpg,242,208,RGB,4.04
Kaca,kaca_R_9195.jpg,dataset\Kaca\kaca_R_9195.jpg,.jpg,225,225,RGB,4.58
Kaca,kaca_R_9196.jpg,dataset\Kaca\kaca_R_9196.jpg,.jpg,225,225,RGB,4.81
Kaca,kaca_R_9197.jpg,dataset\Kaca\kaca_R_9197.jpg,.jpg,246,205,RGB,10.03
Kardus,kardus_R_2152.jpg,dataset\Kardus\kardus_R_2152.jpg,.jpg,275,183,RGB,2.44
Kardus,kardus_R_2153.jpg,dataset\Kardus\kardus_R_2153.jpg,.jpg,225,225,RGB,2.5
Kardus,kardus_R_2154.jpg,dataset\Kardus\kardus_R_2154.jpg,.jpg,315,160,RGB,3.58
Kardus,kardus_R_2155.jpg,dataset\Kardus\kardus_R_2155.jpg,.jpg,225,225,RGB,5.5
Kardus,kardus_R_2156.jpg,dataset\Kardus\kardus_R_2156.jpg,.jpg,225,225,RGB,4.59
Kardus,kardus_R_2157.jpg,dataset\Kardus\kardus_R_2157.jpg,.jpg,225,225,RGB,2.52
Kardus,kardus_R_2158.jpg,dataset\Kardus\kardus_R_2158.jpg,.jpg,292,162,RGB,5.58
Kardus,kardus_R_2159.jpg,dataset\Kardus\kardus_R_2159.jpg,.jpg,215,235,RGB,5.24
Kardus,kardus_R_2160.jpg,dataset\Kardus\kardus_R_2160.jpg,.jpg,225,225,RGB,3.8
Kardus,kardus_R_2161.jpg,dataset\Kardus\kardus_R_2161.jpg,.jpg,225,225,RGB,3.93
Kardus,kardus_R_2162.jpg,dataset\Kardus\kardus_R_2162.jpg,.jpg,225,225,RGB,2.86
Kardus,kardus_R_2163.jpg,dataset\Kardus\kardus_R_2163.jpg,.jpg,270,187,RGB,3.87
Kardus,kardus_R_2164.jpg,dataset\Kardus\kardus_R_2164.jpg,.jpg,225,225,RGB,3.07
Kardus,kardus_R_2165.jpg,dataset\Kardus\kardus_R_2165.jpg,.jpg,275,183,RGB,2.21
Kardus,kardus_R_2166.jpg,dataset\Kardus\kardus_R_2166.jpg,.jpg,269,187,RGB,3.97
Kardus,kardus_R_2167.jpg,dataset\Kardus\kardus_R_2167.jpg,.jpg,225,225,RGB,5.4
Kardus,kardus_R_2168.jpg,dataset\Kardus\kardus_R_2168.jpg,.jpg,225,225,RGB,2.69
Kardus,kardus_R_2169.jpg,dataset\Kardus\kardus_R_2169.jpg,.jpg,225,225,RGB,3.82
Kardus,kardus_R_2170.jpg,dataset\Kardus\kardus_R_2170.jpg,.jpg,225,225,RGB,4.02
Kardus,kardus_R_2171.jpg,dataset\Kardus\kardus_R_2171.jpg,.jpg,268,188,RGB,1.99
Kardus,kardus_R_2172.jpg,dataset\Kardus\kardus_R_2172.jpg,.jpg,274,184,RGB,4.1
Kardus,kardus_R_2173.jpg,dataset\Kardus\kardus_R_2173.jpg,.jpg,223,226,RGB,2.45
Kardus,kardus_R_2174.jpg,dataset\Kardus\kardus_R_2174.jpg,.jpg,240,210,RGB,3.19
Kardus,kardus_R_2175.jpg,dataset\Kardus\kardus_R_2175.jpg,.jpg,225,225,RGB,3.17
Kardus,kardus_R_2176.jpg,dataset\Kardus\kardus_R_2176.jpg,.jpg,248,203,RGB,3.93
Kardus,kardus_R_2177.jpg,dataset\Kardus\kardus_R_2177.jpg,.jpg,205,246,RGB,3.61
Kardus,kardus_R_2178.jpg,dataset\Kardus\kardus_R_2178.jpg,.jpg,291,173,RGB,3.39
Kardus,kardus_R_2179.jpg,dataset\Kardus\kardus_R_2179.jpg,.jpg,231,218,RGB,3.91
Kardus,kardus_R_2180.jpg,dataset\Kardus\kardus_R_2180.jpg,.jpg,201,251,RGB,5.25
Kardus,kardus_R_2181.jpg,dataset\Kardus\kardus_R_2181.jpg,.jpg,216,233,RGB,3.88
Kardus,kardus_R_2182.jpg,dataset\Kardus\kardus_R_2182.jpg,.jpg,255,198,RGB,5.6
Kardus,kardus_R_2183.jpg,dataset\Kardus\kardus_R_2183.jpg,.jpg,225,225,RGB,3.97
Kardus,kardus_R_2184.jpg,dataset\Kardus\kardus_R_2184.jpg,.jpg,220,220,RGB,3.02
Kardus,kardus_R_2185.jpg,dataset\Kardus\kardus_R_2185.jpg,.jpg,240,210,RGB,3.82
Kardus,kardus_R_2186.jpg,dataset\Kardus\kardus_R_2186.jpg,.jpg,259,194,RGB,4.13
Kardus,kardus_R_2187.jpg,dataset\Kardus\kardus_R_2187.jpg,.jpg,230,220,RGB,4.54
Kardus,kardus_R_2188.jpg,dataset\Kardus\kardus_R_2188.jpg,.jpg,257,196,RGB,6.72
Kardus,kardus_R_2189.jpg,dataset\Kardus\kardus_R_2189.jpg,.jpg,225,225,RGB,3.85
Kardus,kardus_R_2190.jpg,dataset\Kardus\kardus_R_2190.jpg,.jpg,353,143,RGB,3.55
Kardus,kardus_R_2191.jpg,dataset\Kardus\kardus_R_2191.jpg,.jpg,220,229,RGB,4.84
Kardus,kardus_R_2192.jpg,dataset\Kardus\kardus_R_2192.jpg,.jpg,262,192,RGB,5.53
Kardus,kardus_R_2193.jpg,dataset\Kardus\kardus_R_2193.jpg,.jpg,233,216,RGB,11.16
Kardus,kardus_R_2194.jpg,dataset\Kardus\kardus_R_2194.jpg,.jpg,270,187,RGB,2.56
Kardus,kardus_R_2195.jpg,dataset\Kardus\kardus_R_2195.jpg,.jpg,225,225,RGB,5.85
Kardus,kardus_R_2196.jpg,dataset\Kardus\kardus_R_2196.jpg,.jpg,225,225,RGB,3.05
Kardus,kardus_R_2197.jpg,dataset\Kardus\kardus_R_2197.jpg,.jpg,194,259,RGB,3.55
Kardus,kardus_R_2198.jpg,dataset\Kardus\kardus_R_2198.jpg,.jpg,225,225,RGB,4.17
Kardus,kardus_R_2199.jpg,dataset\Kardus\kardus_R_2199.jpg,.jpg,224,224,RGB,3.5
Kardus,kardus_R_2200.jpg,dataset\Kardus\kardus_R_2200.jpg,.jpg,225,225,RGB,5.94
Kardus,kardus_R_2201.jpg,dataset\Kardus\kardus_R_2201.jpg,.jpg,220,229,P,4.3
Kardus,kardus_R_2202.jpg,dataset\Kardus\kardus_R_2202.jpg,.jpg,225,225,RGB,5.7
Kardus,kardus_R_2203.jpg,dataset\Kardus\kardus_R_2203.jpg,.jpg,225,225,RGB,4.22
Kardus,kardus_R_2204.jpg,dataset\Kardus\kardus_R_2204.jpg,.jpg,225,225,RGB,9.5
Kardus,kardus_R_2205.jpg,dataset\Kardus\kardus_R_2205.jpg,.jpg,225,225,RGB,5.68
Kardus,kardus_R_2206.jpg,dataset\Kardus\kardus_R_2206.jpg,.jpg,267,189,RGB,9.84
Kardus,kardus_R_2207.jpg,dataset\Kardus\kardus_R_2207.jpg,.jpg,275,183,RGB,5.62
Kardus,kardus_R_2208.jpg,dataset\Kardus\kardus_R_2208.jpg,.jpg,266,190,RGB,4.91
Kardus,kardus_R_2209.jpg,dataset\Kardus\kardus_R_2209.jpg,.jpg,281,180,RGB,6.88
Kardus,kardus_R_2210.jpg,dataset\Kardus\kardus_R_2210.jpg,.jpg,259,194,RGB,5.45
Kardus,kardus_R_2211.jpg,dataset\Kardus\kardus_R_2211.jpg,.jpg,265,190,RGB,3.09
Kardus,kardus_R_2212.jpg,dataset\Kardus\kardus_R_2212.jpg,.jpg,225,225,RGB,2.6
Kardus,kardus_R_2213.jpg,dataset\Kardus\kardus_R_2213.jpg,.jpg,246,205,RGB,3.31
Kardus,kardus_R_2214.jpg,dataset\Kardus\kardus_R_2214.jpg,.jpg,225,225,RGB,2.57
Kardus,kardus_R_2215.jpg,dataset\Kardus\kardus_R_2215.jpg,.jpg,194,259,RGB,2.9
Kardus,kardus_R_2216.jpg,dataset\Kardus\kardus_R_2216.jpg,.jpg,275,183,RGB,2.7
Kardus,kardus_R_2217.jpg,dataset\Kardus\kardus_R_2217.jpg,.jpg,225,225,RGB,4.98
Kardus,kardus_R_2218.jpg,dataset\Kardus\kardus_R_2218.jpg,.jpg,225,225,RGB,3.42
Kardus,kardus_R_2219.jpg,dataset\Kardus\kardus_R_2219.jpg,.jpg,280,180,RGB,5.62
Kardus,kardus_R_2220.jpg,dataset\Kardus\kardus_R_2220.jpg,.jpg,225,225,RGB,11.75
Kardus,kardus_R_2221.jpg,dataset\Kardus\kardus_R_2221.jpg,.jpg,219,231,RGB,3.7
Kardus,kardus_R_2222.jpg,dataset\Kardus\kardus_R_2222.jpg,.jpg,225,225,RGB,7.92
Kardus,kardus_R_2223.jpg,dataset\Kardus\kardus_R_2223.jpg,.jpg,249,203,RGB,3.73
Kardus,kardus_R_2224.jpg,dataset\Kardus\kardus_R_2224.jpg,.jpg,225,225,RGB,3.81
Kardus,kardus_R_2225.jpg,dataset\Kardus\kardus_R_2225.jpg,.jpg,237,213,RGB,3.36
Kardus,kardus_R_2226.jpg,dataset\Kardus\kardus_R_2226.jpg,.jpg,225,225,RGB,5.99
Kardus,kardus_R_2227.jpg,dataset\Kardus\kardus_R_2227.jpg,.jpg,274,184,RGB,2.88
Kardus,kardus_R_2228.jpg,dataset\Kardus\kardus_R_2228.jpg,.jpg,225,225,RGB,5.08
Kardus,kardus_R_2229.jpg,dataset\Kardus\kardus_R_2229.jpg,.jpg,344,146,RGB,4.68
Kardus,kardus_R_2230.jpg,dataset\Kardus\kardus_R_2230.jpg,.jpg,291,173,RGB,2.04
Kardus,kardus_R_2231.jpg,dataset\Kardus\kardus_R_2231.jpg,.jpg,225,225,RGB,2.49
Kardus,kardus_R_2232.jpg,dataset\Kardus\kardus_R_2232.jpg,.jpg,275,183,RGB,1.34
Kardus,kardus_R_2233.jpg,dataset\Kardus\kardus_R_2233.jpg,.jpg,300,168,RGB,13.09
Kardus,kardus_R_2234.jpg,dataset\Kardus\kardus_R_2234.jpg,.jpg,262,192,RGB,8.53
Kardus,kardus_R_2235.jpg,dataset\Kardus\kardus_R_2235.jpg,.jpg,275,183,RGB,3.54
Kardus,kardus_R_2236.jpg,dataset\Kardus\kardus_R_2236.jpg,.jpg,237,213,RGB,7.79
Kardus,kardus_R_2237.jpg,dataset\Kardus\kardus_R_2237.jpg,.jpg,225,169,RGB,7.89
Kardus,kardus_R_2238.jpg,dataset\Kardus\kardus_R_2238.jpg,.jpg,247,204,RGB,3.53
Kardus,kardus_R_2239.jpg,dataset\Kardus\kardus_R_2239.jpg,.jpg,225,225,RGB,5.69
Kardus,kardus_R_2240.jpg,dataset\Kardus\kardus_R_2240.jpg,.jpg,266,190,RGB,9.87
Kardus,kardus_R_2241.jpg,dataset\Kardus\kardus_R_2241.jpg,.jpg,275,183,RGB,6.41
Kardus,kardus_R_2242.jpg,dataset\Kardus\kardus_R_2242.jpg,.jpg,225,225,RGB,9.59
Kardus,kardus_R_2243.jpg,dataset\Kardus\kardus_R_2243.jpg,.jpg,242,209,RGB,5.11
Kardus,kardus_R_2244.jpg,dataset\Kardus\kardus_R_2244.jpg,.jpg,225,225,RGB,7.66
Kardus,kardus_R_2245.jpg,dataset\Kardus\kardus_R_2245.jpg,.jpg,184,274,RGB,3.5
Kardus,kardus_R_2246.jpg,dataset\Kardus\kardus_R_2246.jpg,.jpg,270,186,RGB,3.99
Kardus,kardus_R_2247.jpg,dataset\Kardus\kardus_R_2247.jpg,.jpg,225,225,RGB,4.89
Kardus,kardus_R_2248.jpg,dataset\Kardus\kardus_R_2248.jpg,.jpg,225,225,RGB,3.47
Kardus,kardus_R_2249.jpg,dataset\Kardus\kardus_R_2249.jpg,.jpg,258,195,RGB,7.61
Kardus,kardus_R_2250.jpg,dataset\Kardus\kardus_R_2250.jpg,.jpg,225,225,RGB,6.64
Kardus,kardus_R_2251.jpg,dataset\Kardus\kardus_R_2251.jpg,.jpg,220,229,RGB,5.77
Kardus,kardus_R_2252.jpg,dataset\Kardus\kardus_R_2252.jpg,.jpg,235,215,RGB,3.83
Kardus,kardus_R_2253.jpg,dataset\Kardus\kardus_R_2253.jpg,.jpg,225,225,RGB,3.52
Kardus,kardus_R_2254.jpg,dataset\Kardus\kardus_R_2254.jpg,.jpg,217,232,RGB,3.89
Kardus,kardus_R_2255.jpg,dataset\Kardus\kardus_R_2255.jpg,.jpg,279,180,RGB,3.68
Kardus,kardus_R_2256.jpg,dataset\Kardus\kardus_R_2256.jpg,.jpg,225,225,RGB,5.15
Kardus,kardus_R_2257.jpg,dataset\Kardus\kardus_R_2257.jpg,.jpg,224,224,RGB,5.87
Kardus,kardus_R_2258.jpg,dataset\Kardus\kardus_R_2258.jpg,.jpg,160,160,RGB,5.73
Kardus,kardus_R_2259.jpg,dataset\Kardus\kardus_R_2259.jpg,.jpg,275,183,RGB,3.11
Kardus,kardus_R_2260.jpg,dataset\Kardus\kardus_R_2260.jpg,.jpg,284,177,RGB,8.66
Kardus,kardus_R_2261.jpg,dataset\Kardus\kardus_R_2261.jpg,.jpg,225,225,RGB,5.23
Kardus,kardus_R_2262.jpg,dataset\Kardus\kardus_R_2262.jpg,.jpg,225,225,RGB,5.36
Kardus,kardus_R_2263.jpg,dataset\Kardus\kardus_R_2263.jpg,.jpg,255,194,RGB,6.01
Kardus,kardus_R_2264.jpg,dataset\Kardus\kardus_R_2264.jpg,.jpg,217,194,RGB,3.0
Kardus,kardus_R_2265.jpg,dataset\Kardus\kardus_R_2265.jpg,.jpg,219,230,RGB,3.83
Kardus,kardus_R_2266.jpg,dataset\Kardus\kardus_R_2266.jpg,.jpg,242,160,RGB,3.97
Kardus,kardus_R_2267.jpg,dataset\Kardus\kardus_R_2267.jpg,.jpg,225,225,RGB,3.59
Kardus,kardus_R_2268.jpg,dataset\Kardus\kardus_R_2268.jpg,.jpg,259,194,RGB,3.92
Kardus,kardus_R_2269.jpg,dataset\Kardus\kardus_R_2269.jpg,.jpg,237,213,RGB,4.47
Kardus,kardus_R_2270.jpg,dataset\Kardus\kardus_R_2270.jpg,.jpg,225,225,RGB,7.11
Kardus,kardus_R_2271.jpg,dataset\Kardus\kardus_R_2271.jpg,.jpg,263,192,RGB,5.46
Kardus,kardus_R_2272.jpg,dataset\Kardus\kardus_R_2272.jpg,.jpg,220,229,RGB,3.73
Kardus,kardus_R_2273.jpg,dataset\Kardus\kardus_R_2273.jpg,.jpg,220,220,RGB,5.13
Kardus,kardus_R_2274.jpg,dataset\Kardus\kardus_R_2274.jpg,.jpg,225,201,RGB,4.39
Kardus,kardus_R_2275.jpg,dataset\Kardus\kardus_R_2275.jpg,.jpg,225,225,RGB,2.93
Kardus,kardus_R_2276.jpg,dataset\Kardus\kardus_R_2276.jpg,.jpg,252,200,RGB,3.58
Kardus,kardus_R_2277.jpg,dataset\Kardus\kardus_R_2277.jpg,.jpg,352,143,RGB,4.85
Kardus,kardus_R_2278.jpg,dataset\Kardus\kardus_R_2278.jpg,.jpg,225,225,RGB,8.33
Kardus,kardus_R_2279.jpg,dataset\Kardus\kardus_R_2279.jpg,.jpg,225,225,RGB,2.84
Kardus,kardus_R_2280.jpg,dataset\Kardus\kardus_R_2280.jpg,.jpg,213,236,P,2.06
Kardus,kardus_R_2281.jpg,dataset\Kardus\kardus_R_2281.jpg,.jpg,248,203,RGB,8.76
Kardus,kardus_R_2282.jpg,dataset\Kardus\kardus_R_2282.jpg,.jpg,225,225,RGB,5.29
Kardus,kardus_R_2283.jpg,dataset\Kardus\kardus_R_2283.jpg,.jpg,225,225,RGB,2.39
Kardus,kardus_R_2284.jpg,dataset\Kardus\kardus_R_2284.jpg,.jpg,180,195,RGB,3.33
Kardus,kardus_R_2285.jpg,dataset\Kardus\kardus_R_2285.jpg,.jpg,225,225,RGB,3.65
Kardus,kardus_R_2286.jpg,dataset\Kardus\kardus_R_2286.jpg,.jpg,259,194,RGB,5.95
Kardus,kardus_R_2287.jpg,dataset\Kardus\kardus_R_2287.jpg,.jpg,183,275,RGB,5.73
Kardus,kardus_R_2288.jpg,dataset\Kardus\kardus_R_2288.jpg,.jpg,225,224,RGB,3.4
Kardus,kardus_R_2289.jpg,dataset\Kardus\kardus_R_2289.jpg,.jpg,225,225,RGB,8.88
Kardus,kardus_R_2290.jpg,dataset\Kardus\kardus_R_2290.jpg,.jpg,225,225,RGB,7.98
Kardus,kardus_R_2291.jpg,dataset\Kardus\kardus_R_2291.jpg,.jpg,219,230,RGB,4.71
Kardus,kardus_R_2292.jpg,dataset\Kardus\kardus_R_2292.jpg,.jpg,274,184,RGB,7.14
Kardus,kardus_R_2293.jpg,dataset\Kardus\kardus_R_2293.jpg,.jpg,266,190,RGB,6.31
Kardus,kardus_R_2294.jpg,dataset\Kardus\kardus_R_2294.jpg,.jpg,251,201,RGB,4.9
Kardus,kardus_R_2295.jpg,dataset\Kardus\kardus_R_2295.jpg,.jpg,235,215,RGB,3.69
Kardus,kardus_R_2296.jpg,dataset\Kardus\kardus_R_2296.jpg,.jpg,248,203,RGB,7.4
Kardus,kardus_R_2297.jpg,dataset\Kardus\kardus_R_2297.jpg,.jpg,316,159,RGB,6.21
Kardus,kardus_R_2298.jpg,dataset\Kardus\kardus_R_2298.jpg,.jpg,225,225,RGB,2.45
Kardus,kardus_R_2299.jpg,dataset\Kardus\kardus_R_2299.jpg,.jpg,275,183,RGB,12.18
Kardus,kardus_R_2300.jpg,dataset\Kardus\kardus_R_2300.jpg,.jpg,275,183,RGB,6.63
Kardus,kardus_R_2301.jpg,dataset\Kardus\kardus_R_2301.jpg,.jpg,225,225,RGB,8.14
Kardus,kardus_R_2302.jpg,dataset\Kardus\kardus_R_2302.jpg,.jpg,299,169,RGB,5.09
Kardus,kardus_R_2303.jpg,dataset\Kardus\kardus_R_2303.jpg,.jpg,194,259,RGB,3.06
Kardus,kardus_R_2304.jpg,dataset\Kardus\kardus_R_2304.jpg,.jpg,250,202,RGB,3.65
Kardus,kardus_R_2305.jpg,dataset\Kardus\kardus_R_2305.jpg,.jpg,281,179,RGB,7.68
Kardus,kardus_R_2306.jpg,dataset\Kardus\kardus_R_2306.jpg,.jpg,225,225,RGB,5.17
Kardus,kardus_R_2307.jpg,dataset\Kardus\kardus_R_2307.jpg,.jpg,241,209,RGB,3.76
Kardus,kardus_R_2308.jpg,dataset\Kardus\kardus_R_2308.jpg,.jpg,225,225,RGB,3.06
Kardus,kardus_R_2309.jpg,dataset\Kardus\kardus_R_2309.jpg,.jpg,225,225,RGB,4.43
Kardus,kardus_R_2310.jpg,dataset\Kardus\kardus_R_2310.jpg,.jpg,268,188,RGB,2.82
Kardus,kardus_R_2311.jpg,dataset\Kardus\kardus_R_2311.jpg,.jpg,225,225,RGB,5.86
Kardus,kardus_R_2312.jpg,dataset\Kardus\kardus_R_2312.jpg,.jpg,225,225,RGB,5.82
Kardus,kardus_R_2313.jpg,dataset\Kardus\kardus_R_2313.jpg,.jpg,233,217,RGB,5.78
Kardus,kardus_R_2314.jpg,dataset\Kardus\kardus_R_2314.jpg,.jpg,224,224,RGB,7.12
Kardus,kardus_R_2315.jpg,dataset\Kardus\kardus_R_2315.jpg,.jpg,299,168,RGB,3.55
Kardus,kardus_R_2316.jpg,dataset\Kardus\kardus_R_2316.jpg,.jpg,225,225,RGB,4.3
Kardus,kardus_R_2317.jpg,dataset\Kardus\kardus_R_2317.jpg,.jpg,217,232,RGB,5.76
Kardus,kardus_R_2318.jpg,dataset\Kardus\kardus_R_2318.jpg,.jpg,225,225,RGB,3.54
Kardus,kardus_R_2319.jpg,dataset\Kardus\kardus_R_2319.jpg,.jpg,272,185,RGB,3.18
Kardus,kardus_R_2320.jpg,dataset\Kardus\kardus_R_2320.jpg,.jpg,225,225,RGB,4.99
Kardus,kardus_R_2321.jpg,dataset\Kardus\kardus_R_2321.jpg,.jpg,248,203,RGB,2.46
Kardus,kardus_R_2322.jpg,dataset\Kardus\kardus_R_2322.jpg,.jpg,259,194,RGB,5.35
Kardus,kardus_R_2323.jpg,dataset\Kardus\kardus_R_2323.jpg,.jpg,221,228,RGB,7.03
Kardus,kardus_R_2324.jpg,dataset\Kardus\kardus_R_2324.jpg,.jpg,246,205,RGB,5.8
Kardus,kardus_R_2325.jpg,dataset\Kardus\kardus_R_2325.jpg,.jpg,209,241,RGB,3.3
Kardus,kardus_R_2326.jpg,dataset\Kardus\kardus_R_2326.jpg,.jpg,196,257,RGB,4.57
Kardus,kardus_R_2327.jpg,dataset\Kardus\kardus_R_2327.jpg,.jpg,225,225,RGB,4.69
Kardus,kardus_R_2328.jpg,dataset\Kardus\kardus_R_2328.jpg,.jpg,219,230,RGB,4.85
Kardus,kardus_R_2329.jpg,dataset\Kardus\kardus_R_2329.jpg,.jpg,259,195,RGB,7.67
Kardus,kardus_R_2330.jpg,dataset\Kardus\kardus_R_2330.jpg,.jpg,275,183,RGB,5.0
Kardus,kardus_R_2331.jpg,dataset\Kardus\kardus_R_2331.jpg,.jpg,225,225,RGB,5.06
Kardus,kardus_R_2332.jpg,dataset\Kardus\kardus_R_2332.jpg,.jpg,225,225,RGB,2.92
Kardus,kardus_R_2333.jpg,dataset\Kardus\kardus_R_2333.jpg,.jpg,275,183,RGB,3.51
Kardus,kardus_R_2334.jpg,dataset\Kardus\kardus_R_2334.jpg,.jpg,266,189,RGB,4.25
Kardus,kardus_R_2335.jpg,dataset\Kardus\kardus_R_2335.jpg,.jpg,225,225,RGB,8.48
Kardus,kardus_R_2336.jpg,dataset\Kardus\kardus_R_2336.jpg,.jpg,200,200,RGB,3.29
Kardus,kardus_R_2337.jpg,dataset\Kardus\kardus_R_2337.jpg,.jpg,243,175,RGB,3.71
Kardus,kardus_R_2338.jpg,dataset\Kardus\kardus_R_2338.jpg,.jpg,183,275,RGB,7.32
Kardus,kardus_R_2339.jpg,dataset\Kardus\kardus_R_2339.jpg,.jpg,205,194,RGB,3.9
Kardus,kardus_R_2340.jpg,dataset\Kardus\kardus_R_2340.jpg,.jpg,217,232,RGB,4.44
Kardus,kardus_R_2341.jpg,dataset\Kardus\kardus_R_2341.jpg,.jpg,225,225,RGB,6.11
Kardus,kardus_R_2342.jpg,dataset\Kardus\kardus_R_2342.jpg,.jpg,259,194,RGB,7.62
Kardus,kardus_R_2343.jpg,dataset\Kardus\kardus_R_2343.jpg,.jpg,208,242,RGB,5.59
Kardus,kardus_R_2344.jpg,dataset\Kardus\kardus_R_2344.jpg,.jpg,224,225,RGB,8.55
Kardus,kardus_R_2345.jpg,dataset\Kardus\kardus_R_2345.jpg,.jpg,225,225,RGB,3.83
Kardus,kardus_R_2346.jpg,dataset\Kardus\kardus_R_2346.jpg,.jpg,275,183,RGB,13.03
Kardus,kardus_R_2347.jpg,dataset\Kardus\kardus_R_2347.jpg,.jpg,225,225,RGB,4.21
Kardus,kardus_R_2348.jpg,dataset\Kardus\kardus_R_2348.jpg,.jpg,224,224,RGB,7.15
Kardus,kardus_R_2349.jpg,dataset\Kardus\kardus_R_2349.jpg,.jpg,361,139,RGB,6.58
Kardus,kardus_R_2350.jpg,dataset\Kardus\kardus_R_2350.jpg,.jpg,270,186,RGB,2.71
Kardus,kardus_R_2351.jpg,dataset\Kardus\kardus_R_2351.jpg,.jpg,282,179,RGB,3.96
Kardus,kardus_R_2352.jpg,dataset\Kardus\kardus_R_2352.jpg,.jpg,220,230,P,3.44
Kardus,kardus_R_2353.jpg,dataset\Kardus\kardus_R_2353.jpg,.jpg,223,226,RGB,13.19
Kardus,kardus_R_2354.jpg,dataset\Kardus\kardus_R_2354.jpg,.jpg,216,233,RGB,6.47
Kardus,kardus_R_2355.jpg,dataset\Kardus\kardus_R_2355.jpg,.jpg,237,213,RGB,4.82
Kardus,kardus_R_2356.jpg,dataset\Kardus\kardus_R_2356.jpg,.jpg,225,225,RGB,3.0
Kardus,kardus_R_2357.jpg,dataset\Kardus\kardus_R_2357.jpg,.jpg,225,225,RGB,3.51
Kardus,kardus_R_2358.jpg,dataset\Kardus\kardus_R_2358.jpg,.jpg,266,190,RGB,6.2
Kardus,kardus_R_2359.jpg,dataset\Kardus\kardus_R_2359.jpg,.jpg,225,225,RGB,2.13
Kardus,kardus_R_2360.jpg,dataset\Kardus\kardus_R_2360.jpg,.jpg,208,243,RGB,7.05
Kardus,kardus_R_2361.jpg,dataset\Kardus\kardus_R_2361.jpg,.jpg,220,229,RGB,5.91
Kardus,kardus_R_2362.jpg,dataset\Kardus\kardus_R_2362.jpg,.jpg,220,229,RGB,3.58
Kardus,kardus_R_2363.jpg,dataset\Kardus\kardus_R_2363.jpg,.jpg,265,190,RGB,7.36
Kardus,kardus_R_2364.jpg,dataset\Kardus\kardus_R_2364.jpg,.jpg,225,225,RGB,4.83
Kardus,kardus_R_2365.jpg,dataset\Kardus\kardus_R_2365.jpg,.jpg,246,205,RGB,3.26
Kardus,kardus_R_2366.jpg,dataset\Kardus\kardus_R_2366.jpg,.jpg,263,192,RGB,2.18
Kardus,kardus_R_2367.jpg,dataset\Kardus\kardus_R_2367.jpg,.jpg,220,229,RGB,4.54
Kardus,kardus_R_2368.jpg,dataset\Kardus\kardus_R_2368.jpg,.jpg,262,192,RGB,4.16
Kardus,kardus_R_2369.jpg,dataset\Kardus\kardus_R_2369.jpg,.jpg,200,200,RGB,3.4
Kardus,kardus_R_2370.jpg,dataset\Kardus\kardus_R_2370.jpg,.jpg,271,186,RGB,4.85
Kardus,kardus_R_2371.jpg,dataset\Kardus\kardus_R_2371.jpg,.jpg,250,202,RGB,7.17
Kardus,kardus_R_2372.jpg,dataset\Kardus\kardus_R_2372.jpg,.jpg,221,228,RGB,3.48
Kardus,kardus_R_2373.jpg,dataset\Kardus\kardus_R_2373.jpg,.jpg,225,225,RGB,2.99
Kardus,kardus_R_2374.jpg,dataset\Kardus\kardus_R_2374.jpg,.jpg,225,225,RGB,2.32
Kardus,kardus_R_2375.jpg,dataset\Kardus\kardus_R_2375.jpg,.jpg,251,201,RGB,5.49
Kardus,kardus_R_2376.jpg,dataset\Kardus\kardus_R_2376.jpg,.jpg,259,194,RGB,8.54
Kardus,kardus_R_2377.jpg,dataset\Kardus\kardus_R_2377.jpg,.jpg,225,225,RGB,4.02
Kardus,kardus_R_2378.jpg,dataset\Kardus\kardus_R_2378.jpg,.jpg,225,224,RGB,11.34
Kardus,kardus_R_2379.jpg,dataset\Kardus\kardus_R_2379.jpg,.jpg,217,232,RGB,4.3
Kardus,kardus_R_2380.jpg,dataset\Kardus\kardus_R_2380.jpg,.jpg,225,225,RGB,7.67
Kardus,kardus_R_2381.jpg,dataset\Kardus\kardus_R_2381.jpg,.jpg,220,229,P,3.98
Kardus,kardus_R_2382.jpg,dataset\Kardus\kardus_R_2382.jpg,.jpg,256,197,RGB,8.88
Kardus,kardus_R_2383.jpg,dataset\Kardus\kardus_R_2383.jpg,.jpg,225,225,RGB,6.19
Kardus,kardus_R_2384.jpg,dataset\Kardus\kardus_R_2384.jpg,.jpg,179,282,RGB,10.71
Kardus,kardus_R_2385.jpg,dataset\Kardus\kardus_R_2385.jpg,.jpg,219,220,RGB,7.0
Kardus,kardus_R_2386.jpg,dataset\Kardus\kardus_R_2386.jpg,.jpg,188,268,RGB,3.19
Kardus,kardus_R_2387.jpg,dataset\Kardus\kardus_R_2387.jpg,.jpg,168,300,RGB,5.06
Kardus,kardus_R_2388.jpg,dataset\Kardus\kardus_R_2388.jpg,.jpg,225,225,RGB,4.73
Kardus,kardus_R_2389.jpg,dataset\Kardus\kardus_R_2389.jpg,.jpg,219,230,RGB,3.25
Kardus,kardus_R_2390.jpg,dataset\Kardus\kardus_R_2390.jpg,.jpg,259,194,RGB,6.19
Kardus,kardus_R_2391.jpg,dataset\Kardus\kardus_R_2391.jpg,.jpg,225,225,RGB,3.89
Kardus,kardus_R_2392.jpg,dataset\Kardus\kardus_R_2392.jpg,.jpg,224,224,RGB,9.35
Kardus,kardus_R_2393.jpg,dataset\Kardus\kardus_R_2393.jpg,.jpg,275,183,RGB,3.69
Kardus,kardus_R_2394.jpg,dataset\Kardus\kardus_R_2394.jpg,.jpg,246,205,RGB,4.13
Kardus,kardus_R_2395.jpg,dataset\Kardus\kardus_R_2395.jpg,.jpg,220,229,P,3.05
Kardus,kardus_R_2399.jpg,dataset\Kardus\kardus_R_2399.jpg,.jpg,259,194,RGB,5.2
Kardus,kardus_R_2400.jpg,dataset\Kardus\kardus_R_2400.jpg,.jpg,275,183,RGB,9.91
Kardus,kardus_R_2401.jpg,dataset\Kardus\kardus_R_2401.jpg,.jpg,220,229,RGB,4.57
Kardus,kardus_R_2402.jpg,dataset\Kardus\kardus_R_2402.jpg,.jpg,220,229,RGB,6.9
Kardus,kardus_R_2403.jpg,dataset\Kardus\kardus_R_2403.jpg,.jpg,260,194,RGB,13.02
Kardus,kardus_R_2404.jpg,dataset\Kardus\kardus_R_2404.jpg,.jpg,194,260,RGB,10.94
Kardus,kardus_R_2406.jpg,dataset\Kardus\kardus_R_2406.jpg,.jpg,225,225,RGB,3.95
Kardus,kardus_R_2407.jpg,dataset\Kardus\kardus_R_2407.jpg,.jpg,217,232,RGB,4.64
Kardus,kardus_R_2408.jpg,dataset\Kardus\kardus_R_2408.jpg,.jpg,214,235,RGB,3.42
Kardus,kardus_R_2409.jpg,dataset\Kardus\kardus_R_2409.jpg,.jpg,217,220,RGB,3.59
Kardus,kardus_R_2410.jpg,dataset\Kardus\kardus_R_2410.jpg,.jpg,263,192,RGB,2.57
Kardus,kardus_R_2411.jpg,dataset\Kardus\kardus_R_2411.jpg,.jpg,225,225,RGB,6.21
Kardus,kardus_R_2412.jpg,dataset\Kardus\kardus_R_2412.jpg,.jpg,225,225,RGB,7.88
Kardus,kardus_R_2413.jpg,dataset\Kardus\kardus_R_2413.jpg,.jpg,225,225,RGB,13.15
Kardus,kardus_R_2414.jpg,dataset\Kardus\kardus_R_2414.jpg,.jpg,225,225,RGB,4.3
Kardus,kardus_R_2415.jpg,dataset\Kardus\kardus_R_2415.jpg,.jpg,225,225,RGB,4.92
Kardus,kardus_R_2416.jpg,dataset\Kardus\kardus_R_2416.jpg,.jpg,225,225,RGB,5.4
Kardus,kardus_R_2417.jpg,dataset\Kardus\kardus_R_2417.jpg,.jpg,245,205,RGB,7.89
Kardus,kardus_R_2418.jpg,dataset\Kardus\kardus_R_2418.jpg,.jpg,275,183,RGB,7.32
Kardus,kardus_R_2419.jpg,dataset\Kardus\kardus_R_2419.jpg,.jpg,225,225,RGB,6.26
Kardus,kardus_R_2420.jpg,dataset\Kardus\kardus_R_2420.jpg,.jpg,262,192,RGB,6.5
Kardus,kardus_R_2421.jpg,dataset\Kardus\kardus_R_2421.jpg,.jpg,225,225,RGB,5.13
Kardus,kardus_R_2422.jpg,dataset\Kardus\kardus_R_2422.jpg,.jpg,262,192,RGB,4.27
Kardus,kardus_R_2423.jpg,dataset\Kardus\kardus_R_2423.jpg,.jpg,225,225,RGB,4.87
Kardus,kardus_R_2424.jpg,dataset\Kardus\kardus_R_2424.jpg,.jpg,260,194,RGB,8.9
Kardus,kardus_R_2425.jpg,dataset\Kardus\kardus_R_2425.jpg,.jpg,246,205,RGB,2.41
Kardus,kardus_R_2426.jpg,dataset\Kardus\kardus_R_2426.jpg,.jpg,292,173,RGB,6.96
Kardus,kardus_R_2427.jpg,dataset\Kardus\kardus_R_2427.jpg,.jpg,254,199,RGB,6.77
Kardus,kardus_R_2428.jpg,dataset\Kardus\kardus_R_2428.jpg,.jpg,234,216,RGB,3.11
Kardus,kardus_R_2429.jpg,dataset\Kardus\kardus_R_2429.jpg,.jpg,250,202,RGB,12.63
Kardus,kardus_R_2430.jpg,dataset\Kardus\kardus_R_2430.jpg,.jpg,225,225,RGB,3.59
Kardus,kardus_R_2431.jpg,dataset\Kardus\kardus_R_2431.jpg,.jpg,225,225,RGB,3.69
Kardus,kardus_R_2432.jpg,dataset\Kardus\kardus_R_2432.jpg,.jpg,225,225,RGB,3.34
Kardus,kardus_R_2433.jpg,dataset\Kardus\kardus_R_2433.jpg,.jpg,300,168,RGB,11.14
Kardus,kardus_R_2434.jpg,dataset\Kardus\kardus_R_2434.jpg,.jpg,224,224,RGB,6.03
Kardus,kardus_R_2435.jpg,dataset\Kardus\kardus_R_2435.jpg,.jpg,246,205,RGB,1.91
Kardus,kardus_R_2436.jpg,dataset\Kardus\kardus_R_2436.jpg,.jpg,331,152,P,9.0
Kardus,kardus_R_2437.jpg,dataset\Kardus\kardus_R_2437.jpg,.jpg,270,187,RGB,7.98
Kardus,kardus_R_2438.jpg,dataset\Kardus\kardus_R_2438.jpg,.jpg,225,225,RGB,6.08
Kardus,kardus_R_2439.jpg,dataset\Kardus\kardus_R_2439.jpg,.jpg,225,225,RGB,6.34
Kardus,kardus_R_2440.jpg,dataset\Kardus\kardus_R_2440.jpg,.jpg,250,186,RGB,9.94
Kardus,kardus_R_2441.jpg,dataset\Kardus\kardus_R_2441.jpg,.jpg,299,168,RGB,5.88
Kardus,kardus_R_2442.jpg,dataset\Kardus\kardus_R_2442.jpg,.jpg,275,183,RGB,4.55
Kardus,kardus_R_2443.jpg,dataset\Kardus\kardus_R_2443.jpg,.jpg,289,174,RGB,11.0
Kardus,kardus_R_2444.jpg,dataset\Kardus\kardus_R_2444.jpg,.jpg,266,189,P,5.81
Kardus,kardus_R_2445.jpg,dataset\Kardus\kardus_R_2445.jpg,.jpg,225,225,RGB,10.06
Kardus,kardus_R_2446.jpg,dataset\Kardus\kardus_R_2446.jpg,.jpg,225,225,RGB,3.38
Kardus,kardus_R_2447.jpg,dataset\Kardus\kardus_R_2447.jpg,.jpg,201,251,RGB,6.14
Kardus,kardus_R_2448.jpg,dataset\Kardus\kardus_R_2448.jpg,.jpg,232,217,RGB,7.18
Kardus,kardus_R_2449.jpg,dataset\Kardus\kardus_R_2449.jpg,.jpg,272,185,RGB,12.42
Kardus,kardus_R_2450.jpg,dataset\Kardus\kardus_R_2450.jpg,.jpg,194,259,RGB,1.97
Kardus,kardus_R_2451.jpg,dataset\Kardus\kardus_R_2451.jpg,.jpg,262,193,RGB,10.83
Kardus,kardus_R_2452.jpg,dataset\Kardus\kardus_R_2452.jpg,.jpg,225,225,RGB,5.57
Kardus,kardus_R_2453.jpg,dataset\Kardus\kardus_R_2453.jpg,.jpg,237,213,RGB,5.96
Kardus,kardus_R_2454.jpg,dataset\Kardus\kardus_R_2454.jpg,.jpg,225,225,RGB,5.44
Kardus,kardus_R_2455.jpg,dataset\Kardus\kardus_R_2455.jpg,.jpg,230,219,RGB,3.86
Kardus,kardus_R_2456.jpg,dataset\Kardus\kardus_R_2456.jpg,.jpg,225,225,RGB,5.56
Kardus,kardus_R_2457.jpg,dataset\Kardus\kardus_R_2457.jpg,.jpg,251,201,RGB,10.22
Kardus,kardus_R_2458.jpg,dataset\Kardus\kardus_R_2458.jpg,.jpg,225,225,RGB,7.76
Kardus,kardus_R_2459.jpg,dataset\Kardus\kardus_R_2459.jpg,.jpg,218,231,RGB,6.28
Kardus,kardus_R_2460.jpg,dataset\Kardus\kardus_R_2460.jpg,.jpg,225,225,RGB,4.35
Kardus,kardus_R_2461.jpg,dataset\Kardus\kardus_R_2461.jpg,.jpg,259,194,RGB,5.57
Kardus,kardus_R_2462.jpg,dataset\Kardus\kardus_R_2462.jpg,.jpg,285,177,RGB,4.69
Kardus,kardus_R_2463.jpg,dataset\Kardus\kardus_R_2463.jpg,.jpg,225,225,RGB,4.33
Kardus,kardus_R_2464.jpg,dataset\Kardus\kardus_R_2464.jpg,.jpg,225,225,RGB,6.73
Kardus,kardus_R_2465.jpg,dataset\Kardus\kardus_R_2465.jpg,.jpg,255,197,RGB,6.63
Kardus,kardus_R_2466.jpg,dataset\Kardus\kardus_R_2466.jpg,.jpg,225,225,RGB,8.77
Kardus,kardus_R_2467.jpg,dataset\Kardus\kardus_R_2467.jpg,.jpg,225,225,RGB,3.23
Kardus,kardus_R_2468.jpg,dataset\Kardus\kardus_R_2468.jpg,.jpg,225,225,RGB,5.17
Kardus,kardus_R_2469.jpg,dataset\Kardus\kardus_R_2469.jpg,.jpg,247,204,RGB,7.94
Kardus,kardus_R_2470.jpg,dataset\Kardus\kardus_R_2470.jpg,.jpg,223,226,RGB,6.24
Kardus,kardus_R_2471.jpg,dataset\Kardus\kardus_R_2471.jpg,.jpg,258,196,RGB,8.19
Kardus,kardus_R_2472.jpg,dataset\Kardus\kardus_R_2472.jpg,.jpg,199,253,RGB,5.25
Kardus,kardus_R_2473.jpg,dataset\Kardus\kardus_R_2473.jpg,.jpg,259,194,RGB,10.24
Kardus,kardus_R_2474.jpg,dataset\Kardus\kardus_R_2474.jpg,.jpg,259,194,RGB,15.02
Kardus,kardus_R_2475.jpg,dataset\Kardus\kardus_R_2475.jpg,.jpg,275,183,RGB,7.53
Kardus,kardus_R_2476.jpg,dataset\Kardus\kardus_R_2476.jpg,.jpg,240,210,RGB,4.84
Kardus,kardus_R_2477.jpg,dataset\Kardus\kardus_R_2477.jpg,.jpg,225,225,RGB,19.2
Kardus,kardus_R_2478.jpg,dataset\Kardus\kardus_R_2478.jpg,.jpg,225,225,RGB,12.0
Kardus,kardus_R_2479.jpg,dataset\Kardus\kardus_R_2479.jpg,.jpg,263,191,RGB,11.34
Kardus,kardus_R_2480.jpg,dataset\Kardus\kardus_R_2480.jpg,.jpg,276,183,RGB,8.18
Kardus,kardus_R_2481.jpg,dataset\Kardus\kardus_R_2481.jpg,.jpg,275,183,RGB,8.38
Kardus,kardus_R_2482.jpg,dataset\Kardus\kardus_R_2482.jpg,.jpg,270,187,P,4.18
Kardus,kardus_R_2483.jpg,dataset\Kardus\kardus_R_2483.jpg,.jpg,271,186,RGB,5.84
Kardus,kardus_R_2484.jpg,dataset\Kardus\kardus_R_2484.jpg,.jpg,276,183,RGB,6.19
Kardus,kardus_R_2485.jpg,dataset\Kardus\kardus_R_2485.jpg,.jpg,235,214,RGB,18.53
Kardus,kardus_R_2486.jpg,dataset\Kardus\kardus_R_2486.jpg,.jpg,259,194,P,4.87
Kardus,kardus_R_2487.jpg,dataset\Kardus\kardus_R_2487.jpg,.jpg,262,192,RGB,3.5
Kardus,kardus_R_2488.jpg,dataset\Kardus\kardus_R_2488.jpg,.jpg,216,233,P,12.63
Kardus,kardus_R_2489.jpg,dataset\Kardus\kardus_R_2489.jpg,.jpg,225,225,RGB,3.2
Kardus,kardus_R_2490.jpg,dataset\Kardus\kardus_R_2490.jpg,.jpg,225,225,RGB,6.84
Kardus,kardus_R_6914.jpg,dataset\Kardus\kardus_R_6914.jpg,.jpg,225,225,RGB,5.28
Kardus,kardus_R_6915.jpg,dataset\Kardus\kardus_R_6915.jpg,.jpg,225,225,RGB,3.68
Kardus,kardus_R_6916.jpg,dataset\Kardus\kardus_R_6916.jpg,.jpg,225,225,RGB,2.88
Kardus,kardus_R_6917.jpg,dataset\Kardus\kardus_R_6917.jpg,.jpg,251,201,RGB,4.01
Kardus,kardus_R_6918.jpg,dataset\Kardus\kardus_R_6918.jpg,.jpg,225,225,RGB,4.82
Kardus,kardus_R_6919.jpg,dataset\Kardus\kardus_R_6919.jpg,.jpg,225,225,RGB,6.15
Kardus,kardus_R_6920.jpg,dataset\Kardus\kardus_R_6920.jpg,.jpg,225,225,RGB,3.73
Kardus,kardus_R_6921.jpg,dataset\Kardus\kardus_R_6921.jpg,.jpg,225,225,RGB,3.08
Kardus,kardus_R_6922.jpg,dataset\Kardus\kardus_R_6922.jpg,.jpg,241,209,RGB,4.46
Kardus,kardus_R_6923.jpg,dataset\Kardus\kardus_R_6923.jpg,.jpg,198,254,RGB,2.32
Kardus,kardus_R_6924.jpg,dataset\Kardus\kardus_R_6924.jpg,.jpg,225,225,RGB,4.42
Kardus,kardus_R_6925.jpg,dataset\Kardus\kardus_R_6925.jpg,.jpg,253,199,RGB,7.08
Kardus,kardus_R_6926.jpg,dataset\Kardus\kardus_R_6926.jpg,.jpg,218,166,RGB,3.18
Kardus,kardus_R_6927.jpg,dataset\Kardus\kardus_R_6927.jpg,.jpg,251,201,RGB,4.94
Kardus,kardus_R_6928.jpg,dataset\Kardus\kardus_R_6928.jpg,.jpg,225,225,RGB,3.6
Kardus,kardus_R_6929.jpg,dataset\Kardus\kardus_R_6929.jpg,.jpg,277,182,RGB,5.57
Kardus,kardus_R_6930.jpg,dataset\Kardus\kardus_R_6930.jpg,.jpg,225,225,RGB,3.16
Kardus,kardus_R_6931.jpg,dataset\Kardus\kardus_R_6931.jpg,.jpg,300,168,RGB,3.59
Kardus,kardus_R_6932.jpg,dataset\Kardus\kardus_R_6932.jpg,.jpg,225,225,RGB,3.37
Kardus,kardus_R_6933.jpg,dataset\Kardus\kardus_R_6933.jpg,.jpg,259,194,RGB,3.63
Kardus,kardus_R_6936.jpg,dataset\Kardus\kardus_R_6936.jpg,.jpg,236,213,RGB,4.1
Kardus,kardus_R_6937.jpg,dataset\Kardus\kardus_R_6937.jpg,.jpg,254,199,RGB,3.47
Kardus,kardus_R_6938.jpg,dataset\Kardus\kardus_R_6938.jpg,.jpg,245,170,RGB,3.99
Kardus,kardus_R_6939.jpg,dataset\Kardus\kardus_R_6939.jpg,.jpg,194,259,RGB,2.99
Kardus,kardus_R_6940.jpg,dataset\Kardus\kardus_R_6940.jpg,.jpg,225,225,RGB,3.34
Kardus,kardus_R_6941.jpg,dataset\Kardus\kardus_R_6941.jpg,.jpg,225,225,RGB,3.58
Kardus,kardus_R_6942.jpg,dataset\Kardus\kardus_R_6942.jpg,.jpg,225,225,RGB,2.83
Kardus,kardus_R_6943.jpg,dataset\Kardus\kardus_R_6943.jpg,.jpg,258,195,RGB,4.59
Kardus,kardus_R_6944.jpg,dataset\Kardus\kardus_R_6944.jpg,.jpg,269,187,RGB,4.18
Kardus,kardus_R_6945.jpg,dataset\Kardus\kardus_R_6945.jpg,.jpg,225,225,RGB,3.57
Kardus,kardus_R_6946.jpg,dataset\Kardus\kardus_R_6946.jpg,.jpg,225,225,RGB,2.81
Kardus,kardus_R_6947.jpg,dataset\Kardus\kardus_R_6947.jpg,.jpg,225,225,RGB,3.58
Kardus,kardus_R_6948.jpg,dataset\Kardus\kardus_R_6948.jpg,.jpg,231,218,RGB,6.1
Kardus,kardus_R_6949.jpg,dataset\Kardus\kardus_R_6949.jpg,.jpg,259,195,RGB,2.98
Kardus,kardus_R_6950.jpg,dataset\Kardus\kardus_R_6950.jpg,.jpg,225,225,RGB,3.25
Kardus,kardus_R_6951.jpg,dataset\Kardus\kardus_R_6951.jpg,.jpg,234,216,RGB,5.29
Kardus,kardus_R_6952.jpg,dataset\Kardus\kardus_R_6952.jpg,.jpg,225,225,RGB,4.01
Kardus,kardus_R_6953.jpg,dataset\Kardus\kardus_R_6953.jpg,.jpg,258,196,RGB,3.21
Kardus,kardus_R_6955.jpg,dataset\Kardus\kardus_R_6955.jpg,.jpg,225,225,RGB,3.09
Kardus,kardus_R_6956.jpg,dataset\Kardus\kardus_R_6956.jpg,.jpg,276,183,RGB,3.97
Kardus,kardus_R_6957.jpg,dataset\Kardus\kardus_R_6957.jpg,.jpg,303,167,RGB,7.37
Kardus,kardus_R_6958.jpg,dataset\Kardus\kardus_R_6958.jpg,.jpg,235,214,RGB,5.96
Kardus,kardus_R_6959.jpg,dataset\Kardus\kardus_R_6959.jpg,.jpg,245,206,RGB,3.4
Kardus,kardus_R_6960.jpg,dataset\Kardus\kardus_R_6960.jpg,.jpg,299,169,RGB,5.35
Kardus,kardus_R_6961.jpg,dataset\Kardus\kardus_R_6961.jpg,.jpg,225,225,RGB,4.19
Kardus,kardus_R_6962.jpg,dataset\Kardus\kardus_R_6962.jpg,.jpg,225,225,RGB,3.88
Kardus,kardus_R_6963.jpg,dataset\Kardus\kardus_R_6963.jpg,.jpg,244,206,RGB,5.92
Kardus,kardus_R_6964.jpg,dataset\Kardus\kardus_R_6964.jpg,.jpg,225,225,RGB,4.0
Kardus,kardus_R_6965.jpg,dataset\Kardus\kardus_R_6965.jpg,.jpg,223,226,RGB,3.96
Kardus,kardus_R_6966.jpg,dataset\Kardus\kardus_R_6966.jpg,.jpg,225,225,RGB,3.6
Kardus,kardus_R_6967.jpg,dataset\Kardus\kardus_R_6967.jpg,.jpg,311,162,RGB,15.06
Kardus,kardus_R_6968.jpg,dataset\Kardus\kardus_R_6968.jpg,.jpg,259,194,RGB,4.0
Kardus,kardus_R_6969.jpg,dataset\Kardus\kardus_R_6969.jpg,.jpg,225,225,RGB,2.72
Kardus,kardus_R_6970.jpg,dataset\Kardus\kardus_R_6970.jpg,.jpg,225,225,RGB,5.55
Kardus,kardus_R_6971.jpg,dataset\Kardus\kardus_R_6971.jpg,.jpg,255,198,RGB,5.0
Kardus,kardus_R_6972.jpg,dataset\Kardus\kardus_R_6972.jpg,.jpg,253,199,RGB,4.66
Kardus,kardus_R_6973.jpg,dataset\Kardus\kardus_R_6973.jpg,.jpg,225,225,RGB,2.72
Kardus,kardus_R_6974.jpg,dataset\Kardus\kardus_R_6974.jpg,.jpg,260,194,RGB,8.69
Kardus,kardus_R_6975.jpg,dataset\Kardus\kardus_R_6975.jpg,.jpg,301,167,RGB,5.8
Kardus,kardus_R_6976.jpg,dataset\Kardus\kardus_R_6976.jpg,.jpg,281,179,RGB,6.5
Kardus,kardus_R_6977.jpg,dataset\Kardus\kardus_R_6977.jpg,.jpg,275,183,RGB,4.99
Kardus,kardus_R_6978.jpg,dataset\Kardus\kardus_R_6978.jpg,.jpg,259,194,RGB,3.81
Kardus,kardus_R_6980.jpg,dataset\Kardus\kardus_R_6980.jpg,.jpg,225,225,RGB,3.14
Kardus,kardus_R_6981.jpg,dataset\Kardus\kardus_R_6981.jpg,.jpg,225,225,RGB,5.22
Kardus,kardus_R_6982.jpg,dataset\Kardus\kardus_R_6982.jpg,.jpg,225,225,RGB,4.22
Kardus,kardus_R_6983.jpg,dataset\Kardus\kardus_R_6983.jpg,.jpg,225,225,RGB,4.86
Kardus,kardus_R_6984.jpg,dataset\Kardus\kardus_R_6984.jpg,.jpg,275,183,RGB,4.97
Kardus,kardus_R_6985.jpg,dataset\Kardus\kardus_R_6985.jpg,.jpg,301,168,RGB,6.71
Kardus,kardus_R_6986.jpg,dataset\Kardus\kardus_R_6986.jpg,.jpg,225,225,RGB,4.02
Kardus,kardus_R_6988.jpg,dataset\Kardus\kardus_R_6988.jpg,.jpg,300,168,RGB,4.63
Kardus,kardus_R_6990.jpg,dataset\Kardus\kardus_R_6990.jpg,.jpg,299,169,RGB,5.89
Kardus,kardus_R_6991.jpg,dataset\Kardus\kardus_R_6991.jpg,.jpg,237,213,RGB,3.69
Kardus,kardus_R_6992.jpg,dataset\Kardus\kardus_R_6992.jpg,.jpg,225,225,RGB,5.78
Kardus,kardus_R_6993.jpg,dataset\Kardus\kardus_R_6993.jpg,.jpg,253,199,RGB,4.11
Kardus,kardus_R_6994.jpg,dataset\Kardus\kardus_R_6994.jpg,.jpg,266,189,RGB,4.49
Kardus,kardus_R_6995.jpg,dataset\Kardus\kardus_R_6995.jpg,.jpg,225,225,RGB,4.16
Kardus,kardus_R_6996.jpg,dataset\Kardus\kardus_R_6996.jpg,.jpg,225,225,RGB,5.1
Kardus,kardus_R_6997.jpg,dataset\Kardus\kardus_R_6997.jpg,.jpg,225,225,RGB,4.32
Kardus,kardus_R_6998.jpg,dataset\Kardus\kardus_R_6998.jpg,.jpg,225,225,RGB,4.44
Kardus,kardus_R_6999.jpg,dataset\Kardus\kardus_R_6999.jpg,.jpg,275,183,P,2.77
Kardus,kardus_R_7000.jpg,dataset\Kardus\kardus_R_7000.jpg,.jpg,206,245,RGB,7.12
Kardus,kardus_R_7001.jpg,dataset\Kardus\kardus_R_7001.jpg,.jpg,284,177,RGB,6.0
Kardus,kardus_R_7002.jpg,dataset\Kardus\kardus_R_7002.jpg,.jpg,225,225,RGB,2.81
Kardus,kardus_R_7003.jpg,dataset\Kardus\kardus_R_7003.jpg,.jpg,374,135,RGB,4.29
Kardus,kardus_R_7005.jpg,dataset\Kardus\kardus_R_7005.jpg,.jpg,250,202,RGB,3.81
Kardus,kardus_R_7006.jpg,dataset\Kardus\kardus_R_7006.jpg,.jpg,200,200,RGB,4.75
Kardus,kardus_R_7007.jpg,dataset\Kardus\kardus_R_7007.jpg,.jpg,263,191,RGB,4.24
Kardus,kardus_R_7009.jpg,dataset\Kardus\kardus_R_7009.jpg,.jpg,197,256,RGB,5.12
Kardus,kardus_R_7010.jpg,dataset\Kardus\kardus_R_7010.jpg,.jpg,225,225,RGB,2.92
Kardus,kardus_R_7011.jpg,dataset\Kardus\kardus_R_7011.jpg,.jpg,352,143,RGB,6.69
Kardus,kardus_R_7013.jpg,dataset\Kardus\kardus_R_7013.jpg,.jpg,275,183,RGB,4.64
Kardus,kardus_R_7015.jpg,dataset\Kardus\kardus_R_7015.jpg,.jpg,225,225,RGB,5.14
Kardus,kardus_R_7016.jpg,dataset\Kardus\kardus_R_7016.jpg,.jpg,377,134,RGB,6.94
Kardus,kardus_R_7017.jpg,dataset\Kardus\kardus_R_7017.jpg,.jpg,267,189,RGB,7.31
Kardus,kardus_R_7018.jpg,dataset\Kardus\kardus_R_7018.jpg,.jpg,275,183,RGB,6.38
Kardus,kardus_R_7020.jpg,dataset\Kardus\kardus_R_7020.jpg,.jpg,246,205,RGB,4.29
Kardus,kardus_R_7021.jpg,dataset\Kardus\kardus_R_7021.jpg,.jpg,198,254,RGB,2.23
Kardus,kardus_R_7022.jpg,dataset\Kardus\kardus_R_7022.jpg,.jpg,389,129,RGB,5.79
Kardus,kardus_R_7023.jpg,dataset\Kardus\kardus_R_7023.jpg,.jpg,225,225,RGB,5.65
Kardus,kardus_R_7024.jpg,dataset\Kardus\kardus_R_7024.jpg,.jpg,207,243,RGB,2.84
Kardus,kardus_R_7025.jpg,dataset\Kardus\kardus_R_7025.jpg,.jpg,194,259,RGB,6.25
Kardus,kardus_R_7026.jpg,dataset\Kardus\kardus_R_7026.jpg,.jpg,255,198,RGB,3.89
Kardus,kardus_R_7027.jpg,dataset\Kardus\kardus_R_7027.jpg,.jpg,225,225,RGB,4.1
Kardus,kardus_R_7028.jpg,dataset\Kardus\kardus_R_7028.jpg,.jpg,261,193,RGB,5.16
Kardus,kardus_R_7029.jpg,dataset\Kardus\kardus_R_7029.jpg,.jpg,308,163,RGB,6.57
Kardus,kardus_R_7030.jpg,dataset\Kardus\kardus_R_7030.jpg,.jpg,285,177,RGB,5.88
Kardus,kardus_R_7031.jpg,dataset\Kardus\kardus_R_7031.jpg,.jpg,225,225,RGB,5.59
Kardus,kardus_R_7032.jpg,dataset\Kardus\kardus_R_7032.jpg,.jpg,225,225,RGB,2.67
Kardus,kardus_R_7033.jpg,dataset\Kardus\kardus_R_7033.jpg,.jpg,225,225,RGB,6.18
Kardus,kardus_R_7034.jpg,dataset\Kardus\kardus_R_7034.jpg,.jpg,374,135,RGB,5.57
Kardus,kardus_R_7035.jpg,dataset\Kardus\kardus_R_7035.jpg,.jpg,259,194,RGB,3.99
Kardus,kardus_R_7036.jpg,dataset\Kardus\kardus_R_7036.jpg,.jpg,301,167,RGB,6.14
Kardus,kardus_R_7037.jpg,dataset\Kardus\kardus_R_7037.jpg,.jpg,389,129,RGB,5.19
Kardus,kardus_R_7038.jpg,dataset\Kardus\kardus_R_7038.jpg,.jpg,237,213,RGB,6.7
Kardus,kardus_R_7039.jpg,dataset\Kardus\kardus_R_7039.jpg,.jpg,312,162,RGB,4.37
Kardus,kardus_R_7040.jpg,dataset\Kardus\kardus_R_7040.jpg,.jpg,264,191,RGB,6.54
Kardus,kardus_R_7041.jpg,dataset\Kardus\kardus_R_7041.jpg,.jpg,300,132,RGB,4.32
Kardus,kardus_R_7042.jpg,dataset\Kardus\kardus_R_7042.jpg,.jpg,226,223,RGB,3.56
Kardus,kardus_R_7043.jpg,dataset\Kardus\kardus_R_7043.jpg,.jpg,243,207,RGB,9.13
Kardus,kardus_R_7045.jpg,dataset\Kardus\kardus_R_7045.jpg,.jpg,279,180,RGB,4.67
Kardus,kardus_R_7046.jpg,dataset\Kardus\kardus_R_7046.jpg,.jpg,225,225,RGB,3.83
Kardus,kardus_R_7047.jpg,dataset\Kardus\kardus_R_7047.jpg,.jpg,299,169,RGB,5.8
Kardus,kardus_R_7048.jpg,dataset\Kardus\kardus_R_7048.jpg,.jpg,239,211,RGB,3.93
Kardus,kardus_R_7050.jpg,dataset\Kardus\kardus_R_7050.jpg,.jpg,235,215,RGB,4.28
Kardus,kardus_R_7051.jpg,dataset\Kardus\kardus_R_7051.jpg,.jpg,207,244,RGB,5.0
Kardus,kardus_R_7052.jpg,dataset\Kardus\kardus_R_7052.jpg,.jpg,300,168,RGB,8.04
Kardus,kardus_R_7053.jpg,dataset\Kardus\kardus_R_7053.jpg,.jpg,225,225,RGB,3.96
Kardus,kardus_R_7054.jpg,dataset\Kardus\kardus_R_7054.jpg,.jpg,281,179,RGB,5.58
Kardus,kardus_R_7055.jpg,dataset\Kardus\kardus_R_7055.jpg,.jpg,225,225,RGB,5.05
Kardus,kardus_R_7056.jpg,dataset\Kardus\kardus_R_7056.jpg,.jpg,225,225,RGB,4.77
Kardus,kardus_R_7057.jpg,dataset\Kardus\kardus_R_7057.jpg,.jpg,293,172,RGB,6.86
Kardus,kardus_R_7058.jpg,dataset\Kardus\kardus_R_7058.jpg,.jpg,220,214,RGB,7.75
Kardus,kardus_R_7059.jpg,dataset\Kardus\kardus_R_7059.jpg,.jpg,225,225,RGB,6.64
Kardus,kardus_R_7060.jpg,dataset\Kardus\kardus_R_7060.jpg,.jpg,299,169,RGB,5.46
Kardus,kardus_R_7061.jpg,dataset\Kardus\kardus_R_7061.jpg,.jpg,240,160,RGB,2.92
Kardus,kardus_R_7062.jpg,dataset\Kardus\kardus_R_7062.jpg,.jpg,200,200,RGB,3.91
Kardus,kardus_R_7064.jpg,dataset\Kardus\kardus_R_7064.jpg,.jpg,207,243,RGB,4.14
Kardus,kardus_R_7065.jpg,dataset\Kardus\kardus_R_7065.jpg,.jpg,353,143,RGB,4.52
Kardus,kardus_R_7066.jpg,dataset\Kardus\kardus_R_7066.jpg,.jpg,225,224,RGB,3.7
Kardus,kardus_R_7067.jpg,dataset\Kardus\kardus_R_7067.jpg,.jpg,275,183,RGB,4.68
Kardus,kardus_R_7068.jpg,dataset\Kardus\kardus_R_7068.jpg,.jpg,225,225,RGB,3.28
Kardus,kardus_R_7069.jpg,dataset\Kardus\kardus_R_7069.jpg,.jpg,340,148,RGB,5.76
Kardus,kardus_R_7070.jpg,dataset\Kardus\kardus_R_7070.jpg,.jpg,244,206,RGB,6.95
Kardus,kardus_R_7071.jpg,dataset\Kardus\kardus_R_7071.jpg,.jpg,300,168,RGB,6.03
Kardus,kardus_R_7072.jpg,dataset\Kardus\kardus_R_7072.jpg,.jpg,250,189,RGB,4.48
Kardus,kardus_R_7073.jpg,dataset\Kardus\kardus_R_7073.jpg,.jpg,225,225,RGB,6.76
Kardus,kardus_R_7074.jpg,dataset\Kardus\kardus_R_7074.jpg,.jpg,259,194,RGB,6.0
Kardus,kardus_R_7075.jpg,dataset\Kardus\kardus_R_7075.jpg,.jpg,274,184,RGB,8.21
Kardus,kardus_R_7076.jpg,dataset\Kardus\kardus_R_7076.jpg,.jpg,300,168,RGB,13.69
Kardus,kardus_R_7077.jpg,dataset\Kardus\kardus_R_7077.jpg,.jpg,225,225,RGB,3.96
Kardus,kardus_R_7079.jpg,dataset\Kardus\kardus_R_7079.jpg,.jpg,374,135,RGB,5.59
Kardus,kardus_R_7080.jpg,dataset\Kardus\kardus_R_7080.jpg,.jpg,266,190,RGB,4.92
Kardus,kardus_R_7081.jpg,dataset\Kardus\kardus_R_7081.jpg,.jpg,287,175,RGB,5.66
Kardus,kardus_R_7082.jpg,dataset\Kardus\kardus_R_7082.jpg,.jpg,224,225,RGB,10.64
Kardus,kardus_R_7083.jpg,dataset\Kardus\kardus_R_7083.jpg,.jpg,225,225,RGB,5.03
Kardus,kardus_R_7084.jpg,dataset\Kardus\kardus_R_7084.jpg,.jpg,389,129,RGB,10.11
Kardus,kardus_R_7085.jpg,dataset\Kardus\kardus_R_7085.jpg,.jpg,246,205,RGB,5.01
Kardus,kardus_R_7086.jpg,dataset\Kardus\kardus_R_7086.jpg,.jpg,225,225,RGB,2.77
Kardus,kardus_R_7087.jpg,dataset\Kardus\kardus_R_7087.jpg,.jpg,299,169,RGB,5.91
Kardus,kardus_R_7088.jpg,dataset\Kardus\kardus_R_7088.jpg,.jpg,353,143,RGB,6.08
Kardus,kardus_R_7089.jpg,dataset\Kardus\kardus_R_7089.jpg,.jpg,196,257,RGB,7.93
Kardus,kardus_R_7090.jpg,dataset\Kardus\kardus_R_7090.jpg,.jpg,266,190,RGB,9.82
Kardus,kardus_R_7091.jpg,dataset\Kardus\kardus_R_7091.jpg,.jpg,225,225,RGB,6.24
Kardus,kardus_R_7092.jpg,dataset\Kardus\kardus_R_7092.jpg,.jpg,286,176,RGB,4.87
Kardus,kardus_R_7093.jpg,dataset\Kardus\kardus_R_7093.jpg,.jpg,225,225,RGB,2.88
Kardus,kardus_R_7094.jpg,dataset\Kardus\kardus_R_7094.jpg,.jpg,225,225,RGB,5.96
Kardus,kardus_R_7095.jpg,dataset\Kardus\kardus_R_7095.jpg,.jpg,215,234,RGB,5.15
Kardus,kardus_R_7097.jpg,dataset\Kardus\kardus_R_7097.jpg,.jpg,225,225,RGB,4.66
Kardus,kardus_R_7098.jpg,dataset\Kardus\kardus_R_7098.jpg,.jpg,294,171,RGB,4.16
Kardus,kardus_R_7099.jpg,dataset\Kardus\kardus_R_7099.jpg,.jpg,225,225,RGB,4.5
Kardus,kardus_R_7100.jpg,dataset\Kardus\kardus_R_7100.jpg,.jpg,225,225,RGB,3.4
Kardus,kardus_R_7101.jpg,dataset\Kardus\kardus_R_7101.jpg,.jpg,225,225,RGB,8.02
Kardus,kardus_R_7102.jpg,dataset\Kardus\kardus_R_7102.jpg,.jpg,246,205,RGB,2.36
Kardus,kardus_R_7103.jpg,dataset\Kardus\kardus_R_7103.jpg,.jpg,258,196,RGB,2.54
Kardus,kardus_R_7104.jpg,dataset\Kardus\kardus_R_7104.jpg,.jpg,207,243,RGB,9.21
Kardus,kardus_R_7106.jpg,dataset\Kardus\kardus_R_7106.jpg,.jpg,275,183,RGB,3.87
Kardus,kardus_R_7108.jpg,dataset\Kardus\kardus_R_7108.jpg,.jpg,275,183,RGB,4.1
Kardus,kardus_R_7109.jpg,dataset\Kardus\kardus_R_7109.jpg,.jpg,291,173,RGB,6.32
Kardus,kardus_R_7110.jpg,dataset\Kardus\kardus_R_7110.jpg,.jpg,225,225,RGB,6.06
Kardus,kardus_R_7112.jpg,dataset\Kardus\kardus_R_7112.jpg,.jpg,225,225,RGB,2.9
Kardus,kardus_R_7113.jpg,dataset\Kardus\kardus_R_7113.jpg,.jpg,275,183,RGB,8.88
Kardus,kardus_R_7114.jpg,dataset\Kardus\kardus_R_7114.jpg,.jpg,300,168,RGB,6.55
Kardus,kardus_R_7115.jpg,dataset\Kardus\kardus_R_7115.jpg,.jpg,290,174,RGB,3.99
Kardus,kardus_R_7116.jpg,dataset\Kardus\kardus_R_7116.jpg,.jpg,225,225,RGB,6.3
Kardus,kardus_R_7117.jpg,dataset\Kardus\kardus_R_7117.jpg,.jpg,248,203,RGB,4.2
Kardus,kardus_R_7118.jpg,dataset\Kardus\kardus_R_7118.jpg,.jpg,486,104,RGB,9.56
Kardus,kardus_R_7119.jpg,dataset\Kardus\kardus_R_7119.jpg,.jpg,225,225,RGB,3.71
Kardus,kardus_R_7121.jpg,dataset\Kardus\kardus_R_7121.jpg,.jpg,293,172,RGB,7.83
Kardus,kardus_R_7122.jpg,dataset\Kardus\kardus_R_7122.jpg,.jpg,276,182,RGB,6.11
Kardus,kardus_R_7123.jpg,dataset\Kardus\kardus_R_7123.jpg,.jpg,274,184,RGB,3.51
Kardus,kardus_R_7124.jpg,dataset\Kardus\kardus_R_7124.jpg,.jpg,225,225,RGB,5.0
Kardus,kardus_R_7125.jpg,dataset\Kardus\kardus_R_7125.jpg,.jpg,225,225,RGB,3.4
Kardus,kardus_R_7126.jpg,dataset\Kardus\kardus_R_7126.jpg,.jpg,200,200,RGB,3.32
Kardus,kardus_R_7127.jpg,dataset\Kardus\kardus_R_7127.jpg,.jpg,257,196,RGB,7.94
Kardus,kardus_R_7128.jpg,dataset\Kardus\kardus_R_7128.jpg,.jpg,225,225,RGB,5.01
Kardus,kardus_R_7129.jpg,dataset\Kardus\kardus_R_7129.jpg,.jpg,275,183,RGB,6.03
Kardus,kardus_R_7130.jpg,dataset\Kardus\kardus_R_7130.jpg,.jpg,225,225,RGB,5.88
Kardus,kardus_R_7131.jpg,dataset\Kardus\kardus_R_7131.jpg,.jpg,225,225,RGB,4.5
Kardus,kardus_R_7132.jpg,dataset\Kardus\kardus_R_7132.jpg,.jpg,275,183,RGB,9.79
Kardus,kardus_R_7133.jpg,dataset\Kardus\kardus_R_7133.jpg,.jpg,299,169,RGB,6.98
Kardus,kardus_R_7134.jpg,dataset\Kardus\kardus_R_7134.jpg,.jpg,259,194,RGB,6.04
Kardus,kardus_R_7135.jpg,dataset\Kardus\kardus_R_7135.jpg,.jpg,225,225,RGB,4.32
Kardus,kardus_R_7136.jpg,dataset\Kardus\kardus_R_7136.jpg,.jpg,225,225,RGB,6.68
Kardus,kardus_R_7137.jpg,dataset\Kardus\kardus_R_7137.jpg,.jpg,225,225,RGB,7.37
Kardus,kardus_R_7138.jpg,dataset\Kardus\kardus_R_7138.jpg,.jpg,274,184,RGB,9.26
Kardus,kardus_R_7139.jpg,dataset\Kardus\kardus_R_7139.jpg,.jpg,284,177,RGB,5.88
Kardus,kardus_R_7140.jpg,dataset\Kardus\kardus_R_7140.jpg,.jpg,275,183,RGB,4.94
Kardus,kardus_R_7141.jpg,dataset\Kardus\kardus_R_7141.jpg,.jpg,259,194,RGB,6.18
Kardus,kardus_R_7143.jpg,dataset\Kardus\kardus_R_7143.jpg,.jpg,225,225,RGB,3.97
Kardus,kardus_R_7144.jpg,dataset\Kardus\kardus_R_7144.jpg,.jpg,225,225,RGB,10.43
Kardus,kardus_R_7145.jpg,dataset\Kardus\kardus_R_7145.jpg,.jpg,225,225,RGB,5.72
Kardus,kardus_R_7148.jpg,dataset\Kardus\kardus_R_7148.jpg,.jpg,194,259,RGB,3.71
Kardus,kardus_R_7149.jpg,dataset\Kardus\kardus_R_7149.jpg,.jpg,243,208,RGB,5.1
Kardus,kardus_R_7150.jpg,dataset\Kardus\kardus_R_7150.jpg,.jpg,203,248,RGB,6.05
Kardus,kardus_R_7151.jpg,dataset\Kardus\kardus_R_7151.jpg,.jpg,245,205,RGB,4.36
Kardus,kardus_R_7152.jpg,dataset\Kardus\kardus_R_7152.jpg,.jpg,207,243,RGB,3.82
Kardus,kardus_R_7153.jpg,dataset\Kardus\kardus_R_7153.jpg,.jpg,267,189,RGB,3.25
Kardus,kardus_R_7154.jpg,dataset\Kardus\kardus_R_7154.jpg,.jpg,308,164,RGB,8.38
Kardus,kardus_R_7155.jpg,dataset\Kardus\kardus_R_7155.jpg,.jpg,374,135,RGB,4.38
Kardus,kardus_R_7156.jpg,dataset\Kardus\kardus_R_7156.jpg,.jpg,225,225,RGB,8.03
Kardus,kardus_R_7158.jpg,dataset\Kardus\kardus_R_7158.jpg,.jpg,268,188,RGB,3.98
Kardus,kardus_R_7159.jpg,dataset\Kardus\kardus_R_7159.jpg,.jpg,225,225,RGB,4.15
Kardus,kardus_R_7160.jpg,dataset\Kardus\kardus_R_7160.jpg,.jpg,267,189,RGB,4.63
Kardus,kardus_R_7161.jpg,dataset\Kardus\kardus_R_7161.jpg,.jpg,262,192,RGB,9.96
Kardus,kardus_R_7163.jpg,dataset\Kardus\kardus_R_7163.jpg,.jpg,225,225,RGB,5.58
Kardus,kardus_R_7165.jpg,dataset\Kardus\kardus_R_7165.jpg,.jpg,225,224,RGB,14.49
Kardus,kardus_R_7166.jpg,dataset\Kardus\kardus_R_7166.jpg,.jpg,249,202,RGB,8.74
Kardus,kardus_R_7167.jpg,dataset\Kardus\kardus_R_7167.jpg,.jpg,224,225,RGB,7.69
Kardus,kardus_R_7168.jpg,dataset\Kardus\kardus_R_7168.jpg,.jpg,266,189,RGB,4.94
Kardus,kardus_R_7169.jpg,dataset\Kardus\kardus_R_7169.jpg,.jpg,225,225,RGB,3.93
Kardus,kardus_R_7171.jpg,dataset\Kardus\kardus_R_7171.jpg,.jpg,219,231,RGB,3.73
Kardus,kardus_R_7172.jpg,dataset\Kardus\kardus_R_7172.jpg,.jpg,167,302,RGB,1.18
Kardus,kardus_R_7173.jpg,dataset\Kardus\kardus_R_7173.jpg,.jpg,275,183,RGB,6.46
Kardus,kardus_R_7174.jpg,dataset\Kardus\kardus_R_7174.jpg,.jpg,225,225,RGB,4.31
Kardus,kardus_R_7175.jpg,dataset\Kardus\kardus_R_7175.jpg,.jpg,200,200,RGB,5.87
Kardus,kardus_R_7176.jpg,dataset\Kardus\kardus_R_7176.jpg,.jpg,225,225,RGB,4.91
Kardus,kardus_R_7177.jpg,dataset\Kardus\kardus_R_7177.jpg,.jpg,290,174,RGB,6.97
Kardus,kardus_R_7178.jpg,dataset\Kardus\kardus_R_7178.jpg,.jpg,225,225,RGB,6.83
Kardus,kardus_R_7179.jpg,dataset\Kardus\kardus_R_7179.jpg,.jpg,275,183,RGB,5.85
Kardus,kardus_R_7180.jpg,dataset\Kardus\kardus_R_7180.jpg,.jpg,275,183,RGB,7.93
Kardus,kardus_R_7182.jpg,dataset\Kardus\kardus_R_7182.jpg,.jpg,275,183,RGB,6.27
Kardus,kardus_R_7183.jpg,dataset\Kardus\kardus_R_7183.jpg,.jpg,213,236,RGB,5.84
Kardus,kardus_R_7184.jpg,dataset\Kardus\kardus_R_7184.jpg,.jpg,243,207,RGB,8.64
Kardus,kardus_R_7185.jpg,dataset\Kardus\kardus_R_7185.jpg,.jpg,294,171,RGB,12.23
Kardus,kardus_R_7186.jpg,dataset\Kardus\kardus_R_7186.jpg,.jpg,267,189,RGB,6.69
Kardus,kardus_R_7187.jpg,dataset\Kardus\kardus_R_7187.jpg,.jpg,262,192,RGB,9.58
Kardus,kardus_R_7188.jpg,dataset\Kardus\kardus_R_7188.jpg,.jpg,386,130,RGB,5.34
Kardus,kardus_R_7189.jpg,dataset\Kardus\kardus_R_7189.jpg,.jpg,225,225,RGB,5.9
Kardus,kardus_R_7190.jpg,dataset\Kardus\kardus_R_7190.jpg,.jpg,250,136,RGB,5.78
Kardus,kardus_R_7191.jpg,dataset\Kardus\kardus_R_7191.jpg,.jpg,221,229,RGB,8.61
Kardus,kardus_R_7192.jpg,dataset\Kardus\kardus_R_7192.jpg,.jpg,275,183,RGB,6.48
Kardus,kardus_R_7193.jpg,dataset\Kardus\kardus_R_7193.jpg,.jpg,299,169,RGB,8.9
Kardus,kardus_R_7194.jpg,dataset\Kardus\kardus_R_7194.jpg,.jpg,225,225,RGB,4.97
Kardus,kardus_R_7195.jpg,dataset\Kardus\kardus_R_7195.jpg,.jpg,386,130,RGB,5.73
Kardus,kardus_R_7196.jpg,dataset\Kardus\kardus_R_7196.jpg,.jpg,334,151,RGB,4.44
Kardus,kardus_R_7197.jpg,dataset\Kardus\kardus_R_7197.jpg,.jpg,234,216,RGB,11.22
Kardus,kardus_R_7198.jpg,dataset\Kardus\kardus_R_7198.jpg,.jpg,225,225,RGB,7.67
Kardus,kardus_R_7199.jpg,dataset\Kardus\kardus_R_7199.jpg,.jpg,200,252,RGB,9.34
Kardus,kardus_R_7200.jpg,dataset\Kardus\kardus_R_7200.jpg,.jpg,252,200,RGB,3.92
Kardus,kardus_R_7201.jpg,dataset\Kardus\kardus_R_7201.jpg,.jpg,225,225,RGB,6.07
Kardus,kardus_R_7202.jpg,dataset\Kardus\kardus_R_7202.jpg,.jpg,275,183,RGB,4.83
Kardus,kardus_R_7203.jpg,dataset\Kardus\kardus_R_7203.jpg,.jpg,200,200,RGB,3.29
Kardus,kardus_R_7204.jpg,dataset\Kardus\kardus_R_7204.jpg,.jpg,269,187,RGB,6.83
Kardus,kardus_R_7205.jpg,dataset\Kardus\kardus_R_7205.jpg,.jpg,259,194,RGB,6.85
Kardus,kardus_R_7206.jpg,dataset\Kardus\kardus_R_7206.jpg,.jpg,187,250,RGB,6.45
Kardus,kardus_R_7207.jpg,dataset\Kardus\kardus_R_7207.jpg,.jpg,290,174,RGB,8.46
Kardus,kardus_R_7208.jpg,dataset\Kardus\kardus_R_7208.jpg,.jpg,289,174,RGB,4.36
Kardus,kardus_R_7209.jpg,dataset\Kardus\kardus_R_7209.jpg,.jpg,225,225,RGB,4.95
Kardus,kardus_R_7210.jpg,dataset\Kardus\kardus_R_7210.jpg,.jpg,328,154,RGB,8.38
Kardus,kardus_R_7211.jpg,dataset\Kardus\kardus_R_7211.jpg,.jpg,263,192,RGB,5.0
Kardus,kardus_R_7212.jpg,dataset\Kardus\kardus_R_7212.jpg,.jpg,299,169,RGB,7.33
Kardus,kardus_R_7213.jpg,dataset\Kardus\kardus_R_7213.jpg,.jpg,197,256,RGB,10.59
Kardus,kardus_R_7214.jpg,dataset\Kardus\kardus_R_7214.jpg,.jpg,259,194,RGB,7.55
Kardus,kardus_R_7215.jpg,dataset\Kardus\kardus_R_7215.jpg,.jpg,370,136,RGB,4.65
Kardus,kardus_R_7216.jpg,dataset\Kardus\kardus_R_7216.jpg,.jpg,299,168,RGB,12.48
Kardus,kardus_R_7217.jpg,dataset\Kardus\kardus_R_7217.jpg,.jpg,225,225,RGB,7.46
Kardus,kardus_R_7218.jpg,dataset\Kardus\kardus_R_7218.jpg,.jpg,290,174,RGB,8.66
Kardus,kardus_R_7219.jpg,dataset\Kardus\kardus_R_7219.jpg,.jpg,266,189,RGB,4.61
Kardus,kardus_R_7220.jpg,dataset\Kardus\kardus_R_7220.jpg,.jpg,259,194,RGB,3.13
Kardus,kardus_R_7221.jpg,dataset\Kardus\kardus_R_7221.jpg,.jpg,309,163,RGB,6.79
Kardus,kardus_R_7222.jpg,dataset\Kardus\kardus_R_7222.jpg,.jpg,334,151,RGB,14.45
Kardus,kardus_R_7223.jpg,dataset\Kardus\kardus_R_7223.jpg,.jpg,384,131,RGB,7.9
Kardus,kardus_R_7224.jpg,dataset\Kardus\kardus_R_7224.jpg,.jpg,275,183,RGB,4.54
Kardus,kardus_R_7225.jpg,dataset\Kardus\kardus_R_7225.jpg,.jpg,242,208,RGB,6.19
Kardus,kardus_R_7229.jpg,dataset\Kardus\kardus_R_7229.jpg,.jpg,225,225,RGB,7.26
Kardus,kardus_R_7230.jpg,dataset\Kardus\kardus_R_7230.jpg,.jpg,208,242,RGB,6.03
Kardus,kardus_R_7231.jpg,dataset\Kardus\kardus_R_7231.jpg,.jpg,225,225,RGB,3.05
Kardus,kardus_R_7232.jpg,dataset\Kardus\kardus_R_7232.jpg,.jpg,256,197,RGB,5.99
Kardus,kardus_R_7233.jpg,dataset\Kardus\kardus_R_7233.jpg,.jpg,263,191,RGB,3.84
Kertas,kertas_R_2848.jpg,dataset\Kertas\kertas_R_2848.jpg,.jpg,275,183,RGB,15.25
Kertas,kertas_R_2849.jpg,dataset\Kertas\kertas_R_2849.jpg,.jpg,200,252,RGB,13.56
Kertas,kertas_R_2850.jpg,dataset\Kertas\kertas_R_2850.jpg,.jpg,225,225,RGB,13.11
Kertas,kertas_R_2851.jpg,dataset\Kertas\kertas_R_2851.jpg,.jpg,225,225,RGB,10.22
Kertas,kertas_R_2852.jpg,dataset\Kertas\kertas_R_2852.jpg,.jpg,225,225,RGB,10.54
Kertas,kertas_R_2853.jpg,dataset\Kertas\kertas_R_2853.jpg,.jpg,259,194,RGB,12.55
Kertas,kertas_R_2854.jpg,dataset\Kertas\kertas_R_2854.jpg,.jpg,285,177,RGB,11.48
Kertas,kertas_R_2855.jpg,dataset\Kertas\kertas_R_2855.jpg,.jpg,284,177,RGB,9.25
Kertas,kertas_R_2856.jpg,dataset\Kertas\kertas_R_2856.jpg,.jpg,170,240,RGB,14.04
Kertas,kertas_R_2857.jpg,dataset\Kertas\kertas_R_2857.jpg,.jpg,300,168,RGB,15.67
Kertas,kertas_R_2858.jpg,dataset\Kertas\kertas_R_2858.jpg,.jpg,194,259,RGB,11.74
Kertas,kertas_R_2859.jpg,dataset\Kertas\kertas_R_2859.jpg,.jpg,300,168,RGB,6.42
Kertas,kertas_R_2860.jpg,dataset\Kertas\kertas_R_2860.jpg,.jpg,252,200,RGB,12.46
Kertas,kertas_R_2861.jpg,dataset\Kertas\kertas_R_2861.jpg,.jpg,249,202,RGB,5.47
Kertas,kertas_R_2862.jpg,dataset\Kertas\kertas_R_2862.jpg,.jpg,254,199,RGB,13.85
Kertas,kertas_R_2863.jpg,dataset\Kertas\kertas_R_2863.jpg,.jpg,314,161,RGB,15.66
Kertas,kertas_R_2864.jpg,dataset\Kertas\kertas_R_2864.jpg,.jpg,274,184,RGB,15.15
Kertas,kertas_R_2865.jpg,dataset\Kertas\kertas_R_2865.jpg,.jpg,318,159,RGB,11.93
Kertas,kertas_R_2866.jpg,dataset\Kertas\kertas_R_2866.jpg,.jpg,277,182,RGB,13.82
Kertas,kertas_R_2867.jpg,dataset\Kertas\kertas_R_2867.jpg,.jpg,183,275,RGB,16.13
Kertas,kertas_R_2868.jpg,dataset\Kertas\kertas_R_2868.jpg,.jpg,199,254,RGB,17.16
Kertas,kertas_R_2869.jpg,dataset\Kertas\kertas_R_2869.jpg,.jpg,230,219,RGB,12.05
Kertas,kertas_R_2870.jpg,dataset\Kertas\kertas_R_2870.jpg,.jpg,275,183,RGB,9.85
Kertas,kertas_R_2871.jpg,dataset\Kertas\kertas_R_2871.jpg,.jpg,282,179,RGB,10.81
Kertas,kertas_R_2872.jpg,dataset\Kertas\kertas_R_2872.jpg,.jpg,300,168,RGB,12.54
Kertas,kertas_R_2873.jpg,dataset\Kertas\kertas_R_2873.jpg,.jpg,225,225,RGB,9.32
Kertas,kertas_R_2874.jpg,dataset\Kertas\kertas_R_2874.jpg,.jpg,225,225,RGB,7.88
Kertas,kertas_R_2875.jpg,dataset\Kertas\kertas_R_2875.jpg,.jpg,270,186,RGB,6.99
Kertas,kertas_R_2876.jpg,dataset\Kertas\kertas_R_2876.jpg,.jpg,247,204,RGB,13.28
Kertas,kertas_R_2877.jpg,dataset\Kertas\kertas_R_2877.jpg,.jpg,198,254,RGB,13.91
Kertas,kertas_R_2878.jpg,dataset\Kertas\kertas_R_2878.jpg,.jpg,200,252,RGB,16.72
Kertas,kertas_R_2879.jpg,dataset\Kertas\kertas_R_2879.jpg,.jpg,276,183,RGB,12.88
Kertas,kertas_R_2880.jpg,dataset\Kertas\kertas_R_2880.jpg,.jpg,284,177,RGB,18.25
Kertas,kertas_R_2881.jpg,dataset\Kertas\kertas_R_2881.jpg,.jpg,256,197,RGB,11.81
Kertas,kertas_R_2882.jpg,dataset\Kertas\kertas_R_2882.jpg,.jpg,259,194,RGB,6.77
Kertas,kertas_R_2883.jpg,dataset\Kertas\kertas_R_2883.jpg,.jpg,259,194,RGB,10.96
Kertas,kertas_R_2884.jpg,dataset\Kertas\kertas_R_2884.jpg,.jpg,299,168,RGB,6.83
Kertas,kertas_R_2885.jpg,dataset\Kertas\kertas_R_2885.jpg,.jpg,275,183,RGB,10.59
Kertas,kertas_R_2886.jpg,dataset\Kertas\kertas_R_2886.jpg,.jpg,248,203,RGB,9.56
Kertas,kertas_R_2887.jpg,dataset\Kertas\kertas_R_2887.jpg,.jpg,240,210,RGB,5.86
Kertas,kertas_R_2888.jpg,dataset\Kertas\kertas_R_2888.jpg,.jpg,274,184,RGB,15.93
Kertas,kertas_R_2889.jpg,dataset\Kertas\kertas_R_2889.jpg,.jpg,286,176,RGB,9.3
Kertas,kertas_R_2890.jpg,dataset\Kertas\kertas_R_2890.jpg,.jpg,302,167,RGB,12.09
Kertas,kertas_R_2891.jpg,dataset\Kertas\kertas_R_2891.jpg,.jpg,267,189,RGB,13.24
Kertas,kertas_R_2892.jpg,dataset\Kertas\kertas_R_2892.jpg,.jpg,259,194,RGB,13.25
Kertas,kertas_R_2893.jpg,dataset\Kertas\kertas_R_2893.jpg,.jpg,304,166,RGB,14.9
Kertas,kertas_R_2894.jpg,dataset\Kertas\kertas_R_2894.jpg,.jpg,225,225,RGB,12.57
Kertas,kertas_R_2895.jpg,dataset\Kertas\kertas_R_2895.jpg,.jpg,239,211,RGB,10.6
Kertas,kertas_R_2896.jpg,dataset\Kertas\kertas_R_2896.jpg,.jpg,259,194,RGB,7.14
Kertas,kertas_R_2897.jpg,dataset\Kertas\kertas_R_2897.jpg,.jpg,273,185,RGB,16.5
Kertas,kertas_R_2898.jpg,dataset\Kertas\kertas_R_2898.jpg,.jpg,300,168,RGB,16.25
Kertas,kertas_R_2899.jpg,dataset\Kertas\kertas_R_2899.jpg,.jpg,336,150,RGB,9.42
Kertas,kertas_R_2900.jpg,dataset\Kertas\kertas_R_2900.jpg,.jpg,266,190,RGB,11.34
Kertas,kertas_R_2901.jpg,dataset\Kertas\kertas_R_2901.jpg,.jpg,275,183,RGB,4.94
Kertas,kertas_R_2902.jpg,dataset\Kertas\kertas_R_2902.jpg,.jpg,219,230,RGB,17.25
Kertas,kertas_R_2903.jpg,dataset\Kertas\kertas_R_2903.jpg,.jpg,275,183,RGB,9.95
Kertas,kertas_R_2904.jpg,dataset\Kertas\kertas_R_2904.jpg,.jpg,284,178,RGB,16.16
Kertas,kertas_R_2905.jpg,dataset\Kertas\kertas_R_2905.jpg,.jpg,225,225,RGB,12.11
Kertas,kertas_R_2906.jpg,dataset\Kertas\kertas_R_2906.jpg,.jpg,291,173,RGB,7.23
Kertas,kertas_R_2907.jpg,dataset\Kertas\kertas_R_2907.jpg,.jpg,250,202,RGB,9.22
Kertas,kertas_R_2908.jpg,dataset\Kertas\kertas_R_2908.jpg,.jpg,318,159,RGB,6.05
Kertas,kertas_R_2909.jpg,dataset\Kertas\kertas_R_2909.jpg,.jpg,310,163,RGB,10.79
Kertas,kertas_R_2910.jpg,dataset\Kertas\kertas_R_2910.jpg,.jpg,181,279,RGB,15.6
Kertas,kertas_R_2911.jpg,dataset\Kertas\kertas_R_2911.jpg,.jpg,201,250,RGB,13.21
Kertas,kertas_R_2912.jpg,dataset\Kertas\kertas_R_2912.jpg,.jpg,279,181,RGB,15.11
Kertas,kertas_R_2913.jpg,dataset\Kertas\kertas_R_2913.jpg,.jpg,300,168,RGB,16.9
Kertas,kertas_R_2914.jpg,dataset\Kertas\kertas_R_2914.jpg,.jpg,240,210,RGB,10.27
Kertas,kertas_R_2915.jpg,dataset\Kertas\kertas_R_2915.jpg,.jpg,199,253,RGB,15.08
Kertas,kertas_R_2916.jpg,dataset\Kertas\kertas_R_2916.jpg,.jpg,276,183,RGB,5.26
Kertas,kertas_R_2917.jpg,dataset\Kertas\kertas_R_2917.jpg,.jpg,308,163,RGB,7.41
Kertas,kertas_R_2918.jpg,dataset\Kertas\kertas_R_2918.jpg,.jpg,259,194,RGB,12.36
Kertas,kertas_R_2919.jpg,dataset\Kertas\kertas_R_2919.jpg,.jpg,275,183,RGB,12.28
Kertas,kertas_R_2920.jpg,dataset\Kertas\kertas_R_2920.jpg,.jpg,300,168,RGB,9.03
Kertas,kertas_R_2921.jpg,dataset\Kertas\kertas_R_2921.jpg,.jpg,276,183,RGB,12.24
Kertas,kertas_R_2922.jpg,dataset\Kertas\kertas_R_2922.jpg,.jpg,311,162,RGB,17.67
Kertas,kertas_R_2923.jpg,dataset\Kertas\kertas_R_2923.jpg,.jpg,301,167,RGB,14.68
Kertas,kertas_R_2924.jpg,dataset\Kertas\kertas_R_2924.jpg,.jpg,183,276,RGB,18.8
Kertas,kertas_R_2925.jpg,dataset\Kertas\kertas_R_2925.jpg,.jpg,275,183,RGB,4.31
Kertas,kertas_R_2926.jpg,dataset\Kertas\kertas_R_2926.jpg,.jpg,225,225,RGB,15.26
Kertas,kertas_R_2927.jpg,dataset\Kertas\kertas_R_2927.jpg,.jpg,261,193,RGB,13.97
Kertas,kertas_R_2928.jpg,dataset\Kertas\kertas_R_2928.jpg,.jpg,268,188,RGB,17.34
Kertas,kertas_R_2929.jpg,dataset\Kertas\kertas_R_2929.jpg,.jpg,314,161,RGB,14.44
Kertas,kertas_R_2930.jpg,dataset\Kertas\kertas_R_2930.jpg,.jpg,254,198,RGB,12.13
Kertas,kertas_R_2931.jpg,dataset\Kertas\kertas_R_2931.jpg,.jpg,267,189,RGB,14.58
Kertas,kertas_R_2932.jpg,dataset\Kertas\kertas_R_2932.jpg,.jpg,259,194,RGB,12.06
Kertas,kertas_R_2933.jpg,dataset\Kertas\kertas_R_2933.jpg,.jpg,310,162,RGB,11.85
Kertas,kertas_R_2934.jpg,dataset\Kertas\kertas_R_2934.jpg,.jpg,259,195,RGB,8.5
Kertas,kertas_R_2935.jpg,dataset\Kertas\kertas_R_2935.jpg,.jpg,311,162,RGB,5.98
Kertas,kertas_R_2936.jpg,dataset\Kertas\kertas_R_2936.jpg,.jpg,279,180,RGB,14.63
Kertas,kertas_R_2937.jpg,dataset\Kertas\kertas_R_2937.jpg,.jpg,200,253,RGB,12.28
Kertas,kertas_R_2938.jpg,dataset\Kertas\kertas_R_2938.jpg,.jpg,267,189,RGB,13.56
Kertas,kertas_R_2939.jpg,dataset\Kertas\kertas_R_2939.jpg,.jpg,279,180,RGB,12.21
Kertas,kertas_R_2940.jpg,dataset\Kertas\kertas_R_2940.jpg,.jpg,292,172,RGB,14.96
Kertas,kertas_R_2941.jpg,dataset\Kertas\kertas_R_2941.jpg,.jpg,187,270,RGB,15.3
Kertas,kertas_R_2942.jpg,dataset\Kertas\kertas_R_2942.jpg,.jpg,234,216,RGB,17.0
Kertas,kertas_R_2943.jpg,dataset\Kertas\kertas_R_2943.jpg,.jpg,206,245,RGB,8.59
Kertas,kertas_R_2944.jpg,dataset\Kertas\kertas_R_2944.jpg,.jpg,240,210,RGB,5.12
Kertas,kertas_R_2945.jpg,dataset\Kertas\kertas_R_2945.jpg,.jpg,259,194,RGB,11.24
Kertas,kertas_R_2946.jpg,dataset\Kertas\kertas_R_2946.jpg,.jpg,344,146,RGB,17.34
Kertas,kertas_R_2947.jpg,dataset\Kertas\kertas_R_2947.jpg,.jpg,275,183,RGB,14.71
Kertas,kertas_R_2948.jpg,dataset\Kertas\kertas_R_2948.jpg,.jpg,342,147,RGB,10.33
Kertas,kertas_R_2949.jpg,dataset\Kertas\kertas_R_2949.jpg,.jpg,275,183,RGB,14.15
Kertas,kertas_R_2950.jpg,dataset\Kertas\kertas_R_2950.jpg,.jpg,236,214,RGB,14.42
Kertas,kertas_R_2951.jpg,dataset\Kertas\kertas_R_2951.jpg,.jpg,311,162,RGB,6.51
Kertas,kertas_R_2952.jpg,dataset\Kertas\kertas_R_2952.jpg,.jpg,247,204,RGB,7.33
Kertas,kertas_R_2953.jpg,dataset\Kertas\kertas_R_2953.jpg,.jpg,274,184,RGB,11.79
Kertas,kertas_R_2954.jpg,dataset\Kertas\kertas_R_2954.jpg,.jpg,259,194,RGB,6.7
Kertas,kertas_R_2955.jpg,dataset\Kertas\kertas_R_2955.jpg,.jpg,259,194,RGB,15.51
Kertas,kertas_R_2956.jpg,dataset\Kertas\kertas_R_2956.jpg,.jpg,300,168,RGB,14.16
Kertas,kertas_R_2957.jpg,dataset\Kertas\kertas_R_2957.jpg,.jpg,275,183,RGB,14.75
Kertas,kertas_R_2958.jpg,dataset\Kertas\kertas_R_2958.jpg,.jpg,265,190,RGB,7.79
Kertas,kertas_R_2959.jpg,dataset\Kertas\kertas_R_2959.jpg,.jpg,259,195,RGB,8.43
Kertas,kertas_R_2960.jpg,dataset\Kertas\kertas_R_2960.jpg,.jpg,180,281,RGB,17.47
Kertas,kertas_R_2961.jpg,dataset\Kertas\kertas_R_2961.jpg,.jpg,256,197,RGB,14.3
Kertas,kertas_R_2962.jpg,dataset\Kertas\kertas_R_2962.jpg,.jpg,284,177,RGB,7.56
Kertas,kertas_R_2963.jpg,dataset\Kertas\kertas_R_2963.jpg,.jpg,216,233,RGB,14.19
Kertas,kertas_R_2964.jpg,dataset\Kertas\kertas_R_2964.jpg,.jpg,193,261,RGB,15.89
Kertas,kertas_R_2965.jpg,dataset\Kertas\kertas_R_2965.jpg,.jpg,283,178,RGB,14.01
Kertas,kertas_R_2966.jpg,dataset\Kertas\kertas_R_2966.jpg,.jpg,189,267,RGB,11.43
Kertas,kertas_R_2967.jpg,dataset\Kertas\kertas_R_2967.jpg,.jpg,301,167,RGB,25.1
Kertas,kertas_R_2968.jpg,dataset\Kertas\kertas_R_2968.jpg,.jpg,259,194,RGB,11.94
Kertas,kertas_R_2969.jpg,dataset\Kertas\kertas_R_2969.jpg,.jpg,180,280,RGB,14.95
Kertas,kertas_R_2970.jpg,dataset\Kertas\kertas_R_2970.jpg,.jpg,185,273,RGB,8.63
Kertas,kertas_R_2971.jpg,dataset\Kertas\kertas_R_2971.jpg,.jpg,222,227,RGB,11.51
Kertas,kertas_R_2972.jpg,dataset\Kertas\kertas_R_2972.jpg,.jpg,186,271,RGB,13.91
Kertas,kertas_R_2973.jpg,dataset\Kertas\kertas_R_2973.jpg,.jpg,267,189,RGB,12.46
Kertas,kertas_R_2974.jpg,dataset\Kertas\kertas_R_2974.jpg,.jpg,300,168,RGB,13.67
Kertas,kertas_R_2975.jpg,dataset\Kertas\kertas_R_2975.jpg,.jpg,259,194,RGB,8.56
Kertas,kertas_R_2976.jpg,dataset\Kertas\kertas_R_2976.jpg,.jpg,206,245,RGB,8.33
Kertas,kertas_R_2977.jpg,dataset\Kertas\kertas_R_2977.jpg,.jpg,225,225,RGB,6.9
Kertas,kertas_R_2978.jpg,dataset\Kertas\kertas_R_2978.jpg,.jpg,252,200,RGB,10.39
Kertas,kertas_R_2979.jpg,dataset\Kertas\kertas_R_2979.jpg,.jpg,308,164,RGB,14.95
Kertas,kertas_R_2980.jpg,dataset\Kertas\kertas_R_2980.jpg,.jpg,365,138,RGB,6.31
Kertas,kertas_R_2981.jpg,dataset\Kertas\kertas_R_2981.jpg,.jpg,193,261,RGB,13.71
Kertas,kertas_R_2982.jpg,dataset\Kertas\kertas_R_2982.jpg,.jpg,308,163,RGB,7.1
Kertas,kertas_R_2983.jpg,dataset\Kertas\kertas_R_2983.jpg,.jpg,194,260,RGB,11.95
Kertas,kertas_R_2984.jpg,dataset\Kertas\kertas_R_2984.jpg,.jpg,261,193,RGB,7.87
Kertas,kertas_R_2985.jpg,dataset\Kertas\kertas_R_2985.jpg,.jpg,201,250,RGB,14.91
Kertas,kertas_R_2986.jpg,dataset\Kertas\kertas_R_2986.jpg,.jpg,300,168,RGB,17.34
Kertas,kertas_R_2987.jpg,dataset\Kertas\kertas_R_2987.jpg,.jpg,295,171,RGB,9.22
Kertas,kertas_R_2988.jpg,dataset\Kertas\kertas_R_2988.jpg,.jpg,253,199,RGB,10.62
Kertas,kertas_R_2989.jpg,dataset\Kertas\kertas_R_2989.jpg,.jpg,275,183,RGB,18.01
Kertas,kertas_R_2990.jpg,dataset\Kertas\kertas_R_2990.jpg,.jpg,181,279,RGB,14.12
Kertas,kertas_R_2991.jpg,dataset\Kertas\kertas_R_2991.jpg,.jpg,191,264,RGB,13.91
Kertas,kertas_R_2992.jpg,dataset\Kertas\kertas_R_2992.jpg,.jpg,195,259,RGB,11.57
Kertas,kertas_R_2993.jpg,dataset\Kertas\kertas_R_2993.jpg,.jpg,259,194,RGB,8.0
Kertas,kertas_R_2994.jpg,dataset\Kertas\kertas_R_2994.jpg,.jpg,293,172,RGB,14.85
Kertas,kertas_R_2995.jpg,dataset\Kertas\kertas_R_2995.jpg,.jpg,185,273,RGB,11.07
Kertas,kertas_R_2996.jpg,dataset\Kertas\kertas_R_2996.jpg,.jpg,246,205,RGB,13.73
Kertas,kertas_R_2997.jpg,dataset\Kertas\kertas_R_2997.jpg,.jpg,284,177,RGB,12.71
Kertas,kertas_R_2998.jpg,dataset\Kertas\kertas_R_2998.jpg,.jpg,218,232,RGB,12.88
Kertas,kertas_R_2999.jpg,dataset\Kertas\kertas_R_2999.jpg,.jpg,225,225,RGB,9.87
Kertas,kertas_R_3000.jpg,dataset\Kertas\kertas_R_3000.jpg,.jpg,200,252,RGB,9.55
Kertas,kertas_R_3001.jpg,dataset\Kertas\kertas_R_3001.jpg,.jpg,225,225,RGB,7.65
Kertas,kertas_R_3002.jpg,dataset\Kertas\kertas_R_3002.jpg,.jpg,300,168,RGB,16.36
Kertas,kertas_R_3003.jpg,dataset\Kertas\kertas_R_3003.jpg,.jpg,225,225,RGB,13.66
Kertas,kertas_R_3004.jpg,dataset\Kertas\kertas_R_3004.jpg,.jpg,178,283,RGB,13.9
Kertas,kertas_R_3005.jpg,dataset\Kertas\kertas_R_3005.jpg,.jpg,225,225,RGB,6.92
Kertas,kertas_R_3006.jpg,dataset\Kertas\kertas_R_3006.jpg,.jpg,309,163,RGB,7.14
Kertas,kertas_R_3007.jpg,dataset\Kertas\kertas_R_3007.jpg,.jpg,191,264,RGB,17.33
Kertas,kertas_R_3008.jpg,dataset\Kertas\kertas_R_3008.jpg,.jpg,290,174,RGB,6.93
Kertas,kertas_R_3009.jpg,dataset\Kertas\kertas_R_3009.jpg,.jpg,255,198,RGB,9.73
Kertas,kertas_R_3010.jpg,dataset\Kertas\kertas_R_3010.jpg,.jpg,193,262,RGB,8.64
Kertas,kertas_R_3011.jpg,dataset\Kertas\kertas_R_3011.jpg,.jpg,323,156,RGB,11.27
Kertas,kertas_R_3012.jpg,dataset\Kertas\kertas_R_3012.jpg,.jpg,299,168,RGB,13.52
Kertas,kertas_R_3013.jpg,dataset\Kertas\kertas_R_3013.jpg,.jpg,283,178,RGB,7.72
Kertas,kertas_R_3014.jpg,dataset\Kertas\kertas_R_3014.jpg,.jpg,214,236,RGB,7.19
Kertas,kertas_R_3015.jpg,dataset\Kertas\kertas_R_3015.jpg,.jpg,205,246,RGB,12.68
Kertas,kertas_R_3016.jpg,dataset\Kertas\kertas_R_3016.jpg,.jpg,238,211,RGB,8.59
Kertas,kertas_R_3017.jpg,dataset\Kertas\kertas_R_3017.jpg,.jpg,490,103,RGB,14.33
Kertas,kertas_R_3018.jpg,dataset\Kertas\kertas_R_3018.jpg,.jpg,277,182,RGB,9.51
Kertas,kertas_R_3019.jpg,dataset\Kertas\kertas_R_3019.jpg,.jpg,274,184,RGB,9.86
Kertas,kertas_R_3020.jpg,dataset\Kertas\kertas_R_3020.jpg,.jpg,241,209,RGB,17.1
Kertas,kertas_R_3021.jpg,dataset\Kertas\kertas_R_3021.jpg,.jpg,310,162,RGB,17.53
Kertas,kertas_R_3022.jpg,dataset\Kertas\kertas_R_3022.jpg,.jpg,191,264,RGB,13.08
Kertas,kertas_R_3023.jpg,dataset\Kertas\kertas_R_3023.jpg,.jpg,318,159,RGB,10.29
Kertas,kertas_R_3024.jpg,dataset\Kertas\kertas_R_3024.jpg,.jpg,178,283,RGB,15.28
Kertas,kertas_R_3025.jpg,dataset\Kertas\kertas_R_3025.jpg,.jpg,225,225,RGB,8.54
Kertas,kertas_R_3026.jpg,dataset\Kertas\kertas_R_3026.jpg,.jpg,244,207,RGB,8.67
Kertas,kertas_R_3027.jpg,dataset\Kertas\kertas_R_3027.jpg,.jpg,271,186,RGB,9.32
Kertas,kertas_R_3028.jpg,dataset\Kertas\kertas_R_3028.jpg,.jpg,188,268,RGB,10.09
Kertas,kertas_R_3029.jpg,dataset\Kertas\kertas_R_3029.jpg,.jpg,225,225,RGB,17.49
Kertas,kertas_R_3030.jpg,dataset\Kertas\kertas_R_3030.jpg,.jpg,259,194,RGB,24.94
Kertas,kertas_R_3031.jpg,dataset\Kertas\kertas_R_3031.jpg,.jpg,186,270,RGB,12.65
Kertas,kertas_R_3032.jpg,dataset\Kertas\kertas_R_3032.jpg,.jpg,180,281,RGB,17.47
Kertas,kertas_R_3033.jpg,dataset\Kertas\kertas_R_3033.jpg,.jpg,180,280,RGB,15.66
Kertas,kertas_R_3034.jpg,dataset\Kertas\kertas_R_3034.jpg,.jpg,266,190,RGB,9.74
Kertas,kertas_R_3035.jpg,dataset\Kertas\kertas_R_3035.jpg,.jpg,273,184,RGB,8.4
Kertas,kertas_R_3036.jpg,dataset\Kertas\kertas_R_3036.jpg,.jpg,186,271,RGB,17.23
Kertas,kertas_R_3037.jpg,dataset\Kertas\kertas_R_3037.jpg,.jpg,188,268,RGB,14.6
Kertas,kertas_R_3038.jpg,dataset\Kertas\kertas_R_3038.jpg,.jpg,191,265,RGB,20.03
Kertas,kertas_R_3039.jpg,dataset\Kertas\kertas_R_3039.jpg,.jpg,197,256,RGB,13.39
Kertas,kertas_R_3040.jpg,dataset\Kertas\kertas_R_3040.jpg,.jpg,225,225,RGB,16.92
Kertas,kertas_R_3041.jpg,dataset\Kertas\kertas_R_3041.jpg,.jpg,175,287,RGB,16.68
Kertas,kertas_R_3042.jpg,dataset\Kertas\kertas_R_3042.jpg,.jpg,287,175,RGB,10.28
Kertas,kertas_R_3043.jpg,dataset\Kertas\kertas_R_3043.jpg,.jpg,259,194,RGB,15.42
Kertas,kertas_R_3044.jpg,dataset\Kertas\kertas_R_3044.jpg,.jpg,237,213,RGB,9.64
Kertas,kertas_R_3045.jpg,dataset\Kertas\kertas_R_3045.jpg,.jpg,176,286,RGB,14.95
Kertas,kertas_R_3046.jpg,dataset\Kertas\kertas_R_3046.jpg,.jpg,302,167,RGB,12.35
Kertas,kertas_R_3047.jpg,dataset\Kertas\kertas_R_3047.jpg,.jpg,259,194,RGB,7.64
Kertas,kertas_R_3048.jpg,dataset\Kertas\kertas_R_3048.jpg,.jpg,318,159,RGB,13.54
Kertas,kertas_R_3049.jpg,dataset\Kertas\kertas_R_3049.jpg,.jpg,290,174,RGB,10.24
Kertas,kertas_R_3050.jpg,dataset\Kertas\kertas_R_3050.jpg,.jpg,225,225,RGB,13.74
Kertas,kertas_R_3051.jpg,dataset\Kertas\kertas_R_3051.jpg,.jpg,270,186,RGB,6.49
Kertas,kertas_R_3052.jpg,dataset\Kertas\kertas_R_3052.jpg,.jpg,225,225,RGB,4.94
Kertas,kertas_R_3053.jpg,dataset\Kertas\kertas_R_3053.jpg,.jpg,162,312,RGB,14.99
Kertas,kertas_R_3054.jpg,dataset\Kertas\kertas_R_3054.jpg,.jpg,263,191,RGB,15.17
Kertas,kertas_R_3055.jpg,dataset\Kertas\kertas_R_3055.jpg,.jpg,314,161,RGB,14.02
Kertas,kertas_R_3056.jpg,dataset\Kertas\kertas_R_3056.jpg,.jpg,180,281,RGB,16.5
Kertas,kertas_R_3057.jpg,dataset\Kertas\kertas_R_3057.jpg,.jpg,188,268,RGB,17.78
Kertas,kertas_R_3058.jpg,dataset\Kertas\kertas_R_3058.jpg,.jpg,241,209,RGB,9.53
Kertas,kertas_R_3059.jpg,dataset\Kertas\kertas_R_3059.jpg,.jpg,176,287,RGB,17.64
Kertas,kertas_R_3060.jpg,dataset\Kertas\kertas_R_3060.jpg,.jpg,194,259,RGB,12.11
Kertas,kertas_R_3061.jpg,dataset\Kertas\kertas_R_3061.jpg,.jpg,299,168,RGB,6.02
Kertas,kertas_R_3062.jpg,dataset\Kertas\kertas_R_3062.jpg,.jpg,274,184,RGB,12.76
Kertas,kertas_R_3063.jpg,dataset\Kertas\kertas_R_3063.jpg,.jpg,252,200,RGB,10.81
Kertas,kertas_R_3064.jpg,dataset\Kertas\kertas_R_3064.jpg,.jpg,186,271,RGB,14.09
Kertas,kertas_R_3065.jpg,dataset\Kertas\kertas_R_3065.jpg,.jpg,180,280,RGB,15.1
Kertas,kertas_R_3066.jpg,dataset\Kertas\kertas_R_3066.jpg,.jpg,225,225,RGB,9.9
Kertas,kertas_R_3067.jpg,dataset\Kertas\kertas_R_3067.jpg,.jpg,259,194,RGB,12.35
Kertas,kertas_R_3068.jpg,dataset\Kertas\kertas_R_3068.jpg,.jpg,262,193,RGB,3.44
Kertas,kertas_R_3069.jpg,dataset\Kertas\kertas_R_3069.jpg,.jpg,280,180,RGB,8.29
Kertas,kertas_R_3070.jpg,dataset\Kertas\kertas_R_3070.jpg,.jpg,255,198,RGB,9.19
Kertas,kertas_R_3071.jpg,dataset\Kertas\kertas_R_3071.jpg,.jpg,258,195,RGB,13.99
Kertas,kertas_R_3072.jpg,dataset\Kertas\kertas_R_3072.jpg,.jpg,178,283,RGB,14.97
Kertas,kertas_R_3073.jpg,dataset\Kertas\kertas_R_3073.jpg,.jpg,279,181,RGB,9.35
Kertas,kertas_R_3074.jpg,dataset\Kertas\kertas_R_3074.jpg,.jpg,261,193,RGB,4.65
Kertas,kertas_R_3075.jpg,dataset\Kertas\kertas_R_3075.jpg,.jpg,225,225,RGB,16.46
Kertas,kertas_R_3076.jpg,dataset\Kertas\kertas_R_3076.jpg,.jpg,251,201,RGB,13.68
Kertas,kertas_R_3077.jpg,dataset\Kertas\kertas_R_3077.jpg,.jpg,180,280,RGB,12.34
Kertas,kertas_R_3078.jpg,dataset\Kertas\kertas_R_3078.jpg,.jpg,191,264,RGB,8.29
Kertas,kertas_R_3079.jpg,dataset\Kertas\kertas_R_3079.jpg,.jpg,246,205,RGB,15.66
Kertas,kertas_R_3080.jpg,dataset\Kertas\kertas_R_3080.jpg,.jpg,266,189,RGB,12.12
Kertas,kertas_R_3081.jpg,dataset\Kertas\kertas_R_3081.jpg,.jpg,189,267,RGB,12.21
Kertas,kertas_R_3082.jpg,dataset\Kertas\kertas_R_3082.jpg,.jpg,196,257,RGB,16.22
Kertas,kertas_R_3083.jpg,dataset\Kertas\kertas_R_3083.jpg,.jpg,204,247,RGB,9.42
Kertas,kertas_R_3084.jpg,dataset\Kertas\kertas_R_3084.jpg,.jpg,299,168,RGB,11.87
Kertas,kertas_R_3085.jpg,dataset\Kertas\kertas_R_3085.jpg,.jpg,180,281,RGB,13.24
Kertas,kertas_R_3086.jpg,dataset\Kertas\kertas_R_3086.jpg,.jpg,225,225,RGB,6.65
Kertas,kertas_R_3087.jpg,dataset\Kertas\kertas_R_3087.jpg,.jpg,275,183,RGB,6.43
Kertas,kertas_R_3088.jpg,dataset\Kertas\kertas_R_3088.jpg,.jpg,296,170,RGB,4.33
Kertas,kertas_R_3089.jpg,dataset\Kertas\kertas_R_3089.jpg,.jpg,262,177,RGB,13.97
Kertas,kertas_R_3090.jpg,dataset\Kertas\kertas_R_3090.jpg,.jpg,198,255,RGB,14.81
Kertas,kertas_R_3091.jpg,dataset\Kertas\kertas_R_3091.jpg,.jpg,266,189,RGB,6.91
Kertas,kertas_R_3092.jpg,dataset\Kertas\kertas_R_3092.jpg,.jpg,275,183,RGB,16.13
Kertas,kertas_R_3093.jpg,dataset\Kertas\kertas_R_3093.jpg,.jpg,180,280,RGB,12.43
Kertas,kertas_R_3094.jpg,dataset\Kertas\kertas_R_3094.jpg,.jpg,268,188,RGB,13.53
Kertas,kertas_R_3095.jpg,dataset\Kertas\kertas_R_3095.jpg,.jpg,253,199,RGB,10.98
Kertas,kertas_R_3096.jpg,dataset\Kertas\kertas_R_3096.jpg,.jpg,268,188,RGB,7.13
Kertas,kertas_R_3097.jpg,dataset\Kertas\kertas_R_3097.jpg,.jpg,225,225,RGB,18.86
Kertas,kertas_R_3098.jpg,dataset\Kertas\kertas_R_3098.jpg,.jpg,194,260,RGB,13.43
Kertas,kertas_R_3099.jpg,dataset\Kertas\kertas_R_3099.jpg,.jpg,160,225,RGB,10.0
Kertas,kertas_R_3100.jpg,dataset\Kertas\kertas_R_3100.jpg,.jpg,177,285,RGB,15.99
Kertas,kertas_R_3101.jpg,dataset\Kertas\kertas_R_3101.jpg,.jpg,259,194,RGB,7.88
Kertas,kertas_R_3102.jpg,dataset\Kertas\kertas_R_3102.jpg,.jpg,275,183,RGB,2.88
Kertas,kertas_R_3103.jpg,dataset\Kertas\kertas_R_3103.jpg,.jpg,271,186,RGB,13.99
Kertas,kertas_R_3104.jpg,dataset\Kertas\kertas_R_3104.jpg,.jpg,275,183,RGB,13.46
Kertas,kertas_R_3105.jpg,dataset\Kertas\kertas_R_3105.jpg,.jpg,268,188,RGB,4.75
Kertas,kertas_R_3106.jpg,dataset\Kertas\kertas_R_3106.jpg,.jpg,203,249,RGB,13.56
Kertas,kertas_R_3107.jpg,dataset\Kertas\kertas_R_3107.jpg,.jpg,206,245,RGB,15.48
Kertas,kertas_R_3108.jpg,dataset\Kertas\kertas_R_3108.jpg,.jpg,251,201,RGB,14.52
Kertas,kertas_R_3109.jpg,dataset\Kertas\kertas_R_3109.jpg,.jpg,310,163,RGB,11.09
Kertas,kertas_R_3110.jpg,dataset\Kertas\kertas_R_3110.jpg,.jpg,180,281,RGB,17.24
Kertas,kertas_R_3111.jpg,dataset\Kertas\kertas_R_3111.jpg,.jpg,275,183,RGB,10.69
Kertas,kertas_R_3112.jpg,dataset\Kertas\kertas_R_3112.jpg,.jpg,297,170,RGB,12.22
Kertas,kertas_R_3113.jpg,dataset\Kertas\kertas_R_3113.jpg,.jpg,189,267,RGB,4.56
Kertas,kertas_R_3114.jpg,dataset\Kertas\kertas_R_3114.jpg,.jpg,189,266,RGB,16.04
Kertas,kertas_R_3115.jpg,dataset\Kertas\kertas_R_3115.jpg,.jpg,197,256,RGB,16.84
Kertas,kertas_R_3116.jpg,dataset\Kertas\kertas_R_3116.jpg,.jpg,266,190,RGB,16.12
Kertas,kertas_R_3117.jpg,dataset\Kertas\kertas_R_3117.jpg,.jpg,176,287,RGB,16.65
Kertas,kertas_R_3118.jpg,dataset\Kertas\kertas_R_3118.jpg,.jpg,205,246,RGB,9.55
Kertas,kertas_R_3119.jpg,dataset\Kertas\kertas_R_3119.jpg,.jpg,180,281,RGB,14.63
Kertas,kertas_R_3120.jpg,dataset\Kertas\kertas_R_3120.jpg,.jpg,225,225,RGB,15.57
Kertas,kertas_R_3121.jpg,dataset\Kertas\kertas_R_3121.jpg,.jpg,225,225,RGB,13.42
Kertas,kertas_R_3122.jpg,dataset\Kertas\kertas_R_3122.jpg,.jpg,367,137,RGB,11.58
Kertas,kertas_R_3123.jpg,dataset\Kertas\kertas_R_3123.jpg,.jpg,260,193,RGB,12.48
Kertas,kertas_R_3124.jpg,dataset\Kertas\kertas_R_3124.jpg,.jpg,275,183,RGB,9.19
Kertas,kertas_R_3125.jpg,dataset\Kertas\kertas_R_3125.jpg,.jpg,253,199,RGB,12.66
Kertas,kertas_R_3126.jpg,dataset\Kertas\kertas_R_3126.jpg,.jpg,224,225,RGB,16.61
Kertas,kertas_R_3127.jpg,dataset\Kertas\kertas_R_3127.jpg,.jpg,232,217,RGB,11.67
Kertas,kertas_R_3128.jpg,dataset\Kertas\kertas_R_3128.jpg,.jpg,276,182,RGB,11.63
Kertas,kertas_R_3129.jpg,dataset\Kertas\kertas_R_3129.jpg,.jpg,300,168,RGB,12.11
Kertas,kertas_R_3130.jpg,dataset\Kertas\kertas_R_3130.jpg,.jpg,180,281,RGB,16.57
Kertas,kertas_R_3131.jpg,dataset\Kertas\kertas_R_3131.jpg,.jpg,225,225,RGB,10.91
Kertas,kertas_R_3132.jpg,dataset\Kertas\kertas_R_3132.jpg,.jpg,275,183,RGB,16.69
Kertas,kertas_R_3133.jpg,dataset\Kertas\kertas_R_3133.jpg,.jpg,220,229,RGB,13.74
Kertas,kertas_R_3134.jpg,dataset\Kertas\kertas_R_3134.jpg,.jpg,193,262,RGB,9.21
Kertas,kertas_R_3135.jpg,dataset\Kertas\kertas_R_3135.jpg,.jpg,275,183,RGB,15.04
Kertas,kertas_R_3136.jpg,dataset\Kertas\kertas_R_3136.jpg,.jpg,185,273,RGB,10.53
Kertas,kertas_R_3137.jpg,dataset\Kertas\kertas_R_3137.jpg,.jpg,180,280,RGB,13.41
Kertas,kertas_R_3138.jpg,dataset\Kertas\kertas_R_3138.jpg,.jpg,232,217,RGB,7.72
Kertas,kertas_R_3139.jpg,dataset\Kertas\kertas_R_3139.jpg,.jpg,180,280,RGB,16.07
Kertas,kertas_R_3140.jpg,dataset\Kertas\kertas_R_3140.jpg,.jpg,320,158,RGB,10.48
Kertas,kertas_R_3141.jpg,dataset\Kertas\kertas_R_3141.jpg,.jpg,199,254,RGB,15.73
Kertas,kertas_R_3142.jpg,dataset\Kertas\kertas_R_3142.jpg,.jpg,180,281,RGB,17.26
Kertas,kertas_R_3143.jpg,dataset\Kertas\kertas_R_3143.jpg,.jpg,245,205,RGB,12.52
Kertas,kertas_R_3144.jpg,dataset\Kertas\kertas_R_3144.jpg,.jpg,322,156,RGB,10.46
Kertas,kertas_R_3145.jpg,dataset\Kertas\kertas_R_3145.jpg,.jpg,276,183,RGB,3.69
Kertas,kertas_R_3146.jpg,dataset\Kertas\kertas_R_3146.jpg,.jpg,195,259,RGB,14.28
Kertas,kertas_R_3147.jpg,dataset\Kertas\kertas_R_3147.jpg,.jpg,231,218,RGB,5.14
Kertas,kertas_R_3148.jpg,dataset\Kertas\kertas_R_3148.jpg,.jpg,225,225,RGB,8.28
Kertas,kertas_R_3149.jpg,dataset\Kertas\kertas_R_3149.jpg,.jpg,199,253,RGB,13.87
Kertas,kertas_R_3150.jpg,dataset\Kertas\kertas_R_3150.jpg,.jpg,278,182,RGB,4.62
Kertas,kertas_R_3151.jpg,dataset\Kertas\kertas_R_3151.jpg,.jpg,297,170,RGB,14.79
Kertas,kertas_R_3152.jpg,dataset\Kertas\kertas_R_3152.jpg,.jpg,336,150,RGB,7.98
Kertas,kertas_R_3153.jpg,dataset\Kertas\kertas_R_3153.jpg,.jpg,300,168,RGB,9.05
Kertas,kertas_R_3154.jpg,dataset\Kertas\kertas_R_3154.jpg,.jpg,240,210,RGB,3.75
Kertas,kertas_R_3155.jpg,dataset\Kertas\kertas_R_3155.jpg,.jpg,270,187,RGB,17.83
Kertas,kertas_R_3156.jpg,dataset\Kertas\kertas_R_3156.jpg,.jpg,180,280,RGB,15.27
Kertas,kertas_R_3157.jpg,dataset\Kertas\kertas_R_3157.jpg,.jpg,275,183,RGB,9.49
Kertas,kertas_R_3158.jpg,dataset\Kertas\kertas_R_3158.jpg,.jpg,234,215,RGB,13.75
Kertas,kertas_R_3159.jpg,dataset\Kertas\kertas_R_3159.jpg,.jpg,263,191,RGB,8.48
Kertas,kertas_R_3160.jpg,dataset\Kertas\kertas_R_3160.jpg,.jpg,251,201,RGB,7.51
Kertas,kertas_R_3161.jpg,dataset\Kertas\kertas_R_3161.jpg,.jpg,180,280,RGB,12.43
Kertas,kertas_R_3162.jpg,dataset\Kertas\kertas_R_3162.jpg,.jpg,180,280,RGB,13.9
Kertas,kertas_R_3163.jpg,dataset\Kertas\kertas_R_3163.jpg,.jpg,225,225,RGB,17.69
Kertas,kertas_R_3164.jpg,dataset\Kertas\kertas_R_3164.jpg,.jpg,215,234,RGB,14.94
Kertas,kertas_R_3165.jpg,dataset\Kertas\kertas_R_3165.jpg,.jpg,275,183,RGB,12.16
Kertas,kertas_R_3166.jpg,dataset\Kertas\kertas_R_3166.jpg,.jpg,180,280,RGB,15.25
Kertas,kertas_R_3167.jpg,dataset\Kertas\kertas_R_3167.jpg,.jpg,225,225,RGB,7.94
Kertas,kertas_R_3168.jpg,dataset\Kertas\kertas_R_3168.jpg,.jpg,178,283,RGB,15.8
Kertas,kertas_R_3169.jpg,dataset\Kertas\kertas_R_3169.jpg,.jpg,285,177,RGB,13.62
Kertas,kertas_R_3170.jpg,dataset\Kertas\kertas_R_3170.jpg,.jpg,179,282,RGB,10.39
Kertas,kertas_R_3171.jpg,dataset\Kertas\kertas_R_3171.jpg,.jpg,236,214,RGB,10.56
Kertas,kertas_R_3172.jpg,dataset\Kertas\kertas_R_3172.jpg,.jpg,215,234,RGB,12.03
Kertas,kertas_R_3173.jpg,dataset\Kertas\kertas_R_3173.jpg,.jpg,180,280,RGB,16.68
Kertas,kertas_R_3174.jpg,dataset\Kertas\kertas_R_3174.jpg,.jpg,220,208,RGB,10.12
Kertas,kertas_R_3175.jpg,dataset\Kertas\kertas_R_3175.jpg,.jpg,180,281,RGB,17.36
Kertas,kertas_R_3176.jpg,dataset\Kertas\kertas_R_3176.jpg,.jpg,190,265,RGB,9.87
Kertas,kertas_R_3177.jpg,dataset\Kertas\kertas_R_3177.jpg,.jpg,273,185,RGB,13.37
Kertas,kertas_R_3178.jpg,dataset\Kertas\kertas_R_3178.jpg,.jpg,282,178,RGB,8.62
Kertas,kertas_R_3179.jpg,dataset\Kertas\kertas_R_3179.jpg,.jpg,180,281,RGB,16.85
Kertas,kertas_R_3180.jpg,dataset\Kertas\kertas_R_3180.jpg,.jpg,189,266,RGB,8.89
Kertas,kertas_R_3181.jpg,dataset\Kertas\kertas_R_3181.jpg,.jpg,180,280,RGB,14.87
Kertas,kertas_R_3182.jpg,dataset\Kertas\kertas_R_3182.jpg,.jpg,259,194,RGB,14.18
Kertas,kertas_R_3183.jpg,dataset\Kertas\kertas_R_3183.jpg,.jpg,180,280,RGB,16.52
Kertas,kertas_R_3184.jpg,dataset\Kertas\kertas_R_3184.jpg,.jpg,180,280,RGB,15.53
Kertas,kertas_R_3185.jpg,dataset\Kertas\kertas_R_3185.jpg,.jpg,225,225,RGB,17.49
Kertas,kertas_R_3186.jpg,dataset\Kertas\kertas_R_3186.jpg,.jpg,271,186,RGB,10.32
Kertas,kertas_R_3187.jpg,dataset\Kertas\kertas_R_3187.jpg,.jpg,180,280,RGB,13.69
Kertas,kertas_R_3188.jpg,dataset\Kertas\kertas_R_3188.jpg,.jpg,180,281,RGB,16.89
Kertas,kertas_R_3189.jpg,dataset\Kertas\kertas_R_3189.jpg,.jpg,180,280,RGB,14.73
Kertas,kertas_R_3190.jpg,dataset\Kertas\kertas_R_3190.jpg,.jpg,180,280,RGB,14.95
Kertas,kertas_R_3191.jpg,dataset\Kertas\kertas_R_3191.jpg,.jpg,266,189,RGB,12.03
Kertas,kertas_R_3192.jpg,dataset\Kertas\kertas_R_3192.jpg,.jpg,180,281,RGB,16.8
Kertas,kertas_R_3193.jpg,dataset\Kertas\kertas_R_3193.jpg,.jpg,296,170,RGB,9.8
Kertas,kertas_R_3194.jpg,dataset\Kertas\kertas_R_3194.jpg,.jpg,180,280,RGB,15.09
Kertas,kertas_R_3195.jpg,dataset\Kertas\kertas_R_3195.jpg,.jpg,180,281,RGB,18.2
Kertas,kertas_R_3196.jpg,dataset\Kertas\kertas_R_3196.jpg,.jpg,180,281,RGB,16.85
Kertas,kertas_R_3197.jpg,dataset\Kertas\kertas_R_3197.jpg,.jpg,265,190,RGB,12.79
Kertas,kertas_R_3198.jpg,dataset\Kertas\kertas_R_3198.jpg,.jpg,180,281,RGB,15.0
Kertas,kertas_R_3199.jpg,dataset\Kertas\kertas_R_3199.jpg,.jpg,241,209,RGB,10.85
Kertas,kertas_R_4325.jpg,dataset\Kertas\kertas_R_4325.jpg,.jpg,239,211,RGB,8.68
Kertas,kertas_R_4326.jpg,dataset\Kertas\kertas_R_4326.jpg,.jpg,225,225,RGB,8.1
Kertas,kertas_R_4327.jpg,dataset\Kertas\kertas_R_4327.jpg,.jpg,264,191,RGB,14.45
Kertas,kertas_R_4328.jpg,dataset\Kertas\kertas_R_4328.jpg,.jpg,275,183,RGB,6.37
Kertas,kertas_R_4329.jpg,dataset\Kertas\kertas_R_4329.jpg,.jpg,275,183,RGB,9.44
Kertas,kertas_R_4330.jpg,dataset\Kertas\kertas_R_4330.jpg,.jpg,359,140,RGB,9.58
Kertas,kertas_R_4331.jpg,dataset\Kertas\kertas_R_4331.jpg,.jpg,275,183,RGB,16.79
Kertas,kertas_R_4332.jpg,dataset\Kertas\kertas_R_4332.jpg,.jpg,299,168,RGB,7.34
Kertas,kertas_R_4333.jpg,dataset\Kertas\kertas_R_4333.jpg,.jpg,276,183,RGB,8.17
Kertas,kertas_R_4334.jpg,dataset\Kertas\kertas_R_4334.jpg,.jpg,205,246,RGB,15.75
Kertas,kertas_R_4335.jpg,dataset\Kertas\kertas_R_4335.jpg,.jpg,253,199,RGB,13.24
Kertas,kertas_R_4336.jpg,dataset\Kertas\kertas_R_4336.jpg,.jpg,275,183,RGB,16.03
Kertas,kertas_R_4337.jpg,dataset\Kertas\kertas_R_4337.jpg,.jpg,247,204,RGB,15.88
Kertas,kertas_R_4338.jpg,dataset\Kertas\kertas_R_4338.jpg,.jpg,258,196,RGB,5.6
Kertas,kertas_R_4339.jpg,dataset\Kertas\kertas_R_4339.jpg,.jpg,225,225,RGB,20.64
Kertas,kertas_R_4340.jpg,dataset\Kertas\kertas_R_4340.jpg,.jpg,279,181,RGB,8.02
Kertas,kertas_R_4341.jpg,dataset\Kertas\kertas_R_4341.jpg,.jpg,367,137,RGB,12.05
Kertas,kertas_R_4342.jpg,dataset\Kertas\kertas_R_4342.jpg,.jpg,275,183,RGB,16.39
Kertas,kertas_R_4343.jpg,dataset\Kertas\kertas_R_4343.jpg,.jpg,225,225,RGB,15.96
Kertas,kertas_R_4344.jpg,dataset\Kertas\kertas_R_4344.jpg,.jpg,284,177,RGB,10.87
Kertas,kertas_R_4345.jpg,dataset\Kertas\kertas_R_4345.jpg,.jpg,338,149,RGB,8.54
Kertas,kertas_R_4346.jpg,dataset\Kertas\kertas_R_4346.jpg,.jpg,225,225,RGB,10.09
Kertas,kertas_R_4347.jpg,dataset\Kertas\kertas_R_4347.jpg,.jpg,275,183,RGB,10.79
Kertas,kertas_R_4348.jpg,dataset\Kertas\kertas_R_4348.jpg,.jpg,276,183,RGB,10.32
Kertas,kertas_R_4349.jpg,dataset\Kertas\kertas_R_4349.jpg,.jpg,262,193,RGB,15.69
Kertas,kertas_R_4350.jpg,dataset\Kertas\kertas_R_4350.jpg,.jpg,275,183,RGB,12.84
Kertas,kertas_R_4351.jpg,dataset\Kertas\kertas_R_4351.jpg,.jpg,194,259,RGB,6.9
Kertas,kertas_R_4352.jpg,dataset\Kertas\kertas_R_4352.jpg,.jpg,300,168,RGB,9.36
Kertas,kertas_R_4353.jpg,dataset\Kertas\kertas_R_4353.jpg,.jpg,225,225,RGB,10.04
Kertas,kertas_R_4354.jpg,dataset\Kertas\kertas_R_4354.jpg,.jpg,254,198,RGB,5.8
Kertas,kertas_R_4355.jpg,dataset\Kertas\kertas_R_4355.jpg,.jpg,311,162,RGB,18.48
Kertas,kertas_R_4356.jpg,dataset\Kertas\kertas_R_4356.jpg,.jpg,237,213,RGB,16.46
Kertas,kertas_R_4357.jpg,dataset\Kertas\kertas_R_4357.jpg,.jpg,266,189,RGB,18.02
Kertas,kertas_R_4358.jpg,dataset\Kertas\kertas_R_4358.jpg,.jpg,225,225,RGB,13.56
Kertas,kertas_R_4359.jpg,dataset\Kertas\kertas_R_4359.jpg,.jpg,252,200,RGB,13.59
Kertas,kertas_R_4360.jpg,dataset\Kertas\kertas_R_4360.jpg,.jpg,275,183,RGB,7.33
Kertas,kertas_R_4361.jpg,dataset\Kertas\kertas_R_4361.jpg,.jpg,242,209,RGB,11.5
Kertas,kertas_R_4362.jpg,dataset\Kertas\kertas_R_4362.jpg,.jpg,275,183,RGB,14.33
Kertas,kertas_R_4363.jpg,dataset\Kertas\kertas_R_4363.jpg,.jpg,248,203,RGB,6.44
Kertas,kertas_R_4364.jpg,dataset\Kertas\kertas_R_4364.jpg,.jpg,276,183,RGB,17.23
Kertas,kertas_R_4365.jpg,dataset\Kertas\kertas_R_4365.jpg,.jpg,225,225,RGB,18.95
Kertas,kertas_R_4366.jpg,dataset\Kertas\kertas_R_4366.jpg,.jpg,276,182,RGB,10.49
Kertas,kertas_R_4367.jpg,dataset\Kertas\kertas_R_4367.jpg,.jpg,225,225,RGB,14.63
Kertas,kertas_R_4368.jpg,dataset\Kertas\kertas_R_4368.jpg,.jpg,259,194,RGB,14.63
Kertas,kertas_R_4369.jpg,dataset\Kertas\kertas_R_4369.jpg,.jpg,220,229,RGB,15.72
Kertas,kertas_R_4370.jpg,dataset\Kertas\kertas_R_4370.jpg,.jpg,275,183,RGB,6.64
Kertas,kertas_R_4371.jpg,dataset\Kertas\kertas_R_4371.jpg,.jpg,284,177,RGB,5.51
Kertas,kertas_R_4372.jpg,dataset\Kertas\kertas_R_4372.jpg,.jpg,225,225,RGB,11.9
Kertas,kertas_R_4373.jpg,dataset\Kertas\kertas_R_4373.jpg,.jpg,267,189,RGB,15.17
Kertas,kertas_R_4374.jpg,dataset\Kertas\kertas_R_4374.jpg,.jpg,458,110,RGB,18.07
Kertas,kertas_R_4375.jpg,dataset\Kertas\kertas_R_4375.jpg,.jpg,249,203,RGB,7.4
Kertas,kertas_R_4376.jpg,dataset\Kertas\kertas_R_4376.jpg,.jpg,275,183,RGB,6.78
Kertas,kertas_R_4377.jpg,dataset\Kertas\kertas_R_4377.jpg,.jpg,225,225,RGB,17.68
Kertas,kertas_R_4378.jpg,dataset\Kertas\kertas_R_4378.jpg,.jpg,225,225,RGB,16.74
Kertas,kertas_R_4379.jpg,dataset\Kertas\kertas_R_4379.jpg,.jpg,225,225,RGB,9.0
Kertas,kertas_R_4380.jpg,dataset\Kertas\kertas_R_4380.jpg,.jpg,275,183,RGB,10.16
Kertas,kertas_R_4381.jpg,dataset\Kertas\kertas_R_4381.jpg,.jpg,312,162,RGB,15.85
Kertas,kertas_R_4382.jpg,dataset\Kertas\kertas_R_4382.jpg,.jpg,269,188,RGB,9.49
Kertas,kertas_R_4383.jpg,dataset\Kertas\kertas_R_4383.jpg,.jpg,259,194,RGB,11.08
Kertas,kertas_R_4384.jpg,dataset\Kertas\kertas_R_4384.jpg,.jpg,275,183,RGB,8.82
Kertas,kertas_R_4385.jpg,dataset\Kertas\kertas_R_4385.jpg,.jpg,551,91,RGB,6.04
Kertas,kertas_R_4386.jpg,dataset\Kertas\kertas_R_4386.jpg,.jpg,259,194,RGB,9.58
Kertas,kertas_R_4387.jpg,dataset\Kertas\kertas_R_4387.jpg,.jpg,225,224,RGB,6.23
Kertas,kertas_R_4388.jpg,dataset\Kertas\kertas_R_4388.jpg,.jpg,266,189,RGB,15.92
Kertas,kertas_R_4389.jpg,dataset\Kertas\kertas_R_4389.jpg,.jpg,269,187,RGB,8.5
Kertas,kertas_R_4390.jpg,dataset\Kertas\kertas_R_4390.jpg,.jpg,225,225,RGB,14.4
Kertas,kertas_R_4391.jpg,dataset\Kertas\kertas_R_4391.jpg,.jpg,225,225,RGB,15.98
Kertas,kertas_R_4392.jpg,dataset\Kertas\kertas_R_4392.jpg,.jpg,94,206,RGB,3.84
Kertas,kertas_R_4393.jpg,dataset\Kertas\kertas_R_4393.jpg,.jpg,225,225,RGB,13.79
Kertas,kertas_R_4394.jpg,dataset\Kertas\kertas_R_4394.jpg,.jpg,334,151,RGB,9.97
Kertas,kertas_R_4395.jpg,dataset\Kertas\kertas_R_4395.jpg,.jpg,260,194,RGB,13.28
Kertas,kertas_R_4396.jpg,dataset\Kertas\kertas_R_4396.jpg,.jpg,269,187,RGB,32.21
Kertas,kertas_R_4397.jpg,dataset\Kertas\kertas_R_4397.jpg,.jpg,225,225,RGB,4.43
Kertas,kertas_R_4398.jpg,dataset\Kertas\kertas_R_4398.jpg,.jpg,224,225,RGB,13.88
Kertas,kertas_R_4399.jpg,dataset\Kertas\kertas_R_4399.jpg,.jpg,275,183,RGB,8.8
Kertas,kertas_R_4400.jpg,dataset\Kertas\kertas_R_4400.jpg,.jpg,484,104,RGB,7.48
Kertas,kertas_R_4401.jpg,dataset\Kertas\kertas_R_4401.jpg,.jpg,276,183,RGB,12.63
Kertas,kertas_R_4402.jpg,dataset\Kertas\kertas_R_4402.jpg,.jpg,264,191,RGB,7.05
Kertas,kertas_R_4403.jpg,dataset\Kertas\kertas_R_4403.jpg,.jpg,318,159,RGB,8.52
Kertas,kertas_R_4404.jpg,dataset\Kertas\kertas_R_4404.jpg,.jpg,225,225,RGB,16.91
Kertas,kertas_R_4405.jpg,dataset\Kertas\kertas_R_4405.jpg,.jpg,97,201,RGB,5.29
Kertas,kertas_R_4406.jpg,dataset\Kertas\kertas_R_4406.jpg,.jpg,259,194,RGB,14.79
Kertas,kertas_R_4407.jpg,dataset\Kertas\kertas_R_4407.jpg,.jpg,208,242,RGB,8.54
Kertas,kertas_R_4408.jpg,dataset\Kertas\kertas_R_4408.jpg,.jpg,276,183,RGB,14.58
Kertas,kertas_R_4409.jpg,dataset\Kertas\kertas_R_4409.jpg,.jpg,233,216,RGB,13.3
Kertas,kertas_R_4410.jpg,dataset\Kertas\kertas_R_4410.jpg,.jpg,275,183,RGB,11.61
Kertas,kertas_R_4411.jpg,dataset\Kertas\kertas_R_4411.jpg,.jpg,275,183,RGB,17.44
Kertas,kertas_R_4412.jpg,dataset\Kertas\kertas_R_4412.jpg,.jpg,259,194,RGB,11.54
Kertas,kertas_R_4413.jpg,dataset\Kertas\kertas_R_4413.jpg,.jpg,310,163,RGB,15.08
Kertas,kertas_R_4414.jpg,dataset\Kertas\kertas_R_4414.jpg,.jpg,275,183,RGB,2.82
Kertas,kertas_R_4415.jpg,dataset\Kertas\kertas_R_4415.jpg,.jpg,258,195,RGB,7.54
Kertas,kertas_R_4416.jpg,dataset\Kertas\kertas_R_4416.jpg,.jpg,225,225,RGB,16.64
Kertas,kertas_R_4417.jpg,dataset\Kertas\kertas_R_4417.jpg,.jpg,217,232,RGB,15.79
Kertas,kertas_R_4418.jpg,dataset\Kertas\kertas_R_4418.jpg,.jpg,225,225,RGB,11.07
Kertas,kertas_R_4419.jpg,dataset\Kertas\kertas_R_4419.jpg,.jpg,275,183,RGB,8.32
Kertas,kertas_R_4420.jpg,dataset\Kertas\kertas_R_4420.jpg,.jpg,310,163,RGB,9.71
Kertas,kertas_R_4421.jpg,dataset\Kertas\kertas_R_4421.jpg,.jpg,207,244,RGB,6.36
Kertas,kertas_R_4422.jpg,dataset\Kertas\kertas_R_4422.jpg,.jpg,194,259,RGB,7.13
Kertas,kertas_R_4423.jpg,dataset\Kertas\kertas_R_4423.jpg,.jpg,224,224,RGB,16.18
Kertas,kertas_R_4424.jpg,dataset\Kertas\kertas_R_4424.jpg,.jpg,267,189,RGB,5.45
Kertas,kertas_R_4425.jpg,dataset\Kertas\kertas_R_4425.jpg,.jpg,275,183,RGB,31.45
Kertas,kertas_R_4426.jpg,dataset\Kertas\kertas_R_4426.jpg,.jpg,224,225,RGB,14.39
Kertas,kertas_R_4427.jpg,dataset\Kertas\kertas_R_4427.jpg,.jpg,225,225,RGB,9.27
Kertas,kertas_R_4428.jpg,dataset\Kertas\kertas_R_4428.jpg,.jpg,275,184,RGB,13.46
Kertas,kertas_R_4429.jpg,dataset\Kertas\kertas_R_4429.jpg,.jpg,183,275,RGB,14.88
Kertas,kertas_R_4430.jpg,dataset\Kertas\kertas_R_4430.jpg,.jpg,250,200,RGB,12.11
Kertas,kertas_R_4431.jpg,dataset\Kertas\kertas_R_4431.jpg,.jpg,224,224,RGB,12.91
Kertas,kertas_R_4432.jpg,dataset\Kertas\kertas_R_4432.jpg,.jpg,233,216,RGB,14.9
Kertas,kertas_R_4433.jpg,dataset\Kertas\kertas_R_4433.jpg,.jpg,225,225,RGB,15.14
Kertas,kertas_R_4434.jpg,dataset\Kertas\kertas_R_4434.jpg,.jpg,225,225,RGB,15.09
Kertas,kertas_R_4435.jpg,dataset\Kertas\kertas_R_4435.jpg,.jpg,293,172,RGB,20.97
Kertas,kertas_R_4436.jpg,dataset\Kertas\kertas_R_4436.jpg,.jpg,264,191,RGB,15.06
Kertas,kertas_R_4437.jpg,dataset\Kertas\kertas_R_4437.jpg,.jpg,285,177,RGB,20.57
Kertas,kertas_R_4438.jpg,dataset\Kertas\kertas_R_4438.jpg,.jpg,225,225,RGB,11.33
Kertas,kertas_R_4439.jpg,dataset\Kertas\kertas_R_4439.jpg,.jpg,255,197,RGB,13.73
Kertas,kertas_R_4440.jpg,dataset\Kertas\kertas_R_4440.jpg,.jpg,342,147,RGB,13.5
Kertas,kertas_R_4441.jpg,dataset\Kertas\kertas_R_4441.jpg,.jpg,276,183,RGB,10.83
Kertas,kertas_R_4442.jpg,dataset\Kertas\kertas_R_4442.jpg,.jpg,259,194,RGB,14.81
Kertas,kertas_R_4443.jpg,dataset\Kertas\kertas_R_4443.jpg,.jpg,225,225,RGB,11.51
Kertas,kertas_R_4444.jpg,dataset\Kertas\kertas_R_4444.jpg,.jpg,275,183,RGB,14.28
Kertas,kertas_R_4445.jpg,dataset\Kertas\kertas_R_4445.jpg,.jpg,299,168,RGB,13.12
Kertas,kertas_R_4446.jpg,dataset\Kertas\kertas_R_4446.jpg,.jpg,183,275,RGB,14.66
Kertas,kertas_R_4447.jpg,dataset\Kertas\kertas_R_4447.jpg,.jpg,275,183,RGB,6.38
Kertas,kertas_R_4448.jpg,dataset\Kertas\kertas_R_4448.jpg,.jpg,225,224,RGB,5.95
Kertas,kertas_R_4449.jpg,dataset\Kertas\kertas_R_4449.jpg,.jpg,266,190,RGB,12.71
Kertas,kertas_R_4450.jpg,dataset\Kertas\kertas_R_4450.jpg,.jpg,267,189,RGB,10.16
Kertas,kertas_R_4451.jpg,dataset\Kertas\kertas_R_4451.jpg,.jpg,276,183,RGB,15.33
Kertas,kertas_R_4452.jpg,dataset\Kertas\kertas_R_4452.jpg,.jpg,275,183,RGB,12.37
Kertas,kertas_R_4453.jpg,dataset\Kertas\kertas_R_4453.jpg,.jpg,300,168,RGB,17.42
Kertas,kertas_R_4454.jpg,dataset\Kertas\kertas_R_4454.jpg,.jpg,275,183,RGB,13.17
Kertas,kertas_R_4455.jpg,dataset\Kertas\kertas_R_4455.jpg,.jpg,225,224,RGB,9.71
Kertas,kertas_R_4456.jpg,dataset\Kertas\kertas_R_4456.jpg,.jpg,297,170,RGB,20.4
Kertas,kertas_R_4457.jpg,dataset\Kertas\kertas_R_4457.jpg,.jpg,194,259,RGB,14.23
Kertas,kertas_R_4458.jpg,dataset\Kertas\kertas_R_4458.jpg,.jpg,183,275,RGB,19.88
Kertas,kertas_R_4459.jpg,dataset\Kertas\kertas_R_4459.jpg,.jpg,225,225,RGB,10.57
Kertas,kertas_R_4460.jpg,dataset\Kertas\kertas_R_4460.jpg,.jpg,225,225,RGB,14.25
Kertas,kertas_R_4461.jpg,dataset\Kertas\kertas_R_4461.jpg,.jpg,225,225,RGB,19.55
Kertas,kertas_R_4462.jpg,dataset\Kertas\kertas_R_4462.jpg,.jpg,225,225,RGB,3.27
Kertas,kertas_R_4463.jpg,dataset\Kertas\kertas_R_4463.jpg,.jpg,266,189,RGB,7.34
Kertas,kertas_R_4464.jpg,dataset\Kertas\kertas_R_4464.jpg,.jpg,225,225,RGB,5.3
Kertas,kertas_R_4465.jpg,dataset\Kertas\kertas_R_4465.jpg,.jpg,225,225,RGB,18.58
Kertas,kertas_R_4466.jpg,dataset\Kertas\kertas_R_4466.jpg,.jpg,274,184,RGB,12.47
Kertas,kertas_R_4467.jpg,dataset\Kertas\kertas_R_4467.jpg,.jpg,262,192,RGB,5.38
Kertas,kertas_R_4468.jpg,dataset\Kertas\kertas_R_4468.jpg,.jpg,225,225,RGB,8.1
Kertas,kertas_R_4469.jpg,dataset\Kertas\kertas_R_4469.jpg,.jpg,275,183,RGB,18.23
Kertas,kertas_R_4470.jpg,dataset\Kertas\kertas_R_4470.jpg,.jpg,225,225,RGB,12.69
Kertas,kertas_R_4471.jpg,dataset\Kertas\kertas_R_4471.jpg,.jpg,372,135,RGB,14.18
Kertas,kertas_R_4472.jpg,dataset\Kertas\kertas_R_4472.jpg,.jpg,275,183,RGB,13.98
Kertas,kertas_R_4473.jpg,dataset\Kertas\kertas_R_4473.jpg,.jpg,217,232,RGB,7.86
Kertas,kertas_R_4474.jpg,dataset\Kertas\kertas_R_4474.jpg,.jpg,187,250,RGB,11.07
Kertas,kertas_R_4475.jpg,dataset\Kertas\kertas_R_4475.jpg,.jpg,275,183,RGB,10.13
Kertas,kertas_R_4476.jpg,dataset\Kertas\kertas_R_4476.jpg,.jpg,275,183,RGB,7.47
Kertas,kertas_R_4477.jpg,dataset\Kertas\kertas_R_4477.jpg,.jpg,225,225,RGB,11.6
Kertas,kertas_R_4478.jpg,dataset\Kertas\kertas_R_4478.jpg,.jpg,255,197,RGB,12.53
Kertas,kertas_R_4479.jpg,dataset\Kertas\kertas_R_4479.jpg,.jpg,225,225,RGB,12.61
Kertas,kertas_R_4480.jpg,dataset\Kertas\kertas_R_4480.jpg,.jpg,275,183,RGB,7.48
Kertas,kertas_R_4481.jpg,dataset\Kertas\kertas_R_4481.jpg,.jpg,252,200,RGB,16.71
Kertas,kertas_R_4482.jpg,dataset\Kertas\kertas_R_4482.jpg,.jpg,225,225,RGB,10.47
Kertas,kertas_R_4483.jpg,dataset\Kertas\kertas_R_4483.jpg,.jpg,200,252,RGB,17.95
Kertas,kertas_R_4484.jpg,dataset\Kertas\kertas_R_4484.jpg,.jpg,275,183,RGB,14.09
Kertas,kertas_R_4485.jpg,dataset\Kertas\kertas_R_4485.jpg,.jpg,200,200,RGB,9.19
Kertas,kertas_R_4486.jpg,dataset\Kertas\kertas_R_4486.jpg,.jpg,275,183,RGB,17.18
Kertas,kertas_R_4487.jpg,dataset\Kertas\kertas_R_4487.jpg,.jpg,280,180,RGB,9.86
Kertas,kertas_R_4488.jpg,dataset\Kertas\kertas_R_4488.jpg,.jpg,183,275,RGB,11.0
Kertas,kertas_R_4489.jpg,dataset\Kertas\kertas_R_4489.jpg,.jpg,275,183,RGB,16.21
Kertas,kertas_R_4490.jpg,dataset\Kertas\kertas_R_4490.jpg,.jpg,225,225,RGB,9.67
Kertas,kertas_R_4491.jpg,dataset\Kertas\kertas_R_4491.jpg,.jpg,194,259,RGB,7.52
Kertas,kertas_R_4492.jpg,dataset\Kertas\kertas_R_4492.jpg,.jpg,311,162,RGB,8.79
Kertas,kertas_R_4493.jpg,dataset\Kertas\kertas_R_4493.jpg,.jpg,275,183,RGB,11.83
Kertas,kertas_R_4494.jpg,dataset\Kertas\kertas_R_4494.jpg,.jpg,225,224,RGB,12.57
Kertas,kertas_R_4495.jpg,dataset\Kertas\kertas_R_4495.jpg,.jpg,197,225,RGB,16.65
Kertas,kertas_R_4496.jpg,dataset\Kertas\kertas_R_4496.jpg,.jpg,246,204,RGB,12.81
Kertas,kertas_R_4497.jpg,dataset\Kertas\kertas_R_4497.jpg,.jpg,259,194,RGB,9.57
Kertas,kertas_R_4498.jpg,dataset\Kertas\kertas_R_4498.jpg,.jpg,225,225,RGB,7.02
Kertas,kertas_R_4499.jpg,dataset\Kertas\kertas_R_4499.jpg,.jpg,265,190,RGB,6.61
Kertas,kertas_R_4500.jpg,dataset\Kertas\kertas_R_4500.jpg,.jpg,225,225,RGB,6.96
Kertas,kertas_R_4501.jpg,dataset\Kertas\kertas_R_4501.jpg,.jpg,262,193,RGB,16.14
Kertas,kertas_R_4502.jpg,dataset\Kertas\kertas_R_4502.jpg,.jpg,266,190,RGB,6.52
Kertas,kertas_R_4503.jpg,dataset\Kertas\kertas_R_4503.jpg,.jpg,225,225,RGB,15.98
Kertas,kertas_R_4504.jpg,dataset\Kertas\kertas_R_4504.jpg,.jpg,225,225,RGB,9.05
Kertas,kertas_R_4505.jpg,dataset\Kertas\kertas_R_4505.jpg,.jpg,225,225,RGB,8.25
Kertas,kertas_R_4506.jpg,dataset\Kertas\kertas_R_4506.jpg,.jpg,259,194,RGB,10.2
Kertas,kertas_R_4507.jpg,dataset\Kertas\kertas_R_4507.jpg,.jpg,269,188,RGB,11.9
Kertas,kertas_R_4508.jpg,dataset\Kertas\kertas_R_4508.jpg,.jpg,380,133,RGB,14.17
Kertas,kertas_R_4509.jpg,dataset\Kertas\kertas_R_4509.jpg,.jpg,278,181,RGB,6.03
Kertas,kertas_R_4510.jpg,dataset\Kertas\kertas_R_4510.jpg,.jpg,225,225,RGB,14.21
Kertas,kertas_R_4511.jpg,dataset\Kertas\kertas_R_4511.jpg,.jpg,225,225,RGB,6.61
Kertas,kertas_R_4512.jpg,dataset\Kertas\kertas_R_4512.jpg,.jpg,183,275,RGB,11.49
Kertas,kertas_R_4513.jpg,dataset\Kertas\kertas_R_4513.jpg,.jpg,275,183,RGB,9.81
Kertas,kertas_R_4514.jpg,dataset\Kertas\kertas_R_4514.jpg,.jpg,222,227,RGB,6.11
Kertas,kertas_R_4515.jpg,dataset\Kertas\kertas_R_4515.jpg,.jpg,265,190,RGB,13.42
Kertas,kertas_R_4516.jpg,dataset\Kertas\kertas_R_4516.jpg,.jpg,225,225,RGB,8.83
Kertas,kertas_R_4517.jpg,dataset\Kertas\kertas_R_4517.jpg,.jpg,276,183,RGB,5.08
Kertas,kertas_R_4518.jpg,dataset\Kertas\kertas_R_4518.jpg,.jpg,281,179,RGB,16.19
Kertas,kertas_R_4519.jpg,dataset\Kertas\kertas_R_4519.jpg,.jpg,300,168,RGB,14.75
Kertas,kertas_R_4520.jpg,dataset\Kertas\kertas_R_4520.jpg,.jpg,259,194,RGB,15.32
Kertas,kertas_R_4521.jpg,dataset\Kertas\kertas_R_4521.jpg,.jpg,259,194,RGB,12.78
Kertas,kertas_R_4522.jpg,dataset\Kertas\kertas_R_4522.jpg,.jpg,225,225,RGB,13.47
Kertas,kertas_R_4523.jpg,dataset\Kertas\kertas_R_4523.jpg,.jpg,197,256,RGB,7.88
Kertas,kertas_R_4524.jpg,dataset\Kertas\kertas_R_4524.jpg,.jpg,225,225,RGB,13.4
Kertas,kertas_R_4525.jpg,dataset\Kertas\kertas_R_4525.jpg,.jpg,275,183,RGB,11.39
Kertas,kertas_R_4526.jpg,dataset\Kertas\kertas_R_4526.jpg,.jpg,276,183,RGB,16.25
Kertas,kertas_R_4527.jpg,dataset\Kertas\kertas_R_4527.jpg,.jpg,259,194,RGB,13.74
Kertas,kertas_R_4528.jpg,dataset\Kertas\kertas_R_4528.jpg,.jpg,261,193,RGB,15.14
Kertas,kertas_R_4529.jpg,dataset\Kertas\kertas_R_4529.jpg,.jpg,251,201,RGB,9.33
Kertas,kertas_R_4530.jpg,dataset\Kertas\kertas_R_4530.jpg,.jpg,259,194,RGB,16.89
Kertas,kertas_R_4531.jpg,dataset\Kertas\kertas_R_4531.jpg,.jpg,275,183,RGB,8.21
Kertas,kertas_R_4532.jpg,dataset\Kertas\kertas_R_4532.jpg,.jpg,300,168,RGB,9.73
Kertas,kertas_R_4533.jpg,dataset\Kertas\kertas_R_4533.jpg,.jpg,259,194,RGB,11.5
Kertas,kertas_R_4534.jpg,dataset\Kertas\kertas_R_4534.jpg,.jpg,225,225,RGB,12.07
Kertas,kertas_R_4535.jpg,dataset\Kertas\kertas_R_4535.jpg,.jpg,275,183,RGB,9.04
Kertas,kertas_R_4536.jpg,dataset\Kertas\kertas_R_4536.jpg,.jpg,183,275,RGB,8.36
Kertas,kertas_R_4537.jpg,dataset\Kertas\kertas_R_4537.jpg,.jpg,227,222,RGB,12.21
Kertas,kertas_R_4538.jpg,dataset\Kertas\kertas_R_4538.jpg,.jpg,278,182,RGB,14.52
Kertas,kertas_R_4539.jpg,dataset\Kertas\kertas_R_4539.jpg,.jpg,259,194,RGB,12.38
Kertas,kertas_R_4540.jpg,dataset\Kertas\kertas_R_4540.jpg,.jpg,262,193,RGB,5.77
Kertas,kertas_R_4541.jpg,dataset\Kertas\kertas_R_4541.jpg,.jpg,266,189,RGB,16.71
Kertas,kertas_R_4542.jpg,dataset\Kertas\kertas_R_4542.jpg,.jpg,237,212,RGB,11.31
Kertas,kertas_R_4543.jpg,dataset\Kertas\kertas_R_4543.jpg,.jpg,97,201,RGB,5.58
Kertas,kertas_R_4544.jpg,dataset\Kertas\kertas_R_4544.jpg,.jpg,259,194,RGB,18.75
Kertas,kertas_R_4545.jpg,dataset\Kertas\kertas_R_4545.jpg,.jpg,225,225,RGB,15.97
Kertas,kertas_R_4546.jpg,dataset\Kertas\kertas_R_4546.jpg,.jpg,255,198,RGB,10.11
Kertas,kertas_R_4547.jpg,dataset\Kertas\kertas_R_4547.jpg,.jpg,259,194,RGB,9.35
Kertas,kertas_R_4548.jpg,dataset\Kertas\kertas_R_4548.jpg,.jpg,367,137,RGB,13.43
Kertas,kertas_R_4549.jpg,dataset\Kertas\kertas_R_4549.jpg,.jpg,225,225,RGB,12.69
Kertas,kertas_R_4550.jpg,dataset\Kertas\kertas_R_4550.jpg,.jpg,300,168,RGB,13.95
Kertas,kertas_R_4551.jpg,dataset\Kertas\kertas_R_4551.jpg,.jpg,225,225,RGB,3.75
Kertas,kertas_R_4552.jpg,dataset\Kertas\kertas_R_4552.jpg,.jpg,276,183,RGB,12.62
Kertas,kertas_R_4553.jpg,dataset\Kertas\kertas_R_4553.jpg,.jpg,274,184,RGB,14.94
Kertas,kertas_R_4554.jpg,dataset\Kertas\kertas_R_4554.jpg,.jpg,260,194,RGB,11.69
Kertas,kertas_R_4555.jpg,dataset\Kertas\kertas_R_4555.jpg,.jpg,259,194,RGB,14.02
Kertas,kertas_R_4556.jpg,dataset\Kertas\kertas_R_4556.jpg,.jpg,269,188,RGB,16.88
Kertas,kertas_R_4557.jpg,dataset\Kertas\kertas_R_4557.jpg,.jpg,225,225,RGB,3.76
Kertas,kertas_R_4558.jpg,dataset\Kertas\kertas_R_4558.jpg,.jpg,222,227,RGB,8.27
Kertas,kertas_R_4559.jpg,dataset\Kertas\kertas_R_4559.jpg,.jpg,296,170,RGB,14.63
Kertas,kertas_R_4560.jpg,dataset\Kertas\kertas_R_4560.jpg,.jpg,275,183,RGB,13.94
Kertas,kertas_R_4561.jpg,dataset\Kertas\kertas_R_4561.jpg,.jpg,192,263,RGB,9.33
Kertas,kertas_R_4562.jpg,dataset\Kertas\kertas_R_4562.jpg,.jpg,225,225,RGB,11.73
Kertas,kertas_R_4563.jpg,dataset\Kertas\kertas_R_4563.jpg,.jpg,224,225,RGB,13.04
Kertas,kertas_R_4564.jpg,dataset\Kertas\kertas_R_4564.jpg,.jpg,236,213,RGB,8.76
Kertas,kertas_R_4565.jpg,dataset\Kertas\kertas_R_4565.jpg,.jpg,275,183,RGB,14.88
Kertas,kertas_R_4566.jpg,dataset\Kertas\kertas_R_4566.jpg,.jpg,225,224,RGB,9.63
Kertas,kertas_R_4567.jpg,dataset\Kertas\kertas_R_4567.jpg,.jpg,300,168,RGB,15.61
Kertas,kertas_R_4568.jpg,dataset\Kertas\kertas_R_4568.jpg,.jpg,275,183,RGB,7.99
Kertas,kertas_R_4569.jpg,dataset\Kertas\kertas_R_4569.jpg,.jpg,380,133,RGB,13.63
Kertas,kertas_R_4570.jpg,dataset\Kertas\kertas_R_4570.jpg,.jpg,225,225,RGB,6.84
Kertas,kertas_R_4571.jpg,dataset\Kertas\kertas_R_4571.jpg,.jpg,225,225,RGB,4.84
Kertas,kertas_R_4572.jpg,dataset\Kertas\kertas_R_4572.jpg,.jpg,262,192,RGB,17.25
Kertas,kertas_R_4573.jpg,dataset\Kertas\kertas_R_4573.jpg,.jpg,220,180,RGB,7.15
Kertas,kertas_R_4574.jpg,dataset\Kertas\kertas_R_4574.jpg,.jpg,225,225,RGB,13.73
Kertas,kertas_R_4575.jpg,dataset\Kertas\kertas_R_4575.jpg,.jpg,300,168,RGB,9.71
Kertas,kertas_R_4576.jpg,dataset\Kertas\kertas_R_4576.jpg,.jpg,225,225,RGB,12.23
Kertas,kertas_R_4577.jpg,dataset\Kertas\kertas_R_4577.jpg,.jpg,225,225,RGB,14.87
Kertas,kertas_R_4578.jpg,dataset\Kertas\kertas_R_4578.jpg,.jpg,200,200,RGB,12.62
Kertas,kertas_R_4579.jpg,dataset\Kertas\kertas_R_4579.jpg,.jpg,253,194,RGB,13.09
Kertas,kertas_R_4580.jpg,dataset\Kertas\kertas_R_4580.jpg,.jpg,259,194,RGB,17.81
Kertas,kertas_R_4581.jpg,dataset\Kertas\kertas_R_4581.jpg,.jpg,275,183,RGB,8.78
Kertas,kertas_R_4582.jpg,dataset\Kertas\kertas_R_4582.jpg,.jpg,259,194,RGB,9.19
Kertas,kertas_R_4583.jpg,dataset\Kertas\kertas_R_4583.jpg,.jpg,259,194,RGB,17.03
Kertas,kertas_R_4584.jpg,dataset\Kertas\kertas_R_4584.jpg,.jpg,264,191,RGB,15.15
Kertas,kertas_R_4585.jpg,dataset\Kertas\kertas_R_4585.jpg,.jpg,225,225,RGB,12.19
Kertas,kertas_R_4586.jpg,dataset\Kertas\kertas_R_4586.jpg,.jpg,195,259,RGB,10.97
Kertas,kertas_R_4587.jpg,dataset\Kertas\kertas_R_4587.jpg,.jpg,259,194,RGB,16.06
Kertas,kertas_R_4588.jpg,dataset\Kertas\kertas_R_4588.jpg,.jpg,245,206,RGB,10.38
Kertas,kertas_R_4589.jpg,dataset\Kertas\kertas_R_4589.jpg,.jpg,350,144,RGB,11.51
Kertas,kertas_R_4590.jpg,dataset\Kertas\kertas_R_4590.jpg,.jpg,225,225,RGB,3.05
Kertas,kertas_R_4591.jpg,dataset\Kertas\kertas_R_4591.jpg,.jpg,220,229,RGB,6.9
Kertas,kertas_R_4592.jpg,dataset\Kertas\kertas_R_4592.jpg,.jpg,228,221,RGB,11.29
Kertas,kertas_R_4593.jpg,dataset\Kertas\kertas_R_4593.jpg,.jpg,225,225,RGB,16.54
Kertas,kertas_R_4594.jpg,dataset\Kertas\kertas_R_4594.jpg,.jpg,190,266,RGB,15.93
Kertas,kertas_R_4595.jpg,dataset\Kertas\kertas_R_4595.jpg,.jpg,308,164,RGB,11.59
Kertas,kertas_R_4596.jpg,dataset\Kertas\kertas_R_4596.jpg,.jpg,175,288,RGB,12.37
Kertas,kertas_R_4597.jpg,dataset\Kertas\kertas_R_4597.jpg,.jpg,225,225,RGB,9.16
Kertas,kertas_R_4598.jpg,dataset\Kertas\kertas_R_4598.jpg,.jpg,299,168,RGB,10.31
Kertas,kertas_R_4599.jpg,dataset\Kertas\kertas_R_4599.jpg,.jpg,255,197,RGB,8.37
Kertas,kertas_R_4600.jpg,dataset\Kertas\kertas_R_4600.jpg,.jpg,276,183,RGB,14.19
Kertas,kertas_R_4601.jpg,dataset\Kertas\kertas_R_4601.jpg,.jpg,225,225,RGB,15.42
Kertas,kertas_R_4602.jpg,dataset\Kertas\kertas_R_4602.jpg,.jpg,278,181,RGB,16.25
Kertas,kertas_R_4603.jpg,dataset\Kertas\kertas_R_4603.jpg,.jpg,244,206,RGB,9.14
Kertas,kertas_R_4604.jpg,dataset\Kertas\kertas_R_4604.jpg,.jpg,225,225,RGB,12.6
Kertas,kertas_R_4605.jpg,dataset\Kertas\kertas_R_4605.jpg,.jpg,225,225,RGB,17.76
Kertas,kertas_R_4606.jpg,dataset\Kertas\kertas_R_4606.jpg,.jpg,249,198,RGB,20.13
Kertas,kertas_R_4607.jpg,dataset\Kertas\kertas_R_4607.jpg,.jpg,210,240,RGB,3.94
Kertas,kertas_R_4608.jpg,dataset\Kertas\kertas_R_4608.jpg,.jpg,225,225,RGB,18.03
Kertas,kertas_R_4609.jpg,dataset\Kertas\kertas_R_4609.jpg,.jpg,275,183,RGB,8.23
Kertas,kertas_R_4610.jpg,dataset\Kertas\kertas_R_4610.jpg,.jpg,285,177,RGB,7.0
Kertas,kertas_R_4611.jpg,dataset\Kertas\kertas_R_4611.jpg,.jpg,225,225,RGB,15.82
Kertas,kertas_R_4612.jpg,dataset\Kertas\kertas_R_4612.jpg,.jpg,259,194,RGB,8.7
Kertas,kertas_R_4613.jpg,dataset\Kertas\kertas_R_4613.jpg,.jpg,259,194,RGB,7.82
Kertas,kertas_R_4614.jpg,dataset\Kertas\kertas_R_4614.jpg,.jpg,225,225,RGB,10.18
Kertas,kertas_R_4615.jpg,dataset\Kertas\kertas_R_4615.jpg,.jpg,183,275,RGB,5.19
Kertas,kertas_R_4616.jpg,dataset\Kertas\kertas_R_4616.jpg,.jpg,184,275,RGB,11.97
Kertas,kertas_R_4617.jpg,dataset\Kertas\kertas_R_4617.jpg,.jpg,194,259,RGB,9.12
Kertas,kertas_R_4618.jpg,dataset\Kertas\kertas_R_4618.jpg,.jpg,225,225,RGB,5.84
Kertas,kertas_R_4619.jpg,dataset\Kertas\kertas_R_4619.jpg,.jpg,220,150,RGB,8.31
Kertas,kertas_R_4620.jpg,dataset\Kertas\kertas_R_4620.jpg,.jpg,193,262,RGB,13.21
Kertas,kertas_R_4621.jpg,dataset\Kertas\kertas_R_4621.jpg,.jpg,258,196,RGB,10.11
Kertas,kertas_R_4622.jpg,dataset\Kertas\kertas_R_4622.jpg,.jpg,308,164,RGB,11.6
Kertas,kertas_R_4623.jpg,dataset\Kertas\kertas_R_4623.jpg,.jpg,275,183,RGB,11.6
Kertas,kertas_R_4624.jpg,dataset\Kertas\kertas_R_4624.jpg,.jpg,225,225,RGB,15.19
Kertas,kertas_R_4625.jpg,dataset\Kertas\kertas_R_4625.jpg,.jpg,277,182,RGB,14.05
Kertas,kertas_R_4626.jpg,dataset\Kertas\kertas_R_4626.jpg,.jpg,259,194,RGB,14.72
Kertas,kertas_R_4627.jpg,dataset\Kertas\kertas_R_4627.jpg,.jpg,314,161,RGB,8.95
Kertas,kertas_R_4628.jpg,dataset\Kertas\kertas_R_4628.jpg,.jpg,225,225,RGB,9.93
Kertas,kertas_R_4629.jpg,dataset\Kertas\kertas_R_4629.jpg,.jpg,259,194,RGB,14.88
Kertas,kertas_R_4630.jpg,dataset\Kertas\kertas_R_4630.jpg,.jpg,225,225,RGB,6.27
Kertas,kertas_R_4631.jpg,dataset\Kertas\kertas_R_4631.jpg,.jpg,250,200,RGB,13.18
Kertas,kertas_R_4632.jpg,dataset\Kertas\kertas_R_4632.jpg,.jpg,204,247,RGB,12.74
Kertas,kertas_R_4633.jpg,dataset\Kertas\kertas_R_4633.jpg,.jpg,225,225,RGB,14.83
Kertas,kertas_R_4634.jpg,dataset\Kertas\kertas_R_4634.jpg,.jpg,173,291,RGB,10.55
Kertas,kertas_R_4635.jpg,dataset\Kertas\kertas_R_4635.jpg,.jpg,259,194,RGB,11.79
Kertas,kertas_R_4636.jpg,dataset\Kertas\kertas_R_4636.jpg,.jpg,299,168,RGB,10.95
Kertas,kertas_R_4637.jpg,dataset\Kertas\kertas_R_4637.jpg,.jpg,269,187,RGB,14.29
Kertas,kertas_R_4638.jpg,dataset\Kertas\kertas_R_4638.jpg,.jpg,225,225,RGB,14.98
Kertas,kertas_R_4639.jpg,dataset\Kertas\kertas_R_4639.jpg,.jpg,225,225,RGB,9.85
Kertas,kertas_R_4640.jpg,dataset\Kertas\kertas_R_4640.jpg,.jpg,262,192,RGB,12.73
Kertas,kertas_R_4641.jpg,dataset\Kertas\kertas_R_4641.jpg,.jpg,197,256,RGB,12.2
Kertas,kertas_R_4642.jpg,dataset\Kertas\kertas_R_4642.jpg,.jpg,275,183,RGB,7.83
Kertas,kertas_R_4643.jpg,dataset\Kertas\kertas_R_4643.jpg,.jpg,225,225,RGB,17.07
Kertas,kertas_R_4644.jpg,dataset\Kertas\kertas_R_4644.jpg,.jpg,259,194,RGB,14.88
Kertas,kertas_R_4645.jpg,dataset\Kertas\kertas_R_4645.jpg,.jpg,225,225,RGB,5.54
Kertas,kertas_R_4646.jpg,dataset\Kertas\kertas_R_4646.jpg,.jpg,94,206,RGB,7.73
Kertas,kertas_R_4647.jpg,dataset\Kertas\kertas_R_4647.jpg,.jpg,262,191,RGB,4.47
Kertas,kertas_R_4648.jpg,dataset\Kertas\kertas_R_4648.jpg,.jpg,224,224,RGB,4.46
Kertas,kertas_R_4649.jpg,dataset\Kertas\kertas_R_4649.jpg,.jpg,224,224,RGB,7.86
Kertas,kertas_R_4650.jpg,dataset\Kertas\kertas_R_4650.jpg,.jpg,271,186,RGB,12.26
Kertas,kertas_R_4651.jpg,dataset\Kertas\kertas_R_4651.jpg,.jpg,275,183,RGB,14.49
Kertas,kertas_R_4652.jpg,dataset\Kertas\kertas_R_4652.jpg,.jpg,185,240,RGB,3.78
Kertas,kertas_R_4653.jpg,dataset\Kertas\kertas_R_4653.jpg,.jpg,262,192,RGB,11.46
Kertas,kertas_R_4654.jpg,dataset\Kertas\kertas_R_4654.jpg,.jpg,255,198,RGB,15.11
Kertas,kertas_R_4655.jpg,dataset\Kertas\kertas_R_4655.jpg,.jpg,275,183,RGB,6.19
Kertas,kertas_R_4656.jpg,dataset\Kertas\kertas_R_4656.jpg,.jpg,225,225,RGB,13.59
Kertas,kertas_R_4657.jpg,dataset\Kertas\kertas_R_4657.jpg,.jpg,267,189,RGB,25.53
Kertas,kertas_R_4658.jpg,dataset\Kertas\kertas_R_4658.jpg,.jpg,299,168,RGB,6.33
Kertas,kertas_R_4659.jpg,dataset\Kertas\kertas_R_4659.jpg,.jpg,258,196,RGB,14.28
Kertas,kertas_R_4660.jpg,dataset\Kertas\kertas_R_4660.jpg,.jpg,264,191,RGB,7.14
Kertas,kertas_R_4661.jpg,dataset\Kertas\kertas_R_4661.jpg,.jpg,205,246,RGB,8.94
Kertas,kertas_R_4662.jpg,dataset\Kertas\kertas_R_4662.jpg,.jpg,267,189,RGB,8.21
Kertas,kertas_R_4663.jpg,dataset\Kertas\kertas_R_4663.jpg,.jpg,224,224,RGB,14.71
Kertas,kertas_R_4664.jpg,dataset\Kertas\kertas_R_4664.jpg,.jpg,275,183,RGB,11.76
Kertas,kertas_R_4665.jpg,dataset\Kertas\kertas_R_4665.jpg,.jpg,275,184,RGB,10.47
Kertas,kertas_R_4666.jpg,dataset\Kertas\kertas_R_4666.jpg,.jpg,227,222,RGB,6.23
Kertas,kertas_R_4667.jpg,dataset\Kertas\kertas_R_4667.jpg,.jpg,275,183,RGB,8.37
Kertas,kertas_R_4668.jpg,dataset\Kertas\kertas_R_4668.jpg,.jpg,275,183,RGB,12.0
Kertas,kertas_R_4669.jpg,dataset\Kertas\kertas_R_4669.jpg,.jpg,201,251,RGB,9.61
Kertas,kertas_R_4670.jpg,dataset\Kertas\kertas_R_4670.jpg,.jpg,225,225,RGB,15.07
Kertas,kertas_R_4671.jpg,dataset\Kertas\kertas_R_4671.jpg,.jpg,256,197,RGB,9.74
Kertas,kertas_R_4672.jpg,dataset\Kertas\kertas_R_4672.jpg,.jpg,183,275,RGB,10.13
Kertas,kertas_R_4673.jpg,dataset\Kertas\kertas_R_4673.jpg,.jpg,275,183,RGB,5.39
Kertas,kertas_R_4674.jpg,dataset\Kertas\kertas_R_4674.jpg,.jpg,260,193,RGB,8.39
Kertas,kertas_R_4675.jpg,dataset\Kertas\kertas_R_4675.jpg,.jpg,259,194,RGB,11.84
Kertas,kertas_R_4676.jpg,dataset\Kertas\kertas_R_4676.jpg,.jpg,225,225,RGB,4.93
Kertas,kertas_R_4677.jpg,dataset\Kertas\kertas_R_4677.jpg,.jpg,275,183,RGB,17.36
Kertas,kertas_R_4678.jpg,dataset\Kertas\kertas_R_4678.jpg,.jpg,169,225,RGB,13.43
Kertas,kertas_R_4679.jpg,dataset\Kertas\kertas_R_4679.jpg,.jpg,275,183,RGB,16.1
Kertas,kertas_R_4680.jpg,dataset\Kertas\kertas_R_4680.jpg,.jpg,225,224,RGB,11.31
Kertas,kertas_R_4681.jpg,dataset\Kertas\kertas_R_4681.jpg,.jpg,180,180,RGB,2.54
Kertas,kertas_R_4682.jpg,dataset\Kertas\kertas_R_4682.jpg,.jpg,225,225,RGB,7.05
Kertas,kertas_R_4683.jpg,dataset\Kertas\kertas_R_4683.jpg,.jpg,224,224,RGB,4.78
Kertas,kertas_R_4684.jpg,dataset\Kertas\kertas_R_4684.jpg,.jpg,250,201,RGB,9.45
Kertas,kertas_R_4685.jpg,dataset\Kertas\kertas_R_4685.jpg,.jpg,259,194,RGB,15.04
Kertas,kertas_R_4686.jpg,dataset\Kertas\kertas_R_4686.jpg,.jpg,221,228,RGB,8.22
Kertas,kertas_R_4687.jpg,dataset\Kertas\kertas_R_4687.jpg,.jpg,259,194,RGB,10.14
Kertas,kertas_R_4688.jpg,dataset\Kertas\kertas_R_4688.jpg,.jpg,225,225,RGB,15.55
Kertas,kertas_R_4689.jpg,dataset\Kertas\kertas_R_4689.jpg,.jpg,225,225,RGB,11.41
Kertas,kertas_R_4690.jpg,dataset\Kertas\kertas_R_4690.jpg,.jpg,259,194,RGB,16.74
Kertas,kertas_R_4691.jpg,dataset\Kertas\kertas_R_4691.jpg,.jpg,184,275,RGB,9.29
Kertas,kertas_R_4692.jpg,dataset\Kertas\kertas_R_4692.jpg,.jpg,213,236,RGB,14.95
Kertas,kertas_R_4693.jpg,dataset\Kertas\kertas_R_4693.jpg,.jpg,246,205,RGB,4.07
Kertas,kertas_R_4694.jpg,dataset\Kertas\kertas_R_4694.jpg,.jpg,225,225,RGB,14.81
Kertas,kertas_R_4695.jpg,dataset\Kertas\kertas_R_4695.jpg,.jpg,225,225,RGB,11.99
Kertas,kertas_R_4696.jpg,dataset\Kertas\kertas_R_4696.jpg,.jpg,275,183,RGB,9.18
Kertas,kertas_R_4697.jpg,dataset\Kertas\kertas_R_4697.jpg,.jpg,225,225,RGB,5.9
Kertas,kertas_R_4698.jpg,dataset\Kertas\kertas_R_4698.jpg,.jpg,259,194,RGB,7.5
Kertas,kertas_R_4699.jpg,dataset\Kertas\kertas_R_4699.jpg,.jpg,304,166,RGB,13.6
Kertas,kertas_R_4700.jpg,dataset\Kertas\kertas_R_4700.jpg,.jpg,266,189,RGB,6.95
Kertas,kertas_R_4701.jpg,dataset\Kertas\kertas_R_4701.jpg,.jpg,249,203,RGB,9.11
Kertas,kertas_R_4702.jpg,dataset\Kertas\kertas_R_4702.jpg,.jpg,259,194,RGB,8.45
Kertas,kertas_R_4703.jpg,dataset\Kertas\kertas_R_4703.jpg,.jpg,252,200,RGB,16.24
Kertas,kertas_R_4704.jpg,dataset\Kertas\kertas_R_4704.jpg,.jpg,276,183,RGB,13.5
Kertas,kertas_R_4705.jpg,dataset\Kertas\kertas_R_4705.jpg,.jpg,276,183,RGB,11.03
Kertas,kertas_R_4706.jpg,dataset\Kertas\kertas_R_4706.jpg,.jpg,225,225,RGB,4.19
Kertas,kertas_R_4707.jpg,dataset\Kertas\kertas_R_4707.jpg,.jpg,299,168,RGB,25.89
Kertas,kertas_R_4708.jpg,dataset\Kertas\kertas_R_4708.jpg,.jpg,259,194,RGB,9.55
Kertas,kertas_R_4709.jpg,dataset\Kertas\kertas_R_4709.jpg,.jpg,244,206,RGB,11.01
Kertas,kertas_R_4710.jpg,dataset\Kertas\kertas_R_4710.jpg,.jpg,236,214,RGB,9.25
Kertas,kertas_R_4711.jpg,dataset\Kertas\kertas_R_4711.jpg,.jpg,225,225,RGB,5.32
Kertas,kertas_R_4712.jpg,dataset\Kertas\kertas_R_4712.jpg,.jpg,225,225,RGB,14.26
Kertas,kertas_R_4713.jpg,dataset\Kertas\kertas_R_4713.jpg,.jpg,336,150,RGB,10.05
Kertas,kertas_R_4714.jpg,dataset\Kertas\kertas_R_4714.jpg,.jpg,259,194,RGB,10.05
Kertas,kertas_R_4715.jpg,dataset\Kertas\kertas_R_4715.jpg,.jpg,210,184,RGB,11.7
Kertas,kertas_R_4716.jpg,dataset\Kertas\kertas_R_4716.jpg,.jpg,225,225,RGB,17.55
Kertas,kertas_R_4717.jpg,dataset\Kertas\kertas_R_4717.jpg,.jpg,183,275,RGB,12.05
Kertas,kertas_R_4718.jpg,dataset\Kertas\kertas_R_4718.jpg,.jpg,225,225,RGB,13.54
Kertas,kertas_R_4719.jpg,dataset\Kertas\kertas_R_4719.jpg,.jpg,252,200,P,18.77
Kertas,kertas_R_4720.jpg,dataset\Kertas\kertas_R_4720.jpg,.jpg,179,282,RGB,11.35
Kertas,kertas_R_4721.jpg,dataset\Kertas\kertas_R_4721.jpg,.jpg,275,183,RGB,6.36
Kertas,kertas_R_4722.jpg,dataset\Kertas\kertas_R_4722.jpg,.jpg,225,225,RGB,15.41
Kertas,kertas_R_4723.jpg,dataset\Kertas\kertas_R_4723.jpg,.jpg,299,168,RGB,8.39
Kertas,kertas_R_4724.jpg,dataset\Kertas\kertas_R_4724.jpg,.jpg,224,224,RGB,16.29
Kertas,kertas_R_4725.jpg,dataset\Kertas\kertas_R_4725.jpg,.jpg,274,184,RGB,7.65
Kertas,kertas_R_4726.jpg,dataset\Kertas\kertas_R_4726.jpg,.jpg,225,225,RGB,8.6
Kertas,kertas_R_4727.jpg,dataset\Kertas\kertas_R_4727.jpg,.jpg,225,225,RGB,8.12
Kertas,kertas_R_4728.jpg,dataset\Kertas\kertas_R_4728.jpg,.jpg,269,187,RGB,7.27
Kertas,kertas_R_4729.jpg,dataset\Kertas\kertas_R_4729.jpg,.jpg,259,194,RGB,12.67
Kertas,kertas_R_4730.jpg,dataset\Kertas\kertas_R_4730.jpg,.jpg,183,275,RGB,9.45
Kertas,kertas_R_4731.jpg,dataset\Kertas\kertas_R_4731.jpg,.jpg,247,204,RGB,5.28
Kertas,kertas_R_4732.jpg,dataset\Kertas\kertas_R_4732.jpg,.jpg,225,225,RGB,12.09
Kertas,kertas_R_4733.jpg,dataset\Kertas\kertas_R_4733.jpg,.jpg,225,225,RGB,4.88
Kertas,kertas_R_4734.jpg,dataset\Kertas\kertas_R_4734.jpg,.jpg,259,194,RGB,8.57
Kertas,kertas_R_4735.jpg,dataset\Kertas\kertas_R_4735.jpg,.jpg,250,177,RGB,10.1
Kertas,kertas_R_4736.jpg,dataset\Kertas\kertas_R_4736.jpg,.jpg,216,233,RGB,4.75
Kertas,kertas_R_4737.jpg,dataset\Kertas\kertas_R_4737.jpg,.jpg,275,183,RGB,9.96
Kertas,kertas_R_4738.jpg,dataset\Kertas\kertas_R_4738.jpg,.jpg,194,259,RGB,9.09
Kertas,kertas_R_4739.jpg,dataset\Kertas\kertas_R_4739.jpg,.jpg,224,224,RGB,10.52
Kertas,kertas_R_4740.jpg,dataset\Kertas\kertas_R_4740.jpg,.jpg,275,183,RGB,6.24
Kertas,kertas_R_4741.jpg,dataset\Kertas\kertas_R_4741.jpg,.jpg,259,194,RGB,8.16
Kertas,kertas_R_4742.jpg,dataset\Kertas\kertas_R_4742.jpg,.jpg,295,171,RGB,12.77
Kertas,kertas_R_4743.jpg,dataset\Kertas\kertas_R_4743.jpg,.jpg,259,194,RGB,6.71
Kertas,kertas_R_4744.jpg,dataset\Kertas\kertas_R_4744.jpg,.jpg,225,225,RGB,13.59
Kertas,kertas_R_4745.jpg,dataset\Kertas\kertas_R_4745.jpg,.jpg,276,183,RGB,10.67
Kertas,kertas_R_4746.jpg,dataset\Kertas\kertas_R_4746.jpg,.jpg,225,225,RGB,6.23
Kertas,kertas_R_4747.jpg,dataset\Kertas\kertas_R_4747.jpg,.jpg,275,183,RGB,8.42
Kertas,kertas_R_4748.jpg,dataset\Kertas\kertas_R_4748.jpg,.jpg,275,183,RGB,10.78
Kertas,kertas_R_4749.jpg,dataset\Kertas\kertas_R_4749.jpg,.jpg,197,256,RGB,3.68
Kertas,kertas_R_4750.jpg,dataset\Kertas\kertas_R_4750.jpg,.jpg,210,184,RGB,9.33
Kertas,kertas_R_4751.jpg,dataset\Kertas\kertas_R_4751.jpg,.jpg,292,172,RGB,13.01
Kertas,kertas_R_4752.jpg,dataset\Kertas\kertas_R_4752.jpg,.jpg,225,225,RGB,10.63
Kertas,kertas_R_4753.jpg,dataset\Kertas\kertas_R_4753.jpg,.jpg,238,212,RGB,12.07
Kertas,kertas_R_4754.jpg,dataset\Kertas\kertas_R_4754.jpg,.jpg,266,189,RGB,13.5
Kertas,kertas_R_4755.jpg,dataset\Kertas\kertas_R_4755.jpg,.jpg,225,225,RGB,10.11
Kertas,kertas_R_4756.jpg,dataset\Kertas\kertas_R_4756.jpg,.jpg,225,225,RGB,5.73
Kertas,kertas_R_4757.jpg,dataset\Kertas\kertas_R_4757.jpg,.jpg,259,194,RGB,10.41
Kertas,kertas_R_4758.jpg,dataset\Kertas\kertas_R_4758.jpg,.jpg,180,281,RGB,13.29
Kertas,kertas_R_4759.jpg,dataset\Kertas\kertas_R_4759.jpg,.jpg,224,224,RGB,12.97
Kertas,kertas_R_4760.jpg,dataset\Kertas\kertas_R_4760.jpg,.jpg,277,182,RGB,12.51
Kertas,kertas_R_4761.jpg,dataset\Kertas\kertas_R_4761.jpg,.jpg,189,267,RGB,9.7
Kertas,kertas_R_4762.jpg,dataset\Kertas\kertas_R_4762.jpg,.jpg,274,184,RGB,7.2
Kertas,kertas_R_4763.jpg,dataset\Kertas\kertas_R_4763.jpg,.jpg,225,225,RGB,5.92
Kertas,kertas_R_4764.jpg,dataset\Kertas\kertas_R_4764.jpg,.jpg,174,290,RGB,8.33
Kertas,kertas_R_4765.jpg,dataset\Kertas\kertas_R_4765.jpg,.jpg,299,168,RGB,9.14
Kertas,kertas_R_4766.jpg,dataset\Kertas\kertas_R_4766.jpg,.jpg,233,216,RGB,12.15
Kertas,kertas_R_4767.jpg,dataset\Kertas\kertas_R_4767.jpg,.jpg,220,150,RGB,6.81
Kertas,kertas_R_4768.jpg,dataset\Kertas\kertas_R_4768.jpg,.jpg,280,180,RGB,5.06
Kertas,kertas_R_4769.jpg,dataset\Kertas\kertas_R_4769.jpg,.jpg,210,230,RGB,5.37
Kertas,kertas_R_4770.jpg,dataset\Kertas\kertas_R_4770.jpg,.jpg,251,201,RGB,10.49
Kertas,kertas_R_4771.jpg,dataset\Kertas\kertas_R_4771.jpg,.jpg,360,140,RGB,12.49
Kertas,kertas_R_4772.jpg,dataset\Kertas\kertas_R_4772.jpg,.jpg,225,225,RGB,11.58
Kertas,kertas_R_4773.jpg,dataset\Kertas\kertas_R_4773.jpg,.jpg,225,225,RGB,7.52
Kertas,kertas_R_4774.jpg,dataset\Kertas\kertas_R_4774.jpg,.jpg,275,183,RGB,9.56
Kertas,kertas_R_4775.jpg,dataset\Kertas\kertas_R_4775.jpg,.jpg,202,250,RGB,9.84
Kertas,kertas_R_4776.jpg,dataset\Kertas\kertas_R_4776.jpg,.jpg,248,203,RGB,9.13
Kertas,kertas_R_4777.jpg,dataset\Kertas\kertas_R_4777.jpg,.jpg,225,225,RGB,12.32
Kertas,kertas_R_4778.jpg,dataset\Kertas\kertas_R_4778.jpg,.jpg,248,203,RGB,11.27
Kertas,kertas_R_4779.jpg,dataset\Kertas\kertas_R_4779.jpg,.jpg,311,162,RGB,15.76
Kertas,kertas_R_4780.jpg,dataset\Kertas\kertas_R_4780.jpg,.jpg,276,183,RGB,15.2
Kertas,kertas_R_4781.jpg,dataset\Kertas\kertas_R_4781.jpg,.jpg,259,194,RGB,14.59
Kertas,kertas_R_4782.jpg,dataset\Kertas\kertas_R_4782.jpg,.jpg,318,159,RGB,9.91
Kertas,kertas_R_4783.jpg,dataset\Kertas\kertas_R_4783.jpg,.jpg,179,282,RGB,7.33
Kertas,kertas_R_4784.jpg,dataset\Kertas\kertas_R_4784.jpg,.jpg,259,194,RGB,4.83
Kertas,kertas_R_4785.jpg,dataset\Kertas\kertas_R_4785.jpg,.jpg,275,183,RGB,16.07
Kertas,kertas_R_4786.jpg,dataset\Kertas\kertas_R_4786.jpg,.jpg,259,194,RGB,8.75
Kertas,kertas_R_4787.jpg,dataset\Kertas\kertas_R_4787.jpg,.jpg,250,201,RGB,12.54
Kertas,kertas_R_4788.jpg,dataset\Kertas\kertas_R_4788.jpg,.jpg,209,242,RGB,10.38
Kertas,kertas_R_4789.jpg,dataset\Kertas\kertas_R_4789.jpg,.jpg,197,256,RGB,5.56
Kertas,kertas_R_4790.jpg,dataset\Kertas\kertas_R_4790.jpg,.jpg,259,194,RGB,11.48
Kertas,kertas_R_4791.jpg,dataset\Kertas\kertas_R_4791.jpg,.jpg,225,225,RGB,13.98
Kertas,kertas_R_4792.jpg,dataset\Kertas\kertas_R_4792.jpg,.jpg,297,170,RGB,12.16
Kertas,kertas_R_4793.jpg,dataset\Kertas\kertas_R_4793.jpg,.jpg,196,257,RGB,10.85
Kertas,kertas_R_4794.jpg,dataset\Kertas\kertas_R_4794.jpg,.jpg,225,225,RGB,12.95
Kertas,kertas_R_4795.jpg,dataset\Kertas\kertas_R_4795.jpg,.jpg,263,191,RGB,6.32
Kertas,kertas_R_4796.jpg,dataset\Kertas\kertas_R_4796.jpg,.jpg,259,194,RGB,10.17
Kertas,kertas_R_4797.jpg,dataset\Kertas\kertas_R_4797.jpg,.jpg,183,276,RGB,12.35
Kertas,kertas_R_4798.jpg,dataset\Kertas\kertas_R_4798.jpg,.jpg,225,225,RGB,3.98
Kertas,kertas_R_4799.jpg,dataset\Kertas\kertas_R_4799.jpg,.jpg,225,225,RGB,6.79
Kertas,kertas_R_4800.jpg,dataset\Kertas\kertas_R_4800.jpg,.jpg,207,243,RGB,7.25
Kertas,kertas_R_4801.jpg,dataset\Kertas\kertas_R_4801.jpg,.jpg,220,229,RGB,32.28
Kertas,kertas_R_4802.jpg,dataset\Kertas\kertas_R_4802.jpg,.jpg,275,183,RGB,8.53
Kertas,kertas_R_4803.jpg,dataset\Kertas\kertas_R_4803.jpg,.jpg,252,200,RGB,13.94
Kertas,kertas_R_4804.jpg,dataset\Kertas\kertas_R_4804.jpg,.jpg,212,238,RGB,8.6
Kertas,kertas_R_4805.jpg,dataset\Kertas\kertas_R_4805.jpg,.jpg,278,181,RGB,8.27
Kertas,kertas_R_4806.jpg,dataset\Kertas\kertas_R_4806.jpg,.jpg,276,183,RGB,14.2
Kertas,kertas_R_4807.jpg,dataset\Kertas\kertas_R_4807.jpg,.jpg,252,200,RGB,9.55
Kertas,kertas_R_4808.jpg,dataset\Kertas\kertas_R_4808.jpg,.jpg,279,180,RGB,10.82
Kertas,kertas_R_4809.jpg,dataset\Kertas\kertas_R_4809.jpg,.jpg,275,183,RGB,9.68
Kertas,kertas_R_4810.jpg,dataset\Kertas\kertas_R_4810.jpg,.jpg,183,276,RGB,9.11
Kertas,kertas_R_4811.jpg,dataset\Kertas\kertas_R_4811.jpg,.jpg,276,183,RGB,12.51
Kertas,kertas_R_4812.jpg,dataset\Kertas\kertas_R_4812.jpg,.jpg,462,109,RGB,7.38
Kertas,kertas_R_4813.jpg,dataset\Kertas\kertas_R_4813.jpg,.jpg,275,183,RGB,12.48
Kertas,kertas_R_4814.jpg,dataset\Kertas\kertas_R_4814.jpg,.jpg,223,226,RGB,13.56
Kertas,kertas_R_4815.jpg,dataset\Kertas\kertas_R_4815.jpg,.jpg,259,194,RGB,14.79
Kertas,kertas_R_4816.jpg,dataset\Kertas\kertas_R_4816.jpg,.jpg,274,184,RGB,11.16
Kertas,kertas_R_4817.jpg,dataset\Kertas\kertas_R_4817.jpg,.jpg,225,225,RGB,15.64
Kertas,kertas_R_4818.jpg,dataset\Kertas\kertas_R_4818.jpg,.jpg,186,271,RGB,11.48
Kertas,kertas_R_4819.jpg,dataset\Kertas\kertas_R_4819.jpg,.jpg,225,225,RGB,12.67
Kertas,kertas_R_4820.jpg,dataset\Kertas\kertas_R_4820.jpg,.jpg,230,219,P,8.6
Kertas,kertas_R_4821.jpg,dataset\Kertas\kertas_R_4821.jpg,.jpg,225,225,RGB,11.39
Kertas,kertas_R_4822.jpg,dataset\Kertas\kertas_R_4822.jpg,.jpg,275,183,RGB,14.47
Kertas,kertas_R_4823.jpg,dataset\Kertas\kertas_R_4823.jpg,.jpg,343,147,RGB,9.61
Kertas,kertas_R_4824.jpg,dataset\Kertas\kertas_R_4824.jpg,.jpg,194,259,RGB,9.88
Kertas,kertas_R_4825.jpg,dataset\Kertas\kertas_R_4825.jpg,.jpg,275,183,RGB,11.86
Kertas,kertas_R_4826.jpg,dataset\Kertas\kertas_R_4826.jpg,.jpg,225,225,RGB,20.41
Kertas,kertas_R_4827.jpg,dataset\Kertas\kertas_R_4827.jpg,.jpg,275,183,RGB,7.92
Kertas,kertas_R_4828.jpg,dataset\Kertas\kertas_R_4828.jpg,.jpg,225,225,RGB,10.01
Kertas,kertas_R_4829.jpg,dataset\Kertas\kertas_R_4829.jpg,.jpg,225,225,RGB,11.87
Kertas,kertas_R_4830.jpg,dataset\Kertas\kertas_R_4830.jpg,.jpg,259,194,RGB,9.11
Kertas,kertas_R_4831.jpg,dataset\Kertas\kertas_R_4831.jpg,.jpg,176,286,RGB,11.87
Kertas,kertas_R_4832.jpg,dataset\Kertas\kertas_R_4832.jpg,.jpg,225,225,RGB,6.28
Kertas,kertas_R_4833.jpg,dataset\Kertas\kertas_R_4833.jpg,.jpg,276,183,RGB,4.34
Kertas,kertas_R_4834.jpg,dataset\Kertas\kertas_R_4834.jpg,.jpg,275,183,RGB,10.01
Kertas,kertas_R_4835.jpg,dataset\Kertas\kertas_R_4835.jpg,.jpg,262,192,RGB,13.78
Kertas,kertas_R_4836.jpg,dataset\Kertas\kertas_R_4836.jpg,.jpg,225,225,RGB,13.38
Kertas,kertas_R_4837.jpg,dataset\Kertas\kertas_R_4837.jpg,.jpg,180,281,RGB,16.23
Kertas,kertas_R_4838.jpg,dataset\Kertas\kertas_R_4838.jpg,.jpg,267,189,RGB,14.27
Kertas,kertas_R_4839.jpg,dataset\Kertas\kertas_R_4839.jpg,.jpg,203,248,RGB,12.62
Kertas,kertas_R_4840.jpg,dataset\Kertas\kertas_R_4840.jpg,.jpg,160,160,RGB,2.62
Kertas,kertas_R_4841.jpg,dataset\Kertas\kertas_R_4841.jpg,.jpg,252,200,RGB,12.81
Kertas,kertas_R_4842.jpg,dataset\Kertas\kertas_R_4842.jpg,.jpg,218,231,RGB,11.68
Kertas,kertas_R_4843.jpg,dataset\Kertas\kertas_R_4843.jpg,.jpg,225,225,RGB,14.96
Kertas,kertas_R_4844.jpg,dataset\Kertas\kertas_R_4844.jpg,.jpg,232,217,RGB,6.42
Kertas,kertas_R_4845.jpg,dataset\Kertas\kertas_R_4845.jpg,.jpg,225,225,RGB,13.52
Kertas,kertas_R_4846.jpg,dataset\Kertas\kertas_R_4846.jpg,.jpg,225,225,RGB,17.72
Kertas,kertas_R_4847.jpg,dataset\Kertas\kertas_R_4847.jpg,.jpg,259,194,RGB,10.86
Kertas,kertas_R_4848.jpg,dataset\Kertas\kertas_R_4848.jpg,.jpg,318,159,RGB,10.6
Kertas,kertas_R_4849.jpg,dataset\Kertas\kertas_R_4849.jpg,.jpg,275,183,RGB,9.14
Kertas,kertas_R_4850.jpg,dataset\Kertas\kertas_R_4850.jpg,.jpg,225,225,RGB,6.44
Kertas,kertas_R_4851.jpg,dataset\Kertas\kertas_R_4851.jpg,.jpg,183,275,RGB,7.49
Kertas,kertas_R_4852.jpg,dataset\Kertas\kertas_R_4852.jpg,.jpg,225,225,RGB,5.47
Kertas,kertas_R_4853.jpg,dataset\Kertas\kertas_R_4853.jpg,.jpg,250,202,RGB,13.92
Kertas,kertas_R_4854.jpg,dataset\Kertas\kertas_R_4854.jpg,.jpg,300,168,RGB,13.77
Kertas,kertas_R_4855.jpg,dataset\Kertas\kertas_R_4855.jpg,.jpg,224,224,RGB,16.6
Kertas,kertas_R_4856.jpg,dataset\Kertas\kertas_R_4856.jpg,.jpg,183,275,RGB,6.13
Kertas,kertas_R_4857.jpg,dataset\Kertas\kertas_R_4857.jpg,.jpg,275,184,RGB,12.09
Kertas,kertas_R_4858.jpg,dataset\Kertas\kertas_R_4858.jpg,.jpg,205,245,RGB,13.68
Kertas,kertas_R_4859.jpg,dataset\Kertas\kertas_R_4859.jpg,.jpg,225,225,RGB,7.27
Kertas,kertas_R_4860.jpg,dataset\Kertas\kertas_R_4860.jpg,.jpg,194,260,RGB,17.71
Kertas,kertas_R_4861.jpg,dataset\Kertas\kertas_R_4861.jpg,.jpg,259,194,RGB,9.33
Kertas,kertas_R_4862.jpg,dataset\Kertas\kertas_R_4862.jpg,.jpg,266,189,RGB,14.59
Kertas,kertas_R_4863.jpg,dataset\Kertas\kertas_R_4863.jpg,.jpg,185,240,RGB,4.46
Kertas,kertas_R_4864.jpg,dataset\Kertas\kertas_R_4864.jpg,.jpg,275,183,RGB,7.01
Kertas,kertas_R_4865.jpg,dataset\Kertas\kertas_R_4865.jpg,.jpg,177,284,RGB,11.7
Kertas,kertas_R_4866.jpg,dataset\Kertas\kertas_R_4866.jpg,.jpg,300,168,RGB,6.62
Kertas,kertas_R_4867.jpg,dataset\Kertas\kertas_R_4867.jpg,.jpg,275,183,RGB,8.89
Kertas,kertas_R_4868.jpg,dataset\Kertas\kertas_R_4868.jpg,.jpg,252,200,RGB,16.66
Kertas,kertas_R_4869.jpg,dataset\Kertas\kertas_R_4869.jpg,.jpg,225,225,RGB,6.87
Kertas,kertas_R_4870.jpg,dataset\Kertas\kertas_R_4870.jpg,.jpg,267,189,RGB,17.24
Kertas,kertas_R_4871.jpg,dataset\Kertas\kertas_R_4871.jpg,.jpg,225,225,RGB,16.67
Kertas,kertas_R_4872.jpg,dataset\Kertas\kertas_R_4872.jpg,.jpg,189,267,RGB,21.02
Kertas,kertas_R_4873.jpg,dataset\Kertas\kertas_R_4873.jpg,.jpg,275,183,RGB,5.4
Kertas,kertas_R_4874.jpg,dataset\Kertas\kertas_R_4874.jpg,.jpg,225,225,RGB,15.22
Kertas,kertas_R_4875.jpg,dataset\Kertas\kertas_R_4875.jpg,.jpg,263,192,RGB,10.83
Kertas,kertas_R_4876.jpg,dataset\Kertas\kertas_R_4876.jpg,.jpg,225,225,RGB,9.9
Kertas,kertas_R_4877.jpg,dataset\Kertas\kertas_R_4877.jpg,.jpg,259,194,RGB,11.71
Kertas,kertas_R_4878.jpg,dataset\Kertas\kertas_R_4878.jpg,.jpg,225,225,RGB,11.1
Kertas,kertas_R_4879.jpg,dataset\Kertas\kertas_R_4879.jpg,.jpg,295,171,RGB,19.1
Kertas,kertas_R_4880.jpg,dataset\Kertas\kertas_R_4880.jpg,.jpg,197,256,RGB,4.94
Kertas,kertas_R_4881.jpg,dataset\Kertas\kertas_R_4881.jpg,.jpg,299,168,RGB,11.03
Kertas,kertas_R_4882.jpg,dataset\Kertas\kertas_R_4882.jpg,.jpg,225,225,RGB,18.92
Kertas,kertas_R_4883.jpg,dataset\Kertas\kertas_R_4883.jpg,.jpg,275,183,RGB,9.38
Kertas,kertas_R_4884.jpg,dataset\Kertas\kertas_R_4884.jpg,.jpg,225,225,RGB,7.83
Kertas,kertas_R_4885.jpg,dataset\Kertas\kertas_R_4885.jpg,.jpg,264,191,RGB,6.41
Kertas,kertas_R_4886.jpg,dataset\Kertas\kertas_R_4886.jpg,.jpg,275,183,RGB,10.88
Kertas,kertas_R_4887.jpg,dataset\Kertas\kertas_R_4887.jpg,.jpg,225,225,RGB,13.49
Kertas,kertas_R_4888.jpg,dataset\Kertas\kertas_R_4888.jpg,.jpg,179,282,RGB,6.24
Kertas,kertas_R_4889.jpg,dataset\Kertas\kertas_R_4889.jpg,.jpg,192,263,RGB,14.11
Kertas,kertas_R_4890.jpg,dataset\Kertas\kertas_R_4890.jpg,.jpg,225,225,RGB,12.23
Kertas,kertas_R_4891.jpg,dataset\Kertas\kertas_R_4891.jpg,.jpg,225,225,RGB,10.93
Kertas,kertas_R_4892.jpg,dataset\Kertas\kertas_R_4892.jpg,.jpg,225,225,RGB,10.32
Kertas,kertas_R_4893.jpg,dataset\Kertas\kertas_R_4893.jpg,.jpg,183,275,RGB,12.24
Kertas,kertas_R_4894.jpg,dataset\Kertas\kertas_R_4894.jpg,.jpg,275,183,RGB,4.04
Kertas,kertas_R_4895.jpg,dataset\Kertas\kertas_R_4895.jpg,.jpg,225,225,RGB,5.77
Kertas,kertas_R_4896.jpg,dataset\Kertas\kertas_R_4896.jpg,.jpg,197,256,RGB,7.96
Kertas,kertas_R_4897.jpg,dataset\Kertas\kertas_R_4897.jpg,.jpg,225,225,RGB,10.46
Kertas,kertas_R_4898.jpg,dataset\Kertas\kertas_R_4898.jpg,.jpg,184,273,RGB,9.83
Kertas,kertas_R_4899.jpg,dataset\Kertas\kertas_R_4899.jpg,.jpg,224,225,P,4.42
Kertas,kertas_R_4900.jpg,dataset\Kertas\kertas_R_4900.jpg,.jpg,225,225,RGB,12.62
Kertas,kertas_R_4901.jpg,dataset\Kertas\kertas_R_4901.jpg,.jpg,275,183,RGB,11.58
Kertas,kertas_R_4902.jpg,dataset\Kertas\kertas_R_4902.jpg,.jpg,300,168,RGB,8.88
Kertas,kertas_R_4903.jpg,dataset\Kertas\kertas_R_4903.jpg,.jpg,275,183,RGB,11.82
Kertas,kertas_R_4904.jpg,dataset\Kertas\kertas_R_4904.jpg,.jpg,228,221,RGB,12.61
Kertas,kertas_R_4905.jpg,dataset\Kertas\kertas_R_4905.jpg,.jpg,275,183,RGB,12.49
Kertas,kertas_R_4906.jpg,dataset\Kertas\kertas_R_4906.jpg,.jpg,234,216,RGB,12.35
Kertas,kertas_R_4907.jpg,dataset\Kertas\kertas_R_4907.jpg,.jpg,266,189,RGB,17.23
Kertas,kertas_R_4908.jpg,dataset\Kertas\kertas_R_4908.jpg,.jpg,250,187,RGB,8.74
Kertas,kertas_R_4909.jpg,dataset\Kertas\kertas_R_4909.jpg,.jpg,282,179,RGB,5.44
Kertas,kertas_R_4910.jpg,dataset\Kertas\kertas_R_4910.jpg,.jpg,225,225,RGB,9.11
Kertas,kertas_R_4911.jpg,dataset\Kertas\kertas_R_4911.jpg,.jpg,275,183,RGB,6.08
Kertas,kertas_R_4912.jpg,dataset\Kertas\kertas_R_4912.jpg,.jpg,183,275,RGB,8.38
Kertas,kertas_R_4913.jpg,dataset\Kertas\kertas_R_4913.jpg,.jpg,198,255,RGB,9.79
Kertas,kertas_R_4914.jpg,dataset\Kertas\kertas_R_4914.jpg,.jpg,300,168,RGB,11.08
Kertas,kertas_R_4915.jpg,dataset\Kertas\kertas_R_4915.jpg,.jpg,205,246,RGB,7.66
Kertas,kertas_R_4916.jpg,dataset\Kertas\kertas_R_4916.jpg,.jpg,257,196,RGB,10.71
Kertas,kertas_R_4917.jpg,dataset\Kertas\kertas_R_4917.jpg,.jpg,225,225,RGB,5.74
Kertas,kertas_R_4918.jpg,dataset\Kertas\kertas_R_4918.jpg,.jpg,224,225,RGB,7.35
Kertas,kertas_R_4919.jpg,dataset\Kertas\kertas_R_4919.jpg,.jpg,249,166,RGB,10.63
Kertas,kertas_R_4920.jpg,dataset\Kertas\kertas_R_4920.jpg,.jpg,225,225,RGB,7.23
Kertas,kertas_R_4921.jpg,dataset\Kertas\kertas_R_4921.jpg,.jpg,238,212,RGB,10.04
Kertas,kertas_R_4922.jpg,dataset\Kertas\kertas_R_4922.jpg,.jpg,224,225,RGB,4.12
Kertas,kertas_R_4923.jpg,dataset\Kertas\kertas_R_4923.jpg,.jpg,225,225,RGB,6.34
Kertas,kertas_R_4924.jpg,dataset\Kertas\kertas_R_4924.jpg,.jpg,276,183,RGB,3.15
Kertas,kertas_R_4925.jpg,dataset\Kertas\kertas_R_4925.jpg,.jpg,259,194,RGB,8.75
Kertas,kertas_R_5712.jpg,dataset\Kertas\kertas_R_5712.jpg,.jpg,225,225,RGB,4.35
Kertas,kertas_R_5713.jpg,dataset\Kertas\kertas_R_5713.jpg,.jpg,225,225,RGB,3.48
Kertas,kertas_R_5714.jpg,dataset\Kertas\kertas_R_5714.jpg,.jpg,225,225,RGB,3.03
Kertas,kertas_R_5715.jpg,dataset\Kertas\kertas_R_5715.jpg,.jpg,225,225,RGB,2.75
Kertas,kertas_R_5716.jpg,dataset\Kertas\kertas_R_5716.jpg,.jpg,225,225,RGB,3.98
Kertas,kertas_R_5717.jpg,dataset\Kertas\kertas_R_5717.jpg,.jpg,225,225,RGB,2.81
Kertas,kertas_R_5718.jpg,dataset\Kertas\kertas_R_5718.jpg,.jpg,225,225,RGB,2.85
Kertas,kertas_R_5720.jpg,dataset\Kertas\kertas_R_5720.jpg,.jpg,200,200,RGB,6.08
Kertas,kertas_R_5726.jpg,dataset\Kertas\kertas_R_5726.jpg,.jpg,225,225,RGB,3.87
Kertas,kertas_R_5727.jpg,dataset\Kertas\kertas_R_5727.jpg,.jpg,225,225,RGB,2.23
Kertas,kertas_R_5729.jpg,dataset\Kertas\kertas_R_5729.jpg,.jpg,225,225,RGB,3.78
Kertas,kertas_R_5732.jpg,dataset\Kertas\kertas_R_5732.jpg,.jpg,232,217,RGB,3.08
Kertas,kertas_R_5733.jpg,dataset\Kertas\kertas_R_5733.jpg,.jpg,275,183,RGB,3.5
Kertas,kertas_R_5734.jpg,dataset\Kertas\kertas_R_5734.jpg,.jpg,249,202,RGB,8.91
Kertas,kertas_R_5736.jpg,dataset\Kertas\kertas_R_5736.jpg,.jpg,200,200,RGB,4.42
Kertas,kertas_R_5738.jpg,dataset\Kertas\kertas_R_5738.jpg,.jpg,225,225,RGB,10.71
Kertas,kertas_R_5739.jpg,dataset\Kertas\kertas_R_5739.jpg,.jpg,225,225,RGB,3.55
Kertas,kertas_R_5744.jpg,dataset\Kertas\kertas_R_5744.jpg,.jpg,286,176,RGB,3.29
Kertas,kertas_R_5745.jpg,dataset\Kertas\kertas_R_5745.jpg,.jpg,259,194,RGB,6.93
Kertas,kertas_R_5746.jpg,dataset\Kertas\kertas_R_5746.jpg,.jpg,225,225,RGB,2.62
Kertas,kertas_R_5747.jpg,dataset\Kertas\kertas_R_5747.jpg,.jpg,268,188,RGB,3.43
Kertas,kertas_R_5748.jpg,dataset\Kertas\kertas_R_5748.jpg,.jpg,225,225,RGB,3.25
Kertas,kertas_R_5750.jpg,dataset\Kertas\kertas_R_5750.jpg,.jpg,225,225,RGB,3.76
Kertas,kertas_R_5751.jpg,dataset\Kertas\kertas_R_5751.jpg,.jpg,225,225,RGB,2.29
Kertas,kertas_R_5753.jpg,dataset\Kertas\kertas_R_5753.jpg,.jpg,225,225,RGB,4.32
Kertas,kertas_R_5757.jpg,dataset\Kertas\kertas_R_5757.jpg,.jpg,310,163,RGB,10.37
Kertas,kertas_R_5758.jpg,dataset\Kertas\kertas_R_5758.jpg,.jpg,225,225,RGB,2.54
Kertas,kertas_R_5762.jpg,dataset\Kertas\kertas_R_5762.jpg,.jpg,225,225,RGB,5.7
Kertas,kertas_R_5763.jpg,dataset\Kertas\kertas_R_5763.jpg,.jpg,225,225,RGB,11.38
Kertas,kertas_R_5764.jpg,dataset\Kertas\kertas_R_5764.jpg,.jpg,225,225,RGB,2.13
Kertas,kertas_R_5767.jpg,dataset\Kertas\kertas_R_5767.jpg,.jpg,225,225,RGB,3.3
Kertas,kertas_R_5770.jpg,dataset\Kertas\kertas_R_5770.jpg,.jpg,225,225,RGB,2.68
Kertas,kertas_R_5771.jpg,dataset\Kertas\kertas_R_5771.jpg,.jpg,225,225,RGB,4.8
Kertas,kertas_R_5772.jpg,dataset\Kertas\kertas_R_5772.jpg,.jpg,251,201,RGB,7.32
Kertas,kertas_R_5774.jpg,dataset\Kertas\kertas_R_5774.jpg,.jpg,225,225,RGB,4.72
Kertas,kertas_R_5775.jpg,dataset\Kertas\kertas_R_5775.jpg,.jpg,246,205,RGB,2.29
Kertas,kertas_R_5782.jpg,dataset\Kertas\kertas_R_5782.jpg,.jpg,230,219,RGB,10.56
Kertas,kertas_R_5784.jpg,dataset\Kertas\kertas_R_5784.jpg,.jpg,303,167,RGB,7.33
Kertas,kertas_R_5785.jpg,dataset\Kertas\kertas_R_5785.jpg,.jpg,278,181,RGB,2.99
Kertas,kertas_R_5786.jpg,dataset\Kertas\kertas_R_5786.jpg,.jpg,225,225,RGB,9.57
Kertas,kertas_R_5787.jpg,dataset\Kertas\kertas_R_5787.jpg,.jpg,219,230,RGB,3.51
Kertas,kertas_R_5789.jpg,dataset\Kertas\kertas_R_5789.jpg,.jpg,206,245,RGB,4.04
Kertas,kertas_R_5790.jpg,dataset\Kertas\kertas_R_5790.jpg,.jpg,200,200,RGB,3.57
Kertas,kertas_R_5793.jpg,dataset\Kertas\kertas_R_5793.jpg,.jpg,230,219,RGB,6.71
Kertas,kertas_R_5794.jpg,dataset\Kertas\kertas_R_5794.jpg,.jpg,225,225,RGB,7.39
Kertas,kertas_R_5795.jpg,dataset\Kertas\kertas_R_5795.jpg,.jpg,225,225,RGB,3.0
Kertas,kertas_R_5796.jpg,dataset\Kertas\kertas_R_5796.jpg,.jpg,225,225,RGB,2.98
Kertas,kertas_R_5797.jpg,dataset\Kertas\kertas_R_5797.jpg,.jpg,225,225,RGB,6.86
Kertas,kertas_R_5798.jpg,dataset\Kertas\kertas_R_5798.jpg,.jpg,207,243,RGB,4.01
Kertas,kertas_R_5799.jpg,dataset\Kertas\kertas_R_5799.jpg,.jpg,251,201,RGB,8.73
Kertas,kertas_R_5803.jpg,dataset\Kertas\kertas_R_5803.jpg,.jpg,259,194,RGB,5.36
Kertas,kertas_R_5807.jpg,dataset\Kertas\kertas_R_5807.jpg,.jpg,266,189,RGB,4.01
Kertas,kertas_R_5808.jpg,dataset\Kertas\kertas_R_5808.jpg,.jpg,223,226,RGB,3.38
Kertas,kertas_R_5816.jpg,dataset\Kertas\kertas_R_5816.jpg,.jpg,225,225,RGB,14.91
Kertas,kertas_R_5817.jpg,dataset\Kertas\kertas_R_5817.jpg,.jpg,225,225,RGB,11.6
Kertas,kertas_R_5818.jpg,dataset\Kertas\kertas_R_5818.jpg,.jpg,200,200,RGB,4.89
Kertas,kertas_R_5820.jpg,dataset\Kertas\kertas_R_5820.jpg,.jpg,275,183,RGB,5.53
Kertas,kertas_R_5822.jpg,dataset\Kertas\kertas_R_5822.jpg,.jpg,200,200,RGB,6.01
Kertas,kertas_R_5823.jpg,dataset\Kertas\kertas_R_5823.jpg,.jpg,205,246,RGB,5.53
Kertas,kertas_R_5824.jpg,dataset\Kertas\kertas_R_5824.jpg,.jpg,225,225,RGB,5.82
Kertas,kertas_R_5825.jpg,dataset\Kertas\kertas_R_5825.jpg,.jpg,225,225,RGB,10.03
Kertas,kertas_R_5826.jpg,dataset\Kertas\kertas_R_5826.jpg,.jpg,225,225,RGB,3.29
Kertas,kertas_R_5827.jpg,dataset\Kertas\kertas_R_5827.jpg,.jpg,225,225,RGB,14.03
Kertas,kertas_R_5832.jpg,dataset\Kertas\kertas_R_5832.jpg,.jpg,227,222,RGB,5.01
Kertas,kertas_R_5833.jpg,dataset\Kertas\kertas_R_5833.jpg,.jpg,309,163,RGB,8.15
Kertas,kertas_R_5835.jpg,dataset\Kertas\kertas_R_5835.jpg,.jpg,205,246,RGB,4.22
Kertas,kertas_R_5836.jpg,dataset\Kertas\kertas_R_5836.jpg,.jpg,226,223,RGB,7.59
Kertas,kertas_R_5837.jpg,dataset\Kertas\kertas_R_5837.jpg,.jpg,225,225,RGB,3.24
Kertas,kertas_R_5838.jpg,dataset\Kertas\kertas_R_5838.jpg,.jpg,271,186,RGB,4.39
Kertas,kertas_R_5839.jpg,dataset\Kertas\kertas_R_5839.jpg,.jpg,225,225,RGB,6.77
Kertas,kertas_R_5841.jpg,dataset\Kertas\kertas_R_5841.jpg,.jpg,251,201,RGB,7.69
Kertas,kertas_R_5842.jpg,dataset\Kertas\kertas_R_5842.jpg,.jpg,225,225,RGB,2.36
Kertas,kertas_R_5843.jpg,dataset\Kertas\kertas_R_5843.jpg,.jpg,200,200,RGB,3.57
Kertas,kertas_R_5846.jpg,dataset\Kertas\kertas_R_5846.jpg,.jpg,262,193,RGB,4.55
Kertas,kertas_R_5847.jpg,dataset\Kertas\kertas_R_5847.jpg,.jpg,410,123,RGB,3.03
Kertas,kertas_R_5851.jpg,dataset\Kertas\kertas_R_5851.jpg,.jpg,275,183,RGB,2.81
Kertas,kertas_R_5852.jpg,dataset\Kertas\kertas_R_5852.jpg,.jpg,225,225,RGB,3.94
Kertas,kertas_R_5854.jpg,dataset\Kertas\kertas_R_5854.jpg,.jpg,225,225,RGB,1.18
Kertas,kertas_R_5856.jpg,dataset\Kertas\kertas_R_5856.jpg,.jpg,225,224,RGB,7.46
Kertas,kertas_R_5858.jpg,dataset\Kertas\kertas_R_5858.jpg,.jpg,199,253,RGB,2.54
Kertas,kertas_R_5859.jpg,dataset\Kertas\kertas_R_5859.jpg,.jpg,275,183,RGB,3.93
Kertas,kertas_R_5860.jpg,dataset\Kertas\kertas_R_5860.jpg,.jpg,256,197,RGB,3.33
Kertas,kertas_R_5869.jpg,dataset\Kertas\kertas_R_5869.jpg,.jpg,300,168,RGB,5.56
Kertas,kertas_R_5870.jpg,dataset\Kertas\kertas_R_5870.jpg,.jpg,214,236,RGB,10.91
Kertas,kertas_R_5871.jpg,dataset\Kertas\kertas_R_5871.jpg,.jpg,228,221,RGB,11.86
Kertas,kertas_R_5872.jpg,dataset\Kertas\kertas_R_5872.jpg,.jpg,207,243,RGB,5.24
Kertas,kertas_R_5876.jpg,dataset\Kertas\kertas_R_5876.jpg,.jpg,181,279,RGB,8.29
Kertas,kertas_R_5877.jpg,dataset\Kertas\kertas_R_5877.jpg,.jpg,225,225,RGB,3.27
Kertas,kertas_R_5878.jpg,dataset\Kertas\kertas_R_5878.jpg,.jpg,200,200,RGB,3.94
Kertas,kertas_R_5879.jpg,dataset\Kertas\kertas_R_5879.jpg,.jpg,225,225,RGB,4.74
Kertas,kertas_R_5880.jpg,dataset\Kertas\kertas_R_5880.jpg,.jpg,225,225,RGB,6.68
Kertas,kertas_R_5881.jpg,dataset\Kertas\kertas_R_5881.jpg,.jpg,225,225,RGB,3.5
Kertas,kertas_R_5882.jpg,dataset\Kertas\kertas_R_5882.jpg,.jpg,225,225,RGB,6.1
Kertas,kertas_R_5885.jpg,dataset\Kertas\kertas_R_5885.jpg,.jpg,194,259,RGB,3.86
Kertas,kertas_R_5887.jpg,dataset\Kertas\kertas_R_5887.jpg,.jpg,246,205,RGB,9.07
Kertas,kertas_R_5888.jpg,dataset\Kertas\kertas_R_5888.jpg,.jpg,225,225,RGB,12.61
Kertas,kertas_R_5889.jpg,dataset\Kertas\kertas_R_5889.jpg,.jpg,225,225,RGB,2.12
Kertas,kertas_R_5891.jpg,dataset\Kertas\kertas_R_5891.jpg,.jpg,183,275,RGB,5.0
Kertas,kertas_R_5892.jpg,dataset\Kertas\kertas_R_5892.jpg,.jpg,225,225,RGB,3.48
Kertas,kertas_R_5894.jpg,dataset\Kertas\kertas_R_5894.jpg,.jpg,181,279,RGB,6.11
Kertas,kertas_R_5895.jpg,dataset\Kertas\kertas_R_5895.jpg,.jpg,225,225,RGB,4.7
Kertas,kertas_R_5897.jpg,dataset\Kertas\kertas_R_5897.jpg,.jpg,207,244,RGB,6.85
Kertas,kertas_R_5900.jpg,dataset\Kertas\kertas_R_5900.jpg,.jpg,245,206,RGB,6.55
Kertas,kertas_R_5902.jpg,dataset\Kertas\kertas_R_5902.jpg,.jpg,180,195,RGB,3.32
Kertas,kertas_R_5904.jpg,dataset\Kertas\kertas_R_5904.jpg,.jpg,225,225,RGB,9.61
Kertas,kertas_R_5905.jpg,dataset\Kertas\kertas_R_5905.jpg,.jpg,225,225,RGB,11.25
Kertas,kertas_R_5906.jpg,dataset\Kertas\kertas_R_5906.jpg,.jpg,225,225,RGB,2.06
Kertas,kertas_R_5907.jpg,dataset\Kertas\kertas_R_5907.jpg,.jpg,229,220,RGB,10.26
Kertas,kertas_R_5908.jpg,dataset\Kertas\kertas_R_5908.jpg,.jpg,225,225,RGB,3.15
Kertas,kertas_R_5909.jpg,dataset\Kertas\kertas_R_5909.jpg,.jpg,227,222,RGB,6.85
Kertas,kertas_R_5910.jpg,dataset\Kertas\kertas_R_5910.jpg,.jpg,225,225,RGB,4.28
Kertas,kertas_R_5911.jpg,dataset\Kertas\kertas_R_5911.jpg,.jpg,199,253,RGB,10.68
Kertas,kertas_R_5912.jpg,dataset\Kertas\kertas_R_5912.jpg,.jpg,225,225,RGB,6.57
Kertas,kertas_R_5913.jpg,dataset\Kertas\kertas_R_5913.jpg,.jpg,259,194,RGB,6.84
Kertas,kertas_R_5914.jpg,dataset\Kertas\kertas_R_5914.jpg,.jpg,225,224,RGB,5.71
Kertas,kertas_R_5915.jpg,dataset\Kertas\kertas_R_5915.jpg,.jpg,226,223,RGB,2.16
Kertas,kertas_R_5916.jpg,dataset\Kertas\kertas_R_5916.jpg,.jpg,264,191,RGB,3.43
Kertas,kertas_R_5920.jpg,dataset\Kertas\kertas_R_5920.jpg,.jpg,275,183,RGB,3.49
Kertas,kertas_R_5921.jpg,dataset\Kertas\kertas_R_5921.jpg,.jpg,225,223,RGB,7.35
Kertas,kertas_R_5922.jpg,dataset\Kertas\kertas_R_5922.jpg,.jpg,266,190,RGB,6.27
Kertas,kertas_R_5923.jpg,dataset\Kertas\kertas_R_5923.jpg,.jpg,203,225,RGB,21.84
Kertas,kertas_R_5925.jpg,dataset\Kertas\kertas_R_5925.jpg,.jpg,259,194,RGB,7.65
Kertas,kertas_R_5927.jpg,dataset\Kertas\kertas_R_5927.jpg,.jpg,225,225,RGB,6.7
Kertas,kertas_R_5928.jpg,dataset\Kertas\kertas_R_5928.jpg,.jpg,275,183,RGB,4.56
Kertas,kertas_R_5933.jpg,dataset\Kertas\kertas_R_5933.jpg,.jpg,225,225,RGB,7.31
Kertas,kertas_R_5934.jpg,dataset\Kertas\kertas_R_5934.jpg,.jpg,204,247,RGB,2.93
Kertas,kertas_R_5935.jpg,dataset\Kertas\kertas_R_5935.jpg,.jpg,225,225,RGB,7.92
Kertas,kertas_R_5937.jpg,dataset\Kertas\kertas_R_5937.jpg,.jpg,169,299,RGB,6.8
Kertas,kertas_R_5943.jpg,dataset\Kertas\kertas_R_5943.jpg,.jpg,225,225,RGB,4.14
Kertas,kertas_R_5944.jpg,dataset\Kertas\kertas_R_5944.jpg,.jpg,225,225,RGB,2.71
Kertas,kertas_R_5949.jpg,dataset\Kertas\kertas_R_5949.jpg,.jpg,275,183,RGB,4.86
Kertas,kertas_R_5950.jpg,dataset\Kertas\kertas_R_5950.jpg,.jpg,254,199,RGB,4.18
Kertas,kertas_R_5951.jpg,dataset\Kertas\kertas_R_5951.jpg,.jpg,225,225,RGB,8.67
Kertas,kertas_R_5957.jpg,dataset\Kertas\kertas_R_5957.jpg,.jpg,295,171,RGB,8.68
Kertas,kertas_R_5961.jpg,dataset\Kertas\kertas_R_5961.jpg,.jpg,225,225,RGB,2.43
Kertas,kertas_R_5962.jpg,dataset\Kertas\kertas_R_5962.jpg,.jpg,167,302,RGB,6.28
Kertas,kertas_R_5967.jpg,dataset\Kertas\kertas_R_5967.jpg,.jpg,355,142,RGB,5.01
Kertas,kertas_R_5969.jpg,dataset\Kertas\kertas_R_5969.jpg,.jpg,228,221,RGB,9.55
Kertas,kertas_R_5970.jpg,dataset\Kertas\kertas_R_5970.jpg,.jpg,238,212,RGB,8.37
Kertas,kertas_R_5972.jpg,dataset\Kertas\kertas_R_5972.jpg,.jpg,225,225,RGB,10.5
Kertas,kertas_R_5973.jpg,dataset\Kertas\kertas_R_5973.jpg,.jpg,185,272,RGB,6.72
Kertas,kertas_R_5974.jpg,dataset\Kertas\kertas_R_5974.jpg,.jpg,217,233,RGB,6.57
Kertas,kertas_R_5975.jpg,dataset\Kertas\kertas_R_5975.jpg,.jpg,224,224,RGB,4.75
Kertas,kertas_R_5976.jpg,dataset\Kertas\kertas_R_5976.jpg,.jpg,225,225,RGB,3.73
Kertas,kertas_R_5977.jpg,dataset\Kertas\kertas_R_5977.jpg,.jpg,220,229,RGB,5.96
Kertas,kertas_R_5981.jpg,dataset\Kertas\kertas_R_5981.jpg,.jpg,266,190,RGB,3.5
Kertas,kertas_R_5989.jpg,dataset\Kertas\kertas_R_5989.jpg,.jpg,200,200,RGB,2.55
Kertas,kertas_R_5992.jpg,dataset\Kertas\kertas_R_5992.jpg,.jpg,223,225,RGB,3.26
Kertas,kertas_R_6002.jpg,dataset\Kertas\kertas_R_6002.jpg,.jpg,268,188,RGB,2.49
Kertas,kertas_R_6024.jpg,dataset\Kertas\kertas_R_6024.jpg,.jpg,225,225,RGB,3.7
Kertas,kertas_R_6030.jpg,dataset\Kertas\kertas_R_6030.jpg,.jpg,225,225,RGB,2.95
Kertas,kertas_R_6035.jpg,dataset\Kertas\kertas_R_6035.jpg,.jpg,200,200,RGB,1.59
Kertas,kertas_R_6037.jpg,dataset\Kertas\kertas_R_6037.jpg,.jpg,250,188,RGB,4.01
Kertas,kertas_R_6051.jpg,dataset\Kertas\kertas_R_6051.jpg,.jpg,225,225,RGB,2.53
Kertas,kertas_R_6063.jpg,dataset\Kertas\kertas_R_6063.jpg,.jpg,275,183,RGB,5.51
Kertas,kertas_R_6064.jpg,dataset\Kertas\kertas_R_6064.jpg,.jpg,225,225,RGB,7.65
Kertas,kertas_R_6065.jpg,dataset\Kertas\kertas_R_6065.jpg,.jpg,225,225,RGB,8.7
Kertas,kertas_R_6071.jpg,dataset\Kertas\kertas_R_6071.jpg,.jpg,170,170,RGB,2.62
Kertas,kertas_R_6076.jpg,dataset\Kertas\kertas_R_6076.jpg,.jpg,299,168,RGB,5.04
Kertas,kertas_R_6078.jpg,dataset\Kertas\kertas_R_6078.jpg,.jpg,222,227,RGB,10.78
Kertas,kertas_R_6080.jpg,dataset\Kertas\kertas_R_6080.jpg,.jpg,200,216,RGB,9.71
Kertas,kertas_R_6085.jpg,dataset\Kertas\kertas_R_6085.jpg,.jpg,259,194,RGB,5.8
Kertas,kertas_R_6086.jpg,dataset\Kertas\kertas_R_6086.jpg,.jpg,259,194,RGB,5.46
Kertas,kertas_R_6094.jpg,dataset\Kertas\kertas_R_6094.jpg,.jpg,225,225,RGB,6.96
Kertas,kertas_R_6095.jpg,dataset\Kertas\kertas_R_6095.jpg,.jpg,225,225,RGB,8.85
Kertas,kertas_R_6096.jpg,dataset\Kertas\kertas_R_6096.jpg,.jpg,225,225,RGB,2.41
Kertas,kertas_R_6098.jpg,dataset\Kertas\kertas_R_6098.jpg,.jpg,260,194,RGB,4.68
Kertas,kertas_R_6104.jpg,dataset\Kertas\kertas_R_6104.jpg,.jpg,280,180,RGB,2.02
Kertas,kertas_R_6113.jpg,dataset\Kertas\kertas_R_6113.jpg,.jpg,220,229,RGB,3.58
Kertas,kertas_R_6116.jpg,dataset\Kertas\kertas_R_6116.jpg,.jpg,250,201,RGB,5.74
Kertas,kertas_R_6117.jpg,dataset\Kertas\kertas_R_6117.jpg,.jpg,275,183,RGB,5.97
Kertas,kertas_R_6121.jpg,dataset\Kertas\kertas_R_6121.jpg,.jpg,232,217,RGB,7.31
Kertas,kertas_R_6123.jpg,dataset\Kertas\kertas_R_6123.jpg,.jpg,279,181,RGB,2.88
Kertas,kertas_R_6124.jpg,dataset\Kertas\kertas_R_6124.jpg,.jpg,225,225,RGB,4.35
Kertas,kertas_R_6129.jpg,dataset\Kertas\kertas_R_6129.jpg,.jpg,195,195,RGB,7.28
Kertas,kertas_R_6130.jpg,dataset\Kertas\kertas_R_6130.jpg,.jpg,225,225,RGB,3.28
Kertas,kertas_R_6136.jpg,dataset\Kertas\kertas_R_6136.jpg,.jpg,238,212,RGB,7.46
Kertas,kertas_R_6140.jpg,dataset\Kertas\kertas_R_6140.jpg,.jpg,263,192,RGB,6.48
Kertas,kertas_R_6150.jpg,dataset\Kertas\kertas_R_6150.jpg,.jpg,275,183,RGB,4.49
Kertas,kertas_R_6153.jpg,dataset\Kertas\kertas_R_6153.jpg,.jpg,259,194,RGB,3.24
Kertas,kertas_R_6158.jpg,dataset\Kertas\kertas_R_6158.jpg,.jpg,207,243,RGB,5.1
Kertas,kertas_R_6160.jpg,dataset\Kertas\kertas_R_6160.jpg,.jpg,251,201,RGB,9.54
Kertas,kertas_R_6161.jpg,dataset\Kertas\kertas_R_6161.jpg,.jpg,225,225,RGB,5.84
Kertas,kertas_R_6164.jpg,dataset\Kertas\kertas_R_6164.jpg,.jpg,200,200,RGB,2.63
Kertas,kertas_R_6165.jpg,dataset\Kertas\kertas_R_6165.jpg,.jpg,251,201,RGB,3.86
Kertas,kertas_R_6171.jpg,dataset\Kertas\kertas_R_6171.jpg,.jpg,225,225,RGB,1.17
Kertas,kertas_R_6172.jpg,dataset\Kertas\kertas_R_6172.jpg,.jpg,267,189,RGB,10.1
Kertas,kertas_R_6174.jpg,dataset\Kertas\kertas_R_6174.jpg,.jpg,251,201,RGB,6.34
Kertas,kertas_R_6186.jpg,dataset\Kertas\kertas_R_6186.jpg,.jpg,225,225,RGB,4.44
Kertas,kertas_R_6187.jpg,dataset\Kertas\kertas_R_6187.jpg,.jpg,225,225,RGB,1.91
Kertas,kertas_R_6202.jpg,dataset\Kertas\kertas_R_6202.jpg,.jpg,222,222,RGB,3.75
Kertas,kertas_R_6208.jpg,dataset\Kertas\kertas_R_6208.jpg,.jpg,225,225,RGB,2.04
Kertas,kertas_R_6216.jpg,dataset\Kertas\kertas_R_6216.jpg,.jpg,219,230,RGB,2.89
Kertas,kertas_R_6223.jpg,dataset\Kertas\kertas_R_6223.jpg,.jpg,222,222,RGB,2.6
Kertas,kertas_R_6225.jpg,dataset\Kertas\kertas_R_6225.jpg,.jpg,300,168,RGB,6.73
Kertas,kertas_R_6233.jpg,dataset\Kertas\kertas_R_6233.jpg,.jpg,225,225,RGB,3.83
Kertas,kertas_R_6240.jpg,dataset\Kertas\kertas_R_6240.jpg,.jpg,251,201,RGB,4.35
Kertas,kertas_R_6241.jpg,dataset\Kertas\kertas_R_6241.jpg,.jpg,225,225,RGB,7.76
Kertas,kertas_R_6242.jpg,dataset\Kertas\kertas_R_6242.jpg,.jpg,274,184,RGB,7.8
Kertas,kertas_R_6252.jpg,dataset\Kertas\kertas_R_6252.jpg,.jpg,374,135,RGB,6.68
Kertas,kertas_R_6253.jpg,dataset\Kertas\kertas_R_6253.jpg,.jpg,266,190,RGB,5.8
Kertas,kertas_R_6258.jpg,dataset\Kertas\kertas_R_6258.jpg,.jpg,225,225,RGB,2.09
Kertas,kertas_R_6259.jpg,dataset\Kertas\kertas_R_6259.jpg,.jpg,225,225,RGB,2.29
Kertas,kertas_R_6260.jpg,dataset\Kertas\kertas_R_6260.jpg,.jpg,225,225,RGB,2.68
Kertas,kertas_R_6261.jpg,dataset\Kertas\kertas_R_6261.jpg,.jpg,225,225,RGB,1.84
Kertas,kertas_R_6262.jpg,dataset\Kertas\kertas_R_6262.jpg,.jpg,284,177,RGB,4.84
Kertas,kertas_R_6263.jpg,dataset\Kertas\kertas_R_6263.jpg,.jpg,225,225,RGB,3.52
Kertas,kertas_R_6264.jpg,dataset\Kertas\kertas_R_6264.jpg,.jpg,276,183,RGB,2.85
Kertas,kertas_R_6265.jpg,dataset\Kertas\kertas_R_6265.jpg,.jpg,225,225,RGB,3.58
Kertas,kertas_R_6266.jpg,dataset\Kertas\kertas_R_6266.jpg,.jpg,253,199,RGB,6.17
Kertas,kertas_R_6267.jpg,dataset\Kertas\kertas_R_6267.jpg,.jpg,276,183,RGB,3.09
Kertas,kertas_R_6268.jpg,dataset\Kertas\kertas_R_6268.jpg,.jpg,278,181,RGB,2.38
Kertas,kertas_R_6269.jpg,dataset\Kertas\kertas_R_6269.jpg,.jpg,338,149,RGB,1.73
Kertas,kertas_R_6270.jpg,dataset\Kertas\kertas_R_6270.jpg,.jpg,197,255,RGB,3.97
Kertas,kertas_R_6271.jpg,dataset\Kertas\kertas_R_6271.jpg,.jpg,225,225,P,4.48
Kertas,kertas_R_6272.jpg,dataset\Kertas\kertas_R_6272.jpg,.jpg,276,183,RGB,3.04
Kertas,kertas_R_6273.jpg,dataset\Kertas\kertas_R_6273.jpg,.jpg,225,225,P,5.7
Kertas,kertas_R_6274.jpg,dataset\Kertas\kertas_R_6274.jpg,.jpg,225,225,RGB,3.76
Kertas,kertas_R_6275.jpg,dataset\Kertas\kertas_R_6275.jpg,.jpg,319,158,RGB,4.24
Kertas,kertas_R_6276.jpg,dataset\Kertas\kertas_R_6276.jpg,.jpg,225,225,RGB,3.89
Kertas,kertas_R_6277.jpg,dataset\Kertas\kertas_R_6277.jpg,.jpg,225,225,RGB,4.21
Kertas,kertas_R_6278.jpg,dataset\Kertas\kertas_R_6278.jpg,.jpg,276,182,RGB,2.71
Kertas,kertas_R_6279.jpg,dataset\Kertas\kertas_R_6279.jpg,.jpg,289,174,RGB,6.42
Kertas,kertas_R_6280.jpg,dataset\Kertas\kertas_R_6280.jpg,.jpg,276,183,RGB,2.73
Kertas,kertas_R_6281.jpg,dataset\Kertas\kertas_R_6281.jpg,.jpg,282,179,RGB,3.56
Kertas,kertas_R_6282.jpg,dataset\Kertas\kertas_R_6282.jpg,.jpg,261,193,RGB,4.1
Kertas,kertas_R_6283.jpg,dataset\Kertas\kertas_R_6283.jpg,.jpg,274,184,RGB,3.52
Kertas,kertas_R_6284.jpg,dataset\Kertas\kertas_R_6284.jpg,.jpg,272,185,RGB,3.04
Kertas,kertas_R_6285.jpg,dataset\Kertas\kertas_R_6285.jpg,.jpg,225,225,RGB,2.33
Kertas,kertas_R_6286.jpg,dataset\Kertas\kertas_R_6286.jpg,.jpg,225,225,RGB,2.14
Kertas,kertas_R_6287.jpg,dataset\Kertas\kertas_R_6287.jpg,.jpg,283,178,RGB,3.77
Kertas,kertas_R_6288.jpg,dataset\Kertas\kertas_R_6288.jpg,.jpg,288,175,P,4.88
Kertas,kertas_R_6289.jpg,dataset\Kertas\kertas_R_6289.jpg,.jpg,225,225,RGB,1.62
Kertas,kertas_R_6290.jpg,dataset\Kertas\kertas_R_6290.jpg,.jpg,225,225,RGB,2.27
Kertas,kertas_R_6291.jpg,dataset\Kertas\kertas_R_6291.jpg,.jpg,282,179,RGB,4.44
Kertas,kertas_R_6292.jpg,dataset\Kertas\kertas_R_6292.jpg,.jpg,275,183,RGB,3.19
Kertas,kertas_R_6293.jpg,dataset\Kertas\kertas_R_6293.jpg,.jpg,300,168,RGB,8.07
Kertas,kertas_R_6294.jpg,dataset\Kertas\kertas_R_6294.jpg,.jpg,225,225,RGB,2.34
Kertas,kertas_R_6295.jpg,dataset\Kertas\kertas_R_6295.jpg,.jpg,276,183,RGB,2.27
Kertas,kertas_R_6296.jpg,dataset\Kertas\kertas_R_6296.jpg,.jpg,225,225,P,5.54
Kertas,kertas_R_6297.jpg,dataset\Kertas\kertas_R_6297.jpg,.jpg,250,202,RGB,6.61
Kertas,kertas_R_6298.jpg,dataset\Kertas\kertas_R_6298.jpg,.jpg,259,194,RGB,8.06
Kertas,kertas_R_6299.jpg,dataset\Kertas\kertas_R_6299.jpg,.jpg,245,206,RGB,3.63
Kertas,kertas_R_6300.jpg,dataset\Kertas\kertas_R_6300.jpg,.jpg,271,186,RGB,9.68
Kertas,kertas_R_6301.jpg,dataset\Kertas\kertas_R_6301.jpg,.jpg,264,191,RGB,1.91
Kertas,kertas_R_6302.jpg,dataset\Kertas\kertas_R_6302.jpg,.jpg,225,225,RGB,1.96
Kertas,kertas_R_6303.jpg,dataset\Kertas\kertas_R_6303.jpg,.jpg,259,194,RGB,3.82
Kertas,kertas_R_6304.jpg,dataset\Kertas\kertas_R_6304.jpg,.jpg,300,168,RGB,5.42
Kertas,kertas_R_6305.jpg,dataset\Kertas\kertas_R_6305.jpg,.jpg,225,225,RGB,2.97
Kertas,kertas_R_6306.jpg,dataset\Kertas\kertas_R_6306.jpg,.jpg,225,225,RGB,1.37
Kertas,kertas_R_6307.jpg,dataset\Kertas\kertas_R_6307.jpg,.jpg,300,168,P,3.47
Kertas,kertas_R_6308.jpg,dataset\Kertas\kertas_R_6308.jpg,.jpg,265,190,RGB,8.36
Kertas,kertas_R_6309.jpg,dataset\Kertas\kertas_R_6309.jpg,.jpg,246,205,RGB,1.7
Kertas,kertas_R_6310.jpg,dataset\Kertas\kertas_R_6310.jpg,.jpg,263,191,RGB,2.32
Kertas,kertas_R_6311.jpg,dataset\Kertas\kertas_R_6311.jpg,.jpg,225,225,RGB,1.76
Kertas,kertas_R_6312.jpg,dataset\Kertas\kertas_R_6312.jpg,.jpg,225,225,RGB,4.03
Kertas,kertas_R_6313.jpg,dataset\Kertas\kertas_R_6313.jpg,.jpg,225,225,RGB,2.85
Kertas,kertas_R_6314.jpg,dataset\Kertas\kertas_R_6314.jpg,.jpg,310,163,RGB,3.22
Kertas,kertas_R_6315.jpg,dataset\Kertas\kertas_R_6315.jpg,.jpg,225,225,RGB,1.66
Kertas,kertas_R_6316.jpg,dataset\Kertas\kertas_R_6316.jpg,.jpg,310,163,RGB,3.22
Kertas,kertas_R_6317.jpg,dataset\Kertas\kertas_R_6317.jpg,.jpg,324,156,RGB,4.66
Kertas,kertas_R_6318.jpg,dataset\Kertas\kertas_R_6318.jpg,.jpg,225,225,RGB,5.48
Kertas,kertas_R_6319.jpg,dataset\Kertas\kertas_R_6319.jpg,.jpg,263,191,RGB,3.48
Kertas,kertas_R_6320.jpg,dataset\Kertas\kertas_R_6320.jpg,.jpg,225,225,RGB,4.24
Kertas,kertas_R_6321.jpg,dataset\Kertas\kertas_R_6321.jpg,.jpg,275,183,RGB,2.4
Kertas,kertas_R_6322.jpg,dataset\Kertas\kertas_R_6322.jpg,.jpg,246,205,P,1.87
Kertas,kertas_R_6323.jpg,dataset\Kertas\kertas_R_6323.jpg,.jpg,318,159,RGB,8.2
Kertas,kertas_R_6324.jpg,dataset\Kertas\kertas_R_6324.jpg,.jpg,201,251,RGB,3.08
Kertas,kertas_R_6325.jpg,dataset\Kertas\kertas_R_6325.jpg,.jpg,225,225,P,1.77
Kertas,kertas_R_6326.jpg,dataset\Kertas\kertas_R_6326.jpg,.jpg,275,183,RGB,1.93
Kertas,kertas_R_6327.jpg,dataset\Kertas\kertas_R_6327.jpg,.jpg,291,173,RGB,5.88
Kertas,kertas_R_6328.jpg,dataset\Kertas\kertas_R_6328.jpg,.jpg,225,225,RGB,2.46
Kertas,kertas_R_6329.jpg,dataset\Kertas\kertas_R_6329.jpg,.jpg,225,225,P,2.29
Kertas,kertas_R_6330.jpg,dataset\Kertas\kertas_R_6330.jpg,.jpg,261,193,RGB,2.92
Kertas,kertas_R_6331.jpg,dataset\Kertas\kertas_R_6331.jpg,.jpg,225,225,P,2.19
Kertas,kertas_R_6332.jpg,dataset\Kertas\kertas_R_6332.jpg,.jpg,225,225,RGB,3.92
Kertas,kertas_R_6333.jpg,dataset\Kertas\kertas_R_6333.jpg,.jpg,225,225,RGB,1.74
Kertas,kertas_R_6334.jpg,dataset\Kertas\kertas_R_6334.jpg,.jpg,225,225,RGB,3.67
Kertas,kertas_R_6335.jpg,dataset\Kertas\kertas_R_6335.jpg,.jpg,284,177,RGB,5.46
Kertas,kertas_R_6336.jpg,dataset\Kertas\kertas_R_6336.jpg,.jpg,225,225,P,1.7
Kertas,kertas_R_6337.jpg,dataset\Kertas\kertas_R_6337.jpg,.jpg,276,183,RGB,2.82
Kertas,kertas_R_6338.jpg,dataset\Kertas\kertas_R_6338.jpg,.jpg,307,164,P,2.08
Kertas,kertas_R_6339.jpg,dataset\Kertas\kertas_R_6339.jpg,.jpg,312,162,RGB,5.29
Kertas,kertas_R_6340.jpg,dataset\Kertas\kertas_R_6340.jpg,.jpg,225,225,RGB,1.87
Kertas,kertas_R_6341.jpg,dataset\Kertas\kertas_R_6341.jpg,.jpg,300,168,RGB,6.62
Kertas,kertas_R_6342.jpg,dataset\Kertas\kertas_R_6342.jpg,.jpg,259,194,RGB,6.21
Kertas,kertas_R_6343.jpg,dataset\Kertas\kertas_R_6343.jpg,.jpg,259,194,RGB,4.03
Kertas,kertas_R_6344.jpg,dataset\Kertas\kertas_R_6344.jpg,.jpg,246,205,RGB,1.76
Kertas,kertas_R_6345.jpg,dataset\Kertas\kertas_R_6345.jpg,.jpg,225,225,RGB,2.38
Kertas,kertas_R_6346.jpg,dataset\Kertas\kertas_R_6346.jpg,.jpg,225,225,RGB,1.98
Kertas,kertas_R_6347.jpg,dataset\Kertas\kertas_R_6347.jpg,.jpg,262,193,P,1.53
Kertas,kertas_R_6348.jpg,dataset\Kertas\kertas_R_6348.jpg,.jpg,264,191,RGB,4.7
Kertas,kertas_R_6349.jpg,dataset\Kertas\kertas_R_6349.jpg,.jpg,274,184,RGB,1.45
Kertas,kertas_R_6350.jpg,dataset\Kertas\kertas_R_6350.jpg,.jpg,255,198,RGB,2.31
Kertas,kertas_R_6351.jpg,dataset\Kertas\kertas_R_6351.jpg,.jpg,277,182,RGB,2.24
Kertas,kertas_R_6352.jpg,dataset\Kertas\kertas_R_6352.jpg,.jpg,275,183,RGB,2.2
Kertas,kertas_R_6353.jpg,dataset\Kertas\kertas_R_6353.jpg,.jpg,225,225,RGB,5.29
Kertas,kertas_R_6354.jpg,dataset\Kertas\kertas_R_6354.jpg,.jpg,217,233,P,2.73
Kertas,kertas_R_6355.jpg,dataset\Kertas\kertas_R_6355.jpg,.jpg,225,225,RGB,2.77
Kertas,kertas_R_6356.jpg,dataset\Kertas\kertas_R_6356.jpg,.jpg,256,197,RGB,3.95
Kertas,kertas_R_6357.jpg,dataset\Kertas\kertas_R_6357.jpg,.jpg,330,153,RGB,3.09
Kertas,kertas_R_6358.jpg,dataset\Kertas\kertas_R_6358.jpg,.jpg,225,225,RGB,3.17
Kertas,kertas_R_6359.jpg,dataset\Kertas\kertas_R_6359.jpg,.jpg,275,183,RGB,3.18
Kertas,kertas_R_6360.jpg,dataset\Kertas\kertas_R_6360.jpg,.jpg,225,225,RGB,5.06
Kertas,kertas_R_6361.jpg,dataset\Kertas\kertas_R_6361.jpg,.jpg,249,203,RGB,2.87
Kertas,kertas_R_6362.jpg,dataset\Kertas\kertas_R_6362.jpg,.jpg,259,194,RGB,9.16
Kertas,kertas_R_6363.jpg,dataset\Kertas\kertas_R_6363.jpg,.jpg,225,225,RGB,1.91
Kertas,kertas_R_6364.jpg,dataset\Kertas\kertas_R_6364.jpg,.jpg,337,150,RGB,2.08
Kertas,kertas_R_6365.jpg,dataset\Kertas\kertas_R_6365.jpg,.jpg,327,154,RGB,6.66
Kertas,kertas_R_6366.jpg,dataset\Kertas\kertas_R_6366.jpg,.jpg,192,262,RGB,3.15
Kertas,kertas_R_6367.jpg,dataset\Kertas\kertas_R_6367.jpg,.jpg,269,187,RGB,2.9
Kertas,kertas_R_6368.jpg,dataset\Kertas\kertas_R_6368.jpg,.jpg,191,264,RGB,2.48
Kertas,kertas_R_6369.jpg,dataset\Kertas\kertas_R_6369.jpg,.jpg,200,200,P,1.63
Kertas,kertas_R_6370.jpg,dataset\Kertas\kertas_R_6370.jpg,.jpg,225,225,RGB,2.76
Kertas,kertas_R_6371.jpg,dataset\Kertas\kertas_R_6371.jpg,.jpg,296,170,RGB,3.08
Kertas,kertas_R_6372.jpg,dataset\Kertas\kertas_R_6372.jpg,.jpg,322,157,RGB,6.21
Kertas,kertas_R_6373.jpg,dataset\Kertas\kertas_R_6373.jpg,.jpg,225,225,RGB,2.25
Kertas,kertas_R_6374.jpg,dataset\Kertas\kertas_R_6374.jpg,.jpg,292,173,P,1.44
Kertas,kertas_R_6375.jpg,dataset\Kertas\kertas_R_6375.jpg,.jpg,259,194,RGB,7.52
Kertas,kertas_R_6376.jpg,dataset\Kertas\kertas_R_6376.jpg,.jpg,275,183,RGB,3.05
Kertas,kertas_R_6377.jpg,dataset\Kertas\kertas_R_6377.jpg,.jpg,225,225,RGB,2.27
Kertas,kertas_R_6378.jpg,dataset\Kertas\kertas_R_6378.jpg,.jpg,225,225,RGB,3.05
Kertas,kertas_R_6379.jpg,dataset\Kertas\kertas_R_6379.jpg,.jpg,275,183,RGB,3.67
Kertas,kertas_R_6380.jpg,dataset\Kertas\kertas_R_6380.jpg,.jpg,299,168,RGB,8.01
Kertas,kertas_R_6381.jpg,dataset\Kertas\kertas_R_6381.jpg,.jpg,225,225,RGB,2.42
Kertas,kertas_R_6382.jpg,dataset\Kertas\kertas_R_6382.jpg,.jpg,225,225,RGB,2.47
Kertas,kertas_R_6383.jpg,dataset\Kertas\kertas_R_6383.jpg,.jpg,333,151,P,2.78
Kertas,kertas_R_6384.jpg,dataset\Kertas\kertas_R_6384.jpg,.jpg,265,190,RGB,5.47
Kertas,kertas_R_6385.jpg,dataset\Kertas\kertas_R_6385.jpg,.jpg,276,183,RGB,2.03
Kertas,kertas_R_6386.jpg,dataset\Kertas\kertas_R_6386.jpg,.jpg,264,191,RGB,1.17
Kertas,kertas_R_6387.jpg,dataset\Kertas\kertas_R_6387.jpg,.jpg,225,225,RGB,4.97
Kertas,kertas_R_6388.jpg,dataset\Kertas\kertas_R_6388.jpg,.jpg,279,181,RGB,7.17
Kertas,kertas_R_6389.jpg,dataset\Kertas\kertas_R_6389.jpg,.jpg,225,225,RGB,1.62
Kertas,kertas_R_6390.jpg,dataset\Kertas\kertas_R_6390.jpg,.jpg,224,224,RGB,2.22
Kertas,kertas_R_6391.jpg,dataset\Kertas\kertas_R_6391.jpg,.jpg,246,205,RGB,2.15
Kertas,kertas_R_6392.jpg,dataset\Kertas\kertas_R_6392.jpg,.jpg,221,228,P,1.72
Kertas,kertas_R_6393.jpg,dataset\Kertas\kertas_R_6393.jpg,.jpg,225,225,RGB,1.56
Kertas,kertas_R_6394.jpg,dataset\Kertas\kertas_R_6394.jpg,.jpg,225,225,RGB,3.72
Kertas,kertas_R_6395.jpg,dataset\Kertas\kertas_R_6395.jpg,.jpg,276,183,RGB,7.57
Kertas,kertas_R_6396.jpg,dataset\Kertas\kertas_R_6396.jpg,.jpg,225,225,RGB,2.12
Kertas,kertas_R_6397.jpg,dataset\Kertas\kertas_R_6397.jpg,.jpg,281,179,RGB,2.55
Kertas,kertas_R_6398.jpg,dataset\Kertas\kertas_R_6398.jpg,.jpg,274,184,RGB,3.55
Kertas,kertas_R_6399.jpg,dataset\Kertas\kertas_R_6399.jpg,.jpg,270,186,P,2.33
Kertas,kertas_R_6400.jpg,dataset\Kertas\kertas_R_6400.jpg,.jpg,226,223,P,2.11
Kertas,kertas_R_6401.jpg,dataset\Kertas\kertas_R_6401.jpg,.jpg,263,191,RGB,2.28
Kertas,kertas_R_6402.jpg,dataset\Kertas\kertas_R_6402.jpg,.jpg,290,174,RGB,3.34
Kertas,kertas_R_6403.jpg,dataset\Kertas\kertas_R_6403.jpg,.jpg,281,180,RGB,3.09
Kertas,kertas_R_6404.jpg,dataset\Kertas\kertas_R_6404.jpg,.jpg,225,225,RGB,4.58
Kertas,kertas_R_6405.jpg,dataset\Kertas\kertas_R_6405.jpg,.jpg,225,225,RGB,2.18
Kertas,kertas_R_6406.jpg,dataset\Kertas\kertas_R_6406.jpg,.jpg,271,186,P,5.75
Kertas,kertas_R_6407.jpg,dataset\Kertas\kertas_R_6407.jpg,.jpg,252,200,RGB,6.48
Kertas,kertas_R_6408.jpg,dataset\Kertas\kertas_R_6408.jpg,.jpg,224,224,RGB,5.66
Kertas,kertas_R_6409.jpg,dataset\Kertas\kertas_R_6409.jpg,.jpg,225,225,RGB,1.88
Kertas,kertas_R_6410.jpg,dataset\Kertas\kertas_R_6410.jpg,.jpg,225,225,RGB,2.94
Kertas,kertas_R_6411.jpg,dataset\Kertas\kertas_R_6411.jpg,.jpg,195,259,P,5.44
Kertas,kertas_R_6412.jpg,dataset\Kertas\kertas_R_6412.jpg,.jpg,274,184,RGB,3.38
Kertas,kertas_R_6413.jpg,dataset\Kertas\kertas_R_6413.jpg,.jpg,335,150,RGB,3.18
Kertas,kertas_R_6414.jpg,dataset\Kertas\kertas_R_6414.jpg,.jpg,225,225,RGB,1.92
Kertas,kertas_R_6415.jpg,dataset\Kertas\kertas_R_6415.jpg,.jpg,194,260,RGB,2.06
Kertas,kertas_R_6416.jpg,dataset\Kertas\kertas_R_6416.jpg,.jpg,485,104,RGB,3.76
Kertas,kertas_R_6417.jpg,dataset\Kertas\kertas_R_6417.jpg,.jpg,272,185,RGB,5.47
Kertas,kertas_R_6418.jpg,dataset\Kertas\kertas_R_6418.jpg,.jpg,259,194,RGB,6.11
Kertas,kertas_R_6419.jpg,dataset\Kertas\kertas_R_6419.jpg,.jpg,264,191,RGB,2.51
Kertas,kertas_R_6420.jpg,dataset\Kertas\kertas_R_6420.jpg,.jpg,225,225,RGB,2.54
Kertas,kertas_R_6421.jpg,dataset\Kertas\kertas_R_6421.jpg,.jpg,337,149,P,5.35
Kertas,kertas_R_6422.jpg,dataset\Kertas\kertas_R_6422.jpg,.jpg,276,183,RGB,2.66
Kertas,kertas_R_6423.jpg,dataset\Kertas\kertas_R_6423.jpg,.jpg,193,262,RGB,4.92
Kertas,kertas_R_6424.jpg,dataset\Kertas\kertas_R_6424.jpg,.jpg,225,225,RGB,2.52
Kertas,kertas_R_6425.jpg,dataset\Kertas\kertas_R_6425.jpg,.jpg,275,183,RGB,2.75
Kertas,kertas_R_6427.jpg,dataset\Kertas\kertas_R_6427.jpg,.jpg,241,209,RGB,2.05
Kertas,kertas_R_6428.jpg,dataset\Kertas\kertas_R_6428.jpg,.jpg,221,228,P,4.36
Kertas,kertas_R_6429.jpg,dataset\Kertas\kertas_R_6429.jpg,.jpg,225,225,RGB,4.02
Kertas,kertas_R_6430.jpg,dataset\Kertas\kertas_R_6430.jpg,.jpg,355,142,P,4.17
Kertas,kertas_R_6431.jpg,dataset\Kertas\kertas_R_6431.jpg,.jpg,314,160,P,0.8
Kertas,kertas_R_6432.jpg,dataset\Kertas\kertas_R_6432.jpg,.jpg,224,224,RGB,2.53
Kertas,kertas_R_6433.jpg,dataset\Kertas\kertas_R_6433.jpg,.jpg,275,183,RGB,3.34
Kertas,kertas_R_6434.jpg,dataset\Kertas\kertas_R_6434.jpg,.jpg,225,225,RGB,2.21
Kertas,kertas_R_6435.jpg,dataset\Kertas\kertas_R_6435.jpg,.jpg,268,188,RGB,3.69
Kertas,kertas_R_6436.jpg,dataset\Kertas\kertas_R_6436.jpg,.jpg,264,191,RGB,4.62
Kertas,kertas_R_6437.jpg,dataset\Kertas\kertas_R_6437.jpg,.jpg,225,225,RGB,3.3
Kertas,kertas_R_6438.jpg,dataset\Kertas\kertas_R_6438.jpg,.jpg,228,221,RGB,5.1
Kertas,kertas_R_6439.jpg,dataset\Kertas\kertas_R_6439.jpg,.jpg,225,225,P,6.59
Kertas,kertas_R_6440.jpg,dataset\Kertas\kertas_R_6440.jpg,.jpg,389,129,P,2.37
Kertas,kertas_R_6441.jpg,dataset\Kertas\kertas_R_6441.jpg,.jpg,220,125,RGB,4.14
Kertas,kertas_R_6442.jpg,dataset\Kertas\kertas_R_6442.jpg,.jpg,275,183,P,1.69
Kertas,kertas_R_6443.jpg,dataset\Kertas\kertas_R_6443.jpg,.jpg,225,225,RGB,2.04
Kertas,kertas_R_6444.jpg,dataset\Kertas\kertas_R_6444.jpg,.jpg,171,295,RGB,2.15
Kertas,kertas_R_6445.jpg,dataset\Kertas\kertas_R_6445.jpg,.jpg,275,183,RGB,4.09
Kertas,kertas_R_6446.jpg,dataset\Kertas\kertas_R_6446.jpg,.jpg,275,183,RGB,2.41
Kertas,kertas_R_6447.jpg,dataset\Kertas\kertas_R_6447.jpg,.jpg,246,205,P,3.04
Kertas,kertas_R_6448.jpg,dataset\Kertas\kertas_R_6448.jpg,.jpg,225,225,P,3.17
Kertas,kertas_R_6449.jpg,dataset\Kertas\kertas_R_6449.jpg,.jpg,337,150,RGB,8.05
Kertas,kertas_R_6450.jpg,dataset\Kertas\kertas_R_6450.jpg,.jpg,309,163,RGB,4.53
Kertas,kertas_R_6451.jpg,dataset\Kertas\kertas_R_6451.jpg,.jpg,225,225,RGB,1.85
Kertas,kertas_R_6452.jpg,dataset\Kertas\kertas_R_6452.jpg,.jpg,225,225,RGB,1.75
Kertas,kertas_R_6453.jpg,dataset\Kertas\kertas_R_6453.jpg,.jpg,300,168,RGB,7.83
Kertas,kertas_R_6454.jpg,dataset\Kertas\kertas_R_6454.jpg,.jpg,275,183,RGB,2.33
Kertas,kertas_R_6455.jpg,dataset\Kertas\kertas_R_6455.jpg,.jpg,263,192,RGB,2.88
Kertas,kertas_R_6456.jpg,dataset\Kertas\kertas_R_6456.jpg,.jpg,256,197,P,4.1
Kertas,kertas_R_6457.jpg,dataset\Kertas\kertas_R_6457.jpg,.jpg,200,200,RGB,1.58
Kertas,kertas_R_6458.jpg,dataset\Kertas\kertas_R_6458.jpg,.jpg,225,225,P,2.36
Kertas,kertas_R_6459.jpg,dataset\Kertas\kertas_R_6459.jpg,.jpg,256,197,RGB,2.67
Kertas,kertas_R_6460.jpg,dataset\Kertas\kertas_R_6460.jpg,.jpg,253,199,P,6.19
Kertas,kertas_R_6461.jpg,dataset\Kertas\kertas_R_6461.jpg,.jpg,300,168,RGB,9.26
Kertas,kertas_R_6462.jpg,dataset\Kertas\kertas_R_6462.jpg,.jpg,275,183,RGB,3.86
Kertas,kertas_R_6463.jpg,dataset\Kertas\kertas_R_6463.jpg,.jpg,237,213,P,1.13
Kertas,kertas_R_6464.jpg,dataset\Kertas\kertas_R_6464.jpg,.jpg,300,168,RGB,4.59
Kertas,kertas_R_6465.jpg,dataset\Kertas\kertas_R_6465.jpg,.jpg,268,188,RGB,3.18
Kertas,kertas_R_6466.jpg,dataset\Kertas\kertas_R_6466.jpg,.jpg,276,183,RGB,4.25
Kertas,kertas_R_6467.jpg,dataset\Kertas\kertas_R_6467.jpg,.jpg,277,182,RGB,4.49
Kertas,kertas_R_6468.jpg,dataset\Kertas\kertas_R_6468.jpg,.jpg,274,184,RGB,1.72
Kertas,kertas_R_6469.jpg,dataset\Kertas\kertas_R_6469.jpg,.jpg,275,183,RGB,11.27
Kertas,kertas_R_6470.jpg,dataset\Kertas\kertas_R_6470.jpg,.jpg,336,150,RGB,5.33
Kertas,kertas_R_6471.jpg,dataset\Kertas\kertas_R_6471.jpg,.jpg,225,225,RGB,2.32
Kertas,kertas_R_6472.jpg,dataset\Kertas\kertas_R_6472.jpg,.jpg,353,143,RGB,5.57
Kertas,kertas_R_6473.jpg,dataset\Kertas\kertas_R_6473.jpg,.jpg,225,225,RGB,5.49
Kertas,kertas_R_6474.jpg,dataset\Kertas\kertas_R_6474.jpg,.jpg,225,225,P,1.61
Kertas,kertas_R_6475.jpg,dataset\Kertas\kertas_R_6475.jpg,.jpg,260,194,RGB,2.26
Kertas,kertas_R_6476.jpg,dataset\Kertas\kertas_R_6476.jpg,.jpg,266,189,RGB,2.8
Kertas,kertas_R_6477.jpg,dataset\Kertas\kertas_R_6477.jpg,.jpg,297,169,RGB,3.12
Kertas,kertas_R_6478.jpg,dataset\Kertas\kertas_R_6478.jpg,.jpg,252,200,RGB,5.37
Kertas,kertas_R_6479.jpg,dataset\Kertas\kertas_R_6479.jpg,.jpg,297,169,RGB,6.61
Kertas,kertas_R_6480.jpg,dataset\Kertas\kertas_R_6480.jpg,.jpg,256,197,P,2.21
Kertas,kertas_R_6481.jpg,dataset\Kertas\kertas_R_6481.jpg,.jpg,296,170,RGB,6.67
Kertas,kertas_R_6482.jpg,dataset\Kertas\kertas_R_6482.jpg,.jpg,262,193,RGB,1.8
Kertas,kertas_R_6483.jpg,dataset\Kertas\kertas_R_6483.jpg,.jpg,287,176,RGB,1.16
Kertas,kertas_R_6484.jpg,dataset\Kertas\kertas_R_6484.jpg,.jpg,263,191,RGB,2.81
Kertas,kertas_R_6485.jpg,dataset\Kertas\kertas_R_6485.jpg,.jpg,225,225,RGB,1.66
Kertas,kertas_R_6486.jpg,dataset\Kertas\kertas_R_6486.jpg,.jpg,223,226,P,2.67
Kertas,kertas_R_6487.jpg,dataset\Kertas\kertas_R_6487.jpg,.jpg,225,225,RGB,1.73
Kertas,kertas_R_6488.jpg,dataset\Kertas\kertas_R_6488.jpg,.jpg,275,183,RGB,2.44
Kertas,kertas_R_6489.jpg,dataset\Kertas\kertas_R_6489.jpg,.jpg,256,197,P,4.88
Kertas,kertas_R_6490.jpg,dataset\Kertas\kertas_R_6490.jpg,.jpg,225,225,P,4.35
Kertas,kertas_R_6491.jpg,dataset\Kertas\kertas_R_6491.jpg,.jpg,225,225,RGB,1.87
Kertas,kertas_R_6492.jpg,dataset\Kertas\kertas_R_6492.jpg,.jpg,259,194,RGB,5.11
Kertas,kertas_R_6493.jpg,dataset\Kertas\kertas_R_6493.jpg,.jpg,281,180,P,5.42
Kertas,kertas_R_6494.jpg,dataset\Kertas\kertas_R_6494.jpg,.jpg,225,225,RGB,10.1
Kertas,kertas_R_6495.jpg,dataset\Kertas\kertas_R_6495.jpg,.jpg,162,204,RGB,3.79
Kertas,kertas_R_6496.jpg,dataset\Kertas\kertas_R_6496.jpg,.jpg,340,148,P,2.22
Kertas,kertas_R_6497.jpg,dataset\Kertas\kertas_R_6497.jpg,.jpg,275,183,RGB,2.22
Kertas,kertas_R_6498.jpg,dataset\Kertas\kertas_R_6498.jpg,.jpg,224,224,RGB,1.62
Kertas,kertas_R_6499.jpg,dataset\Kertas\kertas_R_6499.jpg,.jpg,225,225,RGB,3.67
Kertas,kertas_R_6500.jpg,dataset\Kertas\kertas_R_6500.jpg,.jpg,227,222,RGB,7.06
Kertas,kertas_R_6501.jpg,dataset\Kertas\kertas_R_6501.jpg,.jpg,281,179,P,2.33
Kertas,kertas_R_6502.jpg,dataset\Kertas\kertas_R_6502.jpg,.jpg,275,183,RGB,2.48
Kertas,kertas_R_6503.jpg,dataset\Kertas\kertas_R_6503.jpg,.jpg,303,166,P,7.75
Kertas,kertas_R_6504.jpg,dataset\Kertas\kertas_R_6504.jpg,.jpg,318,158,RGB,3.19
Kertas,kertas_R_6505.jpg,dataset\Kertas\kertas_R_6505.jpg,.jpg,220,163,RGB,5.54
Kertas,kertas_R_6506.jpg,dataset\Kertas\kertas_R_6506.jpg,.jpg,256,197,RGB,4.05
Kertas,kertas_R_6507.jpg,dataset\Kertas\kertas_R_6507.jpg,.jpg,183,275,P,3.54
Kertas,kertas_R_6508.jpg,dataset\Kertas\kertas_R_6508.jpg,.jpg,256,197,RGB,4.88
Kertas,kertas_R_6509.jpg,dataset\Kertas\kertas_R_6509.jpg,.jpg,225,225,RGB,6.79
Kertas,kertas_R_6510.jpg,dataset\Kertas\kertas_R_6510.jpg,.jpg,308,164,P,5.79
Kertas,kertas_R_6511.jpg,dataset\Kertas\kertas_R_6511.jpg,.jpg,243,208,RGB,4.01
Kertas,kertas_R_6512.jpg,dataset\Kertas\kertas_R_6512.jpg,.jpg,255,198,RGB,3.67
Kertas,kertas_R_6513.jpg,dataset\Kertas\kertas_R_6513.jpg,.jpg,296,170,RGB,2.67
Kertas,kertas_R_6514.jpg,dataset\Kertas\kertas_R_6514.jpg,.jpg,254,199,RGB,3.92
Kertas,kertas_R_6515.jpg,dataset\Kertas\kertas_R_6515.jpg,.jpg,224,224,RGB,2.26
Kertas,kertas_R_6516.jpg,dataset\Kertas\kertas_R_6516.jpg,.jpg,246,205,RGB,4.23
Kertas,kertas_R_6517.jpg,dataset\Kertas\kertas_R_6517.jpg,.jpg,317,159,P,1.63
Kertas,kertas_R_6518.jpg,dataset\Kertas\kertas_R_6518.jpg,.jpg,225,225,RGB,2.05
Kertas,kertas_R_6519.jpg,dataset\Kertas\kertas_R_6519.jpg,.jpg,273,184,P,3.04
Kertas,kertas_R_6520.jpg,dataset\Kertas\kertas_R_6520.jpg,.jpg,225,225,RGB,1.77
Kertas,kertas_R_6521.jpg,dataset\Kertas\kertas_R_6521.jpg,.jpg,417,121,P,4.16
Kertas,kertas_R_6522.jpg,dataset\Kertas\kertas_R_6522.jpg,.jpg,354,142,P,3.55
Kertas,kertas_R_6523.jpg,dataset\Kertas\kertas_R_6523.jpg,.jpg,260,194,RGB,2.71
Kertas,kertas_R_6524.jpg,dataset\Kertas\kertas_R_6524.jpg,.jpg,255,197,P,2.53
Kertas,kertas_R_6525.jpg,dataset\Kertas\kertas_R_6525.jpg,.jpg,183,275,RGB,2.92
Kertas,kertas_R_6526.jpg,dataset\Kertas\kertas_R_6526.jpg,.jpg,225,225,RGB,6.05
Kertas,kertas_R_6527.jpg,dataset\Kertas\kertas_R_6527.jpg,.jpg,337,150,RGB,3.17
Kertas,kertas_R_6528.jpg,dataset\Kertas\kertas_R_6528.jpg,.jpg,262,192,RGB,2.87
Kertas,kertas_R_6529.jpg,dataset\Kertas\kertas_R_6529.jpg,.jpg,353,143,RGB,4.38
Kertas,kertas_R_6530.jpg,dataset\Kertas\kertas_R_6530.jpg,.jpg,267,189,RGB,5.57
Kertas,kertas_R_6531.jpg,dataset\Kertas\kertas_R_6531.jpg,.jpg,318,158,RGB,1.87
Kertas,kertas_R_6532.jpg,dataset\Kertas\kertas_R_6532.jpg,.jpg,275,183,RGB,9.62
Kertas,kertas_R_6533.jpg,dataset\Kertas\kertas_R_6533.jpg,.jpg,241,209,RGB,6.47
Kertas,kertas_R_6534.jpg,dataset\Kertas\kertas_R_6534.jpg,.jpg,297,170,RGB,4.86
Kertas,kertas_R_6535.jpg,dataset\Kertas\kertas_R_6535.jpg,.jpg,273,185,P,5.83
Kertas,kertas_R_6536.jpg,dataset\Kertas\kertas_R_6536.jpg,.jpg,225,225,RGB,1.47
Kertas,kertas_R_6537.jpg,dataset\Kertas\kertas_R_6537.jpg,.jpg,268,188,RGB,5.29
Kertas,kertas_R_6538.jpg,dataset\Kertas\kertas_R_6538.jpg,.jpg,333,151,RGB,8.91
Kertas,kertas_R_6539.jpg,dataset\Kertas\kertas_R_6539.jpg,.jpg,225,225,RGB,2.25
Kertas,kertas_R_6540.jpg,dataset\Kertas\kertas_R_6540.jpg,.jpg,248,203,RGB,3.95
Kertas,kertas_R_6541.jpg,dataset\Kertas\kertas_R_6541.jpg,.jpg,300,168,RGB,5.14
Kertas,kertas_R_6542.jpg,dataset\Kertas\kertas_R_6542.jpg,.jpg,300,168,RGB,4.12
Kertas,kertas_R_6543.jpg,dataset\Kertas\kertas_R_6543.jpg,.jpg,225,225,P,7.55
Kertas,kertas_R_6544.jpg,dataset\Kertas\kertas_R_6544.jpg,.jpg,263,191,RGB,1.94
Kertas,kertas_R_6545.jpg,dataset\Kertas\kertas_R_6545.jpg,.jpg,267,189,P,2.45
Kertas,kertas_R_6546.jpg,dataset\Kertas\kertas_R_6546.jpg,.jpg,258,195,RGB,2.52
Kertas,kertas_R_6547.jpg,dataset\Kertas\kertas_R_6547.jpg,.jpg,256,197,RGB,6.44
Kertas,kertas_R_6548.jpg,dataset\Kertas\kertas_R_6548.jpg,.jpg,225,225,RGB,4.53
Kertas,kertas_R_6549.jpg,dataset\Kertas\kertas_R_6549.jpg,.jpg,299,168,P,6.47
Kertas,kertas_R_6550.jpg,dataset\Kertas\kertas_R_6550.jpg,.jpg,275,183,RGB,2.51
Kertas,kertas_R_6551.jpg,dataset\Kertas\kertas_R_6551.jpg,.jpg,183,275,P,2.91
Kertas,kertas_R_6552.jpg,dataset\Kertas\kertas_R_6552.jpg,.jpg,225,225,P,1.57
Kertas,kertas_R_6553.jpg,dataset\Kertas\kertas_R_6553.jpg,.jpg,259,194,RGB,3.45
Kertas,kertas_R_6554.jpg,dataset\Kertas\kertas_R_6554.jpg,.jpg,201,251,RGB,4.01
Kertas,kertas_R_6555.jpg,dataset\Kertas\kertas_R_6555.jpg,.jpg,243,208,RGB,2.43
Kertas,kertas_R_6556.jpg,dataset\Kertas\kertas_R_6556.jpg,.jpg,262,192,RGB,5.38
Kertas,kertas_R_6557.jpg,dataset\Kertas\kertas_R_6557.jpg,.jpg,225,225,RGB,1.88
Kertas,kertas_R_6558.jpg,dataset\Kertas\kertas_R_6558.jpg,.jpg,225,225,RGB,1.58
Kertas,kertas_R_6559.jpg,dataset\Kertas\kertas_R_6559.jpg,.jpg,196,257,RGB,2.05
Kertas,kertas_R_6560.jpg,dataset\Kertas\kertas_R_6560.jpg,.jpg,275,183,RGB,4.22
Kertas,kertas_R_6561.jpg,dataset\Kertas\kertas_R_6561.jpg,.jpg,274,184,RGB,1.68
Kertas,kertas_R_6562.jpg,dataset\Kertas\kertas_R_6562.jpg,.jpg,200,200,P,2.19
Kertas,kertas_R_6563.jpg,dataset\Kertas\kertas_R_6563.jpg,.jpg,225,225,RGB,2.46
Kertas,kertas_R_6564.jpg,dataset\Kertas\kertas_R_6564.jpg,.jpg,259,194,RGB,2.89
Kertas,kertas_R_6565.jpg,dataset\Kertas\kertas_R_6565.jpg,.jpg,275,183,RGB,6.23
Kertas,kertas_R_6566.jpg,dataset\Kertas\kertas_R_6566.jpg,.jpg,224,224,RGB,2.72
Kertas,kertas_R_6567.jpg,dataset\Kertas\kertas_R_6567.jpg,.jpg,335,150,RGB,3.77
Kertas,kertas_R_6568.jpg,dataset\Kertas\kertas_R_6568.jpg,.jpg,225,225,RGB,6.25
Kertas,kertas_R_6569.jpg,dataset\Kertas\kertas_R_6569.jpg,.jpg,300,168,P,5.38
Kertas,kertas_R_6570.jpg,dataset\Kertas\kertas_R_6570.jpg,.jpg,513,98,RGB,4.59
Kertas,kertas_R_6571.jpg,dataset\Kertas\kertas_R_6571.jpg,.jpg,284,177,RGB,3.63
Kertas,kertas_R_6572.jpg,dataset\Kertas\kertas_R_6572.jpg,.jpg,238,212,P,4.24
Kertas,kertas_R_6573.jpg,dataset\Kertas\kertas_R_6573.jpg,.jpg,267,188,RGB,2.2
Kertas,kertas_R_6574.jpg,dataset\Kertas\kertas_R_6574.jpg,.jpg,256,197,RGB,2.74
Kertas,kertas_R_6575.jpg,dataset\Kertas\kertas_R_6575.jpg,.jpg,275,183,RGB,8.96
Kertas,kertas_R_6576.jpg,dataset\Kertas\kertas_R_6576.jpg,.jpg,277,182,RGB,3.8
Kertas,kertas_R_6577.jpg,dataset\Kertas\kertas_R_6577.jpg,.jpg,290,174,RGB,2.95
Kertas,kertas_R_6578.jpg,dataset\Kertas\kertas_R_6578.jpg,.jpg,295,171,RGB,8.85
Kertas,kertas_R_6579.jpg,dataset\Kertas\kertas_R_6579.jpg,.jpg,225,225,RGB,1.94
Kertas,kertas_R_6580.jpg,dataset\Kertas\kertas_R_6580.jpg,.jpg,300,168,P,3.35
Kertas,kertas_R_6581.jpg,dataset\Kertas\kertas_R_6581.jpg,.jpg,225,224,RGB,10.87
Kertas,kertas_R_6582.jpg,dataset\Kertas\kertas_R_6582.jpg,.jpg,259,194,RGB,10.78
Kertas,kertas_R_6583.jpg,dataset\Kertas\kertas_R_6583.jpg,.jpg,192,262,P,5.2
Kertas,kertas_R_6584.jpg,dataset\Kertas\kertas_R_6584.jpg,.jpg,225,225,RGB,4.61
Kertas,kertas_R_6585.jpg,dataset\Kertas\kertas_R_6585.jpg,.jpg,225,225,RGB,2.21
Kertas,kertas_R_6586.jpg,dataset\Kertas\kertas_R_6586.jpg,.jpg,225,225,RGB,3.26
Kertas,kertas_R_6587.jpg,dataset\Kertas\kertas_R_6587.jpg,.jpg,240,210,P,1.85
Kertas,kertas_R_6588.jpg,dataset\Kertas\kertas_R_6588.jpg,.jpg,259,194,RGB,2.39
Kertas,kertas_R_6589.jpg,dataset\Kertas\kertas_R_6589.jpg,.jpg,171,294,RGB,5.22
Kertas,kertas_R_6590.jpg,dataset\Kertas\kertas_R_6590.jpg,.jpg,197,255,P,4.21
Kertas,kertas_R_6591.jpg,dataset\Kertas\kertas_R_6591.jpg,.jpg,224,224,RGB,1.92
Kertas,kertas_R_6592.jpg,dataset\Kertas\kertas_R_6592.jpg,.jpg,300,168,RGB,4.45
Kertas,kertas_R_6593.jpg,dataset\Kertas\kertas_R_6593.jpg,.jpg,224,224,RGB,4.23
Kertas,kertas_R_6594.jpg,dataset\Kertas\kertas_R_6594.jpg,.jpg,225,225,RGB,5.31
Kertas,kertas_R_6595.jpg,dataset\Kertas\kertas_R_6595.jpg,.jpg,194,259,RGB,9.76
Kertas,kertas_R_6596.jpg,dataset\Kertas\kertas_R_6596.jpg,.jpg,225,225,RGB,2.5
Kertas,kertas_R_6597.jpg,dataset\Kertas\kertas_R_6597.jpg,.jpg,189,267,P,6.13
Kertas,kertas_R_6598.jpg,dataset\Kertas\kertas_R_6598.jpg,.jpg,243,208,RGB,1.99
Kertas,kertas_R_6599.jpg,dataset\Kertas\kertas_R_6599.jpg,.jpg,225,225,RGB,1.62
Kertas,kertas_R_6600.jpg,dataset\Kertas\kertas_R_6600.jpg,.jpg,259,194,RGB,3.01
Kertas,kertas_R_6601.jpg,dataset\Kertas\kertas_R_6601.jpg,.jpg,225,225,RGB,2.71
Kertas,kertas_R_6602.jpg,dataset\Kertas\kertas_R_6602.jpg,.jpg,225,225,RGB,3.36
Kertas,kertas_R_6603.jpg,dataset\Kertas\kertas_R_6603.jpg,.jpg,314,160,RGB,3.29
Kertas,kertas_R_6604.jpg,dataset\Kertas\kertas_R_6604.jpg,.jpg,256,197,RGB,4.09
Kertas,kertas_R_6605.jpg,dataset\Kertas\kertas_R_6605.jpg,.jpg,225,225,RGB,4.63
Kertas,kertas_R_6606.jpg,dataset\Kertas\kertas_R_6606.jpg,.jpg,275,183,RGB,4.15
Kertas,kertas_R_6607.jpg,dataset\Kertas\kertas_R_6607.jpg,.jpg,224,224,RGB,2.6
Kertas,kertas_R_6608.jpg,dataset\Kertas\kertas_R_6608.jpg,.jpg,300,168,P,5.43
Kertas,kertas_R_6609.jpg,dataset\Kertas\kertas_R_6609.jpg,.jpg,279,181,P,3.76
Kertas,kertas_R_6610.jpg,dataset\Kertas\kertas_R_6610.jpg,.jpg,300,168,RGB,4.05
Kertas,kertas_R_6611.jpg,dataset\Kertas\kertas_R_6611.jpg,.jpg,194,259,RGB,2.76
Kertas,kertas_R_6612.jpg,dataset\Kertas\kertas_R_6612.jpg,.jpg,225,225,RGB,5.79
Kertas,kertas_R_6613.jpg,dataset\Kertas\kertas_R_6613.jpg,.jpg,288,175,P,3.89
Kertas,kertas_R_6614.jpg,dataset\Kertas\kertas_R_6614.jpg,.jpg,275,183,RGB,3.63
Kertas,kertas_R_6615.jpg,dataset\Kertas\kertas_R_6615.jpg,.jpg,258,195,RGB,6.95
Kertas,kertas_R_6616.jpg,dataset\Kertas\kertas_R_6616.jpg,.jpg,183,275,RGB,4.19
Kertas,kertas_R_6617.jpg,dataset\Kertas\kertas_R_6617.jpg,.jpg,225,225,RGB,1.71
Kertas,kertas_R_6618.jpg,dataset\Kertas\kertas_R_6618.jpg,.jpg,275,183,RGB,6.29
Kertas,kertas_R_6619.jpg,dataset\Kertas\kertas_R_6619.jpg,.jpg,225,225,RGB,6.82
Kertas,kertas_R_6620.jpg,dataset\Kertas\kertas_R_6620.jpg,.jpg,318,159,P,4.37
Kertas,kertas_R_6621.jpg,dataset\Kertas\kertas_R_6621.jpg,.jpg,173,291,P,3.85
Kertas,kertas_R_6622.jpg,dataset\Kertas\kertas_R_6622.jpg,.jpg,270,187,RGB,2.41
Kertas,kertas_R_6623.jpg,dataset\Kertas\kertas_R_6623.jpg,.jpg,243,208,RGB,3.57
Kertas,kertas_R_6624.jpg,dataset\Kertas\kertas_R_6624.jpg,.jpg,250,202,RGB,2.56
Kertas,kertas_R_6625.jpg,dataset\Kertas\kertas_R_6625.jpg,.jpg,225,225,P,1.72
Kertas,kertas_R_6626.jpg,dataset\Kertas\kertas_R_6626.jpg,.jpg,244,207,RGB,2.95
Kertas,kertas_R_6627.jpg,dataset\Kertas\kertas_R_6627.jpg,.jpg,294,172,RGB,4.41
Kertas,kertas_R_6628.jpg,dataset\Kertas\kertas_R_6628.jpg,.jpg,225,225,RGB,3.15
Kertas,kertas_R_6629.jpg,dataset\Kertas\kertas_R_6629.jpg,.jpg,275,183,RGB,4.12
Kertas,kertas_R_6630.jpg,dataset\Kertas\kertas_R_6630.jpg,.jpg,259,194,RGB,2.87
Kertas,kertas_R_6631.jpg,dataset\Kertas\kertas_R_6631.jpg,.jpg,180,180,RGB,2.46
Kertas,kertas_R_6632.jpg,dataset\Kertas\kertas_R_6632.jpg,.jpg,260,194,RGB,3.9
Kertas,kertas_R_6633.jpg,dataset\Kertas\kertas_R_6633.jpg,.jpg,275,183,RGB,3.53
Kertas,kertas_R_6634.jpg,dataset\Kertas\kertas_R_6634.jpg,.jpg,253,199,P,5.28
Kertas,kertas_R_6635.jpg,dataset\Kertas\kertas_R_6635.jpg,.jpg,246,205,RGB,2.54
Kertas,kertas_R_6636.jpg,dataset\Kertas\kertas_R_6636.jpg,.jpg,225,225,P,2.75
Kertas,kertas_R_6637.jpg,dataset\Kertas\kertas_R_6637.jpg,.jpg,277,182,RGB,5.06
Kertas,kertas_R_6638.jpg,dataset\Kertas\kertas_R_6638.jpg,.jpg,225,225,RGB,3.24
Kertas,kertas_R_6639.jpg,dataset\Kertas\kertas_R_6639.jpg,.jpg,275,183,RGB,4.99
Kertas,kertas_R_6640.jpg,dataset\Kertas\kertas_R_6640.jpg,.jpg,225,225,RGB,5.93
Kertas,kertas_R_6641.jpg,dataset\Kertas\kertas_R_6641.jpg,.jpg,275,183,P,2.84
Kertas,kertas_R_6642.jpg,dataset\Kertas\kertas_R_6642.jpg,.jpg,374,135,P,2.25
Kertas,kertas_R_6643.jpg,dataset\Kertas\kertas_R_6643.jpg,.jpg,225,225,RGB,2.05
Kertas,kertas_R_6644.jpg,dataset\Kertas\kertas_R_6644.jpg,.jpg,275,183,RGB,2.4
Kertas,kertas_R_6645.jpg,dataset\Kertas\kertas_R_6645.jpg,.jpg,295,171,RGB,6.68
Kertas,kertas_R_6646.jpg,dataset\Kertas\kertas_R_6646.jpg,.jpg,225,225,RGB,1.89
Kertas,kertas_R_6647.jpg,dataset\Kertas\kertas_R_6647.jpg,.jpg,193,262,RGB,4.02
Kertas,kertas_R_6648.jpg,dataset\Kertas\kertas_R_6648.jpg,.jpg,224,224,RGB,2.11
Kertas,kertas_R_6649.jpg,dataset\Kertas\kertas_R_6649.jpg,.jpg,275,183,RGB,3.7
Kertas,kertas_R_6650.jpg,dataset\Kertas\kertas_R_6650.jpg,.jpg,273,185,P,2.93
Kertas,kertas_R_6651.jpg,dataset\Kertas\kertas_R_6651.jpg,.jpg,259,194,RGB,6.0
Kertas,kertas_R_6652.jpg,dataset\Kertas\kertas_R_6652.jpg,.jpg,224,225,RGB,4.39
Kertas,kertas_R_6653.jpg,dataset\Kertas\kertas_R_6653.jpg,.jpg,233,216,RGB,5.06
Kertas,kertas_R_6654.jpg,dataset\Kertas\kertas_R_6654.jpg,.jpg,276,183,P,3.71
Kertas,kertas_R_6655.jpg,dataset\Kertas\kertas_R_6655.jpg,.jpg,224,224,RGB,3.37
Kertas,kertas_R_6656.jpg,dataset\Kertas\kertas_R_6656.jpg,.jpg,275,183,RGB,14.69
Kertas,kertas_R_6657.jpg,dataset\Kertas\kertas_R_6657.jpg,.jpg,226,223,RGB,5.07
Kertas,kertas_R_6658.jpg,dataset\Kertas\kertas_R_6658.jpg,.jpg,242,208,P,11.44
Kertas,kertas_R_6659.jpg,dataset\Kertas\kertas_R_6659.jpg,.jpg,226,223,RGB,3.01
Kertas,kertas_R_6660.jpg,dataset\Kertas\kertas_R_6660.jpg,.jpg,247,204,RGB,2.13
Kertas,kertas_R_6661.jpg,dataset\Kertas\kertas_R_6661.jpg,.jpg,309,163,RGB,3.11
Kertas,kertas_R_6662.jpg,dataset\Kertas\kertas_R_6662.jpg,.jpg,256,197,RGB,3.62
Kertas,kertas_R_6663.jpg,dataset\Kertas\kertas_R_6663.jpg,.jpg,266,189,RGB,9.26
Kertas,kertas_R_6664.jpg,dataset\Kertas\kertas_R_6664.jpg,.jpg,279,180,P,5.62
Kertas,kertas_R_6665.jpg,dataset\Kertas\kertas_R_6665.jpg,.jpg,255,197,P,3.23
Kertas,kertas_R_6666.jpg,dataset\Kertas\kertas_R_6666.jpg,.jpg,225,225,RGB,3.22
Kertas,kertas_R_6667.jpg,dataset\Kertas\kertas_R_6667.jpg,.jpg,274,184,RGB,8.08
Kertas,kertas_R_6668.jpg,dataset\Kertas\kertas_R_6668.jpg,.jpg,264,191,RGB,5.57
Kertas,kertas_R_6669.jpg,dataset\Kertas\kertas_R_6669.jpg,.jpg,275,183,RGB,10.14
Kertas,kertas_R_6670.jpg,dataset\Kertas\kertas_R_6670.jpg,.jpg,225,225,RGB,4.31
Kertas,kertas_R_6671.jpg,dataset\Kertas\kertas_R_6671.jpg,.jpg,422,119,RGB,9.77
Kertas,kertas_R_6672.jpg,dataset\Kertas\kertas_R_6672.jpg,.jpg,290,174,RGB,6.21
Kertas,kertas_R_6673.jpg,dataset\Kertas\kertas_R_6673.jpg,.jpg,225,225,RGB,6.43
Kertas,kertas_R_6674.jpg,dataset\Kertas\kertas_R_6674.jpg,.jpg,223,226,RGB,6.37
Kertas,kertas_R_6675.jpg,dataset\Kertas\kertas_R_6675.jpg,.jpg,338,149,RGB,1.93
Kertas,kertas_R_6676.jpg,dataset\Kertas\kertas_R_6676.jpg,.jpg,250,202,RGB,9.28
Kertas,kertas_R_6677.jpg,dataset\Kertas\kertas_R_6677.jpg,.jpg,295,171,RGB,6.42
Kertas,kertas_R_6678.jpg,dataset\Kertas\kertas_R_6678.jpg,.jpg,275,183,RGB,6.89
Kertas,kertas_R_6679.jpg,dataset\Kertas\kertas_R_6679.jpg,.jpg,311,162,P,5.28
Kertas,kertas_R_6680.jpg,dataset\Kertas\kertas_R_6680.jpg,.jpg,310,163,P,4.84
Kertas,kertas_R_6681.jpg,dataset\Kertas\kertas_R_6681.jpg,.jpg,221,229,RGB,4.97
Kertas,kertas_R_6682.jpg,dataset\Kertas\kertas_R_6682.jpg,.jpg,283,178,P,6.11
Kertas,kertas_R_6683.jpg,dataset\Kertas\kertas_R_6683.jpg,.jpg,193,261,RGB,1.69
Kertas,kertas_R_6684.jpg,dataset\Kertas\kertas_R_6684.jpg,.jpg,284,177,P,2.66
Kertas,kertas_R_6685.jpg,dataset\Kertas\kertas_R_6685.jpg,.jpg,324,156,P,5.75
Kertas,kertas_R_6686.jpg,dataset\Kertas\kertas_R_6686.jpg,.jpg,261,193,P,2.93
Kertas,kertas_R_6687.jpg,dataset\Kertas\kertas_R_6687.jpg,.jpg,243,208,RGB,4.19
Kertas,kertas_R_6688.jpg,dataset\Kertas\kertas_R_6688.jpg,.jpg,96,203,P,1.16
Kertas,kertas_R_6689.jpg,dataset\Kertas\kertas_R_6689.jpg,.jpg,245,206,RGB,5.47
Kertas,kertas_R_6690.jpg,dataset\Kertas\kertas_R_6690.jpg,.jpg,225,225,RGB,5.48
Kertas,kertas_R_6691.jpg,dataset\Kertas\kertas_R_6691.jpg,.jpg,311,162,P,2.52
Kertas,kertas_R_6692.jpg,dataset\Kertas\kertas_R_6692.jpg,.jpg,180,180,P,0.99
Kertas,kertas_R_6693.jpg,dataset\Kertas\kertas_R_6693.jpg,.jpg,294,171,RGB,5.0
Kertas,kertas_R_6694.jpg,dataset\Kertas\kertas_R_6694.jpg,.jpg,463,109,RGB,2.82
Kertas,kertas_R_6695.jpg,dataset\Kertas\kertas_R_6695.jpg,.jpg,355,142,P,2.81
Kertas,kertas_R_6696.jpg,dataset\Kertas\kertas_R_6696.jpg,.jpg,260,194,RGB,2.26
Kertas,kertas_R_6697.jpg,dataset\Kertas\kertas_R_6697.jpg,.jpg,308,164,P,7.71
Kertas,kertas_R_6698.jpg,dataset\Kertas\kertas_R_6698.jpg,.jpg,223,226,P,3.35
Kertas,kertas_R_6699.jpg,dataset\Kertas\kertas_R_6699.jpg,.jpg,379,133,RGB,4.33
Kertas,kertas_R_6700.jpg,dataset\Kertas\kertas_R_6700.jpg,.jpg,298,169,P,5.84
Kertas,kertas_R_6701.jpg,dataset\Kertas\kertas_R_6701.jpg,.jpg,276,183,RGB,6.8
Kertas,kertas_R_6702.jpg,dataset\Kertas\kertas_R_6702.jpg,.jpg,259,194,RGB,8.18
Kertas,kertas_R_6703.jpg,dataset\Kertas\kertas_R_6703.jpg,.jpg,220,229,RGB,4.22
Kertas,kertas_R_6704.jpg,dataset\Kertas\kertas_R_6704.jpg,.jpg,335,150,RGB,3.95
Kertas,kertas_R_6705.jpg,dataset\Kertas\kertas_R_6705.jpg,.jpg,302,167,P,4.75
Kertas,kertas_R_6706.jpg,dataset\Kertas\kertas_R_6706.jpg,.jpg,336,150,P,2.82
Kertas,kertas_R_6707.jpg,dataset\Kertas\kertas_R_6707.jpg,.jpg,266,189,P,1.02
Kertas,kertas_R_6708.jpg,dataset\Kertas\kertas_R_6708.jpg,.jpg,259,194,RGB,6.6
Kertas,kertas_R_6709.jpg,dataset\Kertas\kertas_R_6709.jpg,.jpg,275,183,RGB,7.01
Kertas,kertas_R_6710.jpg,dataset\Kertas\kertas_R_6710.jpg,.jpg,257,196,P,3.44
Kertas,kertas_R_6711.jpg,dataset\Kertas\kertas_R_6711.jpg,.jpg,279,181,RGB,2.87
Kertas,kertas_R_6712.jpg,dataset\Kertas\kertas_R_6712.jpg,.jpg,262,192,RGB,8.44
Kertas,kertas_R_6713.jpg,dataset\Kertas\kertas_R_6713.jpg,.jpg,174,290,RGB,8.11
Kertas,kertas_R_6714.jpg,dataset\Kertas\kertas_R_6714.jpg,.jpg,225,225,RGB,2.86
Kertas,kertas_R_6715.jpg,dataset\Kertas\kertas_R_6715.jpg,.jpg,252,200,RGB,3.5
Kertas,kertas_R_6716.jpg,dataset\Kertas\kertas_R_6716.jpg,.jpg,259,194,P,6.17
Kertas,kertas_R_6717.jpg,dataset\Kertas\kertas_R_6717.jpg,.jpg,394,128,RGB,4.78
Kertas,kertas_R_6718.jpg,dataset\Kertas\kertas_R_6718.jpg,.jpg,225,225,RGB,1.9
Kertas,kertas_R_6719.jpg,dataset\Kertas\kertas_R_6719.jpg,.jpg,183,275,RGB,5.54
Kertas,kertas_R_6720.jpg,dataset\Kertas\kertas_R_6720.jpg,.jpg,225,225,RGB,3.67
Kertas,kertas_R_6721.jpg,dataset\Kertas\kertas_R_6721.jpg,.jpg,197,256,RGB,4.15
Kertas,kertas_R_6722.jpg,dataset\Kertas\kertas_R_6722.jpg,.jpg,183,275,RGB,4.82
Kertas,kertas_R_6723.jpg,dataset\Kertas\kertas_R_6723.jpg,.jpg,275,183,RGB,4.5
Kertas,kertas_R_6724.jpg,dataset\Kertas\kertas_R_6724.jpg,.jpg,225,225,P,3.9
Kertas,kertas_R_6725.jpg,dataset\Kertas\kertas_R_6725.jpg,.jpg,225,225,RGB,1.91
Kertas,kertas_R_6726.jpg,dataset\Kertas\kertas_R_6726.jpg,.jpg,297,170,RGB,5.98
Kertas,kertas_R_6727.jpg,dataset\Kertas\kertas_R_6727.jpg,.jpg,275,183,RGB,2.28
Kertas,kertas_R_6728.jpg,dataset\Kertas\kertas_R_6728.jpg,.jpg,225,225,RGB,3.2
Kertas,kertas_R_6729.jpg,dataset\Kertas\kertas_R_6729.jpg,.jpg,292,173,RGB,5.65
Kertas,kertas_R_6730.jpg,dataset\Kertas\kertas_R_6730.jpg,.jpg,290,174,RGB,4.27
Kertas,kertas_R_6731.jpg,dataset\Kertas\kertas_R_6731.jpg,.jpg,275,183,P,6.78
Kertas,kertas_R_6732.jpg,dataset\Kertas\kertas_R_6732.jpg,.jpg,225,225,RGB,1.83
Kertas,kertas_R_6733.jpg,dataset\Kertas\kertas_R_6733.jpg,.jpg,224,224,RGB,1.7
Kertas,kertas_R_6734.jpg,dataset\Kertas\kertas_R_6734.jpg,.jpg,237,212,P,9.32
Kertas,kertas_R_6735.jpg,dataset\Kertas\kertas_R_6735.jpg,.jpg,229,220,RGB,5.39
Kertas,kertas_R_6736.jpg,dataset\Kertas\kertas_R_6736.jpg,.jpg,259,194,RGB,3.54
Kertas,kertas_R_6737.jpg,dataset\Kertas\kertas_R_6737.jpg,.jpg,255,197,RGB,4.81
Kertas,kertas_R_6738.jpg,dataset\Kertas\kertas_R_6738.jpg,.jpg,335,150,RGB,3.29
Kertas,kertas_R_6739.jpg,dataset\Kertas\kertas_R_6739.jpg,.jpg,301,167,RGB,7.77
Kertas,kertas_R_6740.jpg,dataset\Kertas\kertas_R_6740.jpg,.jpg,225,225,P,0.93
Kertas,kertas_R_6741.jpg,dataset\Kertas\kertas_R_6741.jpg,.jpg,246,205,RGB,2.45
Kertas,kertas_R_6742.jpg,dataset\Kertas\kertas_R_6742.jpg,.jpg,225,225,RGB,1.8
Kertas,kertas_R_6743.jpg,dataset\Kertas\kertas_R_6743.jpg,.jpg,275,183,RGB,3.08
Kertas,kertas_R_6744.jpg,dataset\Kertas\kertas_R_6744.jpg,.jpg,275,183,P,5.91
Kertas,kertas_R_6745.jpg,dataset\Kertas\kertas_R_6745.jpg,.jpg,245,206,RGB,4.34
Kertas,kertas_R_6746.jpg,dataset\Kertas\kertas_R_6746.jpg,.jpg,287,176,RGB,7.79
Kertas,kertas_R_6747.jpg,dataset\Kertas\kertas_R_6747.jpg,.jpg,335,150,RGB,5.36
Kertas,kertas_R_6748.jpg,dataset\Kertas\kertas_R_6748.jpg,.jpg,275,183,RGB,8.36
Kertas,kertas_R_6749.jpg,dataset\Kertas\kertas_R_6749.jpg,.jpg,275,183,RGB,4.87
Kertas,kertas_R_6750.jpg,dataset\Kertas\kertas_R_6750.jpg,.jpg,225,225,RGB,3.41
Kertas,kertas_R_6751.jpg,dataset\Kertas\kertas_R_6751.jpg,.jpg,225,225,RGB,7.78
Kertas,kertas_R_6752.jpg,dataset\Kertas\kertas_R_6752.jpg,.jpg,230,219,RGB,3.62
Kertas,kertas_R_6753.jpg,dataset\Kertas\kertas_R_6753.jpg,.jpg,225,224,RGB,6.69
Kertas,kertas_R_6754.jpg,dataset\Kertas\kertas_R_6754.jpg,.jpg,225,225,RGB,4.54
Kertas,kertas_R_6755.jpg,dataset\Kertas\kertas_R_6755.jpg,.jpg,183,275,P,2.17
Kertas,kertas_R_6756.jpg,dataset\Kertas\kertas_R_6756.jpg,.jpg,310,163,P,6.38
Kertas,kertas_R_6757.jpg,dataset\Kertas\kertas_R_6757.jpg,.jpg,389,130,RGB,4.79
Kertas,kertas_R_6758.jpg,dataset\Kertas\kertas_R_6758.jpg,.jpg,268,188,RGB,8.31
Kertas,kertas_R_6759.jpg,dataset\Kertas\kertas_R_6759.jpg,.jpg,259,194,RGB,6.53
Kertas,kertas_R_6760.jpg,dataset\Kertas\kertas_R_6760.jpg,.jpg,220,229,RGB,4.48
Kertas,kertas_R_6761.jpg,dataset\Kertas\kertas_R_6761.jpg,.jpg,273,184,RGB,5.48
Kertas,kertas_R_6762.jpg,dataset\Kertas\kertas_R_6762.jpg,.jpg,225,225,RGB,4.59
Kertas,kertas_R_6763.jpg,dataset\Kertas\kertas_R_6763.jpg,.jpg,180,146,RGB,3.87
Kertas,kertas_R_6764.jpg,dataset\Kertas\kertas_R_6764.jpg,.jpg,183,275,RGB,3.78
Kertas,kertas_R_6765.jpg,dataset\Kertas\kertas_R_6765.jpg,.jpg,275,183,RGB,5.45
Kertas,kertas_R_6766.jpg,dataset\Kertas\kertas_R_6766.jpg,.jpg,225,225,RGB,11.05
Kertas,kertas_R_6767.jpg,dataset\Kertas\kertas_R_6767.jpg,.jpg,225,225,RGB,5.06
Kertas,kertas_R_6768.jpg,dataset\Kertas\kertas_R_6768.jpg,.jpg,224,225,RGB,3.58
Kertas,kertas_R_6769.jpg,dataset\Kertas\kertas_R_6769.jpg,.jpg,225,225,P,6.04
Kertas,kertas_R_6770.jpg,dataset\Kertas\kertas_R_6770.jpg,.jpg,256,197,RGB,9.22
Kertas,kertas_R_6771.jpg,dataset\Kertas\kertas_R_6771.jpg,.jpg,276,169,RGB,3.58
Kertas,kertas_R_6772.jpg,dataset\Kertas\kertas_R_6772.jpg,.jpg,299,168,RGB,12.08
Kertas,kertas_R_6773.jpg,dataset\Kertas\kertas_R_6773.jpg,.jpg,224,225,RGB,14.12
Kertas,kertas_R_6774.jpg,dataset\Kertas\kertas_R_6774.jpg,.jpg,275,183,RGB,9.35
Kertas,kertas_R_6775.jpg,dataset\Kertas\kertas_R_6775.jpg,.jpg,243,208,RGB,3.86
Kertas,kertas_R_6776.jpg,dataset\Kertas\kertas_R_6776.jpg,.jpg,200,200,P,1.57
Kertas,kertas_R_6777.jpg,dataset\Kertas\kertas_R_6777.jpg,.jpg,225,225,RGB,1.98
Kertas,kertas_R_6778.jpg,dataset\Kertas\kertas_R_6778.jpg,.jpg,301,168,RGB,6.27
Kertas,kertas_R_6779.jpg,dataset\Kertas\kertas_R_6779.jpg,.jpg,225,225,RGB,2.75
Kertas,kertas_R_6780.jpg,dataset\Kertas\kertas_R_6780.jpg,.jpg,302,167,RGB,6.9
Kertas,kertas_R_6781.jpg,dataset\Kertas\kertas_R_6781.jpg,.jpg,275,183,RGB,4.15
Kertas,kertas_R_6782.jpg,dataset\Kertas\kertas_R_6782.jpg,.jpg,275,183,RGB,3.61
Kertas,kertas_R_6783.jpg,dataset\Kertas\kertas_R_6783.jpg,.jpg,275,183,RGB,5.32
Kertas,kertas_R_6784.jpg,dataset\Kertas\kertas_R_6784.jpg,.jpg,225,225,RGB,2.9
Kertas,kertas_R_6785.jpg,dataset\Kertas\kertas_R_6785.jpg,.jpg,265,190,RGB,12.43
Kertas,kertas_R_6786.jpg,dataset\Kertas\kertas_R_6786.jpg,.jpg,253,199,RGB,7.49
Kertas,kertas_R_6787.jpg,dataset\Kertas\kertas_R_6787.jpg,.jpg,212,237,RGB,5.35
Kertas,kertas_R_6788.jpg,dataset\Kertas\kertas_R_6788.jpg,.jpg,253,199,P,1.77
Kertas,kertas_R_6789.jpg,dataset\Kertas\kertas_R_6789.jpg,.jpg,313,161,RGB,4.36
Kertas,kertas_R_6790.jpg,dataset\Kertas\kertas_R_6790.jpg,.jpg,224,224,RGB,2.07
Kertas,kertas_R_6791.jpg,dataset\Kertas\kertas_R_6791.jpg,.jpg,225,225,RGB,4.42
Kertas,kertas_R_6792.jpg,dataset\Kertas\kertas_R_6792.jpg,.jpg,275,183,RGB,5.29
Kertas,kertas_R_6793.jpg,dataset\Kertas\kertas_R_6793.jpg,.jpg,246,205,P,2.48
Kertas,kertas_R_6794.jpg,dataset\Kertas\kertas_R_6794.jpg,.jpg,225,225,P,0.86
Kertas,kertas_R_6795.jpg,dataset\Kertas\kertas_R_6795.jpg,.jpg,243,208,P,2.77
Kertas,kertas_R_6796.jpg,dataset\Kertas\kertas_R_6796.jpg,.jpg,261,193,RGB,8.82
Kertas,kertas_R_6797.jpg,dataset\Kertas\kertas_R_6797.jpg,.jpg,275,183,RGB,2.72
Kertas,kertas_R_6798.jpg,dataset\Kertas\kertas_R_6798.jpg,.jpg,225,225,RGB,6.14
Kertas,kertas_R_6799.jpg,dataset\Kertas\kertas_R_6799.jpg,.jpg,225,225,RGB,2.67
Kertas,kertas_R_6800.jpg,dataset\Kertas\kertas_R_6800.jpg,.jpg,253,199,RGB,3.94
Kertas,kertas_R_6801.jpg,dataset\Kertas\kertas_R_6801.jpg,.jpg,225,225,RGB,2.42
Kertas,kertas_R_6802.jpg,dataset\Kertas\kertas_R_6802.jpg,.jpg,269,187,RGB,4.05
Kertas,kertas_R_6803.jpg,dataset\Kertas\kertas_R_6803.jpg,.jpg,225,225,RGB,2.96
Kertas,kertas_R_6804.jpg,dataset\Kertas\kertas_R_6804.jpg,.jpg,225,225,RGB,8.96
Kertas,kertas_R_6805.jpg,dataset\Kertas\kertas_R_6805.jpg,.jpg,275,183,RGB,3.62
Kertas,kertas_R_6806.jpg,dataset\Kertas\kertas_R_6806.jpg,.jpg,270,187,RGB,3.39
Kertas,kertas_R_6807.jpg,dataset\Kertas\kertas_R_6807.jpg,.jpg,225,225,RGB,6.59
Kertas,kertas_R_6808.jpg,dataset\Kertas\kertas_R_6808.jpg,.jpg,275,183,RGB,7.84
Kertas,kertas_R_6809.jpg,dataset\Kertas\kertas_R_6809.jpg,.jpg,341,148,P,6.56
Kertas,kertas_R_6810.jpg,dataset\Kertas\kertas_R_6810.jpg,.jpg,275,183,RGB,4.36
Kertas,kertas_R_6811.jpg,dataset\Kertas\kertas_R_6811.jpg,.jpg,259,194,RGB,2.44
Kertas,kertas_R_6812.jpg,dataset\Kertas\kertas_R_6812.jpg,.jpg,310,162,P,3.88
Kertas,kertas_R_6813.jpg,dataset\Kertas\kertas_R_6813.jpg,.jpg,268,188,RGB,9.22
Kertas,kertas_R_6814.jpg,dataset\Kertas\kertas_R_6814.jpg,.jpg,268,188,RGB,2.35
Kertas,kertas_R_6815.jpg,dataset\Kertas\kertas_R_6815.jpg,.jpg,183,275,RGB,5.51
Kertas,kertas_R_6816.jpg,dataset\Kertas\kertas_R_6816.jpg,.jpg,297,170,RGB,6.24
Kertas,kertas_R_6817.jpg,dataset\Kertas\kertas_R_6817.jpg,.jpg,251,201,RGB,5.0
Kertas,kertas_R_6818.jpg,dataset\Kertas\kertas_R_6818.jpg,.jpg,225,225,RGB,1.69
Kertas,kertas_R_6819.jpg,dataset\Kertas\kertas_R_6819.jpg,.jpg,234,215,RGB,2.53
Kertas,kertas_R_6820.jpg,dataset\Kertas\kertas_R_6820.jpg,.jpg,289,175,RGB,6.4
Kertas,kertas_R_6821.jpg,dataset\Kertas\kertas_R_6821.jpg,.jpg,225,225,RGB,4.02
Kertas,kertas_R_6822.jpg,dataset\Kertas\kertas_R_6822.jpg,.jpg,274,184,RGB,6.77
Kertas,kertas_R_6823.jpg,dataset\Kertas\kertas_R_6823.jpg,.jpg,282,179,RGB,4.68
Kertas,kertas_R_6824.jpg,dataset\Kertas\kertas_R_6824.jpg,.jpg,279,181,RGB,15.41
Kertas,kertas_R_6825.jpg,dataset\Kertas\kertas_R_6825.jpg,.jpg,300,168,RGB,2.78
Kertas,kertas_R_6826.jpg,dataset\Kertas\kertas_R_6826.jpg,.jpg,225,225,RGB,2.97
Kertas,kertas_R_6827.jpg,dataset\Kertas\kertas_R_6827.jpg,.jpg,225,225,P,1.71
Kertas,kertas_R_6828.jpg,dataset\Kertas\kertas_R_6828.jpg,.jpg,180,189,RGB,2.46
Kertas,kertas_R_6829.jpg,dataset\Kertas\kertas_R_6829.jpg,.jpg,275,183,RGB,2.95
Kertas,kertas_R_6830.jpg,dataset\Kertas\kertas_R_6830.jpg,.jpg,246,205,P,2.05
Kertas,kertas_R_6831.jpg,dataset\Kertas\kertas_R_6831.jpg,.jpg,277,182,RGB,3.14
Kertas,kertas_R_6832.jpg,dataset\Kertas\kertas_R_6832.jpg,.jpg,225,225,RGB,2.64
Kertas,kertas_R_6833.jpg,dataset\Kertas\kertas_R_6833.jpg,.jpg,266,189,P,2.34
Kertas,kertas_R_6834.jpg,dataset\Kertas\kertas_R_6834.jpg,.jpg,268,188,RGB,5.02
Kertas,kertas_R_6835.jpg,dataset\Kertas\kertas_R_6835.jpg,.jpg,278,181,RGB,5.0
Kertas,kertas_R_6836.jpg,dataset\Kertas\kertas_R_6836.jpg,.jpg,259,194,RGB,4.03
Kertas,kertas_R_6837.jpg,dataset\Kertas\kertas_R_6837.jpg,.jpg,300,168,RGB,4.0
Kertas,kertas_R_6838.jpg,dataset\Kertas\kertas_R_6838.jpg,.jpg,225,225,RGB,4.74
Kertas,kertas_R_6839.jpg,dataset\Kertas\kertas_R_6839.jpg,.jpg,291,173,RGB,3.09
Kertas,kertas_R_6840.jpg,dataset\Kertas\kertas_R_6840.jpg,.jpg,256,197,RGB,5.27
Kertas,kertas_R_6841.jpg,dataset\Kertas\kertas_R_6841.jpg,.jpg,225,225,RGB,7.92
Kertas,kertas_R_6842.jpg,dataset\Kertas\kertas_R_6842.jpg,.jpg,225,225,RGB,2.95
Kertas,kertas_R_6843.jpg,dataset\Kertas\kertas_R_6843.jpg,.jpg,183,275,RGB,6.28
Kertas,kertas_R_6844.jpg,dataset\Kertas\kertas_R_6844.jpg,.jpg,286,176,RGB,11.27
Kertas,kertas_R_6845.jpg,dataset\Kertas\kertas_R_6845.jpg,.jpg,225,225,P,4.07
Kertas,kertas_R_6846.jpg,dataset\Kertas\kertas_R_6846.jpg,.jpg,275,183,RGB,4.46
Kertas,kertas_R_6847.jpg,dataset\Kertas\kertas_R_6847.jpg,.jpg,225,225,RGB,4.82
Kertas,kertas_R_6848.jpg,dataset\Kertas\kertas_R_6848.jpg,.jpg,275,183,RGB,4.79
Kertas,kertas_R_6849.jpg,dataset\Kertas\kertas_R_6849.jpg,.jpg,225,225,RGB,3.75
Kertas,kertas_R_6850.jpg,dataset\Kertas\kertas_R_6850.jpg,.jpg,224,225,RGB,2.55
Kertas,kertas_R_6851.jpg,dataset\Kertas\kertas_R_6851.jpg,.jpg,225,225,RGB,2.74
Kertas,kertas_R_6852.jpg,dataset\Kertas\kertas_R_6852.jpg,.jpg,259,194,RGB,8.37
Kertas,kertas_R_6853.jpg,dataset\Kertas\kertas_R_6853.jpg,.jpg,201,251,RGB,5.97
Kertas,kertas_R_6854.jpg,dataset\Kertas\kertas_R_6854.jpg,.jpg,243,208,RGB,4.7
Kertas,kertas_R_6855.jpg,dataset\Kertas\kertas_R_6855.jpg,.jpg,275,183,RGB,12.69
Kertas,kertas_R_6856.jpg,dataset\Kertas\kertas_R_6856.jpg,.jpg,225,225,RGB,11.28
Kertas,kertas_R_6857.jpg,dataset\Kertas\kertas_R_6857.jpg,.jpg,275,183,RGB,9.49
Kertas,kertas_R_6858.jpg,dataset\Kertas\kertas_R_6858.jpg,.jpg,259,194,RGB,5.63
Kertas,kertas_R_6859.jpg,dataset\Kertas\kertas_R_6859.jpg,.jpg,220,195,RGB,6.2
Kertas,kertas_R_6862.jpg,dataset\Kertas\kertas_R_6862.jpg,.jpg,218,231,RGB,5.28
Kertas,kertas_R_6863.jpg,dataset\Kertas\kertas_R_6863.jpg,.jpg,300,168,P,4.37
Kertas,kertas_R_6864.jpg,dataset\Kertas\kertas_R_6864.jpg,.jpg,324,155,RGB,5.07
Kertas,kertas_R_6865.jpg,dataset\Kertas\kertas_R_6865.jpg,.jpg,225,225,RGB,3.95
Kertas,kertas_R_6866.jpg,dataset\Kertas\kertas_R_6866.jpg,.jpg,275,183,RGB,2.92
Kertas,kertas_R_6867.jpg,dataset\Kertas\kertas_R_6867.jpg,.jpg,295,171,RGB,11.27
Kertas,kertas_R_6868.jpg,dataset\Kertas\kertas_R_6868.jpg,.jpg,225,225,RGB,6.52
Kertas,kertas_R_6869.jpg,dataset\Kertas\kertas_R_6869.jpg,.jpg,225,225,RGB,5.68
Kertas,kertas_R_6870.jpg,dataset\Kertas\kertas_R_6870.jpg,.jpg,299,168,RGB,4.39
Kertas,kertas_R_6871.jpg,dataset\Kertas\kertas_R_6871.jpg,.jpg,251,200,RGB,4.11
Kertas,kertas_R_6872.jpg,dataset\Kertas\kertas_R_6872.jpg,.jpg,292,173,RGB,5.96
Kertas,kertas_R_6873.jpg,dataset\Kertas\kertas_R_6873.jpg,.jpg,246,205,P,3.05
Kertas,kertas_R_6874.jpg,dataset\Kertas\kertas_R_6874.jpg,.jpg,81,241,RGB,3.48
Kertas,kertas_R_6875.jpg,dataset\Kertas\kertas_R_6875.jpg,.jpg,173,291,RGB,8.74
Kertas,kertas_R_6876.jpg,dataset\Kertas\kertas_R_6876.jpg,.jpg,183,275,RGB,4.29
Kertas,kertas_R_6877.jpg,dataset\Kertas\kertas_R_6877.jpg,.jpg,260,194,RGB,12.38
Kertas,kertas_R_6878.jpg,dataset\Kertas\kertas_R_6878.jpg,.jpg,259,194,RGB,7.34
Kertas,kertas_R_6879.jpg,dataset\Kertas\kertas_R_6879.jpg,.jpg,259,194,RGB,8.22
Kertas,kertas_R_6880.jpg,dataset\Kertas\kertas_R_6880.jpg,.jpg,279,181,RGB,2.6
Kertas,kertas_R_6881.jpg,dataset\Kertas\kertas_R_6881.jpg,.jpg,423,119,RGB,15.16
Kertas,kertas_R_6882.jpg,dataset\Kertas\kertas_R_6882.jpg,.jpg,276,183,RGB,3.55
Kertas,kertas_R_6883.jpg,dataset\Kertas\kertas_R_6883.jpg,.jpg,251,201,RGB,3.28
Kertas,kertas_R_6884.jpg,dataset\Kertas\kertas_R_6884.jpg,.jpg,304,166,RGB,7.17
Kertas,kertas_R_6885.jpg,dataset\Kertas\kertas_R_6885.jpg,.jpg,287,176,RGB,7.12
Kertas,kertas_R_6886.jpg,dataset\Kertas\kertas_R_6886.jpg,.jpg,225,225,P,0.77
Kertas,kertas_R_6887.jpg,dataset\Kertas\kertas_R_6887.jpg,.jpg,225,225,RGB,4.66
Kertas,kertas_R_6888.jpg,dataset\Kertas\kertas_R_6888.jpg,.jpg,264,191,RGB,4.59
Kertas,kertas_R_6889.jpg,dataset\Kertas\kertas_R_6889.jpg,.jpg,229,220,RGB,5.43
Kertas,kertas_R_6890.jpg,dataset\Kertas\kertas_R_6890.jpg,.jpg,225,225,P,5.53
Kertas,kertas_R_6891.jpg,dataset\Kertas\kertas_R_6891.jpg,.jpg,224,224,RGB,3.0
Kertas,kertas_R_6892.jpg,dataset\Kertas\kertas_R_6892.jpg,.jpg,225,225,RGB,7.14
Kertas,kertas_R_6893.jpg,dataset\Kertas\kertas_R_6893.jpg,.jpg,275,183,RGB,4.34
Kertas,kertas_R_6894.jpg,dataset\Kertas\kertas_R_6894.jpg,.jpg,225,225,RGB,7.22
Kertas,kertas_R_6895.jpg,dataset\Kertas\kertas_R_6895.jpg,.jpg,180,189,RGB,3.17
Kertas,kertas_R_6896.jpg,dataset\Kertas\kertas_R_6896.jpg,.jpg,309,163,RGB,7.37
Kertas,kertas_R_6897.jpg,dataset\Kertas\kertas_R_6897.jpg,.jpg,389,130,RGB,11.09
Kertas,kertas_R_6898.jpg,dataset\Kertas\kertas_R_6898.jpg,.jpg,225,225,P,1.88
Kertas,kertas_R_6899.jpg,dataset\Kertas\kertas_R_6899.jpg,.jpg,275,183,RGB,2.21
Kertas,kertas_R_6900.jpg,dataset\Kertas\kertas_R_6900.jpg,.jpg,298,169,RGB,5.52
Kertas,kertas_R_6901.jpg,dataset\Kertas\kertas_R_6901.jpg,.jpg,265,190,RGB,4.63
Kertas,kertas_R_6902.jpg,dataset\Kertas\kertas_R_6902.jpg,.jpg,225,225,RGB,11.8
Kertas,kertas_R_6903.jpg,dataset\Kertas\kertas_R_6903.jpg,.jpg,309,163,RGB,7.63
Kertas,kertas_R_6904.jpg,dataset\Kertas\kertas_R_6904.jpg,.jpg,266,190,RGB,3.12
Kertas,kertas_R_6905.jpg,dataset\Kertas\kertas_R_6905.jpg,.jpg,204,247,RGB,4.35
Kertas,kertas_R_6906.jpg,dataset\Kertas\kertas_R_6906.jpg,.jpg,81,241,RGB,5.43
Kertas,kertas_R_6907.jpg,dataset\Kertas\kertas_R_6907.jpg,.jpg,274,184,RGB,1.7
Kertas,kertas_R_6908.jpg,dataset\Kertas\kertas_R_6908.jpg,.jpg,229,220,RGB,6.43
Kertas,kertas_R_6909.jpg,dataset\Kertas\kertas_R_6909.jpg,.jpg,240,210,RGB,6.98
Kertas,kertas_R_6910.jpg,dataset\Kertas\kertas_R_6910.jpg,.jpg,290,174,RGB,4.87
Kertas,kertas_R_6911.jpg,dataset\Kertas\kertas_R_6911.jpg,.jpg,225,225,RGB,5.33
Kertas,kertas_R_6912.jpg,dataset\Kertas\kertas_R_6912.jpg,.jpg,225,225,RGB,5.49
Kertas,kertas_R_6913.jpg,dataset\Kertas\kertas_R_6913.jpg,.jpg,183,275,RGB,3.78
Logam,logam_R_1623.jpg,dataset\Logam\logam_R_1623.jpg,.jpg,225,225,RGB,6.99
Logam,logam_R_1624.jpg,dataset\Logam\logam_R_1624.jpg,.jpg,224,224,RGB,4.39
Logam,logam_R_1625.jpg,dataset\Logam\logam_R_1625.jpg,.jpg,225,225,RGB,6.76
Logam,logam_R_1626.jpg,dataset\Logam\logam_R_1626.jpg,.jpg,251,201,RGB,7.52
Logam,logam_R_1627.jpg,dataset\Logam\logam_R_1627.jpg,.jpg,225,225,RGB,10.2
Logam,logam_R_1628.jpg,dataset\Logam\logam_R_1628.jpg,.jpg,225,225,RGB,3.41
Logam,logam_R_1629.jpg,dataset\Logam\logam_R_1629.jpg,.jpg,225,225,RGB,6.9
Logam,logam_R_1630.jpg,dataset\Logam\logam_R_1630.jpg,.jpg,300,168,RGB,3.78
Logam,logam_R_1631.jpg,dataset\Logam\logam_R_1631.jpg,.jpg,225,225,RGB,7.86
Logam,logam_R_1632.jpg,dataset\Logam\logam_R_1632.jpg,.jpg,275,183,RGB,14.31
Logam,logam_R_1633.jpg,dataset\Logam\logam_R_1633.jpg,.jpg,225,225,RGB,2.63
Logam,logam_R_1634.jpg,dataset\Logam\logam_R_1634.jpg,.jpg,203,240,RGB,7.52
Logam,logam_R_1635.jpg,dataset\Logam\logam_R_1635.jpg,.jpg,166,304,RGB,8.29
Logam,logam_R_1636.jpg,dataset\Logam\logam_R_1636.jpg,.jpg,200,200,RGB,4.17
Logam,logam_R_1637.jpg,dataset\Logam\logam_R_1637.jpg,.jpg,251,201,RGB,7.63
Logam,logam_R_1638.jpg,dataset\Logam\logam_R_1638.jpg,.jpg,234,216,RGB,12.41
Logam,logam_R_1639.jpg,dataset\Logam\logam_R_1639.jpg,.jpg,225,225,RGB,2.17
Logam,logam_R_1640.jpg,dataset\Logam\logam_R_1640.jpg,.jpg,225,225,RGB,4.32
Logam,logam_R_1641.jpg,dataset\Logam\logam_R_1641.jpg,.jpg,197,256,RGB,5.44
Logam,logam_R_1642.jpg,dataset\Logam\logam_R_1642.jpg,.jpg,171,295,RGB,15.51
Logam,logam_R_1643.jpg,dataset\Logam\logam_R_1643.jpg,.jpg,299,169,RGB,3.19
Logam,logam_R_1644.jpg,dataset\Logam\logam_R_1644.jpg,.jpg,225,225,RGB,4.3
Logam,logam_R_1645.jpg,dataset\Logam\logam_R_1645.jpg,.jpg,225,225,RGB,7.39
Logam,logam_R_1646.jpg,dataset\Logam\logam_R_1646.jpg,.jpg,224,224,RGB,7.5
Logam,logam_R_1647.jpg,dataset\Logam\logam_R_1647.jpg,.jpg,225,225,RGB,8.72
Logam,logam_R_1648.jpg,dataset\Logam\logam_R_1648.jpg,.jpg,308,164,RGB,6.12
Logam,logam_R_1649.jpg,dataset\Logam\logam_R_1649.jpg,.jpg,283,178,RGB,11.17
Logam,logam_R_1650.jpg,dataset\Logam\logam_R_1650.jpg,.jpg,225,225,RGB,4.96
Logam,logam_R_1651.jpg,dataset\Logam\logam_R_1651.jpg,.jpg,225,225,RGB,2.54
Logam,logam_R_1652.jpg,dataset\Logam\logam_R_1652.jpg,.jpg,272,185,RGB,5.83
Logam,logam_R_1653.jpg,dataset\Logam\logam_R_1653.jpg,.jpg,259,194,RGB,5.43
Logam,logam_R_1654.jpg,dataset\Logam\logam_R_1654.jpg,.jpg,225,225,RGB,6.66
Logam,logam_R_1655.jpg,dataset\Logam\logam_R_1655.jpg,.jpg,299,168,RGB,2.68
Logam,logam_R_1656.jpg,dataset\Logam\logam_R_1656.jpg,.jpg,263,192,RGB,4.93
Logam,logam_R_1657.jpg,dataset\Logam\logam_R_1657.jpg,.jpg,275,183,RGB,2.43
Logam,logam_R_1658.jpg,dataset\Logam\logam_R_1658.jpg,.jpg,225,225,RGB,10.14
Logam,logam_R_1659.jpg,dataset\Logam\logam_R_1659.jpg,.jpg,246,205,RGB,8.53
Logam,logam_R_1660.jpg,dataset\Logam\logam_R_1660.jpg,.jpg,275,183,RGB,7.36
Logam,logam_R_1661.jpg,dataset\Logam\logam_R_1661.jpg,.jpg,275,183,RGB,14.35
Logam,logam_R_1662.jpg,dataset\Logam\logam_R_1662.jpg,.jpg,221,228,RGB,7.62
Logam,logam_R_1663.jpg,dataset\Logam\logam_R_1663.jpg,.jpg,225,225,RGB,7.45
Logam,logam_R_1664.jpg,dataset\Logam\logam_R_1664.jpg,.jpg,268,188,RGB,11.99
Logam,logam_R_1665.jpg,dataset\Logam\logam_R_1665.jpg,.jpg,275,183,RGB,8.61
Logam,logam_R_1666.jpg,dataset\Logam\logam_R_1666.jpg,.jpg,294,171,RGB,14.53
Logam,logam_R_1667.jpg,dataset\Logam\logam_R_1667.jpg,.jpg,200,200,P,3.78
Logam,logam_R_1668.jpg,dataset\Logam\logam_R_1668.jpg,.jpg,225,225,RGB,4.78
Logam,logam_R_1669.jpg,dataset\Logam\logam_R_1669.jpg,.jpg,275,183,RGB,7.93
Logam,logam_R_1670.jpg,dataset\Logam\logam_R_1670.jpg,.jpg,196,258,RGB,9.4
Logam,logam_R_1671.jpg,dataset\Logam\logam_R_1671.jpg,.jpg,259,194,RGB,6.68
Logam,logam_R_1672.jpg,dataset\Logam\logam_R_1672.jpg,.jpg,275,183,RGB,9.28
Logam,logam_R_1673.jpg,dataset\Logam\logam_R_1673.jpg,.jpg,276,183,RGB,6.24
Logam,logam_R_1674.jpg,dataset\Logam\logam_R_1674.jpg,.jpg,225,225,RGB,3.66
Logam,logam_R_1675.jpg,dataset\Logam\logam_R_1675.jpg,.jpg,225,225,RGB,12.53
Logam,logam_R_1676.jpg,dataset\Logam\logam_R_1676.jpg,.jpg,171,295,RGB,4.7
Logam,logam_R_1677.jpg,dataset\Logam\logam_R_1677.jpg,.jpg,225,225,RGB,5.24
Logam,logam_R_1678.jpg,dataset\Logam\logam_R_1678.jpg,.jpg,225,225,RGB,4.11
Logam,logam_R_1679.jpg,dataset\Logam\logam_R_1679.jpg,.jpg,162,311,RGB,4.7
Logam,logam_R_1680.jpg,dataset\Logam\logam_R_1680.jpg,.jpg,246,205,RGB,7.42
Logam,logam_R_1681.jpg,dataset\Logam\logam_R_1681.jpg,.jpg,225,225,RGB,8.32
Logam,logam_R_1682.jpg,dataset\Logam\logam_R_1682.jpg,.jpg,323,156,RGB,13.91
Logam,logam_R_1683.jpg,dataset\Logam\logam_R_1683.jpg,.jpg,182,277,RGB,8.02
Logam,logam_R_1684.jpg,dataset\Logam\logam_R_1684.jpg,.jpg,225,224,RGB,10.66
Logam,logam_R_1685.jpg,dataset\Logam\logam_R_1685.jpg,.jpg,162,311,RGB,11.15
Logam,logam_R_1686.jpg,dataset\Logam\logam_R_1686.jpg,.jpg,225,225,RGB,4.28
Logam,logam_R_1687.jpg,dataset\Logam\logam_R_1687.jpg,.jpg,225,225,RGB,5.38
Logam,logam_R_1688.jpg,dataset\Logam\logam_R_1688.jpg,.jpg,300,168,RGB,7.09
Logam,logam_R_1689.jpg,dataset\Logam\logam_R_1689.jpg,.jpg,225,225,RGB,9.93
Logam,logam_R_1690.jpg,dataset\Logam\logam_R_1690.jpg,.jpg,259,194,RGB,2.6
Logam,logam_R_1691.jpg,dataset\Logam\logam_R_1691.jpg,.jpg,224,224,RGB,3.75
Logam,logam_R_1692.jpg,dataset\Logam\logam_R_1692.jpg,.jpg,263,192,RGB,3.43
Logam,logam_R_1693.jpg,dataset\Logam\logam_R_1693.jpg,.jpg,225,225,RGB,3.59
Logam,logam_R_1694.jpg,dataset\Logam\logam_R_1694.jpg,.jpg,225,225,RGB,11.11
Logam,logam_R_1695.jpg,dataset\Logam\logam_R_1695.jpg,.jpg,241,209,RGB,3.04
Logam,logam_R_1696.jpg,dataset\Logam\logam_R_1696.jpg,.jpg,225,225,RGB,2.23
Logam,logam_R_1697.jpg,dataset\Logam\logam_R_1697.jpg,.jpg,259,194,RGB,7.14
Logam,logam_R_1698.jpg,dataset\Logam\logam_R_1698.jpg,.jpg,225,225,RGB,9.16
Logam,logam_R_1699.jpg,dataset\Logam\logam_R_1699.jpg,.jpg,275,183,RGB,10.13
Logam,logam_R_1700.jpg,dataset\Logam\logam_R_1700.jpg,.jpg,275,183,RGB,4.48
Logam,logam_R_1701.jpg,dataset\Logam\logam_R_1701.jpg,.jpg,274,184,RGB,5.37
Logam,logam_R_1702.jpg,dataset\Logam\logam_R_1702.jpg,.jpg,225,225,RGB,6.26
Logam,logam_R_1703.jpg,dataset\Logam\logam_R_1703.jpg,.jpg,246,205,RGB,7.8
Logam,logam_R_1704.jpg,dataset\Logam\logam_R_1704.jpg,.jpg,246,205,RGB,11.89
Logam,logam_R_1705.jpg,dataset\Logam\logam_R_1705.jpg,.jpg,294,171,RGB,11.78
Logam,logam_R_1706.jpg,dataset\Logam\logam_R_1706.jpg,.jpg,225,225,RGB,7.96
Logam,logam_R_1707.jpg,dataset\Logam\logam_R_1707.jpg,.jpg,225,225,RGB,9.02
Logam,logam_R_1708.jpg,dataset\Logam\logam_R_1708.jpg,.jpg,272,185,RGB,11.02
Logam,logam_R_1709.jpg,dataset\Logam\logam_R_1709.jpg,.jpg,201,251,RGB,5.69
Logam,logam_R_1710.jpg,dataset\Logam\logam_R_1710.jpg,.jpg,259,194,P,3.7
Logam,logam_R_1711.jpg,dataset\Logam\logam_R_1711.jpg,.jpg,225,225,RGB,3.13
Logam,logam_R_1712.jpg,dataset\Logam\logam_R_1712.jpg,.jpg,225,225,RGB,7.37
Logam,logam_R_1713.jpg,dataset\Logam\logam_R_1713.jpg,.jpg,215,235,RGB,6.38
Logam,logam_R_1714.jpg,dataset\Logam\logam_R_1714.jpg,.jpg,229,220,RGB,11.86
Logam,logam_R_1715.jpg,dataset\Logam\logam_R_1715.jpg,.jpg,251,201,RGB,3.99
Logam,logam_R_1716.jpg,dataset\Logam\logam_R_1716.jpg,.jpg,181,279,RGB,8.02
Logam,logam_R_1717.jpg,dataset\Logam\logam_R_1717.jpg,.jpg,225,225,RGB,9.61
Logam,logam_R_1718.jpg,dataset\Logam\logam_R_1718.jpg,.jpg,154,299,RGB,9.74
Logam,logam_R_1719.jpg,dataset\Logam\logam_R_1719.jpg,.jpg,252,200,RGB,7.59
Logam,logam_R_1720.jpg,dataset\Logam\logam_R_1720.jpg,.jpg,231,218,RGB,14.42
Logam,logam_R_1721.jpg,dataset\Logam\logam_R_1721.jpg,.jpg,225,225,RGB,6.22
Logam,logam_R_1722.jpg,dataset\Logam\logam_R_1722.jpg,.jpg,249,203,RGB,4.12
Logam,logam_R_1723.jpg,dataset\Logam\logam_R_1723.jpg,.jpg,276,183,RGB,7.65
Logam,logam_R_1724.jpg,dataset\Logam\logam_R_1724.jpg,.jpg,261,193,RGB,3.64
Logam,logam_R_1725.jpg,dataset\Logam\logam_R_1725.jpg,.jpg,259,194,RGB,6.4
Logam,logam_R_1726.jpg,dataset\Logam\logam_R_1726.jpg,.jpg,224,224,RGB,7.12
Logam,logam_R_1727.jpg,dataset\Logam\logam_R_1727.jpg,.jpg,236,214,RGB,12.53
Logam,logam_R_1728.jpg,dataset\Logam\logam_R_1728.jpg,.jpg,288,175,RGB,11.2
Logam,logam_R_1729.jpg,dataset\Logam\logam_R_1729.jpg,.jpg,259,194,RGB,6.33
Logam,logam_R_1730.jpg,dataset\Logam\logam_R_1730.jpg,.jpg,225,225,RGB,11.1
Logam,logam_R_1731.jpg,dataset\Logam\logam_R_1731.jpg,.jpg,276,183,RGB,12.55
Logam,logam_R_1732.jpg,dataset\Logam\logam_R_1732.jpg,.jpg,225,225,RGB,17.21
Logam,logam_R_1733.jpg,dataset\Logam\logam_R_1733.jpg,.jpg,225,225,RGB,8.74
Logam,logam_R_1734.jpg,dataset\Logam\logam_R_1734.jpg,.jpg,220,229,RGB,6.63
Logam,logam_R_1735.jpg,dataset\Logam\logam_R_1735.jpg,.jpg,300,168,RGB,3.42
Logam,logam_R_1736.jpg,dataset\Logam\logam_R_1736.jpg,.jpg,220,229,RGB,8.52
Logam,logam_R_1737.jpg,dataset\Logam\logam_R_1737.jpg,.jpg,184,274,RGB,11.82
Logam,logam_R_1738.jpg,dataset\Logam\logam_R_1738.jpg,.jpg,275,183,RGB,17.03
Logam,logam_R_1739.jpg,dataset\Logam\logam_R_1739.jpg,.jpg,225,225,P,3.24
Logam,logam_R_1740.jpg,dataset\Logam\logam_R_1740.jpg,.jpg,265,190,RGB,7.66
Logam,logam_R_1741.jpg,dataset\Logam\logam_R_1741.jpg,.jpg,268,188,RGB,5.77
Logam,logam_R_1742.jpg,dataset\Logam\logam_R_1742.jpg,.jpg,225,225,RGB,6.18
Logam,logam_R_1743.jpg,dataset\Logam\logam_R_1743.jpg,.jpg,275,183,RGB,9.99
Logam,logam_R_1744.jpg,dataset\Logam\logam_R_1744.jpg,.jpg,259,194,RGB,7.17
Logam,logam_R_1745.jpg,dataset\Logam\logam_R_1745.jpg,.jpg,308,163,RGB,6.66
Logam,logam_R_1746.jpg,dataset\Logam\logam_R_1746.jpg,.jpg,225,225,RGB,8.09
Logam,logam_R_1747.jpg,dataset\Logam\logam_R_1747.jpg,.jpg,183,275,RGB,9.63
Logam,logam_R_1748.jpg,dataset\Logam\logam_R_1748.jpg,.jpg,194,259,RGB,5.96
Logam,logam_R_1749.jpg,dataset\Logam\logam_R_1749.jpg,.jpg,340,148,RGB,17.14
Logam,logam_R_1750.jpg,dataset\Logam\logam_R_1750.jpg,.jpg,189,267,RGB,6.09
Logam,logam_R_1751.jpg,dataset\Logam\logam_R_1751.jpg,.jpg,177,285,RGB,9.84
Logam,logam_R_1752.jpg,dataset\Logam\logam_R_1752.jpg,.jpg,244,207,RGB,12.65
Logam,logam_R_1753.jpg,dataset\Logam\logam_R_1753.jpg,.jpg,341,148,RGB,10.74
Logam,logam_R_1754.jpg,dataset\Logam\logam_R_1754.jpg,.jpg,246,204,RGB,8.79
Logam,logam_R_1755.jpg,dataset\Logam\logam_R_1755.jpg,.jpg,268,188,RGB,5.35
Logam,logam_R_1756.jpg,dataset\Logam\logam_R_1756.jpg,.jpg,283,178,RGB,5.12
Logam,logam_R_1757.jpg,dataset\Logam\logam_R_1757.jpg,.jpg,225,224,RGB,10.97
Logam,logam_R_1758.jpg,dataset\Logam\logam_R_1758.jpg,.jpg,268,188,RGB,14.98
Logam,logam_R_1759.jpg,dataset\Logam\logam_R_1759.jpg,.jpg,282,179,RGB,17.7
Logam,logam_R_1760.jpg,dataset\Logam\logam_R_1760.jpg,.jpg,265,190,RGB,5.15
Logam,logam_R_1761.jpg,dataset\Logam\logam_R_1761.jpg,.jpg,225,225,RGB,2.9
Logam,logam_R_1762.jpg,dataset\Logam\logam_R_1762.jpg,.jpg,231,219,RGB,5.08
Logam,logam_R_1763.jpg,dataset\Logam\logam_R_1763.jpg,.jpg,225,225,RGB,11.99
Logam,logam_R_1764.jpg,dataset\Logam\logam_R_1764.jpg,.jpg,225,225,RGB,10.81
Logam,logam_R_1765.jpg,dataset\Logam\logam_R_1765.jpg,.jpg,180,281,RGB,7.58
Logam,logam_R_1766.jpg,dataset\Logam\logam_R_1766.jpg,.jpg,225,225,RGB,4.86
Logam,logam_R_1767.jpg,dataset\Logam\logam_R_1767.jpg,.jpg,225,225,RGB,1.79
Logam,logam_R_1768.jpg,dataset\Logam\logam_R_1768.jpg,.jpg,217,232,RGB,6.84
Logam,logam_R_1769.jpg,dataset\Logam\logam_R_1769.jpg,.jpg,275,183,RGB,7.52
Logam,logam_R_1770.jpg,dataset\Logam\logam_R_1770.jpg,.jpg,225,225,RGB,6.14
Logam,logam_R_1771.jpg,dataset\Logam\logam_R_1771.jpg,.jpg,225,225,RGB,7.85
Logam,logam_R_1772.jpg,dataset\Logam\logam_R_1772.jpg,.jpg,225,225,RGB,7.39
Logam,logam_R_1773.jpg,dataset\Logam\logam_R_1773.jpg,.jpg,225,225,RGB,10.73
Logam,logam_R_1774.jpg,dataset\Logam\logam_R_1774.jpg,.jpg,243,207,RGB,11.92
Logam,logam_R_1775.jpg,dataset\Logam\logam_R_1775.jpg,.jpg,225,225,RGB,7.54
Logam,logam_R_1776.jpg,dataset\Logam\logam_R_1776.jpg,.jpg,300,168,RGB,5.3
Logam,logam_R_1777.jpg,dataset\Logam\logam_R_1777.jpg,.jpg,225,225,RGB,2.12
Logam,logam_R_1778.jpg,dataset\Logam\logam_R_1778.jpg,.jpg,300,168,P,4.47
Logam,logam_R_1779.jpg,dataset\Logam\logam_R_1779.jpg,.jpg,276,183,RGB,10.13
Logam,logam_R_1780.jpg,dataset\Logam\logam_R_1780.jpg,.jpg,225,225,RGB,10.06
Logam,logam_R_1781.jpg,dataset\Logam\logam_R_1781.jpg,.jpg,225,225,RGB,5.37
Logam,logam_R_1782.jpg,dataset\Logam\logam_R_1782.jpg,.jpg,259,194,RGB,8.08
Logam,logam_R_1783.jpg,dataset\Logam\logam_R_1783.jpg,.jpg,225,225,RGB,6.38
Logam,logam_R_1784.jpg,dataset\Logam\logam_R_1784.jpg,.jpg,194,259,RGB,2.99
Logam,logam_R_1785.jpg,dataset\Logam\logam_R_1785.jpg,.jpg,206,245,RGB,9.65
Logam,logam_R_1786.jpg,dataset\Logam\logam_R_1786.jpg,.jpg,275,184,RGB,9.86
Logam,logam_R_1787.jpg,dataset\Logam\logam_R_1787.jpg,.jpg,180,280,RGB,3.23
Logam,logam_R_1788.jpg,dataset\Logam\logam_R_1788.jpg,.jpg,181,279,RGB,12.04
Logam,logam_R_1789.jpg,dataset\Logam\logam_R_1789.jpg,.jpg,96,202,RGB,4.19
Logam,logam_R_1790.jpg,dataset\Logam\logam_R_1790.jpg,.jpg,259,194,RGB,6.54
Logam,logam_R_1791.jpg,dataset\Logam\logam_R_1791.jpg,.jpg,153,300,RGB,6.15
Logam,logam_R_1792.jpg,dataset\Logam\logam_R_1792.jpg,.jpg,183,275,RGB,2.9
Logam,logam_R_1793.jpg,dataset\Logam\logam_R_1793.jpg,.jpg,184,274,RGB,11.95
Logam,logam_R_1794.jpg,dataset\Logam\logam_R_1794.jpg,.jpg,217,232,RGB,9.44
Logam,logam_R_1795.jpg,dataset\Logam\logam_R_1795.jpg,.jpg,183,275,RGB,13.12
Logam,logam_R_1796.jpg,dataset\Logam\logam_R_1796.jpg,.jpg,275,183,RGB,7.88
Logam,logam_R_1797.jpg,dataset\Logam\logam_R_1797.jpg,.jpg,259,195,RGB,4.0
Logam,logam_R_1798.jpg,dataset\Logam\logam_R_1798.jpg,.jpg,225,225,RGB,4.95
Logam,logam_R_1799.jpg,dataset\Logam\logam_R_1799.jpg,.jpg,299,168,RGB,11.99
Logam,logam_R_1800.jpg,dataset\Logam\logam_R_1800.jpg,.jpg,225,225,RGB,9.02
Logam,logam_R_1801.jpg,dataset\Logam\logam_R_1801.jpg,.jpg,212,237,RGB,11.14
Logam,logam_R_1802.jpg,dataset\Logam\logam_R_1802.jpg,.jpg,225,225,RGB,23.56
Logam,logam_R_1803.jpg,dataset\Logam\logam_R_1803.jpg,.jpg,225,225,RGB,9.62
Logam,logam_R_1804.jpg,dataset\Logam\logam_R_1804.jpg,.jpg,225,225,RGB,6.96
Logam,logam_R_1805.jpg,dataset\Logam\logam_R_1805.jpg,.jpg,225,225,RGB,4.2
Logam,logam_R_1806.jpg,dataset\Logam\logam_R_1806.jpg,.jpg,279,180,RGB,3.97
Logam,logam_R_1807.jpg,dataset\Logam\logam_R_1807.jpg,.jpg,166,304,RGB,8.21
Logam,logam_R_1808.jpg,dataset\Logam\logam_R_1808.jpg,.jpg,236,214,RGB,18.95
Logam,logam_R_1809.jpg,dataset\Logam\logam_R_1809.jpg,.jpg,308,163,RGB,7.51
Logam,logam_R_1810.jpg,dataset\Logam\logam_R_1810.jpg,.jpg,275,183,RGB,9.96
Logam,logam_R_1811.jpg,dataset\Logam\logam_R_1811.jpg,.jpg,238,211,RGB,10.46
Logam,logam_R_1812.jpg,dataset\Logam\logam_R_1812.jpg,.jpg,273,185,RGB,9.64
Logam,logam_R_1813.jpg,dataset\Logam\logam_R_1813.jpg,.jpg,300,168,RGB,6.66
Logam,logam_R_1814.jpg,dataset\Logam\logam_R_1814.jpg,.jpg,275,183,RGB,9.39
Logam,logam_R_1815.jpg,dataset\Logam\logam_R_1815.jpg,.jpg,220,229,RGB,5.74
Logam,logam_R_1816.jpg,dataset\Logam\logam_R_1816.jpg,.jpg,244,207,RGB,5.88
Logam,logam_R_1817.jpg,dataset\Logam\logam_R_1817.jpg,.jpg,183,275,RGB,10.23
Logam,logam_R_1818.jpg,dataset\Logam\logam_R_1818.jpg,.jpg,225,225,RGB,13.39
Logam,logam_R_1819.jpg,dataset\Logam\logam_R_1819.jpg,.jpg,225,225,RGB,5.37
Logam,logam_R_1820.jpg,dataset\Logam\logam_R_1820.jpg,.jpg,329,153,RGB,12.77
Logam,logam_R_1821.jpg,dataset\Logam\logam_R_1821.jpg,.jpg,252,200,RGB,4.96
Logam,logam_R_1822.jpg,dataset\Logam\logam_R_1822.jpg,.jpg,261,193,RGB,13.47
Logam,logam_R_1823.jpg,dataset\Logam\logam_R_1823.jpg,.jpg,225,225,RGB,7.23
Logam,logam_R_1824.jpg,dataset\Logam\logam_R_1824.jpg,.jpg,225,225,RGB,3.77
Logam,logam_R_1825.jpg,dataset\Logam\logam_R_1825.jpg,.jpg,389,129,RGB,17.32
Logam,logam_R_1826.jpg,dataset\Logam\logam_R_1826.jpg,.jpg,194,259,RGB,4.36
Logam,logam_R_1827.jpg,dataset\Logam\logam_R_1827.jpg,.jpg,425,118,RGB,10.79
Logam,logam_R_1828.jpg,dataset\Logam\logam_R_1828.jpg,.jpg,299,168,RGB,4.63
Logam,logam_R_1829.jpg,dataset\Logam\logam_R_1829.jpg,.jpg,166,303,RGB,8.22
Logam,logam_R_1830.jpg,dataset\Logam\logam_R_1830.jpg,.jpg,225,225,RGB,5.27
Logam,logam_R_1831.jpg,dataset\Logam\logam_R_1831.jpg,.jpg,306,165,RGB,1.54
Logam,logam_R_1832.jpg,dataset\Logam\logam_R_1832.jpg,.jpg,237,213,RGB,8.32
Logam,logam_R_1833.jpg,dataset\Logam\logam_R_1833.jpg,.jpg,183,275,RGB,11.98
Logam,logam_R_1834.jpg,dataset\Logam\logam_R_1834.jpg,.jpg,225,225,RGB,3.79
Logam,logam_R_1835.jpg,dataset\Logam\logam_R_1835.jpg,.jpg,268,188,RGB,4.55
Logam,logam_R_1836.jpg,dataset\Logam\logam_R_1836.jpg,.jpg,160,316,RGB,10.55
Logam,logam_R_1837.jpg,dataset\Logam\logam_R_1837.jpg,.jpg,181,279,RGB,11.16
Logam,logam_R_1838.jpg,dataset\Logam\logam_R_1838.jpg,.jpg,225,225,RGB,6.64
Logam,logam_R_1839.jpg,dataset\Logam\logam_R_1839.jpg,.jpg,220,229,RGB,6.5
Logam,logam_R_1840.jpg,dataset\Logam\logam_R_1840.jpg,.jpg,184,275,RGB,6.54
Logam,logam_R_1841.jpg,dataset\Logam\logam_R_1841.jpg,.jpg,259,194,RGB,4.0
Logam,logam_R_1842.jpg,dataset\Logam\logam_R_1842.jpg,.jpg,194,259,RGB,6.75
Logam,logam_R_1843.jpg,dataset\Logam\logam_R_1843.jpg,.jpg,225,225,RGB,4.93
Logam,logam_R_1844.jpg,dataset\Logam\logam_R_1844.jpg,.jpg,225,225,P,1.54
Logam,logam_R_1845.jpg,dataset\Logam\logam_R_1845.jpg,.jpg,288,175,RGB,13.93
Logam,logam_R_1846.jpg,dataset\Logam\logam_R_1846.jpg,.jpg,225,225,RGB,10.14
Logam,logam_R_1847.jpg,dataset\Logam\logam_R_1847.jpg,.jpg,259,194,RGB,2.83
Logam,logam_R_1848.jpg,dataset\Logam\logam_R_1848.jpg,.jpg,225,225,RGB,8.69
Logam,logam_R_1849.jpg,dataset\Logam\logam_R_1849.jpg,.jpg,220,229,RGB,17.13
Logam,logam_R_1850.jpg,dataset\Logam\logam_R_1850.jpg,.jpg,308,163,RGB,6.28
Logam,logam_R_1851.jpg,dataset\Logam\logam_R_1851.jpg,.jpg,165,305,RGB,6.83
Logam,logam_R_1852.jpg,dataset\Logam\logam_R_1852.jpg,.jpg,278,181,RGB,7.41
Logam,logam_R_1853.jpg,dataset\Logam\logam_R_1853.jpg,.jpg,225,225,RGB,6.86
Logam,logam_R_1854.jpg,dataset\Logam\logam_R_1854.jpg,.jpg,299,168,RGB,5.99
Logam,logam_R_1855.jpg,dataset\Logam\logam_R_1855.jpg,.jpg,284,177,RGB,5.63
Logam,logam_R_1856.jpg,dataset\Logam\logam_R_1856.jpg,.jpg,275,183,RGB,4.53
Logam,logam_R_1857.jpg,dataset\Logam\logam_R_1857.jpg,.jpg,180,280,RGB,3.52
Logam,logam_R_1858.jpg,dataset\Logam\logam_R_1858.jpg,.jpg,225,225,RGB,10.19
Logam,logam_R_1859.jpg,dataset\Logam\logam_R_1859.jpg,.jpg,275,183,RGB,8.09
Logam,logam_R_1860.jpg,dataset\Logam\logam_R_1860.jpg,.jpg,243,208,P,11.77
Logam,logam_R_1861.jpg,dataset\Logam\logam_R_1861.jpg,.jpg,230,219,RGB,8.96
Logam,logam_R_1862.jpg,dataset\Logam\logam_R_1862.jpg,.jpg,263,192,RGB,5.85
Logam,logam_R_1863.jpg,dataset\Logam\logam_R_1863.jpg,.jpg,211,239,RGB,7.72
Logam,logam_R_1864.jpg,dataset\Logam\logam_R_1864.jpg,.jpg,259,194,RGB,6.06
Logam,logam_R_1865.jpg,dataset\Logam\logam_R_1865.jpg,.jpg,300,168,RGB,11.18
Logam,logam_R_1866.jpg,dataset\Logam\logam_R_1866.jpg,.jpg,200,200,RGB,8.53
Logam,logam_R_1867.jpg,dataset\Logam\logam_R_1867.jpg,.jpg,291,173,RGB,4.96
Logam,logam_R_1868.jpg,dataset\Logam\logam_R_1868.jpg,.jpg,259,194,RGB,4.59
Logam,logam_R_1869.jpg,dataset\Logam\logam_R_1869.jpg,.jpg,225,225,P,10.56
Logam,logam_R_1870.jpg,dataset\Logam\logam_R_1870.jpg,.jpg,220,229,RGB,10.21
Logam,logam_R_1871.jpg,dataset\Logam\logam_R_1871.jpg,.jpg,238,212,RGB,5.81
Logam,logam_R_1872.jpg,dataset\Logam\logam_R_1872.jpg,.jpg,194,259,RGB,11.09
Logam,logam_R_1873.jpg,dataset\Logam\logam_R_1873.jpg,.jpg,284,177,RGB,16.64
Logam,logam_R_1874.jpg,dataset\Logam\logam_R_1874.jpg,.jpg,300,168,RGB,5.68
Logam,logam_R_1875.jpg,dataset\Logam\logam_R_1875.jpg,.jpg,166,304,RGB,8.93
Logam,logam_R_1876.jpg,dataset\Logam\logam_R_1876.jpg,.jpg,190,266,RGB,2.46
Logam,logam_R_1877.jpg,dataset\Logam\logam_R_1877.jpg,.jpg,215,235,P,3.69
Logam,logam_R_1878.jpg,dataset\Logam\logam_R_1878.jpg,.jpg,225,225,RGB,8.45
Logam,logam_R_1879.jpg,dataset\Logam\logam_R_1879.jpg,.jpg,220,229,RGB,6.36
Logam,logam_R_1880.jpg,dataset\Logam\logam_R_1880.jpg,.jpg,225,225,RGB,7.57
Logam,logam_R_1881.jpg,dataset\Logam\logam_R_1881.jpg,.jpg,281,180,RGB,5.77
Logam,logam_R_1882.jpg,dataset\Logam\logam_R_1882.jpg,.jpg,281,180,RGB,12.68
Logam,logam_R_1883.jpg,dataset\Logam\logam_R_1883.jpg,.jpg,225,225,RGB,6.54
Logam,logam_R_1884.jpg,dataset\Logam\logam_R_1884.jpg,.jpg,257,196,RGB,9.82
Logam,logam_R_1885.jpg,dataset\Logam\logam_R_1885.jpg,.jpg,257,196,RGB,8.32
Logam,logam_R_1886.jpg,dataset\Logam\logam_R_1886.jpg,.jpg,210,240,RGB,9.43
Logam,logam_R_1887.jpg,dataset\Logam\logam_R_1887.jpg,.jpg,256,197,RGB,16.63
Logam,logam_R_1888.jpg,dataset\Logam\logam_R_1888.jpg,.jpg,275,183,RGB,7.5
Logam,logam_R_1889.jpg,dataset\Logam\logam_R_1889.jpg,.jpg,275,183,RGB,6.27
Logam,logam_R_1890.jpg,dataset\Logam\logam_R_1890.jpg,.jpg,259,194,RGB,7.19
Logam,logam_R_1891.jpg,dataset\Logam\logam_R_1891.jpg,.jpg,225,225,RGB,10.49
Logam,logam_R_1892.jpg,dataset\Logam\logam_R_1892.jpg,.jpg,225,225,RGB,9.59
Logam,logam_R_1893.jpg,dataset\Logam\logam_R_1893.jpg,.jpg,275,183,RGB,12.92
Logam,logam_R_1894.jpg,dataset\Logam\logam_R_1894.jpg,.jpg,225,225,RGB,2.45
Logam,logam_R_1895.jpg,dataset\Logam\logam_R_1895.jpg,.jpg,277,182,RGB,8.37
Logam,logam_R_1896.jpg,dataset\Logam\logam_R_1896.jpg,.jpg,190,265,RGB,2.21
Logam,logam_R_1897.jpg,dataset\Logam\logam_R_1897.jpg,.jpg,204,247,RGB,9.54
Logam,logam_R_1898.jpg,dataset\Logam\logam_R_1898.jpg,.jpg,225,225,RGB,13.7
Logam,logam_R_1899.jpg,dataset\Logam\logam_R_1899.jpg,.jpg,255,197,RGB,12.07
Logam,logam_R_1900.jpg,dataset\Logam\logam_R_1900.jpg,.jpg,268,188,RGB,9.19
Logam,logam_R_1901.jpg,dataset\Logam\logam_R_1901.jpg,.jpg,259,194,RGB,6.88
Logam,logam_R_1902.jpg,dataset\Logam\logam_R_1902.jpg,.jpg,162,311,RGB,5.95
Logam,logam_R_1903.jpg,dataset\Logam\logam_R_1903.jpg,.jpg,259,195,RGB,2.77
Logam,logam_R_1904.jpg,dataset\Logam\logam_R_1904.jpg,.jpg,308,163,RGB,9.69
Logam,logam_R_1905.jpg,dataset\Logam\logam_R_1905.jpg,.jpg,212,238,RGB,3.18
Logam,logam_R_1906.jpg,dataset\Logam\logam_R_1906.jpg,.jpg,260,177,RGB,8.04
Logam,logam_R_1907.jpg,dataset\Logam\logam_R_1907.jpg,.jpg,300,168,RGB,14.29
Logam,logam_R_1908.jpg,dataset\Logam\logam_R_1908.jpg,.jpg,225,225,RGB,4.66
Logam,logam_R_1909.jpg,dataset\Logam\logam_R_1909.jpg,.jpg,279,181,RGB,16.44
Logam,logam_R_1910.jpg,dataset\Logam\logam_R_1910.jpg,.jpg,259,195,RGB,6.82
Logam,logam_R_1911.jpg,dataset\Logam\logam_R_1911.jpg,.jpg,230,219,RGB,10.71
Logam,logam_R_1912.jpg,dataset\Logam\logam_R_1912.jpg,.jpg,174,290,RGB,8.26
Logam,logam_R_1913.jpg,dataset\Logam\logam_R_1913.jpg,.jpg,259,194,RGB,6.3
Logam,logam_R_1914.jpg,dataset\Logam\logam_R_1914.jpg,.jpg,225,225,RGB,3.61
Logam,logam_R_1915.jpg,dataset\Logam\logam_R_1915.jpg,.jpg,276,183,RGB,4.97
Logam,logam_R_1916.jpg,dataset\Logam\logam_R_1916.jpg,.jpg,315,160,RGB,5.14
Logam,logam_R_1917.jpg,dataset\Logam\logam_R_1917.jpg,.jpg,300,168,RGB,6.75
Logam,logam_R_1918.jpg,dataset\Logam\logam_R_1918.jpg,.jpg,200,150,RGB,9.45
Logam,logam_R_1919.jpg,dataset\Logam\logam_R_1919.jpg,.jpg,252,200,RGB,5.73
Logam,logam_R_1920.jpg,dataset\Logam\logam_R_1920.jpg,.jpg,252,200,RGB,16.57
Logam,logam_R_1921.jpg,dataset\Logam\logam_R_1921.jpg,.jpg,277,182,RGB,6.54
Logam,logam_R_1922.jpg,dataset\Logam\logam_R_1922.jpg,.jpg,172,293,RGB,2.98
Logam,logam_R_1923.jpg,dataset\Logam\logam_R_1923.jpg,.jpg,275,183,RGB,6.29
Logam,logam_R_1924.jpg,dataset\Logam\logam_R_1924.jpg,.jpg,277,182,RGB,3.89
Logam,logam_R_1925.jpg,dataset\Logam\logam_R_1925.jpg,.jpg,274,184,RGB,10.71
Logam,logam_R_1926.jpg,dataset\Logam\logam_R_1926.jpg,.jpg,203,248,RGB,3.68
Logam,logam_R_1927.jpg,dataset\Logam\logam_R_1927.jpg,.jpg,254,199,RGB,5.93
Logam,logam_R_1928.jpg,dataset\Logam\logam_R_1928.jpg,.jpg,318,159,RGB,7.93
Logam,logam_R_1929.jpg,dataset\Logam\logam_R_1929.jpg,.jpg,225,225,RGB,8.12
Logam,logam_R_1930.jpg,dataset\Logam\logam_R_1930.jpg,.jpg,251,201,RGB,8.03
Logam,logam_R_1931.jpg,dataset\Logam\logam_R_1931.jpg,.jpg,225,225,RGB,8.86
Logam,logam_R_1932.jpg,dataset\Logam\logam_R_1932.jpg,.jpg,301,167,RGB,5.68
Logam,logam_R_1933.jpg,dataset\Logam\logam_R_1933.jpg,.jpg,225,191,RGB,7.74
Logam,logam_R_1934.jpg,dataset\Logam\logam_R_1934.jpg,.jpg,188,268,RGB,8.6
Logam,logam_R_1935.jpg,dataset\Logam\logam_R_1935.jpg,.jpg,225,225,P,8.59
Logam,logam_R_1936.jpg,dataset\Logam\logam_R_1936.jpg,.jpg,328,154,RGB,8.62
Logam,logam_R_1937.jpg,dataset\Logam\logam_R_1937.jpg,.jpg,257,196,RGB,9.82
Logam,logam_R_1938.jpg,dataset\Logam\logam_R_1938.jpg,.jpg,225,225,P,5.72
Logam,logam_R_1939.jpg,dataset\Logam\logam_R_1939.jpg,.jpg,259,195,RGB,6.78
Logam,logam_R_1940.jpg,dataset\Logam\logam_R_1940.jpg,.jpg,189,266,RGB,5.22
Logam,logam_R_1941.jpg,dataset\Logam\logam_R_1941.jpg,.jpg,237,213,RGB,6.43
Logam,logam_R_1942.jpg,dataset\Logam\logam_R_1942.jpg,.jpg,259,194,RGB,5.32
Logam,logam_R_1943.jpg,dataset\Logam\logam_R_1943.jpg,.jpg,225,225,RGB,13.49
Logam,logam_R_1944.jpg,dataset\Logam\logam_R_1944.jpg,.jpg,225,225,RGB,4.1
Logam,logam_R_1945.jpg,dataset\Logam\logam_R_1945.jpg,.jpg,174,289,RGB,7.09
Logam,logam_R_1946.jpg,dataset\Logam\logam_R_1946.jpg,.jpg,269,187,RGB,7.37
Logam,logam_R_1947.jpg,dataset\Logam\logam_R_1947.jpg,.jpg,275,183,RGB,6.53
Logam,logam_R_1948.jpg,dataset\Logam\logam_R_1948.jpg,.jpg,259,194,RGB,3.24
Logam,logam_R_1949.jpg,dataset\Logam\logam_R_1949.jpg,.jpg,97,201,RGB,5.05
Logam,logam_R_1950.jpg,dataset\Logam\logam_R_1950.jpg,.jpg,225,225,P,5.2
Logam,logam_R_1951.jpg,dataset\Logam\logam_R_1951.jpg,.jpg,184,275,RGB,7.18
Logam,logam_R_1952.jpg,dataset\Logam\logam_R_1952.jpg,.jpg,200,200,P,3.01
Logam,logam_R_1953.jpg,dataset\Logam\logam_R_1953.jpg,.jpg,300,168,RGB,14.82
Logam,logam_R_1954.jpg,dataset\Logam\logam_R_1954.jpg,.jpg,275,183,RGB,10.8
Logam,logam_R_1955.jpg,dataset\Logam\logam_R_1955.jpg,.jpg,235,215,RGB,5.55
Logam,logam_R_1956.jpg,dataset\Logam\logam_R_1956.jpg,.jpg,260,194,RGB,5.83
Logam,logam_R_1957.jpg,dataset\Logam\logam_R_1957.jpg,.jpg,275,183,RGB,8.3
Logam,logam_R_1958.jpg,dataset\Logam\logam_R_1958.jpg,.jpg,225,225,RGB,6.97
Logam,logam_R_1959.jpg,dataset\Logam\logam_R_1959.jpg,.jpg,206,245,P,4.26
Logam,logam_R_1960.jpg,dataset\Logam\logam_R_1960.jpg,.jpg,275,183,RGB,5.67
Logam,logam_R_1961.jpg,dataset\Logam\logam_R_1961.jpg,.jpg,245,206,RGB,5.13
Logam,logam_R_1962.jpg,dataset\Logam\logam_R_1962.jpg,.jpg,300,168,RGB,6.03
Logam,logam_R_1963.jpg,dataset\Logam\logam_R_1963.jpg,.jpg,203,249,RGB,4.24
Logam,logam_R_1964.jpg,dataset\Logam\logam_R_1964.jpg,.jpg,230,219,RGB,9.78
Logam,logam_R_1965.jpg,dataset\Logam\logam_R_1965.jpg,.jpg,225,152,RGB,10.14
Logam,logam_R_1966.jpg,dataset\Logam\logam_R_1966.jpg,.jpg,301,167,RGB,18.45
Logam,logam_R_1967.jpg,dataset\Logam\logam_R_1967.jpg,.jpg,294,171,RGB,3.78
Logam,logam_R_1968.jpg,dataset\Logam\logam_R_1968.jpg,.jpg,211,239,RGB,7.45
Logam,logam_R_1969.jpg,dataset\Logam\logam_R_1969.jpg,.jpg,252,200,RGB,6.81
Logam,logam_R_1970.jpg,dataset\Logam\logam_R_1970.jpg,.jpg,277,182,RGB,5.39
Logam,logam_R_1971.jpg,dataset\Logam\logam_R_1971.jpg,.jpg,300,168,RGB,5.22
Logam,logam_R_1972.jpg,dataset\Logam\logam_R_1972.jpg,.jpg,225,225,RGB,6.41
Logam,logam_R_1973.jpg,dataset\Logam\logam_R_1973.jpg,.jpg,196,258,RGB,14.44
Logam,logam_R_1974.jpg,dataset\Logam\logam_R_1974.jpg,.jpg,259,194,RGB,6.83
Logam,logam_R_1975.jpg,dataset\Logam\logam_R_1975.jpg,.jpg,259,194,RGB,3.22
Logam,logam_R_1976.jpg,dataset\Logam\logam_R_1976.jpg,.jpg,225,225,RGB,5.8
Logam,logam_R_1977.jpg,dataset\Logam\logam_R_1977.jpg,.jpg,259,194,RGB,10.16
Logam,logam_R_1978.jpg,dataset\Logam\logam_R_1978.jpg,.jpg,225,225,RGB,6.46
Logam,logam_R_1979.jpg,dataset\Logam\logam_R_1979.jpg,.jpg,308,163,RGB,8.06
Logam,logam_R_1980.jpg,dataset\Logam\logam_R_1980.jpg,.jpg,259,194,RGB,6.2
Logam,logam_R_1981.jpg,dataset\Logam\logam_R_1981.jpg,.jpg,299,168,RGB,9.73
Logam,logam_R_1982.jpg,dataset\Logam\logam_R_1982.jpg,.jpg,194,259,RGB,7.55
Logam,logam_R_1983.jpg,dataset\Logam\logam_R_1983.jpg,.jpg,194,259,RGB,5.87
Logam,logam_R_1984.jpg,dataset\Logam\logam_R_1984.jpg,.jpg,275,183,RGB,2.89
Logam,logam_R_1985.jpg,dataset\Logam\logam_R_1985.jpg,.jpg,225,225,P,2.72
Logam,logam_R_1986.jpg,dataset\Logam\logam_R_1986.jpg,.jpg,247,204,RGB,9.24
Logam,logam_R_1987.jpg,dataset\Logam\logam_R_1987.jpg,.jpg,290,174,RGB,3.2
Logam,logam_R_1988.jpg,dataset\Logam\logam_R_1988.jpg,.jpg,425,118,RGB,14.19
Logam,logam_R_1989.jpg,dataset\Logam\logam_R_1989.jpg,.jpg,163,309,RGB,14.44
Logam,logam_R_1990.jpg,dataset\Logam\logam_R_1990.jpg,.jpg,194,259,RGB,5.75
Logam,logam_R_1991.jpg,dataset\Logam\logam_R_1991.jpg,.jpg,249,202,RGB,19.72
Logam,logam_R_1992.jpg,dataset\Logam\logam_R_1992.jpg,.jpg,189,267,P,4.54
Logam,logam_R_1993.jpg,dataset\Logam\logam_R_1993.jpg,.jpg,259,194,RGB,6.69
Logam,logam_R_1994.jpg,dataset\Logam\logam_R_1994.jpg,.jpg,225,225,RGB,3.33
Logam,logam_R_1995.jpg,dataset\Logam\logam_R_1995.jpg,.jpg,225,225,RGB,6.39
Logam,logam_R_1996.jpg,dataset\Logam\logam_R_1996.jpg,.jpg,275,183,RGB,6.91
Logam,logam_R_1997.jpg,dataset\Logam\logam_R_1997.jpg,.jpg,247,204,RGB,13.73
Logam,logam_R_1998.jpg,dataset\Logam\logam_R_1998.jpg,.jpg,227,222,RGB,7.64
Logam,logam_R_1999.jpg,dataset\Logam\logam_R_1999.jpg,.jpg,225,225,RGB,1.94
Logam,logam_R_2000.jpg,dataset\Logam\logam_R_2000.jpg,.jpg,235,214,RGB,6.36
Logam,logam_R_2001.jpg,dataset\Logam\logam_R_2001.jpg,.jpg,141,273,RGB,15.38
Logam,logam_R_2002.jpg,dataset\Logam\logam_R_2002.jpg,.jpg,253,199,RGB,4.44
Logam,logam_R_2003.jpg,dataset\Logam\logam_R_2003.jpg,.jpg,259,194,RGB,7.21
Logam,logam_R_2004.jpg,dataset\Logam\logam_R_2004.jpg,.jpg,167,301,RGB,7.13
Logam,logam_R_2005.jpg,dataset\Logam\logam_R_2005.jpg,.jpg,300,168,RGB,10.62
Logam,logam_R_2006.jpg,dataset\Logam\logam_R_2006.jpg,.jpg,268,188,RGB,14.83
Logam,logam_R_2007.jpg,dataset\Logam\logam_R_2007.jpg,.jpg,275,183,RGB,8.21
Logam,logam_R_2008.jpg,dataset\Logam\logam_R_2008.jpg,.jpg,224,224,RGB,5.09
Logam,logam_R_2009.jpg,dataset\Logam\logam_R_2009.jpg,.jpg,290,174,RGB,10.91
Logam,logam_R_2010.jpg,dataset\Logam\logam_R_2010.jpg,.jpg,272,186,RGB,17.71
Logam,logam_R_2011.jpg,dataset\Logam\logam_R_2011.jpg,.jpg,170,297,RGB,8.89
Logam,logam_R_2012.jpg,dataset\Logam\logam_R_2012.jpg,.jpg,259,195,RGB,5.52
Logam,logam_R_2013.jpg,dataset\Logam\logam_R_2013.jpg,.jpg,300,168,RGB,6.24
Logam,logam_R_2014.jpg,dataset\Logam\logam_R_2014.jpg,.jpg,275,183,RGB,17.17
Logam,logam_R_2015.jpg,dataset\Logam\logam_R_2015.jpg,.jpg,253,199,RGB,6.01
Logam,logam_R_2016.jpg,dataset\Logam\logam_R_2016.jpg,.jpg,259,194,RGB,14.44
Logam,logam_R_2017.jpg,dataset\Logam\logam_R_2017.jpg,.jpg,178,284,RGB,7.82
Logam,logam_R_2018.jpg,dataset\Logam\logam_R_2018.jpg,.jpg,281,180,RGB,9.6
Logam,logam_R_2019.jpg,dataset\Logam\logam_R_2019.jpg,.jpg,165,306,RGB,6.81
Logam,logam_R_2020.jpg,dataset\Logam\logam_R_2020.jpg,.jpg,127,225,RGB,5.18
Logam,logam_R_2021.jpg,dataset\Logam\logam_R_2021.jpg,.jpg,259,194,RGB,20.64
Logam,logam_R_2022.jpg,dataset\Logam\logam_R_2022.jpg,.jpg,323,156,RGB,11.46
Logam,logam_R_2023.jpg,dataset\Logam\logam_R_2023.jpg,.jpg,201,251,RGB,3.42
Logam,logam_R_2024.jpg,dataset\Logam\logam_R_2024.jpg,.jpg,300,168,RGB,16.1
Logam,logam_R_2025.jpg,dataset\Logam\logam_R_2025.jpg,.jpg,256,197,RGB,6.37
Logam,logam_R_2026.jpg,dataset\Logam\logam_R_2026.jpg,.jpg,189,247,RGB,11.44
Logam,logam_R_2027.jpg,dataset\Logam\logam_R_2027.jpg,.jpg,175,288,RGB,20.14
Logam,logam_R_2028.jpg,dataset\Logam\logam_R_2028.jpg,.jpg,283,178,RGB,8.64
Logam,logam_R_2029.jpg,dataset\Logam\logam_R_2029.jpg,.jpg,275,183,RGB,10.48
Logam,logam_R_2030.jpg,dataset\Logam\logam_R_2030.jpg,.jpg,275,183,RGB,5.29
Logam,logam_R_2031.jpg,dataset\Logam\logam_R_2031.jpg,.jpg,266,189,RGB,12.54
Logam,logam_R_2032.jpg,dataset\Logam\logam_R_2032.jpg,.jpg,231,218,RGB,7.36
Logam,logam_R_2033.jpg,dataset\Logam\logam_R_2033.jpg,.jpg,284,177,RGB,10.02
Logam,logam_R_2034.jpg,dataset\Logam\logam_R_2034.jpg,.jpg,205,246,RGB,7.12
Logam,logam_R_2035.jpg,dataset\Logam\logam_R_2035.jpg,.jpg,290,174,RGB,18.38
Logam,logam_R_2036.jpg,dataset\Logam\logam_R_2036.jpg,.jpg,258,196,RGB,17.39
Logam,logam_R_2037.jpg,dataset\Logam\logam_R_2037.jpg,.jpg,225,225,RGB,6.27
Logam,logam_R_2038.jpg,dataset\Logam\logam_R_2038.jpg,.jpg,173,291,RGB,7.28
Logam,logam_R_2039.jpg,dataset\Logam\logam_R_2039.jpg,.jpg,90,217,RGB,5.61
Logam,logam_R_2040.jpg,dataset\Logam\logam_R_2040.jpg,.jpg,288,175,RGB,7.35
Logam,logam_R_2041.jpg,dataset\Logam\logam_R_2041.jpg,.jpg,162,311,RGB,10.46
Logam,logam_R_2042.jpg,dataset\Logam\logam_R_2042.jpg,.jpg,300,168,RGB,3.48
Logam,logam_R_2043.jpg,dataset\Logam\logam_R_2043.jpg,.jpg,269,188,RGB,8.13
Logam,logam_R_2044.jpg,dataset\Logam\logam_R_2044.jpg,.jpg,328,154,RGB,5.1
Logam,logam_R_2045.jpg,dataset\Logam\logam_R_2045.jpg,.jpg,275,184,RGB,5.57
Logam,logam_R_2046.jpg,dataset\Logam\logam_R_2046.jpg,.jpg,248,203,RGB,6.48
Logam,logam_R_2047.jpg,dataset\Logam\logam_R_2047.jpg,.jpg,250,153,RGB,4.7
Logam,logam_R_2048.jpg,dataset\Logam\logam_R_2048.jpg,.jpg,225,225,RGB,5.61
Logam,logam_R_2049.jpg,dataset\Logam\logam_R_2049.jpg,.jpg,211,238,RGB,4.34
Logam,logam_R_2050.jpg,dataset\Logam\logam_R_2050.jpg,.jpg,275,183,RGB,4.87
Logam,logam_R_2051.jpg,dataset\Logam\logam_R_2051.jpg,.jpg,252,200,RGB,11.23
Logam,logam_R_2052.jpg,dataset\Logam\logam_R_2052.jpg,.jpg,225,225,RGB,9.84
Logam,logam_R_2053.jpg,dataset\Logam\logam_R_2053.jpg,.jpg,225,225,RGB,9.12
Logam,logam_R_2054.jpg,dataset\Logam\logam_R_2054.jpg,.jpg,188,268,RGB,4.88
Logam,logam_R_2055.jpg,dataset\Logam\logam_R_2055.jpg,.jpg,224,224,RGB,7.84
Logam,logam_R_2056.jpg,dataset\Logam\logam_R_2056.jpg,.jpg,203,249,RGB,4.68
Logam,logam_R_2057.jpg,dataset\Logam\logam_R_2057.jpg,.jpg,218,231,RGB,6.92
Logam,logam_R_2058.jpg,dataset\Logam\logam_R_2058.jpg,.jpg,262,192,RGB,4.72
Logam,logam_R_2059.jpg,dataset\Logam\logam_R_2059.jpg,.jpg,280,180,RGB,5.51
Logam,logam_R_2060.jpg,dataset\Logam\logam_R_2060.jpg,.jpg,237,213,RGB,15.45
Logam,logam_R_2061.jpg,dataset\Logam\logam_R_2061.jpg,.jpg,308,163,RGB,6.18
Logam,logam_R_2062.jpg,dataset\Logam\logam_R_2062.jpg,.jpg,183,275,RGB,12.98
Logam,logam_R_2063.jpg,dataset\Logam\logam_R_2063.jpg,.jpg,164,308,P,6.73
Logam,logam_R_2064.jpg,dataset\Logam\logam_R_2064.jpg,.jpg,278,181,RGB,5.04
Logam,logam_R_2065.jpg,dataset\Logam\logam_R_2065.jpg,.jpg,275,183,RGB,9.98
Logam,logam_R_2066.jpg,dataset\Logam\logam_R_2066.jpg,.jpg,259,195,RGB,2.99
Logam,logam_R_2067.jpg,dataset\Logam\logam_R_2067.jpg,.jpg,263,191,RGB,7.6
Logam,logam_R_2068.jpg,dataset\Logam\logam_R_2068.jpg,.jpg,259,194,RGB,5.27
Logam,logam_R_2069.jpg,dataset\Logam\logam_R_2069.jpg,.jpg,276,182,RGB,5.71
Logam,logam_R_2070.jpg,dataset\Logam\logam_R_2070.jpg,.jpg,220,229,RGB,3.36
Logam,logam_R_2071.jpg,dataset\Logam\logam_R_2071.jpg,.jpg,260,194,RGB,4.61
Logam,logam_R_2072.jpg,dataset\Logam\logam_R_2072.jpg,.jpg,225,225,P,3.42
Logam,logam_R_2073.jpg,dataset\Logam\logam_R_2073.jpg,.jpg,87,223,RGB,4.92
Logam,logam_R_2074.jpg,dataset\Logam\logam_R_2074.jpg,.jpg,183,276,RGB,7.12
Logam,logam_R_2075.jpg,dataset\Logam\logam_R_2075.jpg,.jpg,159,318,P,4.2
Logam,logam_R_2076.jpg,dataset\Logam\logam_R_2076.jpg,.jpg,225,225,RGB,17.51
Logam,logam_R_2077.jpg,dataset\Logam\logam_R_2077.jpg,.jpg,241,209,RGB,13.63
Logam,logam_R_2078.jpg,dataset\Logam\logam_R_2078.jpg,.jpg,206,245,RGB,9.89
Logam,logam_R_2079.jpg,dataset\Logam\logam_R_2079.jpg,.jpg,328,154,RGB,17.83
Logam,logam_R_2080.jpg,dataset\Logam\logam_R_2080.jpg,.jpg,200,252,RGB,8.17
Logam,logam_R_2081.jpg,dataset\Logam\logam_R_2081.jpg,.jpg,262,192,RGB,10.77
Logam,logam_R_2082.jpg,dataset\Logam\logam_R_2082.jpg,.jpg,194,259,RGB,7.14
Logam,logam_R_2083.jpg,dataset\Logam\logam_R_2083.jpg,.jpg,225,225,RGB,9.57
Logam,logam_R_2084.jpg,dataset\Logam\logam_R_2084.jpg,.jpg,327,154,RGB,7.47
Logam,logam_R_2085.jpg,dataset\Logam\logam_R_2085.jpg,.jpg,259,194,P,3.69
Logam,logam_R_2086.jpg,dataset\Logam\logam_R_2086.jpg,.jpg,220,230,RGB,8.06
Logam,logam_R_2087.jpg,dataset\Logam\logam_R_2087.jpg,.jpg,165,306,RGB,4.64
Logam,logam_R_2088.jpg,dataset\Logam\logam_R_2088.jpg,.jpg,304,166,RGB,3.82
Logam,logam_R_2089.jpg,dataset\Logam\logam_R_2089.jpg,.jpg,209,241,RGB,8.45
Logam,logam_R_2090.jpg,dataset\Logam\logam_R_2090.jpg,.jpg,180,280,RGB,2.52
Logam,logam_R_2091.jpg,dataset\Logam\logam_R_2091.jpg,.jpg,170,297,RGB,9.25
Logam,logam_R_2092.jpg,dataset\Logam\logam_R_2092.jpg,.jpg,225,225,RGB,6.24
Logam,logam_R_2093.jpg,dataset\Logam\logam_R_2093.jpg,.jpg,259,194,RGB,12.48
Logam,logam_R_2094.jpg,dataset\Logam\logam_R_2094.jpg,.jpg,267,189,RGB,9.89
Logam,logam_R_2095.jpg,dataset\Logam\logam_R_2095.jpg,.jpg,211,239,RGB,8.03
Logam,logam_R_2096.jpg,dataset\Logam\logam_R_2096.jpg,.jpg,269,188,RGB,5.96
Logam,logam_R_2097.jpg,dataset\Logam\logam_R_2097.jpg,.jpg,163,309,RGB,10.45
Logam,logam_R_2098.jpg,dataset\Logam\logam_R_2098.jpg,.jpg,225,225,RGB,7.85
Logam,logam_R_2099.jpg,dataset\Logam\logam_R_2099.jpg,.jpg,168,301,RGB,6.54
Logam,logam_R_2100.jpg,dataset\Logam\logam_R_2100.jpg,.jpg,259,194,RGB,7.68
Logam,logam_R_2101.jpg,dataset\Logam\logam_R_2101.jpg,.jpg,159,318,RGB,6.58
Logam,logam_R_2102.jpg,dataset\Logam\logam_R_2102.jpg,.jpg,254,198,RGB,18.09
Logam,logam_R_2103.jpg,dataset\Logam\logam_R_2103.jpg,.jpg,258,195,RGB,8.05
Logam,logam_R_2104.jpg,dataset\Logam\logam_R_2104.jpg,.jpg,262,193,RGB,4.85
Logam,logam_R_2105.jpg,dataset\Logam\logam_R_2105.jpg,.jpg,299,168,RGB,6.21
Logam,logam_R_2106.jpg,dataset\Logam\logam_R_2106.jpg,.jpg,259,194,RGB,6.14
Logam,logam_R_2107.jpg,dataset\Logam\logam_R_2107.jpg,.jpg,185,272,RGB,15.4
Logam,logam_R_2108.jpg,dataset\Logam\logam_R_2108.jpg,.jpg,220,229,RGB,3.99
Logam,logam_R_2109.jpg,dataset\Logam\logam_R_2109.jpg,.jpg,225,225,RGB,7.5
Logam,logam_R_2110.jpg,dataset\Logam\logam_R_2110.jpg,.jpg,275,183,RGB,5.29
Logam,logam_R_2111.jpg,dataset\Logam\logam_R_2111.jpg,.jpg,297,169,RGB,10.15
Logam,logam_R_2112.jpg,dataset\Logam\logam_R_2112.jpg,.jpg,288,175,RGB,8.95
Logam,logam_R_2113.jpg,dataset\Logam\logam_R_2113.jpg,.jpg,170,296,RGB,7.96
Logam,logam_R_2114.jpg,dataset\Logam\logam_R_2114.jpg,.jpg,300,168,RGB,6.97
Logam,logam_R_2115.jpg,dataset\Logam\logam_R_2115.jpg,.jpg,183,275,RGB,4.76
Logam,logam_R_2116.jpg,dataset\Logam\logam_R_2116.jpg,.jpg,225,225,RGB,5.83
Logam,logam_R_2117.jpg,dataset\Logam\logam_R_2117.jpg,.jpg,232,217,RGB,4.32
Logam,logam_R_2118.jpg,dataset\Logam\logam_R_2118.jpg,.jpg,200,251,RGB,3.21
Logam,logam_R_2119.jpg,dataset\Logam\logam_R_2119.jpg,.jpg,308,163,RGB,5.61
Logam,logam_R_2120.jpg,dataset\Logam\logam_R_2120.jpg,.jpg,284,177,RGB,6.35
Logam,logam_R_2121.jpg,dataset\Logam\logam_R_2121.jpg,.jpg,241,209,RGB,4.22
Logam,logam_R_2122.jpg,dataset\Logam\logam_R_2122.jpg,.jpg,306,165,RGB,11.21
Logam,logam_R_2123.jpg,dataset\Logam\logam_R_2123.jpg,.jpg,220,229,RGB,8.83
Logam,logam_R_2124.jpg,dataset\Logam\logam_R_2124.jpg,.jpg,246,205,RGB,5.91
Logam,logam_R_2125.jpg,dataset\Logam\logam_R_2125.jpg,.jpg,236,214,RGB,6.8
Logam,logam_R_2126.jpg,dataset\Logam\logam_R_2126.jpg,.jpg,258,196,RGB,11.45
Logam,logam_R_2127.jpg,dataset\Logam\logam_R_2127.jpg,.jpg,384,131,RGB,14.0
Logam,logam_R_2128.jpg,dataset\Logam\logam_R_2128.jpg,.jpg,225,225,RGB,8.51
Logam,logam_R_2129.jpg,dataset\Logam\logam_R_2129.jpg,.jpg,228,221,RGB,9.03
Logam,logam_R_2130.jpg,dataset\Logam\logam_R_2130.jpg,.jpg,299,168,RGB,12.21
Logam,logam_R_2131.jpg,dataset\Logam\logam_R_2131.jpg,.jpg,232,217,RGB,13.49
Logam,logam_R_2132.jpg,dataset\Logam\logam_R_2132.jpg,.jpg,225,225,RGB,6.65
Logam,logam_R_2133.jpg,dataset\Logam\logam_R_2133.jpg,.jpg,225,225,RGB,6.18
Logam,logam_R_2134.jpg,dataset\Logam\logam_R_2134.jpg,.jpg,194,259,RGB,13.07
Logam,logam_R_2135.jpg,dataset\Logam\logam_R_2135.jpg,.jpg,194,259,RGB,6.08
Logam,logam_R_2136.jpg,dataset\Logam\logam_R_2136.jpg,.jpg,259,195,RGB,6.29
Logam,logam_R_2137.jpg,dataset\Logam\logam_R_2137.jpg,.jpg,328,154,RGB,6.27
Logam,logam_R_2138.jpg,dataset\Logam\logam_R_2138.jpg,.jpg,193,262,RGB,3.91
Logam,logam_R_2139.jpg,dataset\Logam\logam_R_2139.jpg,.jpg,194,259,RGB,4.61
Logam,logam_R_2140.jpg,dataset\Logam\logam_R_2140.jpg,.jpg,259,194,RGB,6.53
Logam,logam_R_2141.jpg,dataset\Logam\logam_R_2141.jpg,.jpg,191,263,RGB,5.48
Logam,logam_R_2142.jpg,dataset\Logam\logam_R_2142.jpg,.jpg,235,214,RGB,5.99
Logam,logam_R_2143.jpg,dataset\Logam\logam_R_2143.jpg,.jpg,259,194,RGB,7.91
Logam,logam_R_2144.jpg,dataset\Logam\logam_R_2144.jpg,.jpg,259,194,RGB,5.81
Logam,logam_R_2145.jpg,dataset\Logam\logam_R_2145.jpg,.jpg,182,277,RGB,5.68
Logam,logam_R_2146.jpg,dataset\Logam\logam_R_2146.jpg,.jpg,275,183,RGB,13.88
Logam,logam_R_2147.jpg,dataset\Logam\logam_R_2147.jpg,.jpg,300,168,RGB,6.31
Logam,logam_R_2148.jpg,dataset\Logam\logam_R_2148.jpg,.jpg,259,194,RGB,2.94
Logam,logam_R_2149.jpg,dataset\Logam\logam_R_2149.jpg,.jpg,259,194,RGB,11.4
Logam,logam_R_2150.jpg,dataset\Logam\logam_R_2150.jpg,.jpg,259,194,RGB,6.32
Logam,logam_R_2151.jpg,dataset\Logam\logam_R_2151.jpg,.jpg,225,225,RGB,5.21
Logam,logam_R_2491.jpg,dataset\Logam\logam_R_2491.jpg,.jpg,170,254,RGB,6.06
Logam,logam_R_2492.jpg,dataset\Logam\logam_R_2492.jpg,.jpg,262,192,RGB,7.2
Logam,logam_R_2493.jpg,dataset\Logam\logam_R_2493.jpg,.jpg,253,199,RGB,6.9
Logam,logam_R_2494.jpg,dataset\Logam\logam_R_2494.jpg,.jpg,287,176,RGB,7.21
Logam,logam_R_2495.jpg,dataset\Logam\logam_R_2495.jpg,.jpg,276,183,RGB,7.06
Logam,logam_R_2496.jpg,dataset\Logam\logam_R_2496.jpg,.jpg,295,171,RGB,6.64
Logam,logam_R_2497.jpg,dataset\Logam\logam_R_2497.jpg,.jpg,275,183,RGB,7.32
Logam,logam_R_2498.jpg,dataset\Logam\logam_R_2498.jpg,.jpg,225,225,RGB,6.09
Logam,logam_R_2499.jpg,dataset\Logam\logam_R_2499.jpg,.jpg,271,186,RGB,5.56
Logam,logam_R_2500.jpg,dataset\Logam\logam_R_2500.jpg,.jpg,277,182,RGB,9.49
Logam,logam_R_2501.jpg,dataset\Logam\logam_R_2501.jpg,.jpg,225,225,RGB,5.05
Logam,logam_R_2502.jpg,dataset\Logam\logam_R_2502.jpg,.jpg,259,194,RGB,7.96
Logam,logam_R_2503.jpg,dataset\Logam\logam_R_2503.jpg,.jpg,225,225,RGB,5.53
Logam,logam_R_2504.jpg,dataset\Logam\logam_R_2504.jpg,.jpg,320,158,RGB,11.05
Logam,logam_R_2505.jpg,dataset\Logam\logam_R_2505.jpg,.jpg,224,224,RGB,5.2
Logam,logam_R_2506.jpg,dataset\Logam\logam_R_2506.jpg,.jpg,225,225,RGB,3.5
Logam,logam_R_2507.jpg,dataset\Logam\logam_R_2507.jpg,.jpg,275,183,RGB,7.46
Logam,logam_R_2508.jpg,dataset\Logam\logam_R_2508.jpg,.jpg,265,190,RGB,6.86
Logam,logam_R_2509.jpg,dataset\Logam\logam_R_2509.jpg,.jpg,259,194,RGB,8.59
Logam,logam_R_2510.jpg,dataset\Logam\logam_R_2510.jpg,.jpg,215,234,RGB,5.68
Logam,logam_R_2511.jpg,dataset\Logam\logam_R_2511.jpg,.jpg,216,233,RGB,6.39
Logam,logam_R_2512.jpg,dataset\Logam\logam_R_2512.jpg,.jpg,235,214,RGB,9.38
Logam,logam_R_2513.jpg,dataset\Logam\logam_R_2513.jpg,.jpg,275,183,RGB,6.46
Logam,logam_R_2514.jpg,dataset\Logam\logam_R_2514.jpg,.jpg,318,159,RGB,8.65
Logam,logam_R_2515.jpg,dataset\Logam\logam_R_2515.jpg,.jpg,275,183,RGB,8.68
Logam,logam_R_2516.jpg,dataset\Logam\logam_R_2516.jpg,.jpg,249,202,RGB,6.47
Logam,logam_R_2517.jpg,dataset\Logam\logam_R_2517.jpg,.jpg,275,183,RGB,7.51
Logam,logam_R_2518.jpg,dataset\Logam\logam_R_2518.jpg,.jpg,275,183,RGB,9.63
Logam,logam_R_2519.jpg,dataset\Logam\logam_R_2519.jpg,.jpg,225,225,RGB,7.02
Logam,logam_R_2520.jpg,dataset\Logam\logam_R_2520.jpg,.jpg,252,200,RGB,7.25
Logam,logam_R_2521.jpg,dataset\Logam\logam_R_2521.jpg,.jpg,266,190,RGB,5.05
Logam,logam_R_2522.jpg,dataset\Logam\logam_R_2522.jpg,.jpg,301,167,RGB,8.06
Logam,logam_R_2523.jpg,dataset\Logam\logam_R_2523.jpg,.jpg,225,225,RGB,4.89
Logam,logam_R_2524.jpg,dataset\Logam\logam_R_2524.jpg,.jpg,259,194,RGB,5.35
Logam,logam_R_2525.jpg,dataset\Logam\logam_R_2525.jpg,.jpg,259,194,RGB,6.25
Logam,logam_R_2526.jpg,dataset\Logam\logam_R_2526.jpg,.jpg,260,194,RGB,5.92
Logam,logam_R_2527.jpg,dataset\Logam\logam_R_2527.jpg,.jpg,260,194,RGB,8.6
Logam,logam_R_2528.jpg,dataset\Logam\logam_R_2528.jpg,.jpg,225,225,RGB,3.96
Logam,logam_R_2529.jpg,dataset\Logam\logam_R_2529.jpg,.jpg,225,225,RGB,2.9
Logam,logam_R_2530.jpg,dataset\Logam\logam_R_2530.jpg,.jpg,225,225,RGB,8.02
Logam,logam_R_2531.jpg,dataset\Logam\logam_R_2531.jpg,.jpg,274,184,RGB,8.28
Logam,logam_R_2532.jpg,dataset\Logam\logam_R_2532.jpg,.jpg,259,194,RGB,16.83
Logam,logam_R_2533.jpg,dataset\Logam\logam_R_2533.jpg,.jpg,225,225,RGB,4.64
Logam,logam_R_2534.jpg,dataset\Logam\logam_R_2534.jpg,.jpg,241,209,RGB,4.81
Logam,logam_R_2535.jpg,dataset\Logam\logam_R_2535.jpg,.jpg,275,183,RGB,7.76
Logam,logam_R_2536.jpg,dataset\Logam\logam_R_2536.jpg,.jpg,225,225,RGB,11.02
Logam,logam_R_2537.jpg,dataset\Logam\logam_R_2537.jpg,.jpg,269,187,RGB,9.12
Logam,logam_R_2538.jpg,dataset\Logam\logam_R_2538.jpg,.jpg,200,200,RGB,5.55
Logam,logam_R_2539.jpg,dataset\Logam\logam_R_2539.jpg,.jpg,259,194,RGB,9.91
Logam,logam_R_2540.jpg,dataset\Logam\logam_R_2540.jpg,.jpg,183,275,RGB,6.85
Logam,logam_R_2541.jpg,dataset\Logam\logam_R_2541.jpg,.jpg,183,275,RGB,7.43
Logam,logam_R_2542.jpg,dataset\Logam\logam_R_2542.jpg,.jpg,297,169,RGB,5.68
Logam,logam_R_2543.jpg,dataset\Logam\logam_R_2543.jpg,.jpg,259,194,RGB,14.65
Logam,logam_R_2544.jpg,dataset\Logam\logam_R_2544.jpg,.jpg,220,229,RGB,8.16
Logam,logam_R_2545.jpg,dataset\Logam\logam_R_2545.jpg,.jpg,225,225,RGB,4.29
Logam,logam_R_2546.jpg,dataset\Logam\logam_R_2546.jpg,.jpg,289,174,RGB,6.5
Logam,logam_R_2547.jpg,dataset\Logam\logam_R_2547.jpg,.jpg,201,251,RGB,8.88
Logam,logam_R_2548.jpg,dataset\Logam\logam_R_2548.jpg,.jpg,225,225,RGB,3.1
Logam,logam_R_2549.jpg,dataset\Logam\logam_R_2549.jpg,.jpg,225,225,RGB,4.35
Logam,logam_R_2550.jpg,dataset\Logam\logam_R_2550.jpg,.jpg,275,183,RGB,4.51
Logam,logam_R_2551.jpg,dataset\Logam\logam_R_2551.jpg,.jpg,278,181,RGB,4.91
Logam,logam_R_2552.jpg,dataset\Logam\logam_R_2552.jpg,.jpg,225,225,RGB,3.78
Logam,logam_R_2553.jpg,dataset\Logam\logam_R_2553.jpg,.jpg,300,168,RGB,17.14
Logam,logam_R_2554.jpg,dataset\Logam\logam_R_2554.jpg,.jpg,252,200,RGB,8.27
Logam,logam_R_2555.jpg,dataset\Logam\logam_R_2555.jpg,.jpg,259,194,RGB,9.27
Logam,logam_R_2556.jpg,dataset\Logam\logam_R_2556.jpg,.jpg,284,177,RGB,7.53
Logam,logam_R_2557.jpg,dataset\Logam\logam_R_2557.jpg,.jpg,259,194,RGB,5.53
Logam,logam_R_2558.jpg,dataset\Logam\logam_R_2558.jpg,.jpg,233,217,RGB,4.67
Logam,logam_R_2559.jpg,dataset\Logam\logam_R_2559.jpg,.jpg,311,162,RGB,17.33
Logam,logam_R_2560.jpg,dataset\Logam\logam_R_2560.jpg,.jpg,275,183,RGB,13.19
Logam,logam_R_2561.jpg,dataset\Logam\logam_R_2561.jpg,.jpg,224,224,RGB,11.76
Logam,logam_R_2562.jpg,dataset\Logam\logam_R_2562.jpg,.jpg,274,184,RGB,10.14
Logam,logam_R_2563.jpg,dataset\Logam\logam_R_2563.jpg,.jpg,275,183,RGB,5.22
Logam,logam_R_2564.jpg,dataset\Logam\logam_R_2564.jpg,.jpg,275,183,RGB,13.13
Logam,logam_R_2565.jpg,dataset\Logam\logam_R_2565.jpg,.jpg,245,206,RGB,6.54
Logam,logam_R_2566.jpg,dataset\Logam\logam_R_2566.jpg,.jpg,275,183,RGB,7.45
Logam,logam_R_2567.jpg,dataset\Logam\logam_R_2567.jpg,.jpg,313,161,RGB,12.75
Logam,logam_R_2568.jpg,dataset\Logam\logam_R_2568.jpg,.jpg,300,168,RGB,7.67
Logam,logam_R_2569.jpg,dataset\Logam\logam_R_2569.jpg,.jpg,264,191,RGB,9.18
Logam,logam_R_2570.jpg,dataset\Logam\logam_R_2570.jpg,.jpg,225,225,RGB,4.27
Logam,logam_R_2571.jpg,dataset\Logam\logam_R_2571.jpg,.jpg,225,225,RGB,12.65
Logam,logam_R_2572.jpg,dataset\Logam\logam_R_2572.jpg,.jpg,340,148,RGB,20.25
Logam,logam_R_2573.jpg,dataset\Logam\logam_R_2573.jpg,.jpg,259,194,RGB,3.49
Logam,logam_R_2574.jpg,dataset\Logam\logam_R_2574.jpg,.jpg,274,184,RGB,6.76
Logam,logam_R_2575.jpg,dataset\Logam\logam_R_2575.jpg,.jpg,259,195,RGB,6.6
Logam,logam_R_2576.jpg,dataset\Logam\logam_R_2576.jpg,.jpg,252,200,RGB,9.71
Logam,logam_R_2577.jpg,dataset\Logam\logam_R_2577.jpg,.jpg,174,289,RGB,7.68
Logam,logam_R_2578.jpg,dataset\Logam\logam_R_2578.jpg,.jpg,255,198,RGB,10.87
Logam,logam_R_2579.jpg,dataset\Logam\logam_R_2579.jpg,.jpg,226,223,RGB,6.57
Logam,logam_R_2580.jpg,dataset\Logam\logam_R_2580.jpg,.jpg,247,204,RGB,3.92
Logam,logam_R_2581.jpg,dataset\Logam\logam_R_2581.jpg,.jpg,215,234,RGB,4.5
Logam,logam_R_2582.jpg,dataset\Logam\logam_R_2582.jpg,.jpg,207,243,RGB,8.78
Logam,logam_R_2583.jpg,dataset\Logam\logam_R_2583.jpg,.jpg,231,218,RGB,12.54
Logam,logam_R_2584.jpg,dataset\Logam\logam_R_2584.jpg,.jpg,225,225,RGB,5.1
Logam,logam_R_2585.jpg,dataset\Logam\logam_R_2585.jpg,.jpg,410,123,RGB,15.17
Logam,logam_R_2586.jpg,dataset\Logam\logam_R_2586.jpg,.jpg,225,225,RGB,2.64
Logam,logam_R_2587.jpg,dataset\Logam\logam_R_2587.jpg,.jpg,225,224,RGB,5.95
Logam,logam_R_2588.jpg,dataset\Logam\logam_R_2588.jpg,.jpg,306,165,RGB,6.64
Logam,logam_R_2589.jpg,dataset\Logam\logam_R_2589.jpg,.jpg,225,225,RGB,4.37
Logam,logam_R_2590.jpg,dataset\Logam\logam_R_2590.jpg,.jpg,211,239,RGB,9.14
Logam,logam_R_2591.jpg,dataset\Logam\logam_R_2591.jpg,.jpg,225,224,RGB,5.19
Logam,logam_R_2592.jpg,dataset\Logam\logam_R_2592.jpg,.jpg,183,275,RGB,7.17
Logam,logam_R_2593.jpg,dataset\Logam\logam_R_2593.jpg,.jpg,252,200,RGB,7.18
Logam,logam_R_2594.jpg,dataset\Logam\logam_R_2594.jpg,.jpg,257,196,RGB,8.42
Logam,logam_R_2595.jpg,dataset\Logam\logam_R_2595.jpg,.jpg,225,225,RGB,9.89
Logam,logam_R_2596.jpg,dataset\Logam\logam_R_2596.jpg,.jpg,225,225,RGB,9.71
Logam,logam_R_2597.jpg,dataset\Logam\logam_R_2597.jpg,.jpg,273,185,RGB,8.23
Logam,logam_R_2598.jpg,dataset\Logam\logam_R_2598.jpg,.jpg,223,226,RGB,6.84
Logam,logam_R_2599.jpg,dataset\Logam\logam_R_2599.jpg,.jpg,259,194,RGB,8.58
Logam,logam_R_2600.jpg,dataset\Logam\logam_R_2600.jpg,.jpg,299,168,RGB,5.17
Logam,logam_R_2601.jpg,dataset\Logam\logam_R_2601.jpg,.jpg,300,168,RGB,11.82
Logam,logam_R_2602.jpg,dataset\Logam\logam_R_2602.jpg,.jpg,259,194,RGB,15.42
Logam,logam_R_2603.jpg,dataset\Logam\logam_R_2603.jpg,.jpg,225,225,RGB,8.93
Logam,logam_R_2604.jpg,dataset\Logam\logam_R_2604.jpg,.jpg,275,183,RGB,5.32
Logam,logam_R_2605.jpg,dataset\Logam\logam_R_2605.jpg,.jpg,257,196,RGB,4.39
Logam,logam_R_2606.jpg,dataset\Logam\logam_R_2606.jpg,.jpg,279,181,RGB,5.73
Logam,logam_R_2607.jpg,dataset\Logam\logam_R_2607.jpg,.jpg,225,225,RGB,8.27
Logam,logam_R_2608.jpg,dataset\Logam\logam_R_2608.jpg,.jpg,259,194,RGB,4.71
Logam,logam_R_2609.jpg,dataset\Logam\logam_R_2609.jpg,.jpg,297,169,RGB,6.64
Logam,logam_R_2610.jpg,dataset\Logam\logam_R_2610.jpg,.jpg,200,200,RGB,3.28
Logam,logam_R_2611.jpg,dataset\Logam\logam_R_2611.jpg,.jpg,318,158,RGB,6.19
Logam,logam_R_2612.jpg,dataset\Logam\logam_R_2612.jpg,.jpg,310,162,RGB,7.46
Logam,logam_R_2613.jpg,dataset\Logam\logam_R_2613.jpg,.jpg,225,225,RGB,4.71
Logam,logam_R_2614.jpg,dataset\Logam\logam_R_2614.jpg,.jpg,300,168,RGB,9.7
Logam,logam_R_2615.jpg,dataset\Logam\logam_R_2615.jpg,.jpg,318,159,RGB,3.68
Logam,logam_R_2616.jpg,dataset\Logam\logam_R_2616.jpg,.jpg,275,183,RGB,4.83
Logam,logam_R_2617.jpg,dataset\Logam\logam_R_2617.jpg,.jpg,183,276,RGB,5.76
Logam,logam_R_2618.jpg,dataset\Logam\logam_R_2618.jpg,.jpg,252,200,RGB,9.97
Logam,logam_R_2619.jpg,dataset\Logam\logam_R_2619.jpg,.jpg,275,183,RGB,7.93
Logam,logam_R_2620.jpg,dataset\Logam\logam_R_2620.jpg,.jpg,225,225,RGB,10.55
Logam,logam_R_2621.jpg,dataset\Logam\logam_R_2621.jpg,.jpg,259,194,RGB,5.26
Logam,logam_R_2622.jpg,dataset\Logam\logam_R_2622.jpg,.jpg,282,179,RGB,5.8
Logam,logam_R_2623.jpg,dataset\Logam\logam_R_2623.jpg,.jpg,256,197,RGB,6.69
Logam,logam_R_2624.jpg,dataset\Logam\logam_R_2624.jpg,.jpg,189,267,RGB,6.56
Logam,logam_R_2625.jpg,dataset\Logam\logam_R_2625.jpg,.jpg,250,202,RGB,5.71
Logam,logam_R_2626.jpg,dataset\Logam\logam_R_2626.jpg,.jpg,299,168,RGB,5.39
Logam,logam_R_2627.jpg,dataset\Logam\logam_R_2627.jpg,.jpg,201,251,RGB,2.85
Logam,logam_R_2628.jpg,dataset\Logam\logam_R_2628.jpg,.jpg,225,225,RGB,6.18
Logam,logam_R_2629.jpg,dataset\Logam\logam_R_2629.jpg,.jpg,274,184,RGB,5.57
Logam,logam_R_2630.jpg,dataset\Logam\logam_R_2630.jpg,.jpg,248,203,RGB,5.56
Logam,logam_R_2631.jpg,dataset\Logam\logam_R_2631.jpg,.jpg,232,217,RGB,9.24
Logam,logam_R_2632.jpg,dataset\Logam\logam_R_2632.jpg,.jpg,259,194,RGB,4.92
Logam,logam_R_2633.jpg,dataset\Logam\logam_R_2633.jpg,.jpg,275,183,RGB,8.11
Logam,logam_R_2634.jpg,dataset\Logam\logam_R_2634.jpg,.jpg,202,250,RGB,4.49
Logam,logam_R_2635.jpg,dataset\Logam\logam_R_2635.jpg,.jpg,275,183,RGB,6.19
Logam,logam_R_2636.jpg,dataset\Logam\logam_R_2636.jpg,.jpg,233,216,RGB,6.66
Logam,logam_R_2637.jpg,dataset\Logam\logam_R_2637.jpg,.jpg,201,251,RGB,10.22
Logam,logam_R_2638.jpg,dataset\Logam\logam_R_2638.jpg,.jpg,232,217,RGB,9.57
Logam,logam_R_2639.jpg,dataset\Logam\logam_R_2639.jpg,.jpg,225,225,RGB,7.51
Logam,logam_R_2640.jpg,dataset\Logam\logam_R_2640.jpg,.jpg,183,275,RGB,5.62
Logam,logam_R_2641.jpg,dataset\Logam\logam_R_2641.jpg,.jpg,275,183,RGB,6.32
Logam,logam_R_2642.jpg,dataset\Logam\logam_R_2642.jpg,.jpg,259,194,RGB,3.16
Logam,logam_R_2643.jpg,dataset\Logam\logam_R_2643.jpg,.jpg,259,194,RGB,4.69
Logam,logam_R_2644.jpg,dataset\Logam\logam_R_2644.jpg,.jpg,191,264,RGB,12.7
Logam,logam_R_2645.jpg,dataset\Logam\logam_R_2645.jpg,.jpg,262,192,RGB,9.41
Logam,logam_R_2646.jpg,dataset\Logam\logam_R_2646.jpg,.jpg,301,167,RGB,9.68
Logam,logam_R_2647.jpg,dataset\Logam\logam_R_2647.jpg,.jpg,289,174,RGB,15.9
Logam,logam_R_2648.jpg,dataset\Logam\logam_R_2648.jpg,.jpg,200,204,RGB,7.31
Logam,logam_R_2649.jpg,dataset\Logam\logam_R_2649.jpg,.jpg,275,183,RGB,8.75
Logam,logam_R_2650.jpg,dataset\Logam\logam_R_2650.jpg,.jpg,299,168,RGB,9.37
Logam,logam_R_2651.jpg,dataset\Logam\logam_R_2651.jpg,.jpg,278,181,RGB,6.68
Logam,logam_R_2652.jpg,dataset\Logam\logam_R_2652.jpg,.jpg,267,189,RGB,12.27
Logam,logam_R_2653.jpg,dataset\Logam\logam_R_2653.jpg,.jpg,217,233,RGB,8.09
Logam,logam_R_2654.jpg,dataset\Logam\logam_R_2654.jpg,.jpg,225,225,RGB,5.47
Logam,logam_R_2655.jpg,dataset\Logam\logam_R_2655.jpg,.jpg,215,234,RGB,4.54
Logam,logam_R_2656.jpg,dataset\Logam\logam_R_2656.jpg,.jpg,259,194,RGB,7.69
Logam,logam_R_2657.jpg,dataset\Logam\logam_R_2657.jpg,.jpg,259,194,RGB,11.77
Logam,logam_R_2658.jpg,dataset\Logam\logam_R_2658.jpg,.jpg,194,260,RGB,5.49
Logam,logam_R_2659.jpg,dataset\Logam\logam_R_2659.jpg,.jpg,183,276,RGB,8.38
Logam,logam_R_2660.jpg,dataset\Logam\logam_R_2660.jpg,.jpg,300,168,RGB,8.17
Logam,logam_R_2661.jpg,dataset\Logam\logam_R_2661.jpg,.jpg,318,159,RGB,14.61
Logam,logam_R_2662.jpg,dataset\Logam\logam_R_2662.jpg,.jpg,275,183,RGB,7.05
Logam,logam_R_2663.jpg,dataset\Logam\logam_R_2663.jpg,.jpg,349,144,RGB,4.75
Logam,logam_R_2664.jpg,dataset\Logam\logam_R_2664.jpg,.jpg,209,241,RGB,12.31
Logam,logam_R_2665.jpg,dataset\Logam\logam_R_2665.jpg,.jpg,241,209,RGB,7.71
Logam,logam_R_2666.jpg,dataset\Logam\logam_R_2666.jpg,.jpg,225,225,RGB,5.3
Logam,logam_R_2667.jpg,dataset\Logam\logam_R_2667.jpg,.jpg,251,201,RGB,7.65
Logam,logam_R_2668.jpg,dataset\Logam\logam_R_2668.jpg,.jpg,225,225,RGB,5.17
Logam,logam_R_2669.jpg,dataset\Logam\logam_R_2669.jpg,.jpg,259,194,RGB,16.2
Logam,logam_R_2670.jpg,dataset\Logam\logam_R_2670.jpg,.jpg,250,202,RGB,6.01
Logam,logam_R_2671.jpg,dataset\Logam\logam_R_2671.jpg,.jpg,275,183,RGB,9.14
Logam,logam_R_2672.jpg,dataset\Logam\logam_R_2672.jpg,.jpg,225,224,RGB,5.99
Logam,logam_R_2673.jpg,dataset\Logam\logam_R_2673.jpg,.jpg,225,225,RGB,4.7
Logam,logam_R_2674.jpg,dataset\Logam\logam_R_2674.jpg,.jpg,310,162,RGB,9.98
Logam,logam_R_2675.jpg,dataset\Logam\logam_R_2675.jpg,.jpg,300,168,RGB,5.96
Logam,logam_R_2676.jpg,dataset\Logam\logam_R_2676.jpg,.jpg,225,225,RGB,15.18
Logam,logam_R_2677.jpg,dataset\Logam\logam_R_2677.jpg,.jpg,226,223,RGB,9.46
Logam,logam_R_2678.jpg,dataset\Logam\logam_R_2678.jpg,.jpg,225,225,RGB,4.3
Logam,logam_R_2679.jpg,dataset\Logam\logam_R_2679.jpg,.jpg,266,190,RGB,11.56
Logam,logam_R_2680.jpg,dataset\Logam\logam_R_2680.jpg,.jpg,225,225,RGB,3.51
Logam,logam_R_2681.jpg,dataset\Logam\logam_R_2681.jpg,.jpg,179,282,RGB,8.24
Logam,logam_R_2682.jpg,dataset\Logam\logam_R_2682.jpg,.jpg,186,271,RGB,8.46
Logam,logam_R_2683.jpg,dataset\Logam\logam_R_2683.jpg,.jpg,225,225,RGB,4.17
Logam,logam_R_2684.jpg,dataset\Logam\logam_R_2684.jpg,.jpg,183,275,RGB,9.1
Logam,logam_R_2685.jpg,dataset\Logam\logam_R_2685.jpg,.jpg,275,183,RGB,6.12
Logam,logam_R_2686.jpg,dataset\Logam\logam_R_2686.jpg,.jpg,271,186,RGB,5.64
Logam,logam_R_2687.jpg,dataset\Logam\logam_R_2687.jpg,.jpg,295,171,RGB,10.45
Logam,logam_R_2688.jpg,dataset\Logam\logam_R_2688.jpg,.jpg,225,225,RGB,5.43
Logam,logam_R_2689.jpg,dataset\Logam\logam_R_2689.jpg,.jpg,193,261,RGB,12.55
Logam,logam_R_2690.jpg,dataset\Logam\logam_R_2690.jpg,.jpg,183,275,RGB,4.66
Logam,logam_R_2691.jpg,dataset\Logam\logam_R_2691.jpg,.jpg,260,194,RGB,6.31
Logam,logam_R_2692.jpg,dataset\Logam\logam_R_2692.jpg,.jpg,225,225,RGB,3.85
Logam,logam_R_2693.jpg,dataset\Logam\logam_R_2693.jpg,.jpg,225,225,RGB,7.73
Logam,logam_R_2694.jpg,dataset\Logam\logam_R_2694.jpg,.jpg,259,194,RGB,4.23
Logam,logam_R_2695.jpg,dataset\Logam\logam_R_2695.jpg,.jpg,225,225,RGB,3.17
Logam,logam_R_2696.jpg,dataset\Logam\logam_R_2696.jpg,.jpg,232,218,RGB,7.48
Logam,logam_R_2697.jpg,dataset\Logam\logam_R_2697.jpg,.jpg,188,267,RGB,8.48
Logam,logam_R_2698.jpg,dataset\Logam\logam_R_2698.jpg,.jpg,288,175,RGB,11.18
Logam,logam_R_2699.jpg,dataset\Logam\logam_R_2699.jpg,.jpg,225,225,RGB,11.91
Logam,logam_R_2700.jpg,dataset\Logam\logam_R_2700.jpg,.jpg,225,225,RGB,5.98
Logam,logam_R_2701.jpg,dataset\Logam\logam_R_2701.jpg,.jpg,198,254,RGB,5.07
Logam,logam_R_2702.jpg,dataset\Logam\logam_R_2702.jpg,.jpg,268,188,RGB,10.38
Logam,logam_R_2703.jpg,dataset\Logam\logam_R_2703.jpg,.jpg,271,186,RGB,13.12
Logam,logam_R_2704.jpg,dataset\Logam\logam_R_2704.jpg,.jpg,286,176,RGB,5.02
Logam,logam_R_2705.jpg,dataset\Logam\logam_R_2705.jpg,.jpg,243,208,RGB,4.82
Logam,logam_R_2706.jpg,dataset\Logam\logam_R_2706.jpg,.jpg,275,183,RGB,6.79
Logam,logam_R_2707.jpg,dataset\Logam\logam_R_2707.jpg,.jpg,274,184,RGB,4.84
Logam,logam_R_2708.jpg,dataset\Logam\logam_R_2708.jpg,.jpg,225,224,RGB,8.32
Logam,logam_R_2709.jpg,dataset\Logam\logam_R_2709.jpg,.jpg,271,186,RGB,6.65
Logam,logam_R_2710.jpg,dataset\Logam\logam_R_2710.jpg,.jpg,225,225,RGB,4.69
Logam,logam_R_2711.jpg,dataset\Logam\logam_R_2711.jpg,.jpg,194,259,RGB,5.52
Logam,logam_R_2712.jpg,dataset\Logam\logam_R_2712.jpg,.jpg,275,183,RGB,6.66
Logam,logam_R_2713.jpg,dataset\Logam\logam_R_2713.jpg,.jpg,201,250,RGB,5.89
Logam,logam_R_2714.jpg,dataset\Logam\logam_R_2714.jpg,.jpg,275,183,RGB,8.97
Logam,logam_R_2715.jpg,dataset\Logam\logam_R_2715.jpg,.jpg,225,225,RGB,5.49
Logam,logam_R_2716.jpg,dataset\Logam\logam_R_2716.jpg,.jpg,271,186,RGB,7.5
Logam,logam_R_2717.jpg,dataset\Logam\logam_R_2717.jpg,.jpg,225,225,RGB,6.05
Logam,logam_R_2718.jpg,dataset\Logam\logam_R_2718.jpg,.jpg,275,184,RGB,3.93
Logam,logam_R_2719.jpg,dataset\Logam\logam_R_2719.jpg,.jpg,225,225,RGB,8.25
Logam,logam_R_2720.jpg,dataset\Logam\logam_R_2720.jpg,.jpg,200,200,RGB,5.52
Logam,logam_R_2721.jpg,dataset\Logam\logam_R_2721.jpg,.jpg,218,232,RGB,3.78
Logam,logam_R_2722.jpg,dataset\Logam\logam_R_2722.jpg,.jpg,249,202,RGB,14.75
Logam,logam_R_2723.jpg,dataset\Logam\logam_R_2723.jpg,.jpg,235,215,RGB,10.56
Logam,logam_R_2724.jpg,dataset\Logam\logam_R_2724.jpg,.jpg,259,194,RGB,6.05
Logam,logam_R_2725.jpg,dataset\Logam\logam_R_2725.jpg,.jpg,259,194,RGB,10.92
Logam,logam_R_2726.jpg,dataset\Logam\logam_R_2726.jpg,.jpg,271,186,RGB,9.06
Logam,logam_R_2727.jpg,dataset\Logam\logam_R_2727.jpg,.jpg,259,194,RGB,6.88
Logam,logam_R_2728.jpg,dataset\Logam\logam_R_2728.jpg,.jpg,182,278,RGB,7.66
Logam,logam_R_2729.jpg,dataset\Logam\logam_R_2729.jpg,.jpg,225,225,RGB,11.73
Logam,logam_R_2730.jpg,dataset\Logam\logam_R_2730.jpg,.jpg,258,195,RGB,4.28
Logam,logam_R_2731.jpg,dataset\Logam\logam_R_2731.jpg,.jpg,225,225,RGB,5.64
Logam,logam_R_2732.jpg,dataset\Logam\logam_R_2732.jpg,.jpg,262,192,RGB,11.13
Logam,logam_R_2733.jpg,dataset\Logam\logam_R_2733.jpg,.jpg,316,159,RGB,7.4
Logam,logam_R_2734.jpg,dataset\Logam\logam_R_2734.jpg,.jpg,259,194,RGB,6.8
Logam,logam_R_2735.jpg,dataset\Logam\logam_R_2735.jpg,.jpg,450,112,RGB,6.55
Logam,logam_R_2736.jpg,dataset\Logam\logam_R_2736.jpg,.jpg,225,225,RGB,4.75
Logam,logam_R_2737.jpg,dataset\Logam\logam_R_2737.jpg,.jpg,216,234,RGB,5.95
Logam,logam_R_2738.jpg,dataset\Logam\logam_R_2738.jpg,.jpg,231,218,RGB,14.35
Logam,logam_R_2739.jpg,dataset\Logam\logam_R_2739.jpg,.jpg,259,194,RGB,11.65
Logam,logam_R_2740.jpg,dataset\Logam\logam_R_2740.jpg,.jpg,263,192,RGB,5.61
Logam,logam_R_2741.jpg,dataset\Logam\logam_R_2741.jpg,.jpg,278,181,RGB,6.41
Logam,logam_R_2742.jpg,dataset\Logam\logam_R_2742.jpg,.jpg,274,184,RGB,6.49
Logam,logam_R_2743.jpg,dataset\Logam\logam_R_2743.jpg,.jpg,220,220,RGB,3.39
Logam,logam_R_2744.jpg,dataset\Logam\logam_R_2744.jpg,.jpg,254,198,RGB,7.26
Logam,logam_R_2745.jpg,dataset\Logam\logam_R_2745.jpg,.jpg,225,224,RGB,4.32
Logam,logam_R_2746.jpg,dataset\Logam\logam_R_2746.jpg,.jpg,389,129,RGB,5.25
Logam,logam_R_2747.jpg,dataset\Logam\logam_R_2747.jpg,.jpg,203,249,RGB,6.4
Logam,logam_R_2748.jpg,dataset\Logam\logam_R_2748.jpg,.jpg,259,194,RGB,4.71
Logam,logam_R_2749.jpg,dataset\Logam\logam_R_2749.jpg,.jpg,275,183,RGB,2.8
Logam,logam_R_2750.jpg,dataset\Logam\logam_R_2750.jpg,.jpg,183,275,RGB,10.59
Logam,logam_R_2751.jpg,dataset\Logam\logam_R_2751.jpg,.jpg,251,201,RGB,3.63
Logam,logam_R_2752.jpg,dataset\Logam\logam_R_2752.jpg,.jpg,225,225,RGB,2.95
Logam,logam_R_2753.jpg,dataset\Logam\logam_R_2753.jpg,.jpg,316,159,RGB,7.7
Logam,logam_R_2754.jpg,dataset\Logam\logam_R_2754.jpg,.jpg,275,183,RGB,7.62
Logam,logam_R_2755.jpg,dataset\Logam\logam_R_2755.jpg,.jpg,183,275,RGB,4.37
Logam,logam_R_2756.jpg,dataset\Logam\logam_R_2756.jpg,.jpg,228,221,RGB,4.21
Logam,logam_R_2757.jpg,dataset\Logam\logam_R_2757.jpg,.jpg,225,225,RGB,4.75
Logam,logam_R_2758.jpg,dataset\Logam\logam_R_2758.jpg,.jpg,259,194,RGB,7.74
Logam,logam_R_2759.jpg,dataset\Logam\logam_R_2759.jpg,.jpg,275,183,RGB,7.0
Logam,logam_R_2760.jpg,dataset\Logam\logam_R_2760.jpg,.jpg,258,195,RGB,5.9
Logam,logam_R_2761.jpg,dataset\Logam\logam_R_2761.jpg,.jpg,318,159,RGB,13.16
Logam,logam_R_2762.jpg,dataset\Logam\logam_R_2762.jpg,.jpg,225,225,RGB,4.86
Logam,logam_R_2763.jpg,dataset\Logam\logam_R_2763.jpg,.jpg,200,252,RGB,3.83
Logam,logam_R_2764.jpg,dataset\Logam\logam_R_2764.jpg,.jpg,252,200,RGB,7.7
Logam,logam_R_2765.jpg,dataset\Logam\logam_R_2765.jpg,.jpg,225,225,RGB,4.11
Logam,logam_R_2766.jpg,dataset\Logam\logam_R_2766.jpg,.jpg,225,225,RGB,5.32
Logam,logam_R_2767.jpg,dataset\Logam\logam_R_2767.jpg,.jpg,300,168,RGB,4.16
Logam,logam_R_2768.jpg,dataset\Logam\logam_R_2768.jpg,.jpg,324,155,RGB,12.61
Logam,logam_R_2769.jpg,dataset\Logam\logam_R_2769.jpg,.jpg,275,183,RGB,2.28
Logam,logam_R_2770.jpg,dataset\Logam\logam_R_2770.jpg,.jpg,300,168,RGB,16.55
Logam,logam_R_2771.jpg,dataset\Logam\logam_R_2771.jpg,.jpg,225,225,RGB,5.1
Logam,logam_R_2772.jpg,dataset\Logam\logam_R_2772.jpg,.jpg,191,263,RGB,5.85
Logam,logam_R_2773.jpg,dataset\Logam\logam_R_2773.jpg,.jpg,275,183,RGB,7.29
Logam,logam_R_2774.jpg,dataset\Logam\logam_R_2774.jpg,.jpg,275,183,RGB,9.21
Logam,logam_R_2775.jpg,dataset\Logam\logam_R_2775.jpg,.jpg,183,275,RGB,7.36
Logam,logam_R_2776.jpg,dataset\Logam\logam_R_2776.jpg,.jpg,262,193,RGB,6.95
Logam,logam_R_2777.jpg,dataset\Logam\logam_R_2777.jpg,.jpg,200,252,RGB,11.01
Logam,logam_R_2778.jpg,dataset\Logam\logam_R_2778.jpg,.jpg,308,164,RGB,9.91
Logam,logam_R_2779.jpg,dataset\Logam\logam_R_2779.jpg,.jpg,280,180,RGB,5.84
Logam,logam_R_2780.jpg,dataset\Logam\logam_R_2780.jpg,.jpg,198,255,RGB,7.96
Logam,logam_R_2781.jpg,dataset\Logam\logam_R_2781.jpg,.jpg,183,275,RGB,10.23
Logam,logam_R_2782.jpg,dataset\Logam\logam_R_2782.jpg,.jpg,271,186,RGB,7.2
Logam,logam_R_2783.jpg,dataset\Logam\logam_R_2783.jpg,.jpg,286,176,RGB,7.63
Logam,logam_R_2784.jpg,dataset\Logam\logam_R_2784.jpg,.jpg,225,225,RGB,2.82
Logam,logam_R_2785.jpg,dataset\Logam\logam_R_2785.jpg,.jpg,242,208,RGB,3.79
Logam,logam_R_2786.jpg,dataset\Logam\logam_R_2786.jpg,.jpg,180,280,RGB,11.12
Logam,logam_R_2787.jpg,dataset\Logam\logam_R_2787.jpg,.jpg,242,209,RGB,7.76
Logam,logam_R_2788.jpg,dataset\Logam\logam_R_2788.jpg,.jpg,256,197,RGB,7.24
Logam,logam_R_2789.jpg,dataset\Logam\logam_R_2789.jpg,.jpg,225,225,RGB,6.66
Logam,logam_R_2790.jpg,dataset\Logam\logam_R_2790.jpg,.jpg,286,176,RGB,6.75
Logam,logam_R_2791.jpg,dataset\Logam\logam_R_2791.jpg,.jpg,287,175,RGB,9.08
Logam,logam_R_2792.jpg,dataset\Logam\logam_R_2792.jpg,.jpg,259,194,RGB,14.69
Logam,logam_R_2793.jpg,dataset\Logam\logam_R_2793.jpg,.jpg,300,168,RGB,6.59
Logam,logam_R_2794.jpg,dataset\Logam\logam_R_2794.jpg,.jpg,195,258,RGB,11.52
Logam,logam_R_2795.jpg,dataset\Logam\logam_R_2795.jpg,.jpg,225,225,RGB,15.96
Logam,logam_R_2796.jpg,dataset\Logam\logam_R_2796.jpg,.jpg,341,148,RGB,10.13
Logam,logam_R_2797.jpg,dataset\Logam\logam_R_2797.jpg,.jpg,275,183,RGB,11.35
Logam,logam_R_2798.jpg,dataset\Logam\logam_R_2798.jpg,.jpg,270,186,RGB,7.76
Logam,logam_R_2799.jpg,dataset\Logam\logam_R_2799.jpg,.jpg,275,183,RGB,6.16
Logam,logam_R_2800.jpg,dataset\Logam\logam_R_2800.jpg,.jpg,271,186,RGB,13.26
Logam,logam_R_2801.jpg,dataset\Logam\logam_R_2801.jpg,.jpg,254,198,RGB,3.56
Logam,logam_R_2802.jpg,dataset\Logam\logam_R_2802.jpg,.jpg,216,234,RGB,8.94
Logam,logam_R_2803.jpg,dataset\Logam\logam_R_2803.jpg,.jpg,201,251,RGB,10.97
Logam,logam_R_2804.jpg,dataset\Logam\logam_R_2804.jpg,.jpg,188,268,RGB,13.84
Logam,logam_R_2805.jpg,dataset\Logam\logam_R_2805.jpg,.jpg,295,171,RGB,11.51
Logam,logam_R_2806.jpg,dataset\Logam\logam_R_2806.jpg,.jpg,275,183,RGB,5.11
Logam,logam_R_2807.jpg,dataset\Logam\logam_R_2807.jpg,.jpg,259,194,RGB,4.33
Logam,logam_R_2808.jpg,dataset\Logam\logam_R_2808.jpg,.jpg,194,259,RGB,8.24
Logam,logam_R_2809.jpg,dataset\Logam\logam_R_2809.jpg,.jpg,266,190,RGB,4.23
Logam,logam_R_2810.jpg,dataset\Logam\logam_R_2810.jpg,.jpg,275,183,RGB,13.0
Logam,logam_R_2811.jpg,dataset\Logam\logam_R_2811.jpg,.jpg,252,200,RGB,5.92
Logam,logam_R_2812.jpg,dataset\Logam\logam_R_2812.jpg,.jpg,271,186,RGB,5.47
Logam,logam_R_2813.jpg,dataset\Logam\logam_R_2813.jpg,.jpg,284,177,RGB,8.21
Logam,logam_R_2814.jpg,dataset\Logam\logam_R_2814.jpg,.jpg,88,221,RGB,1.88
Logam,logam_R_2815.jpg,dataset\Logam\logam_R_2815.jpg,.jpg,225,225,RGB,5.9
Logam,logam_R_2816.jpg,dataset\Logam\logam_R_2816.jpg,.jpg,260,194,RGB,10.11
Logam,logam_R_2817.jpg,dataset\Logam\logam_R_2817.jpg,.jpg,225,225,RGB,4.6
Logam,logam_R_2818.jpg,dataset\Logam\logam_R_2818.jpg,.jpg,232,218,RGB,8.27
Logam,logam_R_2819.jpg,dataset\Logam\logam_R_2819.jpg,.jpg,183,275,RGB,6.11
Logam,logam_R_2820.jpg,dataset\Logam\logam_R_2820.jpg,.jpg,232,217,RGB,12.49
Logam,logam_R_2821.jpg,dataset\Logam\logam_R_2821.jpg,.jpg,220,229,RGB,5.49
Logam,logam_R_2822.jpg,dataset\Logam\logam_R_2822.jpg,.jpg,273,185,RGB,11.39
Logam,logam_R_2823.jpg,dataset\Logam\logam_R_2823.jpg,.jpg,225,225,RGB,4.38
Logam,logam_R_2824.jpg,dataset\Logam\logam_R_2824.jpg,.jpg,225,225,RGB,8.24
Logam,logam_R_2825.jpg,dataset\Logam\logam_R_2825.jpg,.jpg,183,275,RGB,7.9
Logam,logam_R_2826.jpg,dataset\Logam\logam_R_2826.jpg,.jpg,194,260,RGB,6.17
Logam,logam_R_2827.jpg,dataset\Logam\logam_R_2827.jpg,.jpg,275,183,RGB,5.93
Logam,logam_R_2828.jpg,dataset\Logam\logam_R_2828.jpg,.jpg,183,275,RGB,8.26
Logam,logam_R_2829.jpg,dataset\Logam\logam_R_2829.jpg,.jpg,278,181,RGB,7.67
Logam,logam_R_2830.jpg,dataset\Logam\logam_R_2830.jpg,.jpg,177,285,RGB,7.1
Logam,logam_R_2831.jpg,dataset\Logam\logam_R_2831.jpg,.jpg,275,184,RGB,5.15
Logam,logam_R_2832.jpg,dataset\Logam\logam_R_2832.jpg,.jpg,176,287,RGB,3.98
Logam,logam_R_2833.jpg,dataset\Logam\logam_R_2833.jpg,.jpg,259,194,RGB,14.78
Logam,logam_R_2834.jpg,dataset\Logam\logam_R_2834.jpg,.jpg,275,183,RGB,7.69
Logam,logam_R_2835.jpg,dataset\Logam\logam_R_2835.jpg,.jpg,275,183,RGB,8.14
Logam,logam_R_2836.jpg,dataset\Logam\logam_R_2836.jpg,.jpg,225,225,RGB,5.45
Logam,logam_R_2837.jpg,dataset\Logam\logam_R_2837.jpg,.jpg,275,183,RGB,8.53
Logam,logam_R_2838.jpg,dataset\Logam\logam_R_2838.jpg,.jpg,262,193,RGB,6.58
Logam,logam_R_2839.jpg,dataset\Logam\logam_R_2839.jpg,.jpg,300,168,RGB,11.89
Logam,logam_R_2840.jpg,dataset\Logam\logam_R_2840.jpg,.jpg,335,150,RGB,9.69
Logam,logam_R_2841.jpg,dataset\Logam\logam_R_2841.jpg,.jpg,275,183,RGB,10.93
Logam,logam_R_2842.jpg,dataset\Logam\logam_R_2842.jpg,.jpg,255,198,RGB,8.38
Logam,logam_R_2843.jpg,dataset\Logam\logam_R_2843.jpg,.jpg,173,291,RGB,8.58
Logam,logam_R_2844.jpg,dataset\Logam\logam_R_2844.jpg,.jpg,225,225,RGB,6.05
Logam,logam_R_2845.jpg,dataset\Logam\logam_R_2845.jpg,.jpg,284,177,RGB,9.81
Logam,logam_R_2846.jpg,dataset\Logam\logam_R_2846.jpg,.jpg,225,225,RGB,6.56
Logam,logam_R_2847.jpg,dataset\Logam\logam_R_2847.jpg,.jpg,242,208,RGB,8.96
Logam,logam_R_4927.jpg,dataset\Logam\logam_R_4927.jpg,.jpg,225,225,RGB,2.33
Logam,logam_R_4928.jpg,dataset\Logam\logam_R_4928.jpg,.jpg,273,185,RGB,6.05
Logam,logam_R_4929.jpg,dataset\Logam\logam_R_4929.jpg,.jpg,225,225,RGB,4.08
Logam,logam_R_4930.jpg,dataset\Logam\logam_R_4930.jpg,.jpg,250,200,RGB,6.88
Logam,logam_R_4931.jpg,dataset\Logam\logam_R_4931.jpg,.jpg,275,183,RGB,5.28
Logam,logam_R_4932.jpg,dataset\Logam\logam_R_4932.jpg,.jpg,225,225,RGB,4.96
Logam,logam_R_4933.jpg,dataset\Logam\logam_R_4933.jpg,.jpg,201,251,RGB,2.78
Logam,logam_R_4934.jpg,dataset\Logam\logam_R_4934.jpg,.jpg,259,195,RGB,6.4
Logam,logam_R_4935.jpg,dataset\Logam\logam_R_4935.jpg,.jpg,251,201,RGB,6.4
Logam,logam_R_4936.jpg,dataset\Logam\logam_R_4936.jpg,.jpg,225,225,RGB,5.47
Logam,logam_R_4937.jpg,dataset\Logam\logam_R_4937.jpg,.jpg,240,180,RGB,5.02
Logam,logam_R_4938.jpg,dataset\Logam\logam_R_4938.jpg,.jpg,308,163,RGB,6.94
Logam,logam_R_4939.jpg,dataset\Logam\logam_R_4939.jpg,.jpg,225,225,RGB,3.28
Logam,logam_R_4940.jpg,dataset\Logam\logam_R_4940.jpg,.jpg,274,184,RGB,4.36
Logam,logam_R_4941.jpg,dataset\Logam\logam_R_4941.jpg,.jpg,225,225,RGB,2.91
Logam,logam_R_4942.jpg,dataset\Logam\logam_R_4942.jpg,.jpg,185,273,RGB,8.7
Logam,logam_R_4943.jpg,dataset\Logam\logam_R_4943.jpg,.jpg,219,223,RGB,4.24
Logam,logam_R_4944.jpg,dataset\Logam\logam_R_4944.jpg,.jpg,294,172,RGB,6.96
Logam,logam_R_4945.jpg,dataset\Logam\logam_R_4945.jpg,.jpg,259,194,RGB,6.46
Logam,logam_R_4946.jpg,dataset\Logam\logam_R_4946.jpg,.jpg,225,225,RGB,5.04
Logam,logam_R_4947.jpg,dataset\Logam\logam_R_4947.jpg,.jpg,270,187,RGB,4.21
Logam,logam_R_4948.jpg,dataset\Logam\logam_R_4948.jpg,.jpg,275,183,RGB,4.56
Logam,logam_R_4949.jpg,dataset\Logam\logam_R_4949.jpg,.jpg,200,200,RGB,4.38
Logam,logam_R_4950.jpg,dataset\Logam\logam_R_4950.jpg,.jpg,283,178,RGB,4.54
Logam,logam_R_4951.jpg,dataset\Logam\logam_R_4951.jpg,.jpg,240,180,RGB,4.63
Logam,logam_R_4952.jpg,dataset\Logam\logam_R_4952.jpg,.jpg,226,191,RGB,4.25
Logam,logam_R_4953.jpg,dataset\Logam\logam_R_4953.jpg,.jpg,225,225,RGB,3.15
Logam,logam_R_4954.jpg,dataset\Logam\logam_R_4954.jpg,.jpg,201,251,RGB,3.02
Logam,logam_R_4955.jpg,dataset\Logam\logam_R_4955.jpg,.jpg,247,204,RGB,7.36
Logam,logam_R_4956.jpg,dataset\Logam\logam_R_4956.jpg,.jpg,275,183,RGB,10.58
Logam,logam_R_4957.jpg,dataset\Logam\logam_R_4957.jpg,.jpg,301,167,RGB,4.98
Logam,logam_R_4958.jpg,dataset\Logam\logam_R_4958.jpg,.jpg,225,225,RGB,5.81
Logam,logam_R_4959.jpg,dataset\Logam\logam_R_4959.jpg,.jpg,225,225,RGB,4.02
Logam,logam_R_4960.jpg,dataset\Logam\logam_R_4960.jpg,.jpg,225,225,RGB,4.54
Logam,logam_R_4961.jpg,dataset\Logam\logam_R_4961.jpg,.jpg,200,200,RGB,4.39
Logam,logam_R_4962.jpg,dataset\Logam\logam_R_4962.jpg,.jpg,194,260,RGB,3.62
Logam,logam_R_4963.jpg,dataset\Logam\logam_R_4963.jpg,.jpg,206,245,RGB,3.1
Logam,logam_R_4964.jpg,dataset\Logam\logam_R_4964.jpg,.jpg,183,275,RGB,2.95
Logam,logam_R_4965.jpg,dataset\Logam\logam_R_4965.jpg,.jpg,225,225,RGB,5.05
Logam,logam_R_4966.jpg,dataset\Logam\logam_R_4966.jpg,.jpg,225,225,RGB,3.25
Logam,logam_R_4967.jpg,dataset\Logam\logam_R_4967.jpg,.jpg,355,142,RGB,7.81
Logam,logam_R_4968.jpg,dataset\Logam\logam_R_4968.jpg,.jpg,308,163,RGB,6.65
Logam,logam_R_4969.jpg,dataset\Logam\logam_R_4969.jpg,.jpg,283,178,RGB,5.88
Logam,logam_R_4970.jpg,dataset\Logam\logam_R_4970.jpg,.jpg,225,225,RGB,6.19
Logam,logam_R_4971.jpg,dataset\Logam\logam_R_4971.jpg,.jpg,200,200,RGB,5.55
Logam,logam_R_4972.jpg,dataset\Logam\logam_R_4972.jpg,.jpg,225,225,RGB,3.54
Logam,logam_R_4973.jpg,dataset\Logam\logam_R_4973.jpg,.jpg,178,283,RGB,7.81
Logam,logam_R_4974.jpg,dataset\Logam\logam_R_4974.jpg,.jpg,225,225,RGB,4.09
Logam,logam_R_4975.jpg,dataset\Logam\logam_R_4975.jpg,.jpg,200,135,RGB,3.23
Logam,logam_R_4976.jpg,dataset\Logam\logam_R_4976.jpg,.jpg,245,205,RGB,5.87
Logam,logam_R_4977.jpg,dataset\Logam\logam_R_4977.jpg,.jpg,225,225,RGB,3.98
Logam,logam_R_4978.jpg,dataset\Logam\logam_R_4978.jpg,.jpg,301,168,RGB,4.7
Logam,logam_R_4979.jpg,dataset\Logam\logam_R_4979.jpg,.jpg,225,225,RGB,12.25
Logam,logam_R_4980.jpg,dataset\Logam\logam_R_4980.jpg,.jpg,248,203,RGB,5.36
Logam,logam_R_4981.jpg,dataset\Logam\logam_R_4981.jpg,.jpg,232,217,RGB,3.95
Logam,logam_R_4982.jpg,dataset\Logam\logam_R_4982.jpg,.jpg,225,225,RGB,2.98
Logam,logam_R_4983.jpg,dataset\Logam\logam_R_4983.jpg,.jpg,293,172,RGB,6.37
Logam,logam_R_4984.jpg,dataset\Logam\logam_R_4984.jpg,.jpg,246,205,RGB,4.71
Logam,logam_R_4985.jpg,dataset\Logam\logam_R_4985.jpg,.jpg,200,200,RGB,5.39
Logam,logam_R_4986.jpg,dataset\Logam\logam_R_4986.jpg,.jpg,234,215,RGB,5.14
Logam,logam_R_4987.jpg,dataset\Logam\logam_R_4987.jpg,.jpg,225,225,RGB,3.67
Logam,logam_R_4988.jpg,dataset\Logam\logam_R_4988.jpg,.jpg,310,162,RGB,2.65
Logam,logam_R_4989.jpg,dataset\Logam\logam_R_4989.jpg,.jpg,259,194,RGB,8.99
Logam,logam_R_4990.jpg,dataset\Logam\logam_R_4990.jpg,.jpg,178,283,RGB,11.7
Logam,logam_R_4991.jpg,dataset\Logam\logam_R_4991.jpg,.jpg,278,181,RGB,4.76
Logam,logam_R_4992.jpg,dataset\Logam\logam_R_4992.jpg,.jpg,299,168,RGB,7.08
Logam,logam_R_4993.jpg,dataset\Logam\logam_R_4993.jpg,.jpg,280,150,RGB,6.08
Logam,logam_R_4994.jpg,dataset\Logam\logam_R_4994.jpg,.jpg,265,190,RGB,6.23
Logam,logam_R_4995.jpg,dataset\Logam\logam_R_4995.jpg,.jpg,201,251,RGB,4.13
Logam,logam_R_4996.jpg,dataset\Logam\logam_R_4996.jpg,.jpg,248,203,RGB,5.0
Logam,logam_R_4997.jpg,dataset\Logam\logam_R_4997.jpg,.jpg,259,194,RGB,6.9
Logam,logam_R_4998.jpg,dataset\Logam\logam_R_4998.jpg,.jpg,299,168,RGB,4.54
Logam,logam_R_4999.jpg,dataset\Logam\logam_R_4999.jpg,.jpg,278,181,RGB,5.2
Logam,logam_R_5000.jpg,dataset\Logam\logam_R_5000.jpg,.jpg,309,163,RGB,5.36
Logam,logam_R_5001.jpg,dataset\Logam\logam_R_5001.jpg,.jpg,309,163,RGB,7.2
Logam,logam_R_5002.jpg,dataset\Logam\logam_R_5002.jpg,.jpg,295,171,RGB,5.6
Logam,logam_R_5003.jpg,dataset\Logam\logam_R_5003.jpg,.jpg,225,174,RGB,3.07
Logam,logam_R_5004.jpg,dataset\Logam\logam_R_5004.jpg,.jpg,334,151,RGB,3.97
Logam,logam_R_5005.jpg,dataset\Logam\logam_R_5005.jpg,.jpg,270,186,RGB,9.01
Logam,logam_R_5006.jpg,dataset\Logam\logam_R_5006.jpg,.jpg,216,233,RGB,8.73
Logam,logam_R_5007.jpg,dataset\Logam\logam_R_5007.jpg,.jpg,225,225,RGB,4.77
Logam,logam_R_5008.jpg,dataset\Logam\logam_R_5008.jpg,.jpg,279,181,RGB,5.09
Logam,logam_R_5009.jpg,dataset\Logam\logam_R_5009.jpg,.jpg,168,299,RGB,5.94
Logam,logam_R_5010.jpg,dataset\Logam\logam_R_5010.jpg,.jpg,255,198,RGB,6.78
Logam,logam_R_5011.jpg,dataset\Logam\logam_R_5011.jpg,.jpg,275,183,RGB,7.1
Logam,logam_R_5012.jpg,dataset\Logam\logam_R_5012.jpg,.jpg,276,182,RGB,6.35
Logam,logam_R_5013.jpg,dataset\Logam\logam_R_5013.jpg,.jpg,259,194,RGB,6.03
Logam,logam_R_5014.jpg,dataset\Logam\logam_R_5014.jpg,.jpg,200,200,RGB,6.13
Logam,logam_R_5015.jpg,dataset\Logam\logam_R_5015.jpg,.jpg,254,199,RGB,9.65
Logam,logam_R_5016.jpg,dataset\Logam\logam_R_5016.jpg,.jpg,259,194,RGB,10.21
Logam,logam_R_5017.jpg,dataset\Logam\logam_R_5017.jpg,.jpg,275,183,RGB,10.97
Logam,logam_R_5018.jpg,dataset\Logam\logam_R_5018.jpg,.jpg,257,196,RGB,5.03
Logam,logam_R_5019.jpg,dataset\Logam\logam_R_5019.jpg,.jpg,225,225,RGB,8.24
Logam,logam_R_5020.jpg,dataset\Logam\logam_R_5020.jpg,.jpg,225,225,RGB,5.67
Logam,logam_R_5021.jpg,dataset\Logam\logam_R_5021.jpg,.jpg,225,225,RGB,4.0
Logam,logam_R_5022.jpg,dataset\Logam\logam_R_5022.jpg,.jpg,276,183,RGB,5.22
Logam,logam_R_5023.jpg,dataset\Logam\logam_R_5023.jpg,.jpg,225,225,RGB,4.4
Logam,logam_R_5024.jpg,dataset\Logam\logam_R_5024.jpg,.jpg,241,209,RGB,4.9
Logam,logam_R_5025.jpg,dataset\Logam\logam_R_5025.jpg,.jpg,266,190,RGB,4.46
Logam,logam_R_5027.jpg,dataset\Logam\logam_R_5027.jpg,.jpg,275,183,RGB,4.33
Logam,logam_R_5028.jpg,dataset\Logam\logam_R_5028.jpg,.jpg,259,195,RGB,4.63
Logam,logam_R_5029.jpg,dataset\Logam\logam_R_5029.jpg,.jpg,257,196,RGB,2.89
Logam,logam_R_5030.jpg,dataset\Logam\logam_R_5030.jpg,.jpg,203,248,RGB,5.76
Logam,logam_R_5031.jpg,dataset\Logam\logam_R_5031.jpg,.jpg,264,191,RGB,5.1
Logam,logam_R_5032.jpg,dataset\Logam\logam_R_5032.jpg,.jpg,275,183,RGB,3.91
Logam,logam_R_5033.jpg,dataset\Logam\logam_R_5033.jpg,.jpg,259,194,RGB,7.9
Logam,logam_R_5034.jpg,dataset\Logam\logam_R_5034.jpg,.jpg,200,200,RGB,5.92
Logam,logam_R_5035.jpg,dataset\Logam\logam_R_5035.jpg,.jpg,252,193,RGB,4.29
Logam,logam_R_5036.jpg,dataset\Logam\logam_R_5036.jpg,.jpg,275,183,RGB,6.32
Logam,logam_R_5037.jpg,dataset\Logam\logam_R_5037.jpg,.jpg,288,175,RGB,8.76
Logam,logam_R_5038.jpg,dataset\Logam\logam_R_5038.jpg,.jpg,300,168,RGB,8.82
Logam,logam_R_5039.jpg,dataset\Logam\logam_R_5039.jpg,.jpg,322,157,RGB,8.86
Logam,logam_R_5040.jpg,dataset\Logam\logam_R_5040.jpg,.jpg,275,183,RGB,3.58
Logam,logam_R_5041.jpg,dataset\Logam\logam_R_5041.jpg,.jpg,280,150,RGB,8.03
Logam,logam_R_5042.jpg,dataset\Logam\logam_R_5042.jpg,.jpg,201,251,RGB,2.5
Logam,logam_R_5043.jpg,dataset\Logam\logam_R_5043.jpg,.jpg,259,194,RGB,10.09
Logam,logam_R_5044.jpg,dataset\Logam\logam_R_5044.jpg,.jpg,246,205,RGB,9.01
Logam,logam_R_5045.jpg,dataset\Logam\logam_R_5045.jpg,.jpg,259,195,RGB,4.51
Logam,logam_R_5046.jpg,dataset\Logam\logam_R_5046.jpg,.jpg,277,182,RGB,8.09
Logam,logam_R_5047.jpg,dataset\Logam\logam_R_5047.jpg,.jpg,271,186,RGB,3.53
Logam,logam_R_5048.jpg,dataset\Logam\logam_R_5048.jpg,.jpg,283,178,RGB,3.01
Logam,logam_R_5049.jpg,dataset\Logam\logam_R_5049.jpg,.jpg,293,172,RGB,4.64
Logam,logam_R_5050.jpg,dataset\Logam\logam_R_5050.jpg,.jpg,300,168,RGB,6.38
Logam,logam_R_5051.jpg,dataset\Logam\logam_R_5051.jpg,.jpg,252,200,RGB,9.67
Logam,logam_R_5052.jpg,dataset\Logam\logam_R_5052.jpg,.jpg,259,194,RGB,7.0
Logam,logam_R_5053.jpg,dataset\Logam\logam_R_5053.jpg,.jpg,260,194,RGB,3.36
Logam,logam_R_8418.jpg,dataset\Logam\logam_R_8418.jpg,.jpg,225,225,RGB,2.2
Logam,logam_R_8419.jpg,dataset\Logam\logam_R_8419.jpg,.jpg,225,225,RGB,1.6
Logam,logam_R_8420.jpg,dataset\Logam\logam_R_8420.jpg,.jpg,225,225,RGB,2.38
Logam,logam_R_8421.jpg,dataset\Logam\logam_R_8421.jpg,.jpg,225,225,RGB,2.15
Logam,logam_R_8422.jpg,dataset\Logam\logam_R_8422.jpg,.jpg,209,242,RGB,1.78
Logam,logam_R_8423.jpg,dataset\Logam\logam_R_8423.jpg,.jpg,275,183,RGB,2.52
Logam,logam_R_8424.jpg,dataset\Logam\logam_R_8424.jpg,.jpg,279,180,RGB,2.52
Logam,logam_R_8425.jpg,dataset\Logam\logam_R_8425.jpg,.jpg,225,225,RGB,3.5
Logam,logam_R_8426.jpg,dataset\Logam\logam_R_8426.jpg,.jpg,225,225,RGB,2.84
Logam,logam_R_8427.jpg,dataset\Logam\logam_R_8427.jpg,.jpg,225,225,RGB,2.3
Logam,logam_R_8428.jpg,dataset\Logam\logam_R_8428.jpg,.jpg,229,220,RGB,5.19
Logam,logam_R_8429.jpg,dataset\Logam\logam_R_8429.jpg,.jpg,225,225,RGB,3.5
Logam,logam_R_8430.jpg,dataset\Logam\logam_R_8430.jpg,.jpg,209,242,RGB,1.83
Logam,logam_R_8431.jpg,dataset\Logam\logam_R_8431.jpg,.jpg,276,183,RGB,2.88
Logam,logam_R_8432.jpg,dataset\Logam\logam_R_8432.jpg,.jpg,225,225,RGB,3.69
Logam,logam_R_8433.jpg,dataset\Logam\logam_R_8433.jpg,.jpg,225,225,RGB,1.96
Logam,logam_R_8434.jpg,dataset\Logam\logam_R_8434.jpg,.jpg,259,194,RGB,1.91
Logam,logam_R_8435.jpg,dataset\Logam\logam_R_8435.jpg,.jpg,225,225,RGB,3.57
Logam,logam_R_8436.jpg,dataset\Logam\logam_R_8436.jpg,.jpg,183,275,RGB,2.22
Logam,logam_R_8437.jpg,dataset\Logam\logam_R_8437.jpg,.jpg,279,180,RGB,2.47
Logam,logam_R_8438.jpg,dataset\Logam\logam_R_8438.jpg,.jpg,225,225,P,2.5
Logam,logam_R_8439.jpg,dataset\Logam\logam_R_8439.jpg,.jpg,250,156,RGB,1.89
Logam,logam_R_8440.jpg,dataset\Logam\logam_R_8440.jpg,.jpg,225,225,RGB,1.37
Logam,logam_R_8441.jpg,dataset\Logam\logam_R_8441.jpg,.jpg,225,225,RGB,2.07
Logam,logam_R_8444.jpg,dataset\Logam\logam_R_8444.jpg,.jpg,225,225,RGB,1.7
Logam,logam_R_8445.jpg,dataset\Logam\logam_R_8445.jpg,.jpg,225,225,P,3.26
Logam,logam_R_8446.jpg,dataset\Logam\logam_R_8446.jpg,.jpg,258,195,RGB,2.8
Logam,logam_R_8447.jpg,dataset\Logam\logam_R_8447.jpg,.jpg,251,200,RGB,2.44
Logam,logam_R_8449.jpg,dataset\Logam\logam_R_8449.jpg,.jpg,224,224,RGB,2.05
Logam,logam_R_8450.jpg,dataset\Logam\logam_R_8450.jpg,.jpg,294,171,RGB,3.72
Logam,logam_R_8451.jpg,dataset\Logam\logam_R_8451.jpg,.jpg,259,194,RGB,2.16
Logam,logam_R_8452.jpg,dataset\Logam\logam_R_8452.jpg,.jpg,225,225,RGB,3.51
Logam,logam_R_8453.jpg,dataset\Logam\logam_R_8453.jpg,.jpg,225,225,RGB,3.19
Logam,logam_R_8454.jpg,dataset\Logam\logam_R_8454.jpg,.jpg,225,225,RGB,2.57
Logam,logam_R_8455.jpg,dataset\Logam\logam_R_8455.jpg,.jpg,276,183,RGB,2.94
Logam,logam_R_8456.jpg,dataset\Logam\logam_R_8456.jpg,.jpg,225,225,P,4.13
Logam,logam_R_8457.jpg,dataset\Logam\logam_R_8457.jpg,.jpg,238,211,RGB,7.84
Logam,logam_R_8458.jpg,dataset\Logam\logam_R_8458.jpg,.jpg,225,225,RGB,2.32
Logam,logam_R_8459.jpg,dataset\Logam\logam_R_8459.jpg,.jpg,225,225,RGB,2.65
Logam,logam_R_8460.jpg,dataset\Logam\logam_R_8460.jpg,.jpg,355,142,RGB,2.75
Logam,logam_R_8461.jpg,dataset\Logam\logam_R_8461.jpg,.jpg,225,225,RGB,2.73
Logam,logam_R_8462.jpg,dataset\Logam\logam_R_8462.jpg,.jpg,275,183,RGB,4.12
Logam,logam_R_8463.jpg,dataset\Logam\logam_R_8463.jpg,.jpg,306,165,RGB,3.15
Logam,logam_R_8465.jpg,dataset\Logam\logam_R_8465.jpg,.jpg,177,285,RGB,2.06
Logam,logam_R_8469.jpg,dataset\Logam\logam_R_8469.jpg,.jpg,225,225,RGB,1.61
Logam,logam_R_8470.jpg,dataset\Logam\logam_R_8470.jpg,.jpg,225,225,RGB,1.76
Logam,logam_R_8471.jpg,dataset\Logam\logam_R_8471.jpg,.jpg,300,168,RGB,5.48
Logam,logam_R_8472.jpg,dataset\Logam\logam_R_8472.jpg,.jpg,275,184,RGB,2.82
Logam,logam_R_8473.jpg,dataset\Logam\logam_R_8473.jpg,.jpg,246,205,RGB,10.93
Logam,logam_R_8474.jpg,dataset\Logam\logam_R_8474.jpg,.jpg,259,194,RGB,3.12
Logam,logam_R_8475.jpg,dataset\Logam\logam_R_8475.jpg,.jpg,225,225,RGB,1.4
Logam,logam_R_8476.jpg,dataset\Logam\logam_R_8476.jpg,.jpg,256,197,RGB,5.06
Logam,logam_R_8477.jpg,dataset\Logam\logam_R_8477.jpg,.jpg,225,225,RGB,4.51
Logam,logam_R_8478.jpg,dataset\Logam\logam_R_8478.jpg,.jpg,225,225,RGB,2.97
Logam,logam_R_8479.jpg,dataset\Logam\logam_R_8479.jpg,.jpg,224,225,RGB,1.74
Logam,logam_R_8480.jpg,dataset\Logam\logam_R_8480.jpg,.jpg,201,251,RGB,2.72
Logam,logam_R_8482.jpg,dataset\Logam\logam_R_8482.jpg,.jpg,225,225,RGB,4.59
Logam,logam_R_8483.jpg,dataset\Logam\logam_R_8483.jpg,.jpg,225,225,RGB,1.79
Logam,logam_R_8484.jpg,dataset\Logam\logam_R_8484.jpg,.jpg,275,184,RGB,3.2
Logam,logam_R_8485.jpg,dataset\Logam\logam_R_8485.jpg,.jpg,225,225,RGB,2.08
Logam,logam_R_8486.jpg,dataset\Logam\logam_R_8486.jpg,.jpg,225,225,RGB,2.19
Logam,logam_R_8487.jpg,dataset\Logam\logam_R_8487.jpg,.jpg,225,225,RGB,3.29
Logam,logam_R_8488.jpg,dataset\Logam\logam_R_8488.jpg,.jpg,207,243,RGB,4.52
Logam,logam_R_8489.jpg,dataset\Logam\logam_R_8489.jpg,.jpg,225,225,RGB,4.4
Logam,logam_R_8490.jpg,dataset\Logam\logam_R_8490.jpg,.jpg,275,183,RGB,2.4
Logam,logam_R_8491.jpg,dataset\Logam\logam_R_8491.jpg,.jpg,225,225,RGB,4.14
Logam,logam_R_8493.jpg,dataset\Logam\logam_R_8493.jpg,.jpg,214,236,RGB,2.75
Logam,logam_R_8494.jpg,dataset\Logam\logam_R_8494.jpg,.jpg,225,225,RGB,2.21
Logam,logam_R_8495.jpg,dataset\Logam\logam_R_8495.jpg,.jpg,209,242,RGB,1.83
Logam,logam_R_8497.jpg,dataset\Logam\logam_R_8497.jpg,.jpg,225,225,RGB,3.1
Logam,logam_R_8498.jpg,dataset\Logam\logam_R_8498.jpg,.jpg,225,225,RGB,3.8
Logam,logam_R_8499.jpg,dataset\Logam\logam_R_8499.jpg,.jpg,225,225,RGB,3.41
Logam,logam_R_8500.jpg,dataset\Logam\logam_R_8500.jpg,.jpg,224,224,RGB,1.43
Logam,logam_R_8503.jpg,dataset\Logam\logam_R_8503.jpg,.jpg,225,225,RGB,3.29
Logam,logam_R_8504.jpg,dataset\Logam\logam_R_8504.jpg,.jpg,220,147,RGB,1.78
Logam,logam_R_8505.jpg,dataset\Logam\logam_R_8505.jpg,.jpg,239,211,RGB,3.63
Logam,logam_R_8507.jpg,dataset\Logam\logam_R_8507.jpg,.jpg,225,225,RGB,1.59
Logam,logam_R_8509.jpg,dataset\Logam\logam_R_8509.jpg,.jpg,229,220,P,4.09
Logam,logam_R_8510.jpg,dataset\Logam\logam_R_8510.jpg,.jpg,183,275,RGB,2.43
Logam,logam_R_8511.jpg,dataset\Logam\logam_R_8511.jpg,.jpg,369,136,RGB,4.42
Logam,logam_R_8512.jpg,dataset\Logam\logam_R_8512.jpg,.jpg,275,183,RGB,4.16
Logam,logam_R_8513.jpg,dataset\Logam\logam_R_8513.jpg,.jpg,267,189,RGB,3.23
Logam,logam_R_8516.jpg,dataset\Logam\logam_R_8516.jpg,.jpg,220,229,RGB,8.12
Logam,logam_R_8517.jpg,dataset\Logam\logam_R_8517.jpg,.jpg,276,183,RGB,3.45
Logam,logam_R_8518.jpg,dataset\Logam\logam_R_8518.jpg,.jpg,275,183,P,3.92
Logam,logam_R_8521.jpg,dataset\Logam\logam_R_8521.jpg,.jpg,225,225,RGB,2.61
Logam,logam_R_8522.jpg,dataset\Logam\logam_R_8522.jpg,.jpg,300,168,RGB,3.33
Logam,logam_R_8523.jpg,dataset\Logam\logam_R_8523.jpg,.jpg,225,225,RGB,2.48
Logam,logam_R_8526.jpg,dataset\Logam\logam_R_8526.jpg,.jpg,225,225,RGB,1.64
Logam,logam_R_8527.jpg,dataset\Logam\logam_R_8527.jpg,.jpg,318,159,RGB,3.56
Logam,logam_R_8528.jpg,dataset\Logam\logam_R_8528.jpg,.jpg,299,168,RGB,2.7
Logam,logam_R_8529.jpg,dataset\Logam\logam_R_8529.jpg,.jpg,225,225,RGB,1.81
Logam,logam_R_8530.jpg,dataset\Logam\logam_R_8530.jpg,.jpg,225,225,RGB,1.57
Logam,logam_R_8531.jpg,dataset\Logam\logam_R_8531.jpg,.jpg,300,168,RGB,3.62
Logam,logam_R_8532.jpg,dataset\Logam\logam_R_8532.jpg,.jpg,225,225,RGB,3.73
Logam,logam_R_8533.jpg,dataset\Logam\logam_R_8533.jpg,.jpg,235,215,RGB,2.04
Logam,logam_R_8534.jpg,dataset\Logam\logam_R_8534.jpg,.jpg,275,183,RGB,4.53
Logam,logam_R_8535.jpg,dataset\Logam\logam_R_8535.jpg,.jpg,234,215,RGB,2.11
Logam,logam_R_8536.jpg,dataset\Logam\logam_R_8536.jpg,.jpg,170,297,RGB,3.5
Logam,logam_R_8537.jpg,dataset\Logam\logam_R_8537.jpg,.jpg,180,279,RGB,5.5
Logam,logam_R_8538.jpg,dataset\Logam\logam_R_8538.jpg,.jpg,183,275,RGB,3.82
Logam,logam_R_8539.jpg,dataset\Logam\logam_R_8539.jpg,.jpg,205,246,RGB,2.7
Logam,logam_R_8540.jpg,dataset\Logam\logam_R_8540.jpg,.jpg,276,182,RGB,3.82
Logam,logam_R_8541.jpg,dataset\Logam\logam_R_8541.jpg,.jpg,225,225,RGB,2.57
Logam,logam_R_8542.jpg,dataset\Logam\logam_R_8542.jpg,.jpg,225,225,RGB,1.67
Logam,logam_R_8543.jpg,dataset\Logam\logam_R_8543.jpg,.jpg,235,215,RGB,8.0
Logam,logam_R_8544.jpg,dataset\Logam\logam_R_8544.jpg,.jpg,275,183,RGB,2.43
Logam,logam_R_8546.jpg,dataset\Logam\logam_R_8546.jpg,.jpg,225,225,RGB,3.56
Logam,logam_R_8547.jpg,dataset\Logam\logam_R_8547.jpg,.jpg,275,184,RGB,2.66
Logam,logam_R_8548.jpg,dataset\Logam\logam_R_8548.jpg,.jpg,225,225,RGB,3.31
Logam,logam_R_8549.jpg,dataset\Logam\logam_R_8549.jpg,.jpg,276,183,RGB,2.8
Logam,logam_R_8550.jpg,dataset\Logam\logam_R_8550.jpg,.jpg,225,225,RGB,2.49
Logam,logam_R_8551.jpg,dataset\Logam\logam_R_8551.jpg,.jpg,293,172,RGB,2.86
Logam,logam_R_8552.jpg,dataset\Logam\logam_R_8552.jpg,.jpg,169,298,RGB,3.41
Logam,logam_R_8553.jpg,dataset\Logam\logam_R_8553.jpg,.jpg,275,183,RGB,2.77
Logam,logam_R_8554.jpg,dataset\Logam\logam_R_8554.jpg,.jpg,260,194,P,2.31
Logam,logam_R_8555.jpg,dataset\Logam\logam_R_8555.jpg,.jpg,175,288,RGB,3.18
Logam,logam_R_8559.jpg,dataset\Logam\logam_R_8559.jpg,.jpg,261,193,RGB,3.7
Logam,logam_R_8562.jpg,dataset\Logam\logam_R_8562.jpg,.jpg,225,225,RGB,2.34
Logam,logam_R_8563.jpg,dataset\Logam\logam_R_8563.jpg,.jpg,300,168,RGB,6.54
Logam,logam_R_8564.jpg,dataset\Logam\logam_R_8564.jpg,.jpg,318,159,RGB,4.03
Logam,logam_R_8565.jpg,dataset\Logam\logam_R_8565.jpg,.jpg,281,179,RGB,3.84
Logam,logam_R_8567.jpg,dataset\Logam\logam_R_8567.jpg,.jpg,225,225,RGB,4.32
Logam,logam_R_8569.jpg,dataset\Logam\logam_R_8569.jpg,.jpg,225,225,RGB,2.87
Logam,logam_R_8570.jpg,dataset\Logam\logam_R_8570.jpg,.jpg,268,188,RGB,5.09
Logam,logam_R_8571.jpg,dataset\Logam\logam_R_8571.jpg,.jpg,183,275,RGB,3.73
Logam,logam_R_8572.jpg,dataset\Logam\logam_R_8572.jpg,.jpg,225,225,RGB,4.71
Logam,logam_R_8573.jpg,dataset\Logam\logam_R_8573.jpg,.jpg,261,193,RGB,5.16
Logam,logam_R_8574.jpg,dataset\Logam\logam_R_8574.jpg,.jpg,241,209,RGB,1.83
Logam,logam_R_8577.jpg,dataset\Logam\logam_R_8577.jpg,.jpg,225,225,RGB,4.8
Logam,logam_R_8578.jpg,dataset\Logam\logam_R_8578.jpg,.jpg,224,224,RGB,4.44
Logam,logam_R_8579.jpg,dataset\Logam\logam_R_8579.jpg,.jpg,225,225,RGB,3.65
Logam,logam_R_8580.jpg,dataset\Logam\logam_R_8580.jpg,.jpg,259,194,RGB,5.98
Logam,logam_R_8581.jpg,dataset\Logam\logam_R_8581.jpg,.jpg,84,233,P,1.48
Logam,logam_R_8583.jpg,dataset\Logam\logam_R_8583.jpg,.jpg,368,137,RGB,3.57
Logam,logam_R_8591.jpg,dataset\Logam\logam_R_8591.jpg,.jpg,300,168,RGB,5.8
Logam,logam_R_8592.jpg,dataset\Logam\logam_R_8592.jpg,.jpg,183,275,RGB,2.4
Logam,logam_R_8593.jpg,dataset\Logam\logam_R_8593.jpg,.jpg,225,225,RGB,3.23
Logam,logam_R_8594.jpg,dataset\Logam\logam_R_8594.jpg,.jpg,225,225,RGB,3.82
Logam,logam_R_8595.jpg,dataset\Logam\logam_R_8595.jpg,.jpg,299,168,RGB,6.85
Logam,logam_R_8596.jpg,dataset\Logam\logam_R_8596.jpg,.jpg,251,201,RGB,4.96
Logam,logam_R_8599.jpg,dataset\Logam\logam_R_8599.jpg,.jpg,241,209,RGB,1.81
Logam,logam_R_8600.jpg,dataset\Logam\logam_R_8600.jpg,.jpg,225,225,RGB,1.81
Logam,logam_R_8602.jpg,dataset\Logam\logam_R_8602.jpg,.jpg,225,225,RGB,1.94
Logam,logam_R_8605.jpg,dataset\Logam\logam_R_8605.jpg,.jpg,225,225,P,2.12
Logam,logam_R_8607.jpg,dataset\Logam\logam_R_8607.jpg,.jpg,225,225,RGB,1.81
Logam,logam_R_8610.jpg,dataset\Logam\logam_R_8610.jpg,.jpg,238,212,RGB,3.86
Logam,logam_R_8611.jpg,dataset\Logam\logam_R_8611.jpg,.jpg,225,225,RGB,2.72
Logam,logam_R_8613.jpg,dataset\Logam\logam_R_8613.jpg,.jpg,201,251,RGB,4.0
Logam,logam_R_8614.jpg,dataset\Logam\logam_R_8614.jpg,.jpg,225,225,RGB,1.33
Logam,logam_R_8621.jpg,dataset\Logam\logam_R_8621.jpg,.jpg,266,189,RGB,4.8
Logam,logam_R_8633.jpg,dataset\Logam\logam_R_8633.jpg,.jpg,225,225,RGB,2.69
Logam,logam_R_8640.jpg,dataset\Logam\logam_R_8640.jpg,.jpg,183,275,RGB,2.13
Logam,logam_R_8643.jpg,dataset\Logam\logam_R_8643.jpg,.jpg,225,225,RGB,2.11
Logam,logam_R_8645.jpg,dataset\Logam\logam_R_8645.jpg,.jpg,225,225,RGB,3.42
Logam,logam_R_8650.jpg,dataset\Logam\logam_R_8650.jpg,.jpg,270,187,RGB,3.51
Logam,logam_R_8652.jpg,dataset\Logam\logam_R_8652.jpg,.jpg,238,212,RGB,2.01
Logam,logam_R_8653.jpg,dataset\Logam\logam_R_8653.jpg,.jpg,225,225,RGB,1.93
Logam,logam_R_8654.jpg,dataset\Logam\logam_R_8654.jpg,.jpg,225,225,RGB,1.7
Logam,logam_R_8657.jpg,dataset\Logam\logam_R_8657.jpg,.jpg,219,230,RGB,1.84
Logam,logam_R_8666.jpg,dataset\Logam\logam_R_8666.jpg,.jpg,212,238,RGB,2.43
Logam,logam_R_8667.jpg,dataset\Logam\logam_R_8667.jpg,.jpg,94,206,RGB,1.92
Logam,logam_R_8668.jpg,dataset\Logam\logam_R_8668.jpg,.jpg,93,210,RGB,2.34
Logam,logam_R_8669.jpg,dataset\Logam\logam_R_8669.jpg,.jpg,197,256,RGB,3.39
Logam,logam_R_8671.jpg,dataset\Logam\logam_R_8671.jpg,.jpg,225,225,RGB,2.29
Logam,logam_R_8672.jpg,dataset\Logam\logam_R_8672.jpg,.jpg,259,194,RGB,2.54
Logam,logam_R_8674.jpg,dataset\Logam\logam_R_8674.jpg,.jpg,318,159,RGB,3.12
Logam,logam_R_8681.jpg,dataset\Logam\logam_R_8681.jpg,.jpg,215,235,RGB,3.56
Logam,logam_R_8682.jpg,dataset\Logam\logam_R_8682.jpg,.jpg,225,225,RGB,1.81
Logam,logam_R_8683.jpg,dataset\Logam\logam_R_8683.jpg,.jpg,195,259,RGB,2.4
Logam,logam_R_8684.jpg,dataset\Logam\logam_R_8684.jpg,.jpg,186,271,RGB,3.49
Logam,logam_R_8687.jpg,dataset\Logam\logam_R_8687.jpg,.jpg,184,274,RGB,3.97
Logam,logam_R_8688.jpg,dataset\Logam\logam_R_8688.jpg,.jpg,253,199,RGB,3.98
Logam,logam_R_8693.jpg,dataset\Logam\logam_R_8693.jpg,.jpg,225,225,RGB,2.51
Logam,logam_R_8694.jpg,dataset\Logam\logam_R_8694.jpg,.jpg,266,189,RGB,4.64
Logam,logam_R_8700.jpg,dataset\Logam\logam_R_8700.jpg,.jpg,183,275,RGB,1.9
Logam,logam_R_8706.jpg,dataset\Logam\logam_R_8706.jpg,.jpg,229,220,RGB,2.43
Logam,logam_R_8708.jpg,dataset\Logam\logam_R_8708.jpg,.jpg,203,248,RGB,4.53
Logam,logam_R_8713.jpg,dataset\Logam\logam_R_8713.jpg,.jpg,202,249,RGB,6.05
Logam,logam_R_8714.jpg,dataset\Logam\logam_R_8714.jpg,.jpg,179,281,RGB,4.08
Logam,logam_R_8715.jpg,dataset\Logam\logam_R_8715.jpg,.jpg,225,225,RGB,2.81
Logam,logam_R_8731.jpg,dataset\Logam\logam_R_8731.jpg,.jpg,183,275,RGB,3.67
Logam,logam_R_8736.jpg,dataset\Logam\logam_R_8736.jpg,.jpg,225,225,RGB,4.29
Logam,logam_R_8739.jpg,dataset\Logam\logam_R_8739.jpg,.jpg,194,259,RGB,8.0
Logam,logam_R_8741.jpg,dataset\Logam\logam_R_8741.jpg,.jpg,275,183,RGB,3.87
Logam,logam_R_8746.jpg,dataset\Logam\logam_R_8746.jpg,.jpg,254,198,RGB,2.87
Logam,logam_R_8752.jpg,dataset\Logam\logam_R_8752.jpg,.jpg,290,174,RGB,7.19
Logam,logam_R_8753.jpg,dataset\Logam\logam_R_8753.jpg,.jpg,284,177,RGB,5.91
Logam,logam_R_8767.jpg,dataset\Logam\logam_R_8767.jpg,.jpg,259,194,RGB,6.8
Logam,logam_R_8771.jpg,dataset\Logam\logam_R_8771.jpg,.jpg,300,168,RGB,5.96
Logam,logam_R_8773.jpg,dataset\Logam\logam_R_8773.jpg,.jpg,282,178,RGB,5.35
Logam,logam_R_8779.jpg,dataset\Logam\logam_R_8779.jpg,.jpg,279,180,RGB,1.54
Logam,logam_R_8786.jpg,dataset\Logam\logam_R_8786.jpg,.jpg,275,183,RGB,5.36
Logam,logam_R_8795.jpg,dataset\Logam\logam_R_8795.jpg,.jpg,214,235,RGB,4.71
Logam,logam_R_8797.jpg,dataset\Logam\logam_R_8797.jpg,.jpg,225,225,RGB,2.31
Logam,logam_R_8804.jpg,dataset\Logam\logam_R_8804.jpg,.jpg,183,276,RGB,4.9
Logam,logam_R_8807.jpg,dataset\Logam\logam_R_8807.jpg,.jpg,200,252,RGB,7.2
Logam,logam_R_8808.jpg,dataset\Logam\logam_R_8808.jpg,.jpg,225,225,P,1.95
organic,organic_food-waste-10.jpg,dataset\organic\organic_food-waste-10.jpg,.jpg,224,224,RGB,33.77
organic,organic_food-waste-10_aug1335.jpg,dataset\organic\organic_food-waste-10_aug1335.jpg,.jpg,224,224,RGB,33.86
organic,organic_food-waste-10_aug2265.jpg,dataset\organic\organic_food-waste-10_aug2265.jpg,.jpg,224,224,RGB,33.83
organic,organic_food-waste-10_aug777.jpg,dataset\organic\organic_food-waste-10_aug777.jpg,.jpg,224,224,RGB,29.71
organic,organic_food-waste-11_aug464.jpg,dataset\organic\organic_food-waste-11_aug464.jpg,.jpg,224,224,RGB,31.29
organic,organic_food-waste-12.jpg,dataset\organic\organic_food-waste-12.jpg,.jpg,224,224,RGB,32.91
organic,organic_food-waste-12_aug1003.jpg,dataset\organic\organic_food-waste-12_aug1003.jpg,.jpg,224,224,RGB,32.91
organic,organic_food-waste-12_aug1765.jpg,dataset\organic\organic_food-waste-12_aug1765.jpg,.jpg,224,224,RGB,32.89
organic,organic_food-waste-12_aug303.jpg,dataset\organic\organic_food-waste-12_aug303.jpg,.jpg,224,224,RGB,27.01
organic,organic_food-waste-13_aug1071.jpg,dataset\organic\organic_food-waste-13_aug1071.jpg,.jpg,224,224,RGB,31.57
organic,organic_food-waste-13_aug140.jpg,dataset\organic\organic_food-waste-13_aug140.jpg,.jpg,224,224,RGB,36.27
organic,organic_food-waste-13_aug2716.jpg,dataset\organic\organic_food-waste-13_aug2716.jpg,.jpg,224,224,RGB,26.62
organic,organic_food-waste-13_aug43.jpg,dataset\organic\organic_food-waste-13_aug43.jpg,.jpg,224,224,RGB,36.29
organic,organic_food-waste-13_aug824.jpg,dataset\organic\organic_food-waste-13_aug824.jpg,.jpg,224,224,RGB,29.98
organic,organic_food-waste-14_aug1540.jpg,dataset\organic\organic_food-waste-14_aug1540.jpg,.jpg,224,224,RGB,36.41
organic,organic_food-waste-14_aug1554.jpg,dataset\organic\organic_food-waste-14_aug1554.jpg,.jpg,224,224,RGB,35.12
organic,organic_food-waste-14_aug163.jpg,dataset\organic\organic_food-waste-14_aug163.jpg,.jpg,224,224,RGB,31.41
organic,organic_food-waste-14_aug1866.jpg,dataset\organic\organic_food-waste-14_aug1866.jpg,.jpg,224,224,RGB,36.77
organic,organic_food-waste-14_aug1897.jpg,dataset\organic\organic_food-waste-14_aug1897.jpg,.jpg,224,224,RGB,31.65
organic,organic_food-waste-14_aug2592.jpg,dataset\organic\organic_food-waste-14_aug2592.jpg,.jpg,224,224,RGB,31.81
organic,organic_food-waste-14_aug969.jpg,dataset\organic\organic_food-waste-14_aug969.jpg,.jpg,224,224,RGB,32.95
organic,organic_food-waste-15_aug2428.jpg,dataset\organic\organic_food-waste-15_aug2428.jpg,.jpg,224,224,RGB,37.1
organic,organic_food-waste-15_aug26.jpg,dataset\organic\organic_food-waste-15_aug26.jpg,.jpg,224,224,RGB,38.38
organic,organic_food-waste-15_aug412.jpg,dataset\organic\organic_food-waste-15_aug412.jpg,.jpg,224,224,RGB,34.07
organic,organic_food-waste-15_aug714.jpg,dataset\organic\organic_food-waste-15_aug714.jpg,.jpg,224,224,RGB,38.55
organic,organic_food-waste-16_aug162.jpg,dataset\organic\organic_food-waste-16_aug162.jpg,.jpg,224,224,RGB,18.4
organic,organic_food-waste-16_aug2239.jpg,dataset\organic\organic_food-waste-16_aug2239.jpg,.jpg,224,224,RGB,18.02
organic,organic_food-waste-16_aug2478.jpg,dataset\organic\organic_food-waste-16_aug2478.jpg,.jpg,224,224,RGB,19.48
organic,organic_food-waste-17_aug1036.jpg,dataset\organic\organic_food-waste-17_aug1036.jpg,.jpg,224,224,RGB,19.62
organic,organic_food-waste-17_aug1206.jpg,dataset\organic\organic_food-waste-17_aug1206.jpg,.jpg,224,224,RGB,19.8
organic,organic_food-waste-17_aug1785.jpg,dataset\organic\organic_food-waste-17_aug1785.jpg,.jpg,224,224,RGB,20.21
organic,organic_food-waste-18_aug1027.jpg,dataset\organic\organic_food-waste-18_aug1027.jpg,.jpg,224,224,RGB,36.8
organic,organic_food-waste-18_aug1069.jpg,dataset\organic\organic_food-waste-18_aug1069.jpg,.jpg,224,224,RGB,36.82
organic,organic_food-waste-18_aug1784.jpg,dataset\organic\organic_food-waste-18_aug1784.jpg,.jpg,224,224,RGB,36.84
organic,organic_food-waste-18_aug2370.jpg,dataset\organic\organic_food-waste-18_aug2370.jpg,.jpg,224,224,RGB,31.58
organic,organic_food-waste-18_aug394.jpg,dataset\organic\organic_food-waste-18_aug394.jpg,.jpg,224,224,RGB,35.94
organic,organic_food-waste-19_aug1726.jpg,dataset\organic\organic_food-waste-19_aug1726.jpg,.jpg,224,224,RGB,28.46
organic,organic_food-waste-19_aug1875.jpg,dataset\organic\organic_food-waste-19_aug1875.jpg,.jpg,224,224,RGB,35.36
organic,organic_food-waste-19_aug2386.jpg,dataset\organic\organic_food-waste-19_aug2386.jpg,.jpg,224,224,RGB,34.65
organic,organic_food-waste-19_aug2690.jpg,dataset\organic\organic_food-waste-19_aug2690.jpg,.jpg,224,224,RGB,28.41
organic,organic_food-waste-19_aug385.jpg,dataset\organic\organic_food-waste-19_aug385.jpg,.jpg,224,224,RGB,34.68
organic,organic_food-waste-19_aug77.jpg,dataset\organic\organic_food-waste-19_aug77.jpg,.jpg,224,224,RGB,33.06
organic,organic_food-waste-1_aug107.jpg,dataset\organic\organic_food-waste-1_aug107.jpg,.jpg,224,224,RGB,16.68
organic,organic_food-waste-1_aug1950.jpg,dataset\organic\organic_food-waste-1_aug1950.jpg,.jpg,224,224,RGB,19.68
organic,organic_food-waste-1_aug666.jpg,dataset\organic\organic_food-waste-1_aug666.jpg,.jpg,224,224,RGB,19.99
organic,organic_food-waste-1_aug744.jpg,dataset\organic\organic_food-waste-1_aug744.jpg,.jpg,224,224,RGB,15.77
organic,organic_food-waste-1_aug816.jpg,dataset\organic\organic_food-waste-1_aug816.jpg,.jpg,224,224,RGB,18.72
organic,organic_food-waste-20_aug1955.jpg,dataset\organic\organic_food-waste-20_aug1955.jpg,.jpg,224,224,RGB,30.64
organic,organic_food-waste-20_aug2567.jpg,dataset\organic\organic_food-waste-20_aug2567.jpg,.jpg,224,224,RGB,34.83
organic,organic_food-waste-20_aug2655.jpg,dataset\organic\organic_food-waste-20_aug2655.jpg,.jpg,224,224,RGB,28.33
organic,organic_food-waste-20_aug643.jpg,dataset\organic\organic_food-waste-20_aug643.jpg,.jpg,224,224,RGB,36.65
organic,organic_food-waste-21_aug2376.jpg,dataset\organic\organic_food-waste-21_aug2376.jpg,.jpg,224,224,RGB,31.64
organic,organic_food-waste-21_aug413.jpg,dataset\organic\organic_food-waste-21_aug413.jpg,.jpg,224,224,RGB,30.64
organic,organic_food-waste-22_aug2423.jpg,dataset\organic\organic_food-waste-22_aug2423.jpg,.jpg,224,224,RGB,29.15
organic,organic_food-waste-22_aug2719.jpg,dataset\organic\organic_food-waste-22_aug2719.jpg,.jpg,224,224,RGB,32.08
organic,organic_food-waste-22_aug863.jpg,dataset\organic\organic_food-waste-22_aug863.jpg,.jpg,224,224,RGB,30.42
organic,organic_food-waste-22_aug938.jpg,dataset\organic\organic_food-waste-22_aug938.jpg,.jpg,224,224,RGB,28.35
organic,organic_food-waste-23_aug2522.jpg,dataset\organic\organic_food-waste-23_aug2522.jpg,.jpg,224,224,RGB,32.52
organic,organic_food-waste-23_aug2654.jpg,dataset\organic\organic_food-waste-23_aug2654.jpg,.jpg,224,224,RGB,28.68
organic,organic_food-waste-23_aug791.jpg,dataset\organic\organic_food-waste-23_aug791.jpg,.jpg,224,224,RGB,33.29
organic,organic_food-waste-24_aug914.jpg,dataset\organic\organic_food-waste-24_aug914.jpg,.jpg,224,224,RGB,31.88
organic,organic_food-waste-24_aug943.jpg,dataset\organic\organic_food-waste-24_aug943.jpg,.jpg,224,224,RGB,30.04
organic,organic_food-waste-24_aug985.jpg,dataset\organic\organic_food-waste-24_aug985.jpg,.jpg,224,224,RGB,32.85
organic,organic_food-waste-25_aug1253.jpg,dataset\organic\organic_food-waste-25_aug1253.jpg,.jpg,224,224,RGB,32.94
organic,organic_food-waste-25_aug2254.jpg,dataset\organic\organic_food-waste-25_aug2254.jpg,.jpg,224,224,RGB,32.67
organic,organic_food-waste-25_aug260.jpg,dataset\organic\organic_food-waste-25_aug260.jpg,.jpg,224,224,RGB,31.34
organic,organic_food-waste-25_aug473.jpg,dataset\organic\organic_food-waste-25_aug473.jpg,.jpg,224,224,RGB,33.54
organic,organic_food-waste-25_aug801.jpg,dataset\organic\organic_food-waste-25_aug801.jpg,.jpg,224,224,RGB,33.39
organic,organic_food-waste-26_aug1678.jpg,dataset\organic\organic_food-waste-26_aug1678.jpg,.jpg,224,224,RGB,28.96
organic,organic_food-waste-26_aug1738.jpg,dataset\organic\organic_food-waste-26_aug1738.jpg,.jpg,224,224,RGB,29.48
organic,organic_food-waste-26_aug2203.jpg,dataset\organic\organic_food-waste-26_aug2203.jpg,.jpg,224,224,RGB,26.83
organic,organic_food-waste-26_aug2262.jpg,dataset\organic\organic_food-waste-26_aug2262.jpg,.jpg,224,224,RGB,27.6
organic,organic_food-waste-26_aug239.jpg,dataset\organic\organic_food-waste-26_aug239.jpg,.jpg,224,224,RGB,30.97
organic,organic_food-waste-27_aug1997.jpg,dataset\organic\organic_food-waste-27_aug1997.jpg,.jpg,224,224,RGB,28.66
organic,organic_food-waste-27_aug479.jpg,dataset\organic\organic_food-waste-27_aug479.jpg,.jpg,224,224,RGB,23.58
organic,organic_food-waste-28_aug2341.jpg,dataset\organic\organic_food-waste-28_aug2341.jpg,.jpg,224,224,RGB,14.15
organic,organic_food-waste-29.png,dataset\organic\organic_food-waste-29.png,.png,224,224,RGB,52.78
organic,organic_food-waste-29_aug102.jpg,dataset\organic\organic_food-waste-29_aug102.jpg,.jpg,224,224,RGB,16.12
organic,organic_food-waste-29_aug1558.jpg,dataset\organic\organic_food-waste-29_aug1558.jpg,.jpg,224,224,RGB,18.32
organic,organic_food-waste-29_aug2817.jpg,dataset\organic\organic_food-waste-29_aug2817.jpg,.jpg,224,224,RGB,16.13
organic,organic_food-waste-29_aug531.jpg,dataset\organic\organic_food-waste-29_aug531.jpg,.jpg,224,224,RGB,17.63
organic,organic_food-waste-29_aug620.jpg,dataset\organic\organic_food-waste-29_aug620.jpg,.jpg,224,224,RGB,18.15
organic,organic_food-waste-2_aug1853.jpg,dataset\organic\organic_food-waste-2_aug1853.jpg,.jpg,224,224,RGB,13.95
organic,organic_food-waste-2_aug2032.jpg,dataset\organic\organic_food-waste-2_aug2032.jpg,.jpg,224,224,RGB,14.27
organic,organic_food-waste-2_aug2824.jpg,dataset\organic\organic_food-waste-2_aug2824.jpg,.jpg,224,224,RGB,12.97
organic,organic_food-waste-30_aug1668.jpg,dataset\organic\organic_food-waste-30_aug1668.jpg,.jpg,224,224,RGB,17.52
organic,organic_food-waste-30_aug2356.jpg,dataset\organic\organic_food-waste-30_aug2356.jpg,.jpg,224,224,RGB,16.97
organic,organic_food-waste-30_aug2699.jpg,dataset\organic\organic_food-waste-30_aug2699.jpg,.jpg,224,224,RGB,17.33
organic,organic_food-waste-30_aug553.jpg,dataset\organic\organic_food-waste-30_aug553.jpg,.jpg,224,224,RGB,17.36
organic,organic_food-waste-31_aug2260.jpg,dataset\organic\organic_food-waste-31_aug2260.jpg,.jpg,224,224,RGB,8.56
organic,organic_food-waste-31_aug2297.jpg,dataset\organic\organic_food-waste-31_aug2297.jpg,.jpg,224,224,RGB,10.33
organic,organic_food-waste-31_aug2792.jpg,dataset\organic\organic_food-waste-31_aug2792.jpg,.jpg,224,224,RGB,9.89
organic,organic_food-waste-31_aug638.jpg,dataset\organic\organic_food-waste-31_aug638.jpg,.jpg,224,224,RGB,9.61
organic,organic_food-waste-32_aug1932.jpg,dataset\organic\organic_food-waste-32_aug1932.jpg,.jpg,224,224,RGB,17.6
organic,organic_food-waste-32_aug20.jpg,dataset\organic\organic_food-waste-32_aug20.jpg,.jpg,224,224,RGB,16.83
organic,organic_food-waste-32_aug559.jpg,dataset\organic\organic_food-waste-32_aug559.jpg,.jpg,224,224,RGB,15.79
organic,organic_food-waste-32_aug715.jpg,dataset\organic\organic_food-waste-32_aug715.jpg,.jpg,224,224,RGB,16.1
organic,organic_food-waste-33_aug2213.jpg,dataset\organic\organic_food-waste-33_aug2213.jpg,.jpg,224,224,RGB,22.03
organic,organic_food-waste-33_aug2556.jpg,dataset\organic\organic_food-waste-33_aug2556.jpg,.jpg,224,224,RGB,19.84
organic,organic_food-waste-33_aug2659.jpg,dataset\organic\organic_food-waste-33_aug2659.jpg,.jpg,224,224,RGB,19.4
organic,organic_food-waste-33_aug2722.jpg,dataset\organic\organic_food-waste-33_aug2722.jpg,.jpg,224,224,RGB,21.4
organic,organic_food-waste-33_aug815.jpg,dataset\organic\organic_food-waste-33_aug815.jpg,.jpg,224,224,RGB,22.01
organic,organic_food-waste-34_aug1255.jpg,dataset\organic\organic_food-waste-34_aug1255.jpg,.jpg,224,224,RGB,17.6
organic,organic_food-waste-34_aug1371.jpg,dataset\organic\organic_food-waste-34_aug1371.jpg,.jpg,224,224,RGB,13.91
organic,organic_food-waste-34_aug219.jpg,dataset\organic\organic_food-waste-34_aug219.jpg,.jpg,224,224,RGB,16.55
organic,organic_food-waste-34_aug2546.jpg,dataset\organic\organic_food-waste-34_aug2546.jpg,.jpg,224,224,RGB,16.83
organic,organic_food-waste-34_aug471.jpg,dataset\organic\organic_food-waste-34_aug471.jpg,.jpg,224,224,RGB,17.52
organic,organic_food-waste-34_aug594.jpg,dataset\organic\organic_food-waste-34_aug594.jpg,.jpg,224,224,RGB,17.57
organic,organic_food-waste-34_aug628.jpg,dataset\organic\organic_food-waste-34_aug628.jpg,.jpg,224,224,RGB,17.2
organic,organic_food-waste-34_aug71.jpg,dataset\organic\organic_food-waste-34_aug71.jpg,.jpg,224,224,RGB,19.1
organic,organic_food-waste-35_aug981.jpg,dataset\organic\organic_food-waste-35_aug981.jpg,.jpg,224,224,RGB,15.89
organic,organic_food-waste-36_aug1379.jpg,dataset\organic\organic_food-waste-36_aug1379.jpg,.jpg,224,224,RGB,17.5
organic,organic_food-waste-36_aug373.jpg,dataset\organic\organic_food-waste-36_aug373.jpg,.jpg,224,224,RGB,17.59
organic,organic_food-waste-36_aug467.jpg,dataset\organic\organic_food-waste-36_aug467.jpg,.jpg,224,224,RGB,17.82
organic,organic_food-waste-37_aug1347.jpg,dataset\organic\organic_food-waste-37_aug1347.jpg,.jpg,224,224,RGB,23.25
organic,organic_food-waste-37_aug1792.jpg,dataset\organic\organic_food-waste-37_aug1792.jpg,.jpg,224,224,RGB,20.27
organic,organic_food-waste-37_aug2070.jpg,dataset\organic\organic_food-waste-37_aug2070.jpg,.jpg,224,224,RGB,19.78
organic,organic_food-waste-37_aug2554.jpg,dataset\organic\organic_food-waste-37_aug2554.jpg,.jpg,224,224,RGB,22.31
organic,organic_food-waste-37_aug706.jpg,dataset\organic\organic_food-waste-37_aug706.jpg,.jpg,224,224,RGB,23.48
organic,organic_food-waste-37_aug877.jpg,dataset\organic\organic_food-waste-37_aug877.jpg,.jpg,224,224,RGB,22.62
organic,organic_food-waste-38_aug1197.jpg,dataset\organic\organic_food-waste-38_aug1197.jpg,.jpg,224,224,RGB,22.39
organic,organic_food-waste-38_aug1385.jpg,dataset\organic\organic_food-waste-38_aug1385.jpg,.jpg,224,224,RGB,21.39
organic,organic_food-waste-38_aug1877.jpg,dataset\organic\organic_food-waste-38_aug1877.jpg,.jpg,224,224,RGB,20.92
organic,organic_food-waste-38_aug238.jpg,dataset\organic\organic_food-waste-38_aug238.jpg,.jpg,224,224,RGB,22.16
organic,organic_food-waste-38_aug481.jpg,dataset\organic\organic_food-waste-38_aug481.jpg,.jpg,224,224,RGB,19.45
organic,organic_food-waste-38_aug482.jpg,dataset\organic\organic_food-waste-38_aug482.jpg,.jpg,224,224,RGB,23.03
organic,organic_food-waste-39_aug2267.jpg,dataset\organic\organic_food-waste-39_aug2267.jpg,.jpg,224,224,RGB,22.09
organic,organic_food-waste-39_aug2412.jpg,dataset\organic\organic_food-waste-39_aug2412.jpg,.jpg,224,224,RGB,21.49
organic,organic_food-waste-39_aug2417.jpg,dataset\organic\organic_food-waste-39_aug2417.jpg,.jpg,224,224,RGB,21.72
organic,organic_food-waste-3_aug1137.jpg,dataset\organic\organic_food-waste-3_aug1137.jpg,.jpg,224,224,RGB,13.05
organic,organic_food-waste-3_aug1580.jpg,dataset\organic\organic_food-waste-3_aug1580.jpg,.jpg,224,224,RGB,13.13
organic,organic_food-waste-3_aug1991.jpg,dataset\organic\organic_food-waste-3_aug1991.jpg,.jpg,224,224,RGB,14.42
organic,organic_food-waste-40_aug1083.jpg,dataset\organic\organic_food-waste-40_aug1083.jpg,.jpg,224,224,RGB,19.47
organic,organic_food-waste-40_aug1361.jpg,dataset\organic\organic_food-waste-40_aug1361.jpg,.jpg,224,224,RGB,19.69
organic,organic_food-waste-40_aug1477.jpg,dataset\organic\organic_food-waste-40_aug1477.jpg,.jpg,224,224,RGB,18.24
organic,organic_food-waste-40_aug1625.jpg,dataset\organic\organic_food-waste-40_aug1625.jpg,.jpg,224,224,RGB,18.07
organic,organic_food-waste-40_aug226.jpg,dataset\organic\organic_food-waste-40_aug226.jpg,.jpg,224,224,RGB,19.47
organic,organic_food-waste-40_aug2418.jpg,dataset\organic\organic_food-waste-40_aug2418.jpg,.jpg,224,224,RGB,17.83
organic,organic_food-waste-40_aug254.jpg,dataset\organic\organic_food-waste-40_aug254.jpg,.jpg,224,224,RGB,16.73
organic,organic_food-waste-40_aug2581.jpg,dataset\organic\organic_food-waste-40_aug2581.jpg,.jpg,224,224,RGB,19.39
organic,organic_food-waste-40_aug968.jpg,dataset\organic\organic_food-waste-40_aug968.jpg,.jpg,224,224,RGB,20.04
organic,organic_food-waste-41_aug1694.jpg,dataset\organic\organic_food-waste-41_aug1694.jpg,.jpg,224,224,RGB,19.17
organic,organic_food-waste-41_aug1892.jpg,dataset\organic\organic_food-waste-41_aug1892.jpg,.jpg,224,224,RGB,17.91
organic,organic_food-waste-41_aug274.jpg,dataset\organic\organic_food-waste-41_aug274.jpg,.jpg,224,224,RGB,17.79
organic,organic_food-waste-41_aug279.jpg,dataset\organic\organic_food-waste-41_aug279.jpg,.jpg,224,224,RGB,18.5
organic,organic_food-waste-42_aug1351.jpg,dataset\organic\organic_food-waste-42_aug1351.jpg,.jpg,224,224,RGB,17.6
organic,organic_food-waste-42_aug2158.jpg,dataset\organic\organic_food-waste-42_aug2158.jpg,.jpg,224,224,RGB,18.97
organic,organic_food-waste-42_aug597.jpg,dataset\organic\organic_food-waste-42_aug597.jpg,.jpg,224,224,RGB,17.65
organic,organic_food-waste-42_aug954.jpg,dataset\organic\organic_food-waste-42_aug954.jpg,.jpg,224,224,RGB,18.44
organic,organic_food-waste-43_aug1110.jpg,dataset\organic\organic_food-waste-43_aug1110.jpg,.jpg,224,224,RGB,15.23
organic,organic_food-waste-43_aug1178.jpg,dataset\organic\organic_food-waste-43_aug1178.jpg,.jpg,224,224,RGB,15.26
organic,organic_food-waste-43_aug2752.jpg,dataset\organic\organic_food-waste-43_aug2752.jpg,.jpg,224,224,RGB,15.86
organic,organic_food-waste-44_aug1314.jpg,dataset\organic\organic_food-waste-44_aug1314.jpg,.jpg,224,224,RGB,18.01
organic,organic_food-waste-44_aug1507.jpg,dataset\organic\organic_food-waste-44_aug1507.jpg,.jpg,224,224,RGB,18.37
organic,organic_food-waste-44_aug1819.jpg,dataset\organic\organic_food-waste-44_aug1819.jpg,.jpg,224,224,RGB,18.07
organic,organic_food-waste-44_aug2043.jpg,dataset\organic\organic_food-waste-44_aug2043.jpg,.jpg,224,224,RGB,16.6
organic,organic_food-waste-44_aug223.jpg,dataset\organic\organic_food-waste-44_aug223.jpg,.jpg,224,224,RGB,17.71
organic,organic_food-waste-45.jpg,dataset\organic\organic_food-waste-45.jpg,.jpg,224,224,RGB,12.46
organic,organic_food-waste-45_aug159.jpg,dataset\organic\organic_food-waste-45_aug159.jpg,.jpg,224,224,RGB,12.84
organic,organic_food-waste-45_aug2044.jpg,dataset\organic\organic_food-waste-45_aug2044.jpg,.jpg,224,224,RGB,12.87
organic,organic_food-waste-45_aug2266.jpg,dataset\organic\organic_food-waste-45_aug2266.jpg,.jpg,224,224,RGB,12.46
organic,organic_food-waste-45_aug2304.jpg,dataset\organic\organic_food-waste-45_aug2304.jpg,.jpg,224,224,RGB,12.91
organic,organic_food-waste-45_aug2361.jpg,dataset\organic\organic_food-waste-45_aug2361.jpg,.jpg,224,224,RGB,12.99
organic,organic_food-waste-46_aug1161.jpg,dataset\organic\organic_food-waste-46_aug1161.jpg,.jpg,224,224,RGB,15.62
organic,organic_food-waste-46_aug1627.jpg,dataset\organic\organic_food-waste-46_aug1627.jpg,.jpg,224,224,RGB,13.38
organic,organic_food-waste-46_aug1750.jpg,dataset\organic\organic_food-waste-46_aug1750.jpg,.jpg,224,224,RGB,13.65
organic,organic_food-waste-46_aug1996.jpg,dataset\organic\organic_food-waste-46_aug1996.jpg,.jpg,224,224,RGB,13.77
organic,organic_food-waste-46_aug273.jpg,dataset\organic\organic_food-waste-46_aug273.jpg,.jpg,224,224,RGB,15.01
organic,organic_food-waste-46_aug642.jpg,dataset\organic\organic_food-waste-46_aug642.jpg,.jpg,224,224,RGB,13.86
organic,organic_food-waste-47_aug1216.jpg,dataset\organic\organic_food-waste-47_aug1216.jpg,.jpg,224,224,RGB,14.98
organic,organic_food-waste-47_aug1369.jpg,dataset\organic\organic_food-waste-47_aug1369.jpg,.jpg,224,224,RGB,15.0
organic,organic_food-waste-47_aug2408.jpg,dataset\organic\organic_food-waste-47_aug2408.jpg,.jpg,224,224,RGB,13.71
organic,organic_food-waste-47_aug2625.jpg,dataset\organic\organic_food-waste-47_aug2625.jpg,.jpg,224,224,RGB,13.72
organic,organic_food-waste-48.jpg,dataset\organic\organic_food-waste-48.jpg,.jpg,224,224,RGB,15.79
organic,organic_food-waste-48_aug1599.jpg,dataset\organic\organic_food-waste-48_aug1599.jpg,.jpg,224,224,RGB,14.62
organic,organic_food-waste-48_aug1655.jpg,dataset\organic\organic_food-waste-48_aug1655.jpg,.jpg,224,224,RGB,14.21
organic,organic_food-waste-48_aug1975.jpg,dataset\organic\organic_food-waste-48_aug1975.jpg,.jpg,224,224,RGB,15.77
organic,organic_food-waste-48_aug2477.jpg,dataset\organic\organic_food-waste-48_aug2477.jpg,.jpg,224,224,RGB,15.57
organic,organic_food-waste-48_aug897.jpg,dataset\organic\organic_food-waste-48_aug897.jpg,.jpg,224,224,RGB,17.54
organic,organic_food-waste-49_aug1045.jpg,dataset\organic\organic_food-waste-49_aug1045.jpg,.jpg,224,224,RGB,14.51
organic,organic_food-waste-49_aug1193.jpg,dataset\organic\organic_food-waste-49_aug1193.jpg,.jpg,224,224,RGB,12.92
organic,organic_food-waste-49_aug1712.jpg,dataset\organic\organic_food-waste-49_aug1712.jpg,.jpg,224,224,RGB,12.93
organic,organic_food-waste-49_aug1889.jpg,dataset\organic\organic_food-waste-49_aug1889.jpg,.jpg,224,224,RGB,13.6
organic,organic_food-waste-49_aug2357.jpg,dataset\organic\organic_food-waste-49_aug2357.jpg,.jpg,224,224,RGB,12.91
organic,organic_food-waste-49_aug2733.jpg,dataset\organic\organic_food-waste-49_aug2733.jpg,.jpg,224,224,RGB,12.92
organic,organic_food-waste-49_aug311.jpg,dataset\organic\organic_food-waste-49_aug311.jpg,.jpg,224,224,RGB,13.73
organic,organic_food-waste-4_aug1622.jpg,dataset\organic\organic_food-waste-4_aug1622.jpg,.jpg,224,224,RGB,13.3
organic,organic_food-waste-4_aug1882.jpg,dataset\organic\organic_food-waste-4_aug1882.jpg,.jpg,224,224,RGB,13.41
organic,organic_food-waste-4_aug2118.jpg,dataset\organic\organic_food-waste-4_aug2118.jpg,.jpg,224,224,RGB,12.96
organic,organic_food-waste-4_aug2381.jpg,dataset\organic\organic_food-waste-4_aug2381.jpg,.jpg,224,224,RGB,12.83
organic,organic_food-waste-4_aug284.jpg,dataset\organic\organic_food-waste-4_aug284.jpg,.jpg,224,224,RGB,14.07
organic,organic_food-waste-5_aug1406.jpg,dataset\organic\organic_food-waste-5_aug1406.jpg,.jpg,224,224,RGB,12.54
organic,organic_food-waste-5_aug2791.jpg,dataset\organic\organic_food-waste-5_aug2791.jpg,.jpg,224,224,RGB,12.84
organic,organic_food-waste-6.jpg,dataset\organic\organic_food-waste-6.jpg,.jpg,224,224,RGB,13.85
organic,organic_food-waste-6_aug1569.jpg,dataset\organic\organic_food-waste-6_aug1569.jpg,.jpg,224,224,RGB,14.74
organic,organic_food-waste-6_aug2389.jpg,dataset\organic\organic_food-waste-6_aug2389.jpg,.jpg,224,224,RGB,14.79
organic,organic_food-waste-6_aug2496.jpg,dataset\organic\organic_food-waste-6_aug2496.jpg,.jpg,224,224,RGB,13.96
organic,organic_food-waste-6_aug478.jpg,dataset\organic\organic_food-waste-6_aug478.jpg,.jpg,224,224,RGB,13.96
organic,organic_food-waste-6_aug827.jpg,dataset\organic\organic_food-waste-6_aug827.jpg,.jpg,224,224,RGB,15.2
organic,organic_food-waste-7_aug1426.jpg,dataset\organic\organic_food-waste-7_aug1426.jpg,.jpg,224,224,RGB,12.99
organic,organic_food-waste-7_aug1509.jpg,dataset\organic\organic_food-waste-7_aug1509.jpg,.jpg,224,224,RGB,13.66
organic,organic_food-waste-7_aug1520.jpg,dataset\organic\organic_food-waste-7_aug1520.jpg,.jpg,224,224,RGB,12.62
organic,organic_food-waste-7_aug175.jpg,dataset\organic\organic_food-waste-7_aug175.jpg,.jpg,224,224,RGB,13.36
organic,organic_food-waste-8_aug1637.jpg,dataset\organic\organic_food-waste-8_aug1637.jpg,.jpg,224,224,RGB,34.42
organic,organic_food-waste-8_aug1744.jpg,dataset\organic\organic_food-waste-8_aug1744.jpg,.jpg,224,224,RGB,34.6
organic,organic_food-waste-8_aug1763.jpg,dataset\organic\organic_food-waste-8_aug1763.jpg,.jpg,224,224,RGB,35.07
organic,organic_food-waste-8_aug1976.jpg,dataset\organic\organic_food-waste-8_aug1976.jpg,.jpg,224,224,RGB,34.1
organic,organic_food-waste-8_aug2614.jpg,dataset\organic\organic_food-waste-8_aug2614.jpg,.jpg,224,224,RGB,34.81
organic,organic_food-waste-8_aug868.jpg,dataset\organic\organic_food-waste-8_aug868.jpg,.jpg,224,224,RGB,31.78
organic,organic_food-waste-9.jpg,dataset\organic\organic_food-waste-9.jpg,.jpg,224,224,RGB,35.33
organic,organic_food-waste-9_aug1277.jpg,dataset\organic\organic_food-waste-9_aug1277.jpg,.jpg,224,224,RGB,33.04
organic,organic_food-waste-9_aug2137.jpg,dataset\organic\organic_food-waste-9_aug2137.jpg,.jpg,224,224,RGB,29.92
organic,organic_garden-waste-10_aug1012.jpg,dataset\organic\organic_garden-waste-10_aug1012.jpg,.jpg,224,224,RGB,27.64
organic,organic_garden-waste-10_aug1082.jpg,dataset\organic\organic_garden-waste-10_aug1082.jpg,.jpg,224,224,RGB,26.88
organic,organic_garden-waste-10_aug1736.jpg,dataset\organic\organic_garden-waste-10_aug1736.jpg,.jpg,224,224,RGB,29.11
organic,organic_garden-waste-10_aug1798.jpg,dataset\organic\organic_garden-waste-10_aug1798.jpg,.jpg,224,224,RGB,29.64
organic,organic_garden-waste-10_aug19.jpg,dataset\organic\organic_garden-waste-10_aug19.jpg,.jpg,224,224,RGB,24.81
organic,organic_garden-waste-10_aug806.jpg,dataset\organic\organic_garden-waste-10_aug806.jpg,.jpg,224,224,RGB,27.93
organic,organic_garden-waste-2_aug2753.jpg,dataset\organic\organic_garden-waste-2_aug2753.jpg,.jpg,224,224,RGB,40.05
organic,organic_garden-waste-2_aug2827.jpg,dataset\organic\organic_garden-waste-2_aug2827.jpg,.jpg,224,224,RGB,40.56
organic,organic_garden-waste-3_aug1028.jpg,dataset\organic\organic_garden-waste-3_aug1028.jpg,.jpg,224,224,RGB,40.77
organic,organic_garden-waste-3_aug2064.jpg,dataset\organic\organic_garden-waste-3_aug2064.jpg,.jpg,224,224,RGB,35.17
organic,organic_garden-waste-4_aug144.jpg,dataset\organic\organic_garden-waste-4_aug144.jpg,.jpg,224,224,RGB,33.33
organic,organic_garden-waste-4_aug505.jpg,dataset\organic\organic_garden-waste-4_aug505.jpg,.jpg,224,224,RGB,31.65
organic,organic_garden-waste-5_aug1133.jpg,dataset\organic\organic_garden-waste-5_aug1133.jpg,.jpg,224,224,RGB,33.95
organic,organic_garden-waste-5_aug1560.jpg,dataset\organic\organic_garden-waste-5_aug1560.jpg,.jpg,224,224,RGB,31.81
organic,organic_garden-waste-5_aug1756.jpg,dataset\organic\organic_garden-waste-5_aug1756.jpg,.jpg,224,224,RGB,33.89
organic,organic_garden-waste-5_aug2805.jpg,dataset\organic\organic_garden-waste-5_aug2805.jpg,.jpg,224,224,RGB,31.42
organic,organic_garden-waste-5_aug660.jpg,dataset\organic\organic_garden-waste-5_aug660.jpg,.jpg,224,224,RGB,34.18
organic,organic_garden-waste-5_aug864.jpg,dataset\organic\organic_garden-waste-5_aug864.jpg,.jpg,224,224,RGB,31.46
organic,organic_garden-waste-6_aug2082.jpg,dataset\organic\organic_garden-waste-6_aug2082.jpg,.jpg,224,224,RGB,30.29
organic,organic_garden-waste-7_aug1435.jpg,dataset\organic\organic_garden-waste-7_aug1435.jpg,.jpg,224,224,RGB,26.91
organic,organic_garden-waste-7_aug1825.jpg,dataset\organic\organic_garden-waste-7_aug1825.jpg,.jpg,224,224,RGB,31.43
organic,organic_garden-waste-7_aug2054.jpg,dataset\organic\organic_garden-waste-7_aug2054.jpg,.jpg,224,224,RGB,32.17
organic,organic_garden-waste-7_aug2486.jpg,dataset\organic\organic_garden-waste-7_aug2486.jpg,.jpg,224,224,RGB,30.65
organic,organic_garden-waste-7_aug423.jpg,dataset\organic\organic_garden-waste-7_aug423.jpg,.jpg,224,224,RGB,31.76
organic,organic_garden-waste-8_aug1022.jpg,dataset\organic\organic_garden-waste-8_aug1022.jpg,.jpg,224,224,RGB,24.9
organic,organic_garden-waste-8_aug1373.jpg,dataset\organic\organic_garden-waste-8_aug1373.jpg,.jpg,224,224,RGB,24.04
organic,organic_garden-waste-8_aug1702.jpg,dataset\organic\organic_garden-waste-8_aug1702.jpg,.jpg,224,224,RGB,24.15
organic,organic_garden-waste-8_aug2021.jpg,dataset\organic\organic_garden-waste-8_aug2021.jpg,.jpg,224,224,RGB,23.06
organic,organic_garden-waste-8_aug2086.jpg,dataset\organic\organic_garden-waste-8_aug2086.jpg,.jpg,224,224,RGB,24.84
organic,organic_garden-waste-9_aug1126.jpg,dataset\organic\organic_garden-waste-9_aug1126.jpg,.jpg,224,224,RGB,27.85
organic,organic_garden-waste-9_aug1281.jpg,dataset\organic\organic_garden-waste-9_aug1281.jpg,.jpg,224,224,RGB,29.25
organic,organic_garden-waste-9_aug1578.jpg,dataset\organic\organic_garden-waste-9_aug1578.jpg,.jpg,224,224,RGB,27.75
organic,organic_garden-waste-9_aug424.jpg,dataset\organic\organic_garden-waste-9_aug424.jpg,.jpg,224,224,RGB,25.55
organic,organic_garden-waste-9_aug67.jpg,dataset\organic\organic_garden-waste-9_aug67.jpg,.jpg,224,224,RGB,29.24
organic,organic_garden-waste-9_aug853.jpg,dataset\organic\organic_garden-waste-9_aug853.jpg,.jpg,224,224,RGB,29.25
organic,organic_other-organic-10_aug1112.jpg,dataset\organic\organic_other-organic-10_aug1112.jpg,.jpg,224,224,RGB,42.39
organic,organic_other-organic-10_aug2602.jpg,dataset\organic\organic_other-organic-10_aug2602.jpg,.jpg,224,224,RGB,42.38
organic,organic_other-organic-10_aug51.jpg,dataset\organic\organic_other-organic-10_aug51.jpg,.jpg,224,224,RGB,41.25
organic,organic_other-organic-11_aug1279.jpg,dataset\organic\organic_other-organic-11_aug1279.jpg,.jpg,224,224,RGB,44.07
organic,organic_other-organic-11_aug1309.jpg,dataset\organic\organic_other-organic-11_aug1309.jpg,.jpg,224,224,RGB,41.54
organic,organic_other-organic-11_aug2723.jpg,dataset\organic\organic_other-organic-11_aug2723.jpg,.jpg,224,224,RGB,41.68
organic,organic_other-organic-11_aug347.jpg,dataset\organic\organic_other-organic-11_aug347.jpg,.jpg,224,224,RGB,44.03
organic,organic_other-organic-11_aug929.jpg,dataset\organic\organic_other-organic-11_aug929.jpg,.jpg,224,224,RGB,44.08
organic,organic_other-organic-12_aug1440.jpg,dataset\organic\organic_other-organic-12_aug1440.jpg,.jpg,224,224,RGB,36.08
organic,organic_other-organic-12_aug1821.jpg,dataset\organic\organic_other-organic-12_aug1821.jpg,.jpg,224,224,RGB,35.65
organic,organic_other-organic-12_aug1888.jpg,dataset\organic\organic_other-organic-12_aug1888.jpg,.jpg,224,224,RGB,38.5
organic,organic_other-organic-12_aug1921.jpg,dataset\organic\organic_other-organic-12_aug1921.jpg,.jpg,224,224,RGB,38.18
organic,organic_other-organic-12_aug2085.jpg,dataset\organic\organic_other-organic-12_aug2085.jpg,.jpg,224,224,RGB,33.44
organic,organic_other-organic-12_aug2140.jpg,dataset\organic\organic_other-organic-12_aug2140.jpg,.jpg,224,224,RGB,38.15
organic,organic_other-organic-12_aug338.jpg,dataset\organic\organic_other-organic-12_aug338.jpg,.jpg,224,224,RGB,38.32
organic,organic_other-organic-12_aug873.jpg,dataset\organic\organic_other-organic-12_aug873.jpg,.jpg,224,224,RGB,38.89
organic,organic_other-organic-13.jpg,dataset\organic\organic_other-organic-13.jpg,.jpg,224,224,RGB,34.6
organic,organic_other-organic-13_aug1408.jpg,dataset\organic\organic_other-organic-13_aug1408.jpg,.jpg,224,224,RGB,34.55
organic,organic_other-organic-13_aug1534.jpg,dataset\organic\organic_other-organic-13_aug1534.jpg,.jpg,224,224,RGB,29.87
organic,organic_other-organic-13_aug155.jpg,dataset\organic\organic_other-organic-13_aug155.jpg,.jpg,224,224,RGB,28.91
organic,organic_other-organic-13_aug2673.jpg,dataset\organic\organic_other-organic-13_aug2673.jpg,.jpg,224,224,RGB,31.17
organic,organic_other-organic-14_aug1616.jpg,dataset\organic\organic_other-organic-14_aug1616.jpg,.jpg,224,224,RGB,34.8
organic,organic_other-organic-14_aug2250.jpg,dataset\organic\organic_other-organic-14_aug2250.jpg,.jpg,224,224,RGB,36.47
organic,organic_other-organic-14_aug2483.jpg,dataset\organic\organic_other-organic-14_aug2483.jpg,.jpg,224,224,RGB,33.57
organic,organic_other-organic-14_aug25.jpg,dataset\organic\organic_other-organic-14_aug25.jpg,.jpg,224,224,RGB,32.88
organic,organic_other-organic-14_aug729.jpg,dataset\organic\organic_other-organic-14_aug729.jpg,.jpg,224,224,RGB,34.13
organic,organic_other-organic-15.jpg,dataset\organic\organic_other-organic-15.jpg,.jpg,224,224,RGB,39.0
organic,organic_other-organic-15_aug1485.jpg,dataset\organic\organic_other-organic-15_aug1485.jpg,.jpg,224,224,RGB,35.59
organic,organic_other-organic-15_aug1838.jpg,dataset\organic\organic_other-organic-15_aug1838.jpg,.jpg,224,224,RGB,35.71
organic,organic_other-organic-15_aug316.jpg,dataset\organic\organic_other-organic-15_aug316.jpg,.jpg,224,224,RGB,35.92
organic,organic_other-organic-15_aug461.jpg,dataset\organic\organic_other-organic-15_aug461.jpg,.jpg,224,224,RGB,39.05
organic,organic_other-organic-15_aug759.jpg,dataset\organic\organic_other-organic-15_aug759.jpg,.jpg,224,224,RGB,36.63
organic,organic_other-organic-16_aug1564.jpg,dataset\organic\organic_other-organic-16_aug1564.jpg,.jpg,224,224,RGB,40.46
organic,organic_other-organic-16_aug1565.jpg,dataset\organic\organic_other-organic-16_aug1565.jpg,.jpg,224,224,RGB,39.43
organic,organic_other-organic-16_aug1607.jpg,dataset\organic\organic_other-organic-16_aug1607.jpg,.jpg,224,224,RGB,39.41
organic,organic_other-organic-16_aug190.jpg,dataset\organic\organic_other-organic-16_aug190.jpg,.jpg,224,224,RGB,40.02
organic,organic_other-organic-16_aug841.jpg,dataset\organic\organic_other-organic-16_aug841.jpg,.jpg,224,224,RGB,37.88
organic,organic_other-organic-17_aug1282.jpg,dataset\organic\organic_other-organic-17_aug1282.jpg,.jpg,224,224,RGB,24.0
organic,organic_other-organic-17_aug1624.jpg,dataset\organic\organic_other-organic-17_aug1624.jpg,.jpg,224,224,RGB,25.57
organic,organic_other-organic-17_aug1970.jpg,dataset\organic\organic_other-organic-17_aug1970.jpg,.jpg,224,224,RGB,24.11
organic,organic_other-organic-17_aug200.jpg,dataset\organic\organic_other-organic-17_aug200.jpg,.jpg,224,224,RGB,22.6
organic,organic_other-organic-17_aug453.jpg,dataset\organic\organic_other-organic-17_aug453.jpg,.jpg,224,224,RGB,22.94
organic,organic_other-organic-17_aug462.jpg,dataset\organic\organic_other-organic-17_aug462.jpg,.jpg,224,224,RGB,22.97
organic,organic_other-organic-17_aug747.jpg,dataset\organic\organic_other-organic-17_aug747.jpg,.jpg,224,224,RGB,21.83
organic,organic_other-organic-18_aug1140.jpg,dataset\organic\organic_other-organic-18_aug1140.jpg,.jpg,224,224,RGB,24.49
organic,organic_other-organic-18_aug1280.jpg,dataset\organic\organic_other-organic-18_aug1280.jpg,.jpg,224,224,RGB,24.47
organic,organic_other-organic-18_aug1454.jpg,dataset\organic\organic_other-organic-18_aug1454.jpg,.jpg,224,224,RGB,25.26
organic,organic_other-organic-18_aug1850.jpg,dataset\organic\organic_other-organic-18_aug1850.jpg,.jpg,224,224,RGB,24.73
organic,organic_other-organic-18_aug743.jpg,dataset\organic\organic_other-organic-18_aug743.jpg,.jpg,224,224,RGB,22.61
organic,organic_other-organic-18_aug984.jpg,dataset\organic\organic_other-organic-18_aug984.jpg,.jpg,224,224,RGB,22.52
organic,organic_other-organic-19.jpg,dataset\organic\organic_other-organic-19.jpg,.jpg,224,224,RGB,22.42
organic,organic_other-organic-19_aug1972.jpg,dataset\organic\organic_other-organic-19_aug1972.jpg,.jpg,224,224,RGB,19.5
organic,organic_other-organic-19_aug2094.jpg,dataset\organic\organic_other-organic-19_aug2094.jpg,.jpg,224,224,RGB,22.46
organic,organic_other-organic-19_aug410.jpg,dataset\organic\organic_other-organic-19_aug410.jpg,.jpg,224,224,RGB,21.9
organic,organic_other-organic-20_aug1283.jpg,dataset\organic\organic_other-organic-20_aug1283.jpg,.jpg,224,224,RGB,23.73
organic,organic_other-organic-20_aug1529.jpg,dataset\organic\organic_other-organic-20_aug1529.jpg,.jpg,224,224,RGB,23.41
organic,organic_other-organic-21_aug1258.jpg,dataset\organic\organic_other-organic-21_aug1258.jpg,.jpg,224,224,RGB,27.1
organic,organic_other-organic-21_aug265.jpg,dataset\organic\organic_other-organic-21_aug265.jpg,.jpg,224,224,RGB,26.22
organic,organic_other-organic-22_aug1090.jpg,dataset\organic\organic_other-organic-22_aug1090.jpg,.jpg,224,224,RGB,29.97
organic,organic_other-organic-22_aug1643.jpg,dataset\organic\organic_other-organic-22_aug1643.jpg,.jpg,224,224,RGB,30.73
organic,organic_other-organic-22_aug2609.jpg,dataset\organic\organic_other-organic-22_aug2609.jpg,.jpg,224,224,RGB,30.11
organic,organic_other-organic-22_aug263.jpg,dataset\organic\organic_other-organic-22_aug263.jpg,.jpg,224,224,RGB,30.73
organic,organic_other-organic-23_aug1824.jpg,dataset\organic\organic_other-organic-23_aug1824.jpg,.jpg,224,224,RGB,32.65
organic,organic_other-organic-23_aug2714.jpg,dataset\organic\organic_other-organic-23_aug2714.jpg,.jpg,224,224,RGB,32.65
organic,organic_other-organic-24.jpg,dataset\organic\organic_other-organic-24.jpg,.jpg,224,224,RGB,32.28
organic,organic_other-organic-24_aug1352.jpg,dataset\organic\organic_other-organic-24_aug1352.jpg,.jpg,224,224,RGB,27.51
organic,organic_other-organic-24_aug1647.jpg,dataset\organic\organic_other-organic-24_aug1647.jpg,.jpg,224,224,RGB,32.31
organic,organic_other-organic-24_aug1699.jpg,dataset\organic\organic_other-organic-24_aug1699.jpg,.jpg,224,224,RGB,30.88
organic,organic_other-organic-24_aug2323.jpg,dataset\organic\organic_other-organic-24_aug2323.jpg,.jpg,224,224,RGB,34.32
organic,organic_other-organic-24_aug622.jpg,dataset\organic\organic_other-organic-24_aug622.jpg,.jpg,224,224,RGB,32.23
organic,organic_other-organic-25_aug2745.jpg,dataset\organic\organic_other-organic-25_aug2745.jpg,.jpg,224,224,RGB,32.41
organic,organic_other-organic-25_aug915.jpg,dataset\organic\organic_other-organic-25_aug915.jpg,.jpg,224,224,RGB,32.42
organic,organic_other-organic-26_aug2691.jpg,dataset\organic\organic_other-organic-26_aug2691.jpg,.jpg,224,224,RGB,31.94
organic,organic_other-organic-26_aug271.jpg,dataset\organic\organic_other-organic-26_aug271.jpg,.jpg,224,224,RGB,27.32
organic,organic_other-organic-27.png,dataset\organic\organic_other-organic-27.png,.png,224,224,RGB,56.71
organic,organic_other-organic-27_aug1696.jpg,dataset\organic\organic_other-organic-27_aug1696.jpg,.jpg,224,224,RGB,15.84
organic,organic_other-organic-27_aug866.jpg,dataset\organic\organic_other-organic-27_aug866.jpg,.jpg,224,224,RGB,14.18
organic,organic_other-organic-28_aug1664.jpg,dataset\organic\organic_other-organic-28_aug1664.jpg,.jpg,224,224,RGB,15.83
organic,organic_other-organic-29_aug1128.jpg,dataset\organic\organic_other-organic-29_aug1128.jpg,.jpg,224,224,RGB,13.94
organic,organic_other-organic-29_aug1151.jpg,dataset\organic\organic_other-organic-29_aug1151.jpg,.jpg,224,224,RGB,13.25
organic,organic_other-organic-29_aug1725.jpg,dataset\organic\organic_other-organic-29_aug1725.jpg,.jpg,224,224,RGB,13.26
organic,organic_other-organic-29_aug2503.jpg,dataset\organic\organic_other-organic-29_aug2503.jpg,.jpg,224,224,RGB,12.29
organic,organic_other-organic-29_aug298.jpg,dataset\organic\organic_other-organic-29_aug298.jpg,.jpg,224,224,RGB,13.24
organic,organic_other-organic-29_aug396.jpg,dataset\organic\organic_other-organic-29_aug396.jpg,.jpg,224,224,RGB,14.64
organic,organic_other-organic-2_aug188.jpg,dataset\organic\organic_other-organic-2_aug188.jpg,.jpg,224,224,RGB,41.71
organic,organic_other-organic-2_aug2437.jpg,dataset\organic\organic_other-organic-2_aug2437.jpg,.jpg,224,224,RGB,44.68
organic,organic_other-organic-2_aug2501.jpg,dataset\organic\organic_other-organic-2_aug2501.jpg,.jpg,224,224,RGB,35.7
organic,organic_other-organic-2_aug448.jpg,dataset\organic\organic_other-organic-2_aug448.jpg,.jpg,224,224,RGB,39.81
organic,organic_other-organic-2_aug748.jpg,dataset\organic\organic_other-organic-2_aug748.jpg,.jpg,224,224,RGB,45.83
organic,organic_other-organic-3.jpg,dataset\organic\organic_other-organic-3.jpg,.jpg,224,224,RGB,44.74
organic,organic_other-organic-30_aug1979.jpg,dataset\organic\organic_other-organic-30_aug1979.jpg,.jpg,224,224,RGB,10.55
organic,organic_other-organic-30_aug2305.jpg,dataset\organic\organic_other-organic-30_aug2305.jpg,.jpg,224,224,RGB,12.5
organic,organic_other-organic-30_aug754.jpg,dataset\organic\organic_other-organic-30_aug754.jpg,.jpg,224,224,RGB,11.91
organic,organic_other-organic-30_aug998.jpg,dataset\organic\organic_other-organic-30_aug998.jpg,.jpg,224,224,RGB,12.54
organic,organic_other-organic-31_aug1758.jpg,dataset\organic\organic_other-organic-31_aug1758.jpg,.jpg,224,224,RGB,10.9
organic,organic_other-organic-31_aug2241.jpg,dataset\organic\organic_other-organic-31_aug2241.jpg,.jpg,224,224,RGB,9.29
organic,organic_other-organic-31_aug2664.jpg,dataset\organic\organic_other-organic-31_aug2664.jpg,.jpg,224,224,RGB,9.29
organic,organic_other-organic-32_aug1007.jpg,dataset\organic\organic_other-organic-32_aug1007.jpg,.jpg,224,224,RGB,8.13
organic,organic_other-organic-32_aug1461.jpg,dataset\organic\organic_other-organic-32_aug1461.jpg,.jpg,224,224,RGB,8.96
organic,organic_other-organic-32_aug314.jpg,dataset\organic\organic_other-organic-32_aug314.jpg,.jpg,224,224,RGB,7.75
organic,organic_other-organic-33_aug1247.jpg,dataset\organic\organic_other-organic-33_aug1247.jpg,.jpg,224,224,RGB,12.08
organic,organic_other-organic-33_aug1679.jpg,dataset\organic\organic_other-organic-33_aug1679.jpg,.jpg,224,224,RGB,11.71
organic,organic_other-organic-33_aug1964.jpg,dataset\organic\organic_other-organic-33_aug1964.jpg,.jpg,224,224,RGB,11.13
organic,organic_other-organic-33_aug2289.jpg,dataset\organic\organic_other-organic-33_aug2289.jpg,.jpg,224,224,RGB,12.59
organic,organic_other-organic-33_aug2340.jpg,dataset\organic\organic_other-organic-33_aug2340.jpg,.jpg,224,224,RGB,13.97
organic,organic_other-organic-33_aug354.jpg,dataset\organic\organic_other-organic-33_aug354.jpg,.jpg,224,224,RGB,11.7
organic,organic_other-organic-33_aug607.jpg,dataset\organic\organic_other-organic-33_aug607.jpg,.jpg,224,224,RGB,14.02
organic,organic_other-organic-34_aug1684.jpg,dataset\organic\organic_other-organic-34_aug1684.jpg,.jpg,224,224,RGB,14.38
organic,organic_other-organic-35_aug696.jpg,dataset\organic\organic_other-organic-35_aug696.jpg,.jpg,224,224,RGB,17.75
organic,organic_other-organic-36_aug1317.jpg,dataset\organic\organic_other-organic-36_aug1317.jpg,.jpg,224,224,RGB,21.7
organic,organic_other-organic-36_aug1511.jpg,dataset\organic\organic_other-organic-36_aug1511.jpg,.jpg,224,224,RGB,22.68
organic,organic_other-organic-36_aug1593.jpg,dataset\organic\organic_other-organic-36_aug1593.jpg,.jpg,224,224,RGB,22.32
organic,organic_other-organic-36_aug2011.jpg,dataset\organic\organic_other-organic-36_aug2011.jpg,.jpg,224,224,RGB,25.99
organic,organic_other-organic-36_aug2750.jpg,dataset\organic\organic_other-organic-36_aug2750.jpg,.jpg,224,224,RGB,23.51
organic,organic_other-organic-36_aug784.jpg,dataset\organic\organic_other-organic-36_aug784.jpg,.jpg,224,224,RGB,23.85
organic,organic_other-organic-37_aug1150.jpg,dataset\organic\organic_other-organic-37_aug1150.jpg,.jpg,224,224,RGB,14.29
organic,organic_other-organic-37_aug244.jpg,dataset\organic\organic_other-organic-37_aug244.jpg,.jpg,224,224,RGB,13.66
organic,organic_other-organic-37_aug2561.jpg,dataset\organic\organic_other-organic-37_aug2561.jpg,.jpg,224,224,RGB,13.97
organic,organic_other-organic-37_aug999.jpg,dataset\organic\organic_other-organic-37_aug999.jpg,.jpg,224,224,RGB,14.61
organic,organic_other-organic-38_aug259.jpg,dataset\organic\organic_other-organic-38_aug259.jpg,.jpg,224,224,RGB,16.77
organic,organic_other-organic-38_aug674.jpg,dataset\organic\organic_other-organic-38_aug674.jpg,.jpg,224,224,RGB,16.66
organic,organic_other-organic-38_aug796.jpg,dataset\organic\organic_other-organic-38_aug796.jpg,.jpg,224,224,RGB,15.16
organic,organic_other-organic-39_aug1840.jpg,dataset\organic\organic_other-organic-39_aug1840.jpg,.jpg,224,224,RGB,15.79
organic,organic_other-organic-39_aug2017.jpg,dataset\organic\organic_other-organic-39_aug2017.jpg,.jpg,224,224,RGB,16.09
organic,organic_other-organic-39_aug2755.jpg,dataset\organic\organic_other-organic-39_aug2755.jpg,.jpg,224,224,RGB,16.82
organic,organic_other-organic-39_aug694.jpg,dataset\organic\organic_other-organic-39_aug694.jpg,.jpg,224,224,RGB,16.48
organic,organic_other-organic-3_aug1041.jpg,dataset\organic\organic_other-organic-3_aug1041.jpg,.jpg,224,224,RGB,38.61
organic,organic_other-organic-3_aug1233.jpg,dataset\organic\organic_other-organic-3_aug1233.jpg,.jpg,224,224,RGB,44.72
organic,organic_other-organic-3_aug2036.jpg,dataset\organic\organic_other-organic-3_aug2036.jpg,.jpg,224,224,RGB,43.95
organic,organic_other-organic-3_aug2062.jpg,dataset\organic\organic_other-organic-3_aug2062.jpg,.jpg,224,224,RGB,36.06
organic,organic_other-organic-3_aug2490.jpg,dataset\organic\organic_other-organic-3_aug2490.jpg,.jpg,224,224,RGB,41.0
organic,organic_other-organic-4.jpg,dataset\organic\organic_other-organic-4.jpg,.jpg,224,224,RGB,42.23
organic,organic_other-organic-40_aug130.jpg,dataset\organic\organic_other-organic-40_aug130.jpg,.jpg,224,224,RGB,22.06
organic,organic_other-organic-40_aug1398.jpg,dataset\organic\organic_other-organic-40_aug1398.jpg,.jpg,224,224,RGB,20.56
organic,organic_other-organic-40_aug1638.jpg,dataset\organic\organic_other-organic-40_aug1638.jpg,.jpg,224,224,RGB,21.28
organic,organic_other-organic-41.png,dataset\organic\organic_other-organic-41.png,.png,224,224,RGB,71.87
organic,organic_other-organic-41_aug1242.jpg,dataset\organic\organic_other-organic-41_aug1242.jpg,.jpg,224,224,RGB,19.89
organic,organic_other-organic-41_aug1575.jpg,dataset\organic\organic_other-organic-41_aug1575.jpg,.jpg,224,224,RGB,19.77
organic,organic_other-organic-41_aug2734.jpg,dataset\organic\organic_other-organic-41_aug2734.jpg,.jpg,224,224,RGB,18.74
organic,organic_other-organic-43_aug1297.jpg,dataset\organic\organic_other-organic-43_aug1297.jpg,.jpg,224,224,RGB,41.2
organic,organic_other-organic-43_aug2721.jpg,dataset\organic\organic_other-organic-43_aug2721.jpg,.jpg,224,224,RGB,41.17
organic,organic_other-organic-43_aug335.jpg,dataset\organic\organic_other-organic-43_aug335.jpg,.jpg,224,224,RGB,40.23
organic,organic_other-organic-43_aug679.jpg,dataset\organic\organic_other-organic-43_aug679.jpg,.jpg,224,224,RGB,41.24
organic,organic_other-organic-44_aug1795.jpg,dataset\organic\organic_other-organic-44_aug1795.jpg,.jpg,224,224,RGB,33.79
organic,organic_other-organic-44_aug2038.jpg,dataset\organic\organic_other-organic-44_aug2038.jpg,.jpg,224,224,RGB,33.77
organic,organic_other-organic-44_aug2433.jpg,dataset\organic\organic_other-organic-44_aug2433.jpg,.jpg,224,224,RGB,33.74
organic,organic_other-organic-44_aug577.jpg,dataset\organic\organic_other-organic-44_aug577.jpg,.jpg,224,224,RGB,33.74
organic,organic_other-organic-45_aug1009.jpg,dataset\organic\organic_other-organic-45_aug1009.jpg,.jpg,224,224,RGB,30.21
organic,organic_other-organic-45_aug1457.jpg,dataset\organic\organic_other-organic-45_aug1457.jpg,.jpg,224,224,RGB,29.86
organic,organic_other-organic-45_aug2393.jpg,dataset\organic\organic_other-organic-45_aug2393.jpg,.jpg,224,224,RGB,25.5
organic,organic_other-organic-45_aug2560.jpg,dataset\organic\organic_other-organic-45_aug2560.jpg,.jpg,224,224,RGB,30.18
organic,organic_other-organic-4_aug1195.jpg,dataset\organic\organic_other-organic-4_aug1195.jpg,.jpg,224,224,RGB,41.95
organic,organic_other-organic-4_aug409.jpg,dataset\organic\organic_other-organic-4_aug409.jpg,.jpg,224,224,RGB,42.26
organic,organic_other-organic-4_aug814.jpg,dataset\organic\organic_other-organic-4_aug814.jpg,.jpg,224,224,RGB,42.25
organic,organic_other-organic-5.jpg,dataset\organic\organic_other-organic-5.jpg,.jpg,224,224,RGB,44.04
organic,organic_other-organic-5_aug1301.jpg,dataset\organic\organic_other-organic-5_aug1301.jpg,.jpg,224,224,RGB,35.28
organic,organic_other-organic-5_aug2282.jpg,dataset\organic\organic_other-organic-5_aug2282.jpg,.jpg,224,224,RGB,39.25
organic,organic_other-organic-5_aug2624.jpg,dataset\organic\organic_other-organic-5_aug2624.jpg,.jpg,224,224,RGB,44.09
organic,organic_other-organic-5_aug613.jpg,dataset\organic\organic_other-organic-5_aug613.jpg,.jpg,224,224,RGB,42.76
organic,organic_other-organic-6_aug1755.jpg,dataset\organic\organic_other-organic-6_aug1755.jpg,.jpg,224,224,RGB,34.88
organic,organic_other-organic-6_aug2452.jpg,dataset\organic\organic_other-organic-6_aug2452.jpg,.jpg,224,224,RGB,34.86
organic,organic_other-organic-6_aug449.jpg,dataset\organic\organic_other-organic-6_aug449.jpg,.jpg,224,224,RGB,33.11
organic,organic_other-organic-6_aug675.jpg,dataset\organic\organic_other-organic-6_aug675.jpg,.jpg,224,224,RGB,32.6
organic,organic_other-organic-7_aug1780.jpg,dataset\organic\organic_other-organic-7_aug1780.jpg,.jpg,224,224,RGB,29.63
organic,organic_other-organic-7_aug2256.jpg,dataset\organic\organic_other-organic-7_aug2256.jpg,.jpg,224,224,RGB,27.67
organic,organic_other-organic-7_aug886.jpg,dataset\organic\organic_other-organic-7_aug886.jpg,.jpg,224,224,RGB,29.77
organic,organic_other-organic-8_aug2845.jpg,dataset\organic\organic_other-organic-8_aug2845.jpg,.jpg,224,224,RGB,30.32
Plastik,plastik_Image_1.jpg,dataset\Plastik\plastik_Image_1.jpg,.jpg,640,640,RGB,39.76
Plastik,plastik_Image_11.jpg,dataset\Plastik\plastik_Image_11.jpg,.jpg,600,400,RGB,53.92
Plastik,plastik_Image_14.jpg,dataset\Plastik\plastik_Image_14.jpg,.jpg,320,320,RGB,33.55
Plastik,plastik_Image_16.jpg,dataset\Plastik\plastik_Image_16.jpg,.jpg,768,768,RGB,64.62
Plastik,plastik_Image_18.jpg,dataset\Plastik\plastik_Image_18.jpg,.jpg,929,1378,RGB,154.48
Plastik,plastik_Image_2.jpg,dataset\Plastik\plastik_Image_2.jpg,.jpg,640,640,RGB,31.27
Plastik,plastik_Image_20.jpg,dataset\Plastik\plastik_Image_20.jpg,.jpg,491,500,RGB,28.18
Plastik,plastik_Image_24.jpg,dataset\Plastik\plastik_Image_24.jpg,.jpg,320,320,RGB,14.25
Plastik,plastik_Image_27.jpg,dataset\Plastik\plastik_Image_27.jpg,.jpg,320,320,RGB,25.83
Plastik,plastik_Image_28.jpg,dataset\Plastik\plastik_Image_28.jpg,.jpg,1030,773,RGB,290.52
Plastik,plastik_Image_30.jpg,dataset\Plastik\plastik_Image_30.jpg,.jpg,324,243,RGB,33.93
Plastik,plastik_Image_31.jpg,dataset\Plastik\plastik_Image_31.jpg,.jpg,1030,773,RGB,282.22
Plastik,plastik_Image_34.jpg,dataset\Plastik\plastik_Image_34.jpg,.jpg,1030,773,RGB,280.88
Plastik,plastik_Image_36.jpg,dataset\Plastik\plastik_Image_36.jpg,.jpg,800,800,RGB,72.12
Plastik,plastik_Image_37.jpg,dataset\Plastik\plastik_Image_37.jpg,.jpg,1030,773,RGB,299.89
Plastik,plastik_Image_39.jpg,dataset\Plastik\plastik_Image_39.jpg,.jpg,1030,773,RGB,281.24
Plastik,plastik_Image_4.jpg,dataset\Plastik\plastik_Image_4.jpg,.jpg,700,933,RGB,89.13
Plastik,plastik_Image_40.jpg,dataset\Plastik\plastik_Image_40.jpg,.jpg,200,200,RGB,12.58
Plastik,plastik_Image_43.jpg,dataset\Plastik\plastik_Image_43.jpg,.jpg,1030,772,RGB,283.16
Plastik,plastik_Image_47.JPG,dataset\Plastik\plastik_Image_47.JPG,.jpg,442,248,RGB,76.65
Plastik,plastik_Image_49.jpg,dataset\Plastik\plastik_Image_49.jpg,.jpg,1200,1600,RGB,167.39
Plastik,plastik_Image_5.jpg,dataset\Plastik\plastik_Image_5.jpg,.jpg,1200,1600,RGB,427.53
Plastik,plastik_Image_50.jpg,dataset\Plastik\plastik_Image_50.jpg,.jpg,200,200,RGB,22.94
Plastik,plastik_Image_53.jpg,dataset\Plastik\plastik_Image_53.jpg,.jpg,1600,1600,RGB,182.24
Plastik,plastik_Image_56.jpg,dataset\Plastik\plastik_Image_56.jpg,.jpg,320,320,RGB,24.29
Plastik,plastik_Image_58.jpg,dataset\Plastik\plastik_Image_58.jpg,.jpg,380,380,RGB,4.57
Plastik,plastik_Image_59.jpg,dataset\Plastik\plastik_Image_59.jpg,.jpg,1200,630,RGB,76.18
Plastik,plastik_Image_6.jpg,dataset\Plastik\plastik_Image_6.jpg,.jpg,2987,3278,RGB,1687.04
Plastik,plastik_Image_63.jpg,dataset\Plastik\plastik_Image_63.jpg,.jpg,600,658,RGB,26.04
Plastik,plastik_Image_7.jpg,dataset\Plastik\plastik_Image_7.jpg,.jpg,750,500,RGB,64.17
Plastik,plastik_Image_72.jpg,dataset\Plastik\plastik_Image_72.jpg,.jpg,700,700,RGB,37.72
Plastik,plastik_Image_76.jpg,dataset\Plastik\plastik_Image_76.jpg,.jpg,675,507,RGB,78.97
Plastik,plastik_Image_8.jpg,dataset\Plastik\plastik_Image_8.jpg,.jpg,600,461,RGB,57.44
Plastik,plastik_Image_84.jpg,dataset\Plastik\plastik_Image_84.jpg,.jpg,540,960,RGB,80.39
Plastik,plastik_Image_9.jpg,dataset\Plastik\plastik_Image_9.jpg,.jpg,676,676,RGB,47.78
Plastik,plastik_Image_94.jpg,dataset\Plastik\plastik_Image_94.jpg,.jpg,291,320,RGB,28.02
Plastik,plastik_Image_97.jpg,dataset\Plastik\plastik_Image_97.jpg,.jpg,469,600,RGB,46.93
Plastik,plastik_plastik_1.jpg,dataset\Plastik\plastik_plastik_1.jpg,.jpg,1000,1633,RGB,171.74
Plastik,plastik_plastik_2.jpg,dataset\Plastik\plastik_plastik_2.jpg,.jpg,700,700,RGB,120.01
Plastik,plastik_plastik_3.jpg,dataset\Plastik\plastik_plastik_3.jpg,.jpg,577,491,RGB,25.13
Plastik,plastik_plastik_4.jpg,dataset\Plastik\plastik_plastik_4.jpg,.jpg,1000,1000,RGB,109.32
Plastik,plastik_plastik_5.jpg,dataset\Plastik\plastik_plastik_5.jpg,.jpg,500,500,RGB,71.99
Plastik,plastik_R_1.jpg,dataset\Plastik\plastik_R_1.jpg,.jpg,314,160,RGB,5.18
Plastik,plastik_R_10.jpg,dataset\Plastik\plastik_R_10.jpg,.jpg,300,150,RGB,6.01
Plastik,plastik_R_100.jpg,dataset\Plastik\plastik_R_100.jpg,.jpg,269,178,RGB,22.39
Plastik,plastik_R_1000.jpg,dataset\Plastik\plastik_R_1000.jpg,.jpg,300,168,RGB,12.87
Plastik,plastik_R_1001.jpg,dataset\Plastik\plastik_R_1001.jpg,.jpg,315,160,RGB,9.5
Plastik,plastik_R_1002.jpg,dataset\Plastik\plastik_R_1002.jpg,.jpg,290,174,RGB,14.11
Plastik,plastik_R_1003.jpg,dataset\Plastik\plastik_R_1003.jpg,.jpg,248,203,RGB,5.57
Plastik,plastik_R_1004.jpg,dataset\Plastik\plastik_R_1004.jpg,.jpg,275,183,RGB,3.65
Plastik,plastik_R_1005.jpg,dataset\Plastik\plastik_R_1005.jpg,.jpg,241,209,RGB,7.83
Plastik,plastik_R_1006.jpg,dataset\Plastik\plastik_R_1006.jpg,.jpg,300,168,RGB,14.04
Plastik,plastik_R_1007.jpg,dataset\Plastik\plastik_R_1007.jpg,.jpg,300,168,RGB,10.82
Plastik,plastik_R_1008.jpg,dataset\Plastik\plastik_R_1008.jpg,.jpg,315,160,RGB,4.6
Plastik,plastik_R_1009.jpg,dataset\Plastik\plastik_R_1009.jpg,.jpg,300,168,RGB,9.45
Plastik,plastik_R_101.jpg,dataset\Plastik\plastik_R_101.jpg,.jpg,225,225,RGB,5.45
Plastik,plastik_R_1010.jpg,dataset\Plastik\plastik_R_1010.jpg,.jpg,197,255,RGB,5.2
Plastik,plastik_R_1011.jpg,dataset\Plastik\plastik_R_1011.jpg,.jpg,299,168,RGB,8.95
Plastik,plastik_R_1012.jpg,dataset\Plastik\plastik_R_1012.jpg,.jpg,299,168,RGB,13.83
Plastik,plastik_R_1013.jpg,dataset\Plastik\plastik_R_1013.jpg,.jpg,225,225,RGB,3.62
Plastik,plastik_R_1014.jpg,dataset\Plastik\plastik_R_1014.jpg,.jpg,259,194,RGB,6.58
Plastik,plastik_R_1015.jpg,dataset\Plastik\plastik_R_1015.jpg,.jpg,410,123,RGB,8.79
Plastik,plastik_R_1016.jpg,dataset\Plastik\plastik_R_1016.jpg,.jpg,400,126,RGB,9.67
Plastik,plastik_R_1017.jpg,dataset\Plastik\plastik_R_1017.jpg,.jpg,299,168,RGB,17.18
Plastik,plastik_R_1018.jpg,dataset\Plastik\plastik_R_1018.jpg,.jpg,204,247,RGB,8.13
Plastik,plastik_R_1019.jpg,dataset\Plastik\plastik_R_1019.jpg,.jpg,275,183,RGB,10.6
Plastik,plastik_R_102.jpg,dataset\Plastik\plastik_R_102.jpg,.jpg,183,248,RGB,13.19
Plastik,plastik_R_1020.jpg,dataset\Plastik\plastik_R_1020.jpg,.jpg,275,183,RGB,14.12
Plastik,plastik_R_1021.jpg,dataset\Plastik\plastik_R_1021.jpg,.jpg,251,200,RGB,14.14
Plastik,plastik_R_1022.jpg,dataset\Plastik\plastik_R_1022.jpg,.jpg,275,183,RGB,14.88
Plastik,plastik_R_1023.jpg,dataset\Plastik\plastik_R_1023.jpg,.jpg,225,225,RGB,5.55
Plastik,plastik_R_1024.jpg,dataset\Plastik\plastik_R_1024.jpg,.jpg,367,137,RGB,9.85
Plastik,plastik_R_1025.jpg,dataset\Plastik\plastik_R_1025.jpg,.jpg,259,194,RGB,10.77
Plastik,plastik_R_1026.jpg,dataset\Plastik\plastik_R_1026.jpg,.jpg,225,225,RGB,7.82
Plastik,plastik_R_1027.jpg,dataset\Plastik\plastik_R_1027.jpg,.jpg,224,224,RGB,8.83
Plastik,plastik_R_1028.jpg,dataset\Plastik\plastik_R_1028.jpg,.jpg,300,168,RGB,14.27
Plastik,plastik_R_1029.jpg,dataset\Plastik\plastik_R_1029.jpg,.jpg,251,201,RGB,11.45
Plastik,plastik_R_103.jpg,dataset\Plastik\plastik_R_103.jpg,.jpg,179,267,RGB,8.12
Plastik,plastik_R_1030.jpg,dataset\Plastik\plastik_R_1030.jpg,.jpg,259,194,RGB,10.57
Plastik,plastik_R_1031.jpg,dataset\Plastik\plastik_R_1031.jpg,.jpg,259,194,RGB,12.98
Plastik,plastik_R_1032.jpg,dataset\Plastik\plastik_R_1032.jpg,.jpg,300,134,RGB,6.8
Plastik,plastik_R_1033.jpg,dataset\Plastik\plastik_R_1033.jpg,.jpg,225,225,RGB,3.33
Plastik,plastik_R_1034.jpg,dataset\Plastik\plastik_R_1034.jpg,.jpg,297,169,RGB,8.65
Plastik,plastik_R_1035.jpg,dataset\Plastik\plastik_R_1035.jpg,.jpg,225,225,RGB,8.61
Plastik,plastik_R_1036.jpg,dataset\Plastik\plastik_R_1036.jpg,.jpg,241,209,RGB,7.65
Plastik,plastik_R_1037.jpg,dataset\Plastik\plastik_R_1037.jpg,.jpg,225,225,RGB,4.81
Plastik,plastik_R_1038.jpg,dataset\Plastik\plastik_R_1038.jpg,.jpg,274,184,RGB,8.25
Plastik,plastik_R_10384.jpg,dataset\Plastik\plastik_R_10384.jpg,.jpg,275,183,RGB,7.93
Plastik,plastik_R_10385.jpg,dataset\Plastik\plastik_R_10385.jpg,.jpg,225,225,RGB,4.85
Plastik,plastik_R_10386.jpg,dataset\Plastik\plastik_R_10386.jpg,.jpg,268,188,RGB,13.39
Plastik,plastik_R_10387.jpg,dataset\Plastik\plastik_R_10387.jpg,.jpg,300,168,RGB,14.42
Plastik,plastik_R_10388.jpg,dataset\Plastik\plastik_R_10388.jpg,.jpg,275,183,RGB,15.6
Plastik,plastik_R_10389.jpg,dataset\Plastik\plastik_R_10389.jpg,.jpg,225,225,RGB,10.78
Plastik,plastik_R_1039.jpg,dataset\Plastik\plastik_R_1039.jpg,.jpg,299,169,RGB,14.37
Plastik,plastik_R_10390.jpg,dataset\Plastik\plastik_R_10390.jpg,.jpg,215,235,RGB,13.53
Plastik,plastik_R_10391.jpg,dataset\Plastik\plastik_R_10391.jpg,.jpg,318,159,RGB,6.54
Plastik,plastik_R_10392.jpg,dataset\Plastik\plastik_R_10392.jpg,.jpg,300,168,RGB,15.94
Plastik,plastik_R_10393.jpg,dataset\Plastik\plastik_R_10393.jpg,.jpg,183,275,RGB,10.19
Plastik,plastik_R_10394.jpg,dataset\Plastik\plastik_R_10394.jpg,.jpg,225,225,RGB,2.7
Plastik,plastik_R_10395.jpg,dataset\Plastik\plastik_R_10395.jpg,.jpg,381,132,RGB,13.25
Plastik,plastik_R_10396.jpg,dataset\Plastik\plastik_R_10396.jpg,.jpg,225,225,RGB,1.93
Plastik,plastik_R_10397.jpg,dataset\Plastik\plastik_R_10397.jpg,.jpg,266,189,RGB,10.44
Plastik,plastik_R_10398.jpg,dataset\Plastik\plastik_R_10398.jpg,.jpg,225,225,RGB,11.85
Plastik,plastik_R_10399.jpg,dataset\Plastik\plastik_R_10399.jpg,.jpg,225,225,RGB,7.85
Plastik,plastik_R_104.jpg,dataset\Plastik\plastik_R_104.jpg,.jpg,267,176,RGB,4.38
Plastik,plastik_R_1040.jpg,dataset\Plastik\plastik_R_1040.jpg,.jpg,217,233,RGB,5.79
Plastik,plastik_R_10400.jpg,dataset\Plastik\plastik_R_10400.jpg,.jpg,225,225,RGB,19.05
Plastik,plastik_R_10401.jpg,dataset\Plastik\plastik_R_10401.jpg,.jpg,275,183,RGB,3.59
Plastik,plastik_R_10402.jpg,dataset\Plastik\plastik_R_10402.jpg,.jpg,225,225,RGB,1.37
Plastik,plastik_R_10403.jpg,dataset\Plastik\plastik_R_10403.jpg,.jpg,224,224,RGB,16.89
Plastik,plastik_R_10404.jpg,dataset\Plastik\plastik_R_10404.jpg,.jpg,300,168,RGB,14.3
Plastik,plastik_R_10405.jpg,dataset\Plastik\plastik_R_10405.jpg,.jpg,259,194,RGB,10.79
Plastik,plastik_R_10406.jpg,dataset\Plastik\plastik_R_10406.jpg,.jpg,300,168,RGB,16.4
Plastik,plastik_R_10407.jpg,dataset\Plastik\plastik_R_10407.jpg,.jpg,300,168,RGB,10.88
Plastik,plastik_R_10408.jpg,dataset\Plastik\plastik_R_10408.jpg,.jpg,291,173,RGB,12.73
Plastik,plastik_R_10409.jpg,dataset\Plastik\plastik_R_10409.jpg,.jpg,275,183,RGB,11.62
Plastik,plastik_R_1041.jpg,dataset\Plastik\plastik_R_1041.jpg,.jpg,258,195,RGB,7.31
Plastik,plastik_R_10410.jpg,dataset\Plastik\plastik_R_10410.jpg,.jpg,259,195,RGB,8.82
Plastik,plastik_R_10412.jpg,dataset\Plastik\plastik_R_10412.jpg,.jpg,275,183,RGB,16.96
Plastik,plastik_R_10413.jpg,dataset\Plastik\plastik_R_10413.jpg,.jpg,159,318,RGB,3.82
Plastik,plastik_R_10414.jpg,dataset\Plastik\plastik_R_10414.jpg,.jpg,275,183,RGB,5.24
Plastik,plastik_R_10415.jpg,dataset\Plastik\plastik_R_10415.jpg,.jpg,224,224,RGB,11.51
Plastik,plastik_R_10416.jpg,dataset\Plastik\plastik_R_10416.jpg,.jpg,225,225,RGB,10.47
Plastik,plastik_R_10417.jpg,dataset\Plastik\plastik_R_10417.jpg,.jpg,259,194,RGB,14.69
Plastik,plastik_R_10418.jpg,dataset\Plastik\plastik_R_10418.jpg,.jpg,275,183,RGB,13.2
Plastik,plastik_R_10419.jpg,dataset\Plastik\plastik_R_10419.jpg,.jpg,284,177,RGB,14.32
Plastik,plastik_R_1042.jpg,dataset\Plastik\plastik_R_1042.jpg,.jpg,300,168,RGB,10.83
Plastik,plastik_R_10420.jpg,dataset\Plastik\plastik_R_10420.jpg,.jpg,219,230,RGB,3.38
Plastik,plastik_R_10421.jpg,dataset\Plastik\plastik_R_10421.jpg,.jpg,225,225,RGB,7.16
Plastik,plastik_R_10422.jpg,dataset\Plastik\plastik_R_10422.jpg,.jpg,293,172,RGB,14.85
Plastik,plastik_R_10423.jpg,dataset\Plastik\plastik_R_10423.jpg,.jpg,225,225,RGB,2.45
Plastik,plastik_R_10424.jpg,dataset\Plastik\plastik_R_10424.jpg,.jpg,225,225,RGB,9.0
Plastik,plastik_R_10425.jpg,dataset\Plastik\plastik_R_10425.jpg,.jpg,225,225,RGB,3.48
Plastik,plastik_R_10426.jpg,dataset\Plastik\plastik_R_10426.jpg,.jpg,225,225,RGB,11.06
Plastik,plastik_R_10427.jpg,dataset\Plastik\plastik_R_10427.jpg,.jpg,225,225,P,7.19
Plastik,plastik_R_10428.jpg,dataset\Plastik\plastik_R_10428.jpg,.jpg,293,172,RGB,11.6
Plastik,plastik_R_1043.jpg,dataset\Plastik\plastik_R_1043.jpg,.jpg,276,183,RGB,13.56
Plastik,plastik_R_10431.jpg,dataset\Plastik\plastik_R_10431.jpg,.jpg,275,183,RGB,11.91
Plastik,plastik_R_10432.jpg,dataset\Plastik\plastik_R_10432.jpg,.jpg,306,165,RGB,11.94
Plastik,plastik_R_10433.jpg,dataset\Plastik\plastik_R_10433.jpg,.jpg,290,174,RGB,7.63
Plastik,plastik_R_10434.jpg,dataset\Plastik\plastik_R_10434.jpg,.jpg,278,182,RGB,15.58
Plastik,plastik_R_10435.jpg,dataset\Plastik\plastik_R_10435.jpg,.jpg,275,183,RGB,13.13
Plastik,plastik_R_10436.jpg,dataset\Plastik\plastik_R_10436.jpg,.jpg,237,213,RGB,5.57
Plastik,plastik_R_10437.jpg,dataset\Plastik\plastik_R_10437.jpg,.jpg,225,225,RGB,10.61
Plastik,plastik_R_10438.jpg,dataset\Plastik\plastik_R_10438.jpg,.jpg,184,274,RGB,8.34
Plastik,plastik_R_10439.jpg,dataset\Plastik\plastik_R_10439.jpg,.jpg,275,183,RGB,7.72
Plastik,plastik_R_1044.jpg,dataset\Plastik\plastik_R_1044.jpg,.jpg,259,194,RGB,5.51
Plastik,plastik_R_10440.jpg,dataset\Plastik\plastik_R_10440.jpg,.jpg,225,225,RGB,11.57
Plastik,plastik_R_10441.jpg,dataset\Plastik\plastik_R_10441.jpg,.jpg,300,168,RGB,10.87
Plastik,plastik_R_10442.jpg,dataset\Plastik\plastik_R_10442.jpg,.jpg,225,225,RGB,12.29
Plastik,plastik_R_10443.jpg,dataset\Plastik\plastik_R_10443.jpg,.jpg,276,183,RGB,8.69
Plastik,plastik_R_10444.jpg,dataset\Plastik\plastik_R_10444.jpg,.jpg,300,168,RGB,13.26
Plastik,plastik_R_10445.jpg,dataset\Plastik\plastik_R_10445.jpg,.jpg,225,225,RGB,6.11
Plastik,plastik_R_10446.jpg,dataset\Plastik\plastik_R_10446.jpg,.jpg,246,205,RGB,2.92
Plastik,plastik_R_10447.jpg,dataset\Plastik\plastik_R_10447.jpg,.jpg,299,169,RGB,13.56
Plastik,plastik_R_10448.jpg,dataset\Plastik\plastik_R_10448.jpg,.jpg,225,225,RGB,6.58
Plastik,plastik_R_10449.jpg,dataset\Plastik\plastik_R_10449.jpg,.jpg,300,168,RGB,9.4
Plastik,plastik_R_1045.jpg,dataset\Plastik\plastik_R_1045.jpg,.jpg,297,169,RGB,8.86
Plastik,plastik_R_10450.jpg,dataset\Plastik\plastik_R_10450.jpg,.jpg,225,225,RGB,8.35
Plastik,plastik_R_10451.jpg,dataset\Plastik\plastik_R_10451.jpg,.jpg,275,183,RGB,13.55
Plastik,plastik_R_10452.jpg,dataset\Plastik\plastik_R_10452.jpg,.jpg,225,225,RGB,1.01
Plastik,plastik_R_10453.jpg,dataset\Plastik\plastik_R_10453.jpg,.jpg,225,225,RGB,7.81
Plastik,plastik_R_10454.jpg,dataset\Plastik\plastik_R_10454.jpg,.jpg,290,174,RGB,6.32
Plastik,plastik_R_10457.jpg,dataset\Plastik\plastik_R_10457.jpg,.jpg,231,218,RGB,16.11
Plastik,plastik_R_10458.jpg,dataset\Plastik\plastik_R_10458.jpg,.jpg,190,265,RGB,10.33
Plastik,plastik_R_10459.jpg,dataset\Plastik\plastik_R_10459.jpg,.jpg,320,158,P,12.12
Plastik,plastik_R_1046.jpg,dataset\Plastik\plastik_R_1046.jpg,.jpg,225,225,RGB,5.47
Plastik,plastik_R_10460.jpg,dataset\Plastik\plastik_R_10460.jpg,.jpg,259,194,RGB,12.05
Plastik,plastik_R_10461.jpg,dataset\Plastik\plastik_R_10461.jpg,.jpg,225,225,RGB,8.1
Plastik,plastik_R_10462.jpg,dataset\Plastik\plastik_R_10462.jpg,.jpg,275,183,RGB,8.99
Plastik,plastik_R_10463.jpg,dataset\Plastik\plastik_R_10463.jpg,.jpg,159,318,P,4.47
Plastik,plastik_R_10464.jpg,dataset\Plastik\plastik_R_10464.jpg,.jpg,458,110,P,3.79
Plastik,plastik_R_10465.jpg,dataset\Plastik\plastik_R_10465.jpg,.jpg,266,190,RGB,10.81
Plastik,plastik_R_10466.jpg,dataset\Plastik\plastik_R_10466.jpg,.jpg,246,205,RGB,16.76
Plastik,plastik_R_10467.jpg,dataset\Plastik\plastik_R_10467.jpg,.jpg,300,168,RGB,10.17
Plastik,plastik_R_10469.jpg,dataset\Plastik\plastik_R_10469.jpg,.jpg,275,183,RGB,12.13
Plastik,plastik_R_1047.jpg,dataset\Plastik\plastik_R_1047.jpg,.jpg,298,169,RGB,4.28
Plastik,plastik_R_10471.jpg,dataset\Plastik\plastik_R_10471.jpg,.jpg,300,168,RGB,11.52
Plastik,plastik_R_10472.jpg,dataset\Plastik\plastik_R_10472.jpg,.jpg,225,225,RGB,14.25
Plastik,plastik_R_10473.jpg,dataset\Plastik\plastik_R_10473.jpg,.jpg,225,225,RGB,10.96
Plastik,plastik_R_10474.jpg,dataset\Plastik\plastik_R_10474.jpg,.jpg,232,217,RGB,6.96
Plastik,plastik_R_10475.jpg,dataset\Plastik\plastik_R_10475.jpg,.jpg,194,259,RGB,11.2
Plastik,plastik_R_10476.jpg,dataset\Plastik\plastik_R_10476.jpg,.jpg,275,183,RGB,11.26
Plastik,plastik_R_10477.jpg,dataset\Plastik\plastik_R_10477.jpg,.jpg,275,183,RGB,17.42
Plastik,plastik_R_10478.jpg,dataset\Plastik\plastik_R_10478.jpg,.jpg,259,194,RGB,9.57
Plastik,plastik_R_10479.jpg,dataset\Plastik\plastik_R_10479.jpg,.jpg,183,275,RGB,3.38
Plastik,plastik_R_1048.jpg,dataset\Plastik\plastik_R_1048.jpg,.jpg,225,225,RGB,4.27
Plastik,plastik_R_10480.jpg,dataset\Plastik\plastik_R_10480.jpg,.jpg,283,178,RGB,22.98
Plastik,plastik_R_10481.jpg,dataset\Plastik\plastik_R_10481.jpg,.jpg,275,183,RGB,18.38
Plastik,plastik_R_10482.jpg,dataset\Plastik\plastik_R_10482.jpg,.jpg,225,225,RGB,5.87
Plastik,plastik_R_10483.jpg,dataset\Plastik\plastik_R_10483.jpg,.jpg,225,225,RGB,1.56
Plastik,plastik_R_10484.jpg,dataset\Plastik\plastik_R_10484.jpg,.jpg,299,169,RGB,16.18
Plastik,plastik_R_10485.jpg,dataset\Plastik\plastik_R_10485.jpg,.jpg,276,183,P,3.62
Plastik,plastik_R_10487.jpg,dataset\Plastik\plastik_R_10487.jpg,.jpg,311,162,RGB,9.7
Plastik,plastik_R_10489.jpg,dataset\Plastik\plastik_R_10489.jpg,.jpg,252,200,RGB,13.5
Plastik,plastik_R_1049.jpg,dataset\Plastik\plastik_R_1049.jpg,.jpg,318,159,RGB,10.89
Plastik,plastik_R_10490.jpg,dataset\Plastik\plastik_R_10490.jpg,.jpg,225,225,RGB,12.79
Plastik,plastik_R_10491.jpg,dataset\Plastik\plastik_R_10491.jpg,.jpg,277,182,RGB,16.3
Plastik,plastik_R_10492.jpg,dataset\Plastik\plastik_R_10492.jpg,.jpg,259,194,RGB,16.11
Plastik,plastik_R_10493.jpg,dataset\Plastik\plastik_R_10493.jpg,.jpg,300,168,RGB,11.19
Plastik,plastik_R_10494.jpg,dataset\Plastik\plastik_R_10494.jpg,.jpg,275,183,RGB,19.76
Plastik,plastik_R_10495.jpg,dataset\Plastik\plastik_R_10495.jpg,.jpg,315,160,RGB,6.66
Plastik,plastik_R_10496.jpg,dataset\Plastik\plastik_R_10496.jpg,.jpg,225,225,RGB,4.87
Plastik,plastik_R_10497.jpg,dataset\Plastik\plastik_R_10497.jpg,.jpg,275,183,RGB,6.71
Plastik,plastik_R_10498.jpg,dataset\Plastik\plastik_R_10498.jpg,.jpg,265,190,RGB,12.39
Plastik,plastik_R_10499.jpg,dataset\Plastik\plastik_R_10499.jpg,.jpg,200,200,RGB,2.12
Plastik,plastik_R_105.jpg,dataset\Plastik\plastik_R_105.jpg,.jpg,274,184,RGB,2.05
Plastik,plastik_R_1050.jpg,dataset\Plastik\plastik_R_1050.jpg,.jpg,275,183,RGB,13.74
Plastik,plastik_R_10500.jpg,dataset\Plastik\plastik_R_10500.jpg,.jpg,225,225,RGB,12.98
Plastik,plastik_R_10502.jpg,dataset\Plastik\plastik_R_10502.jpg,.jpg,225,225,RGB,13.18
Plastik,plastik_R_10503.jpg,dataset\Plastik\plastik_R_10503.jpg,.jpg,225,225,RGB,5.88
Plastik,plastik_R_10504.jpg,dataset\Plastik\plastik_R_10504.jpg,.jpg,259,194,RGB,17.67
Plastik,plastik_R_10505.jpg,dataset\Plastik\plastik_R_10505.jpg,.jpg,225,225,RGB,4.65
Plastik,plastik_R_10506.jpg,dataset\Plastik\plastik_R_10506.jpg,.jpg,320,158,RGB,7.26
Plastik,plastik_R_10507.jpg,dataset\Plastik\plastik_R_10507.jpg,.jpg,225,225,RGB,9.65
Plastik,plastik_R_10508.jpg,dataset\Plastik\plastik_R_10508.jpg,.jpg,284,177,RGB,8.31
Plastik,plastik_R_10509.jpg,dataset\Plastik\plastik_R_10509.jpg,.jpg,268,188,RGB,13.29
Plastik,plastik_R_1051.jpg,dataset\Plastik\plastik_R_1051.jpg,.jpg,289,174,RGB,7.53
Plastik,plastik_R_10510.jpg,dataset\Plastik\plastik_R_10510.jpg,.jpg,217,232,RGB,9.26
Plastik,plastik_R_10511.jpg,dataset\Plastik\plastik_R_10511.jpg,.jpg,348,145,RGB,8.61
Plastik,plastik_R_10512.jpg,dataset\Plastik\plastik_R_10512.jpg,.jpg,300,168,RGB,9.43
Plastik,plastik_R_10515.jpg,dataset\Plastik\plastik_R_10515.jpg,.jpg,258,195,RGB,4.0
Plastik,plastik_R_10517.jpg,dataset\Plastik\plastik_R_10517.jpg,.jpg,235,214,RGB,8.63
Plastik,plastik_R_10518.jpg,dataset\Plastik\plastik_R_10518.jpg,.jpg,225,225,RGB,10.18
Plastik,plastik_R_10519.jpg,dataset\Plastik\plastik_R_10519.jpg,.jpg,224,224,RGB,4.36
Plastik,plastik_R_1052.jpg,dataset\Plastik\plastik_R_1052.jpg,.jpg,300,168,RGB,15.58
Plastik,plastik_R_10521.jpg,dataset\Plastik\plastik_R_10521.jpg,.jpg,275,183,RGB,21.89
Plastik,plastik_R_10522.jpg,dataset\Plastik\plastik_R_10522.jpg,.jpg,308,164,RGB,9.1
Plastik,plastik_R_10523.jpg,dataset\Plastik\plastik_R_10523.jpg,.jpg,299,168,RGB,12.03
Plastik,plastik_R_10524.jpg,dataset\Plastik\plastik_R_10524.jpg,.jpg,225,225,RGB,9.09
Plastik,plastik_R_10527.jpg,dataset\Plastik\plastik_R_10527.jpg,.jpg,300,168,RGB,8.02
Plastik,plastik_R_10528.jpg,dataset\Plastik\plastik_R_10528.jpg,.jpg,225,225,RGB,7.2
Plastik,plastik_R_10529.jpg,dataset\Plastik\plastik_R_10529.jpg,.jpg,285,177,RGB,17.64
Plastik,plastik_R_1053.jpg,dataset\Plastik\plastik_R_1053.jpg,.jpg,300,168,RGB,7.03
Plastik,plastik_R_10530.jpg,dataset\Plastik\plastik_R_10530.jpg,.jpg,180,195,RGB,6.44
Plastik,plastik_R_10531.jpg,dataset\Plastik\plastik_R_10531.jpg,.jpg,225,225,RGB,13.55
Plastik,plastik_R_10532.jpg,dataset\Plastik\plastik_R_10532.jpg,.jpg,380,132,RGB,6.78
Plastik,plastik_R_10533.jpg,dataset\Plastik\plastik_R_10533.jpg,.jpg,254,199,RGB,6.4
Plastik,plastik_R_10534.jpg,dataset\Plastik\plastik_R_10534.jpg,.jpg,275,183,RGB,7.49
Plastik,plastik_R_10535.jpg,dataset\Plastik\plastik_R_10535.jpg,.jpg,310,163,RGB,7.96
Plastik,plastik_R_10536.jpg,dataset\Plastik\plastik_R_10536.jpg,.jpg,225,225,RGB,6.85
Plastik,plastik_R_10537.jpg,dataset\Plastik\plastik_R_10537.jpg,.jpg,194,259,RGB,9.61
Plastik,plastik_R_10538.jpg,dataset\Plastik\plastik_R_10538.jpg,.jpg,337,150,RGB,20.03
Plastik,plastik_R_10539.jpg,dataset\Plastik\plastik_R_10539.jpg,.jpg,225,225,RGB,3.58
Plastik,plastik_R_1054.jpg,dataset\Plastik\plastik_R_1054.jpg,.jpg,300,168,RGB,12.87
Plastik,plastik_R_10540.jpg,dataset\Plastik\plastik_R_10540.jpg,.jpg,283,178,RGB,17.39
Plastik,plastik_R_10541.jpg,dataset\Plastik\plastik_R_10541.jpg,.jpg,220,229,P,3.86
Plastik,plastik_R_10542.jpg,dataset\Plastik\plastik_R_10542.jpg,.jpg,331,152,RGB,8.03
Plastik,plastik_R_10543.jpg,dataset\Plastik\plastik_R_10543.jpg,.jpg,275,183,RGB,14.36
Plastik,plastik_R_10544.jpg,dataset\Plastik\plastik_R_10544.jpg,.jpg,259,194,RGB,5.27
Plastik,plastik_R_10545.jpg,dataset\Plastik\plastik_R_10545.jpg,.jpg,225,225,RGB,5.86
Plastik,plastik_R_10546.jpg,dataset\Plastik\plastik_R_10546.jpg,.jpg,187,270,RGB,19.89
Plastik,plastik_R_10547.jpg,dataset\Plastik\plastik_R_10547.jpg,.jpg,236,213,RGB,2.16
Plastik,plastik_R_10548.jpg,dataset\Plastik\plastik_R_10548.jpg,.jpg,180,180,RGB,7.29
Plastik,plastik_R_1055.jpg,dataset\Plastik\plastik_R_1055.jpg,.jpg,300,168,RGB,17.39
Plastik,plastik_R_10550.jpg,dataset\Plastik\plastik_R_10550.jpg,.jpg,300,168,RGB,10.89
Plastik,plastik_R_10551.jpg,dataset\Plastik\plastik_R_10551.jpg,.jpg,259,194,RGB,6.96
Plastik,plastik_R_10552.jpg,dataset\Plastik\plastik_R_10552.jpg,.jpg,263,191,RGB,14.53
Plastik,plastik_R_10553.jpg,dataset\Plastik\plastik_R_10553.jpg,.jpg,275,183,RGB,3.76
Plastik,plastik_R_10554.jpg,dataset\Plastik\plastik_R_10554.jpg,.jpg,306,165,RGB,17.23
Plastik,plastik_R_10555.jpg,dataset\Plastik\plastik_R_10555.jpg,.jpg,275,183,RGB,12.61
Plastik,plastik_R_10556.jpg,dataset\Plastik\plastik_R_10556.jpg,.jpg,224,225,RGB,8.65
Plastik,plastik_R_10557.jpg,dataset\Plastik\plastik_R_10557.jpg,.jpg,240,210,RGB,19.23
Plastik,plastik_R_10558.jpg,dataset\Plastik\plastik_R_10558.jpg,.jpg,225,225,RGB,16.14
Plastik,plastik_R_10559.jpg,dataset\Plastik\plastik_R_10559.jpg,.jpg,276,183,RGB,8.48
Plastik,plastik_R_1056.jpg,dataset\Plastik\plastik_R_1056.jpg,.jpg,225,225,RGB,7.23
Plastik,plastik_R_10560.jpg,dataset\Plastik\plastik_R_10560.jpg,.jpg,268,188,RGB,13.98
Plastik,plastik_R_10561.jpg,dataset\Plastik\plastik_R_10561.jpg,.jpg,300,168,RGB,12.96
Plastik,plastik_R_10562.jpg,dataset\Plastik\plastik_R_10562.jpg,.jpg,220,147,RGB,4.11
Plastik,plastik_R_10563.jpg,dataset\Plastik\plastik_R_10563.jpg,.jpg,225,225,RGB,7.2
Plastik,plastik_R_10564.jpg,dataset\Plastik\plastik_R_10564.jpg,.jpg,171,294,RGB,4.01
Plastik,plastik_R_10565.jpg,dataset\Plastik\plastik_R_10565.jpg,.jpg,259,194,RGB,5.16
Plastik,plastik_R_10566.jpg,dataset\Plastik\plastik_R_10566.jpg,.jpg,258,195,RGB,7.47
Plastik,plastik_R_10567.jpg,dataset\Plastik\plastik_R_10567.jpg,.jpg,389,129,RGB,9.35
Plastik,plastik_R_10568.jpg,dataset\Plastik\plastik_R_10568.jpg,.jpg,225,225,RGB,14.15
Plastik,plastik_R_10569.jpg,dataset\Plastik\plastik_R_10569.jpg,.jpg,299,169,RGB,10.41
Plastik,plastik_R_1057.jpg,dataset\Plastik\plastik_R_1057.jpg,.jpg,326,155,RGB,4.88
Plastik,plastik_R_10570.jpg,dataset\Plastik\plastik_R_10570.jpg,.jpg,179,281,RGB,8.89
Plastik,plastik_R_10571.jpg,dataset\Plastik\plastik_R_10571.jpg,.jpg,275,184,RGB,6.06
Plastik,plastik_R_10572.jpg,dataset\Plastik\plastik_R_10572.jpg,.jpg,227,223,RGB,6.97
Plastik,plastik_R_10573.jpg,dataset\Plastik\plastik_R_10573.jpg,.jpg,225,225,RGB,5.38
Plastik,plastik_R_10574.jpg,dataset\Plastik\plastik_R_10574.jpg,.jpg,312,162,RGB,10.08
Plastik,plastik_R_10575.jpg,dataset\Plastik\plastik_R_10575.jpg,.jpg,275,183,RGB,11.66
Plastik,plastik_R_10576.jpg,dataset\Plastik\plastik_R_10576.jpg,.jpg,335,151,RGB,10.56
Plastik,plastik_R_10577.jpg,dataset\Plastik\plastik_R_10577.jpg,.jpg,328,153,RGB,12.7
Plastik,plastik_R_10578.jpg,dataset\Plastik\plastik_R_10578.jpg,.jpg,280,180,RGB,11.59
Plastik,plastik_R_1058.jpg,dataset\Plastik\plastik_R_1058.jpg,.jpg,275,183,RGB,10.95
Plastik,plastik_R_10580.jpg,dataset\Plastik\plastik_R_10580.jpg,.jpg,225,225,RGB,8.65
Plastik,plastik_R_10581.jpg,dataset\Plastik\plastik_R_10581.jpg,.jpg,225,225,RGB,2.58
Plastik,plastik_R_10582.jpg,dataset\Plastik\plastik_R_10582.jpg,.jpg,225,225,RGB,2.96
Plastik,plastik_R_10583.jpg,dataset\Plastik\plastik_R_10583.jpg,.jpg,194,259,RGB,2.23
Plastik,plastik_R_10584.jpg,dataset\Plastik\plastik_R_10584.jpg,.jpg,275,183,RGB,19.14
Plastik,plastik_R_10585.jpg,dataset\Plastik\plastik_R_10585.jpg,.jpg,286,176,RGB,11.81
Plastik,plastik_R_10586.jpg,dataset\Plastik\plastik_R_10586.jpg,.jpg,275,183,RGB,5.4
Plastik,plastik_R_10587.jpg,dataset\Plastik\plastik_R_10587.jpg,.jpg,351,143,RGB,9.12
Plastik,plastik_R_10588.jpg,dataset\Plastik\plastik_R_10588.jpg,.jpg,299,169,RGB,9.09
Plastik,plastik_R_10589.jpg,dataset\Plastik\plastik_R_10589.jpg,.jpg,189,267,RGB,12.73
Plastik,plastik_R_1059.jpg,dataset\Plastik\plastik_R_1059.jpg,.jpg,318,159,RGB,9.03
Plastik,plastik_R_10590.jpg,dataset\Plastik\plastik_R_10590.jpg,.jpg,220,229,RGB,10.44
Plastik,plastik_R_10592.jpg,dataset\Plastik\plastik_R_10592.jpg,.jpg,319,158,RGB,13.49
Plastik,plastik_R_10593.jpg,dataset\Plastik\plastik_R_10593.jpg,.jpg,300,168,RGB,6.91
Plastik,plastik_R_10594.jpg,dataset\Plastik\plastik_R_10594.jpg,.jpg,225,225,RGB,6.96
Plastik,plastik_R_10595.jpg,dataset\Plastik\plastik_R_10595.jpg,.jpg,225,225,RGB,7.91
Plastik,plastik_R_10596.jpg,dataset\Plastik\plastik_R_10596.jpg,.jpg,299,168,RGB,15.48
Plastik,plastik_R_10597.jpg,dataset\Plastik\plastik_R_10597.jpg,.jpg,224,224,RGB,7.65
Plastik,plastik_R_10599.jpg,dataset\Plastik\plastik_R_10599.jpg,.jpg,276,183,RGB,9.1
Plastik,plastik_R_106.jpg,dataset\Plastik\plastik_R_106.jpg,.jpg,225,225,RGB,4.33
Plastik,plastik_R_1060.jpg,dataset\Plastik\plastik_R_1060.jpg,.jpg,274,184,RGB,8.87
Plastik,plastik_R_10600.jpg,dataset\Plastik\plastik_R_10600.jpg,.jpg,225,225,RGB,10.14
Plastik,plastik_R_10601.jpg,dataset\Plastik\plastik_R_10601.jpg,.jpg,300,168,RGB,11.43
Plastik,plastik_R_10602.jpg,dataset\Plastik\plastik_R_10602.jpg,.jpg,275,183,RGB,4.58
Plastik,plastik_R_10603.jpg,dataset\Plastik\plastik_R_10603.jpg,.jpg,225,225,RGB,7.66
Plastik,plastik_R_10604.jpg,dataset\Plastik\plastik_R_10604.jpg,.jpg,276,183,RGB,0.99
Plastik,plastik_R_10605.jpg,dataset\Plastik\plastik_R_10605.jpg,.jpg,292,173,RGB,10.98
Plastik,plastik_R_10606.jpg,dataset\Plastik\plastik_R_10606.jpg,.jpg,303,166,RGB,10.7
Plastik,plastik_R_10607.jpg,dataset\Plastik\plastik_R_10607.jpg,.jpg,183,275,RGB,2.42
Plastik,plastik_R_10608.jpg,dataset\Plastik\plastik_R_10608.jpg,.jpg,224,224,RGB,6.71
Plastik,plastik_R_10609.jpg,dataset\Plastik\plastik_R_10609.jpg,.jpg,225,225,RGB,12.52
Plastik,plastik_R_1061.jpg,dataset\Plastik\plastik_R_1061.jpg,.jpg,275,183,RGB,5.16
Plastik,plastik_R_10610.jpg,dataset\Plastik\plastik_R_10610.jpg,.jpg,275,183,RGB,7.47
Plastik,plastik_R_10611.jpg,dataset\Plastik\plastik_R_10611.jpg,.jpg,300,168,RGB,10.65
Plastik,plastik_R_10613.jpg,dataset\Plastik\plastik_R_10613.jpg,.jpg,225,225,RGB,14.22
Plastik,plastik_R_10615.jpg,dataset\Plastik\plastik_R_10615.jpg,.jpg,259,194,RGB,7.48
Plastik,plastik_R_10616.jpg,dataset\Plastik\plastik_R_10616.jpg,.jpg,275,183,RGB,8.5
Plastik,plastik_R_10617.jpg,dataset\Plastik\plastik_R_10617.jpg,.jpg,194,259,RGB,5.36
Plastik,plastik_R_10618.jpg,dataset\Plastik\plastik_R_10618.jpg,.jpg,225,225,RGB,3.64
Plastik,plastik_R_10619.jpg,dataset\Plastik\plastik_R_10619.jpg,.jpg,225,225,RGB,10.05
Plastik,plastik_R_1062.jpg,dataset\Plastik\plastik_R_1062.jpg,.jpg,300,168,RGB,2.79
Plastik,plastik_R_10621.jpg,dataset\Plastik\plastik_R_10621.jpg,.jpg,325,155,RGB,10.65
Plastik,plastik_R_10622.jpg,dataset\Plastik\plastik_R_10622.jpg,.jpg,311,162,RGB,8.04
Plastik,plastik_R_10623.jpg,dataset\Plastik\plastik_R_10623.jpg,.jpg,300,168,RGB,7.73
Plastik,plastik_R_10624.jpg,dataset\Plastik\plastik_R_10624.jpg,.jpg,276,183,RGB,16.02
Plastik,plastik_R_10625.jpg,dataset\Plastik\plastik_R_10625.jpg,.jpg,302,167,RGB,8.76
Plastik,plastik_R_10626.jpg,dataset\Plastik\plastik_R_10626.jpg,.jpg,225,201,RGB,7.54
Plastik,plastik_R_10627.jpg,dataset\Plastik\plastik_R_10627.jpg,.jpg,181,278,RGB,5.74
Plastik,plastik_R_10628.jpg,dataset\Plastik\plastik_R_10628.jpg,.jpg,290,174,RGB,10.96
Plastik,plastik_R_10629.jpg,dataset\Plastik\plastik_R_10629.jpg,.jpg,288,175,RGB,14.77
Plastik,plastik_R_1063.jpg,dataset\Plastik\plastik_R_1063.jpg,.jpg,246,205,RGB,14.17
Plastik,plastik_R_10630.jpg,dataset\Plastik\plastik_R_10630.jpg,.jpg,298,169,RGB,15.41
Plastik,plastik_R_10631.jpg,dataset\Plastik\plastik_R_10631.jpg,.jpg,225,225,P,2.26
Plastik,plastik_R_10632.jpg,dataset\Plastik\plastik_R_10632.jpg,.jpg,252,200,RGB,8.78
Plastik,plastik_R_10633.jpg,dataset\Plastik\plastik_R_10633.jpg,.jpg,275,183,RGB,19.66
Plastik,plastik_R_10634.jpg,dataset\Plastik\plastik_R_10634.jpg,.jpg,300,168,RGB,14.19
Plastik,plastik_R_10636.jpg,dataset\Plastik\plastik_R_10636.jpg,.jpg,220,229,P,5.46
Plastik,plastik_R_10637.jpg,dataset\Plastik\plastik_R_10637.jpg,.jpg,200,148,RGB,4.89
Plastik,plastik_R_10639.jpg,dataset\Plastik\plastik_R_10639.jpg,.jpg,299,168,RGB,9.14
Plastik,plastik_R_1064.jpg,dataset\Plastik\plastik_R_1064.jpg,.jpg,290,174,RGB,12.68
Plastik,plastik_R_10640.jpg,dataset\Plastik\plastik_R_10640.jpg,.jpg,252,200,RGB,8.82
Plastik,plastik_R_10642.jpg,dataset\Plastik\plastik_R_10642.jpg,.jpg,259,194,RGB,7.33
Plastik,plastik_R_10643.jpg,dataset\Plastik\plastik_R_10643.jpg,.jpg,246,205,RGB,5.5
Plastik,plastik_R_10644.jpg,dataset\Plastik\plastik_R_10644.jpg,.jpg,275,183,RGB,17.14
Plastik,plastik_R_10645.jpg,dataset\Plastik\plastik_R_10645.jpg,.jpg,271,186,RGB,5.28
Plastik,plastik_R_10646.jpg,dataset\Plastik\plastik_R_10646.jpg,.jpg,225,225,RGB,2.88
Plastik,plastik_R_10647.jpg,dataset\Plastik\plastik_R_10647.jpg,.jpg,293,172,RGB,8.79
Plastik,plastik_R_10648.jpg,dataset\Plastik\plastik_R_10648.jpg,.jpg,285,177,RGB,10.89
Plastik,plastik_R_10649.jpg,dataset\Plastik\plastik_R_10649.jpg,.jpg,308,163,RGB,5.77
Plastik,plastik_R_1065.jpg,dataset\Plastik\plastik_R_1065.jpg,.jpg,275,183,RGB,14.76
Plastik,plastik_R_10650.jpg,dataset\Plastik\plastik_R_10650.jpg,.jpg,299,168,RGB,10.18
Plastik,plastik_R_10651.jpg,dataset\Plastik\plastik_R_10651.jpg,.jpg,225,225,RGB,4.95
Plastik,plastik_R_10652.jpg,dataset\Plastik\plastik_R_10652.jpg,.jpg,183,275,RGB,11.23
Plastik,plastik_R_10653.jpg,dataset\Plastik\plastik_R_10653.jpg,.jpg,275,183,RGB,5.42
Plastik,plastik_R_10654.jpg,dataset\Plastik\plastik_R_10654.jpg,.jpg,225,225,P,3.04
Plastik,plastik_R_10655.jpg,dataset\Plastik\plastik_R_10655.jpg,.jpg,276,182,RGB,11.21
Plastik,plastik_R_10656.jpg,dataset\Plastik\plastik_R_10656.jpg,.jpg,225,225,RGB,5.47
Plastik,plastik_R_10658.jpg,dataset\Plastik\plastik_R_10658.jpg,.jpg,303,166,RGB,8.46
Plastik,plastik_R_1066.jpg,dataset\Plastik\plastik_R_1066.jpg,.jpg,261,193,RGB,12.28
Plastik,plastik_R_10661.jpg,dataset\Plastik\plastik_R_10661.jpg,.jpg,259,194,RGB,8.17
Plastik,plastik_R_10664.jpg,dataset\Plastik\plastik_R_10664.jpg,.jpg,286,176,RGB,13.71
Plastik,plastik_R_10665.jpg,dataset\Plastik\plastik_R_10665.jpg,.jpg,284,177,RGB,1.98
Plastik,plastik_R_10666.jpg,dataset\Plastik\plastik_R_10666.jpg,.jpg,194,259,RGB,5.21
Plastik,plastik_R_10668.jpg,dataset\Plastik\plastik_R_10668.jpg,.jpg,206,245,RGB,9.26
Plastik,plastik_R_10669.jpg,dataset\Plastik\plastik_R_10669.jpg,.jpg,247,204,RGB,8.76
Plastik,plastik_R_1067.jpg,dataset\Plastik\plastik_R_1067.jpg,.jpg,263,192,RGB,9.16
Plastik,plastik_R_10670.jpg,dataset\Plastik\plastik_R_10670.jpg,.jpg,225,225,RGB,19.2
Plastik,plastik_R_10671.jpg,dataset\Plastik\plastik_R_10671.jpg,.jpg,225,225,RGB,3.76
Plastik,plastik_R_10672.jpg,dataset\Plastik\plastik_R_10672.jpg,.jpg,183,275,RGB,11.06
Plastik,plastik_R_10673.jpg,dataset\Plastik\plastik_R_10673.jpg,.jpg,284,177,RGB,4.54
Plastik,plastik_R_10674.jpg,dataset\Plastik\plastik_R_10674.jpg,.jpg,225,225,RGB,2.27
Plastik,plastik_R_10675.jpg,dataset\Plastik\plastik_R_10675.jpg,.jpg,266,189,RGB,16.89
Plastik,plastik_R_10676.jpg,dataset\Plastik\plastik_R_10676.jpg,.jpg,165,306,RGB,1.77
Plastik,plastik_R_10677.jpg,dataset\Plastik\plastik_R_10677.jpg,.jpg,259,194,RGB,6.98
Plastik,plastik_R_10678.jpg,dataset\Plastik\plastik_R_10678.jpg,.jpg,274,184,RGB,9.71
Plastik,plastik_R_10679.jpg,dataset\Plastik\plastik_R_10679.jpg,.jpg,263,192,RGB,7.35
Plastik,plastik_R_1068.jpg,dataset\Plastik\plastik_R_1068.jpg,.jpg,275,183,RGB,4.04
Plastik,plastik_R_10680.jpg,dataset\Plastik\plastik_R_10680.jpg,.jpg,276,182,RGB,9.32
Plastik,plastik_R_10681.jpg,dataset\Plastik\plastik_R_10681.jpg,.jpg,248,203,RGB,13.47
Plastik,plastik_R_10682.jpg,dataset\Plastik\plastik_R_10682.jpg,.jpg,260,194,RGB,8.07
Plastik,plastik_R_10683.jpg,dataset\Plastik\plastik_R_10683.jpg,.jpg,225,225,RGB,5.04
Plastik,plastik_R_10684.jpg,dataset\Plastik\plastik_R_10684.jpg,.jpg,225,225,RGB,8.25
Plastik,plastik_R_10685.jpg,dataset\Plastik\plastik_R_10685.jpg,.jpg,204,247,RGB,12.11
Plastik,plastik_R_10686.jpg,dataset\Plastik\plastik_R_10686.jpg,.jpg,225,225,RGB,9.45
Plastik,plastik_R_10687.jpg,dataset\Plastik\plastik_R_10687.jpg,.jpg,300,168,RGB,8.07
Plastik,plastik_R_10688.jpg,dataset\Plastik\plastik_R_10688.jpg,.jpg,225,225,RGB,14.29
Plastik,plastik_R_10689.jpg,dataset\Plastik\plastik_R_10689.jpg,.jpg,225,225,RGB,15.72
Plastik,plastik_R_1069.jpg,dataset\Plastik\plastik_R_1069.jpg,.jpg,225,225,RGB,3.82
Plastik,plastik_R_10690.jpg,dataset\Plastik\plastik_R_10690.jpg,.jpg,275,183,RGB,5.25
Plastik,plastik_R_10691.jpg,dataset\Plastik\plastik_R_10691.jpg,.jpg,183,275,RGB,3.49
Plastik,plastik_R_10692.jpg,dataset\Plastik\plastik_R_10692.jpg,.jpg,225,225,RGB,10.08
Plastik,plastik_R_10693.jpg,dataset\Plastik\plastik_R_10693.jpg,.jpg,225,225,RGB,5.21
Plastik,plastik_R_10694.jpg,dataset\Plastik\plastik_R_10694.jpg,.jpg,273,185,RGB,14.18
Plastik,plastik_R_10695.jpg,dataset\Plastik\plastik_R_10695.jpg,.jpg,200,200,RGB,8.58
Plastik,plastik_R_10696.jpg,dataset\Plastik\plastik_R_10696.jpg,.jpg,289,174,RGB,9.79
Plastik,plastik_R_10697.jpg,dataset\Plastik\plastik_R_10697.jpg,.jpg,280,180,RGB,25.8
Plastik,plastik_R_10698.jpg,dataset\Plastik\plastik_R_10698.jpg,.jpg,259,194,RGB,7.28
Plastik,plastik_R_10699.jpg,dataset\Plastik\plastik_R_10699.jpg,.jpg,244,207,RGB,10.79
Plastik,plastik_R_107.jpg,dataset\Plastik\plastik_R_107.jpg,.jpg,275,183,RGB,3.43
Plastik,plastik_R_1070.jpg,dataset\Plastik\plastik_R_1070.jpg,.jpg,280,180,RGB,5.65
Plastik,plastik_R_10700.jpg,dataset\Plastik\plastik_R_10700.jpg,.jpg,224,224,RGB,10.34
Plastik,plastik_R_10701.jpg,dataset\Plastik\plastik_R_10701.jpg,.jpg,199,253,RGB,3.96
Plastik,plastik_R_10702.jpg,dataset\Plastik\plastik_R_10702.jpg,.jpg,299,169,RGB,5.21
Plastik,plastik_R_10703.jpg,dataset\Plastik\plastik_R_10703.jpg,.jpg,300,168,RGB,6.67
Plastik,plastik_R_10704.jpg,dataset\Plastik\plastik_R_10704.jpg,.jpg,537,94,RGB,14.91
Plastik,plastik_R_10705.jpg,dataset\Plastik\plastik_R_10705.jpg,.jpg,211,239,RGB,4.54
Plastik,plastik_R_10706.jpg,dataset\Plastik\plastik_R_10706.jpg,.jpg,225,225,RGB,1.55
Plastik,plastik_R_10707.jpg,dataset\Plastik\plastik_R_10707.jpg,.jpg,348,145,RGB,5.62
Plastik,plastik_R_10708.jpg,dataset\Plastik\plastik_R_10708.jpg,.jpg,293,172,RGB,14.05
Plastik,plastik_R_10709.jpg,dataset\Plastik\plastik_R_10709.jpg,.jpg,300,168,RGB,6.17
Plastik,plastik_R_1071.jpg,dataset\Plastik\plastik_R_1071.jpg,.jpg,399,126,RGB,8.37
Plastik,plastik_R_10710.jpg,dataset\Plastik\plastik_R_10710.jpg,.jpg,205,246,RGB,10.93
Plastik,plastik_R_10711.jpg,dataset\Plastik\plastik_R_10711.jpg,.jpg,160,160,RGB,3.53
Plastik,plastik_R_10713.jpg,dataset\Plastik\plastik_R_10713.jpg,.jpg,267,189,RGB,10.55
Plastik,plastik_R_10719.jpg,dataset\Plastik\plastik_R_10719.jpg,.jpg,225,225,RGB,9.55
Plastik,plastik_R_1072.jpg,dataset\Plastik\plastik_R_1072.jpg,.jpg,225,225,RGB,5.98
Plastik,plastik_R_10720.jpg,dataset\Plastik\plastik_R_10720.jpg,.jpg,275,183,RGB,5.41
Plastik,plastik_R_10721.jpg,dataset\Plastik\plastik_R_10721.jpg,.jpg,201,251,RGB,20.79
Plastik,plastik_R_10722.jpg,dataset\Plastik\plastik_R_10722.jpg,.jpg,275,183,RGB,9.05
Plastik,plastik_R_10723.jpg,dataset\Plastik\plastik_R_10723.jpg,.jpg,297,170,RGB,7.89
Plastik,plastik_R_10724.jpg,dataset\Plastik\plastik_R_10724.jpg,.jpg,225,225,RGB,9.34
Plastik,plastik_R_10728.jpg,dataset\Plastik\plastik_R_10728.jpg,.jpg,190,265,RGB,16.78
Plastik,plastik_R_10729.jpg,dataset\Plastik\plastik_R_10729.jpg,.jpg,300,168,RGB,13.92
Plastik,plastik_R_1073.jpg,dataset\Plastik\plastik_R_1073.jpg,.jpg,247,204,RGB,7.7
Plastik,plastik_R_10730.jpg,dataset\Plastik\plastik_R_10730.jpg,.jpg,341,148,RGB,13.11
Plastik,plastik_R_10731.jpg,dataset\Plastik\plastik_R_10731.jpg,.jpg,225,225,RGB,12.24
Plastik,plastik_R_10732.jpg,dataset\Plastik\plastik_R_10732.jpg,.jpg,275,183,RGB,6.05
Plastik,plastik_R_1074.jpg,dataset\Plastik\plastik_R_1074.jpg,.jpg,318,159,RGB,9.9
Plastik,plastik_R_1075.jpg,dataset\Plastik\plastik_R_1075.jpg,.jpg,315,160,RGB,9.75
Plastik,plastik_R_1076.jpg,dataset\Plastik\plastik_R_1076.jpg,.jpg,275,183,RGB,7.96
Plastik,plastik_R_1077.jpg,dataset\Plastik\plastik_R_1077.jpg,.jpg,294,172,RGB,4.09
Plastik,plastik_R_1078.jpg,dataset\Plastik\plastik_R_1078.jpg,.jpg,286,176,RGB,9.52
Plastik,plastik_R_1079.jpg,dataset\Plastik\plastik_R_1079.jpg,.jpg,279,181,RGB,11.86
Plastik,plastik_R_108.jpg,dataset\Plastik\plastik_R_108.jpg,.jpg,183,275,RGB,5.69
Plastik,plastik_R_1080.jpg,dataset\Plastik\plastik_R_1080.jpg,.jpg,225,225,RGB,4.74
Plastik,plastik_R_1081.jpg,dataset\Plastik\plastik_R_1081.jpg,.jpg,275,183,RGB,9.78
Plastik,plastik_R_1082.jpg,dataset\Plastik\plastik_R_1082.jpg,.jpg,275,183,RGB,11.93
Plastik,plastik_R_1083.jpg,dataset\Plastik\plastik_R_1083.jpg,.jpg,225,225,RGB,4.29
Plastik,plastik_R_1084.jpg,dataset\Plastik\plastik_R_1084.jpg,.jpg,225,225,RGB,1.92
Plastik,plastik_R_1085.jpg,dataset\Plastik\plastik_R_1085.jpg,.jpg,190,265,RGB,6.33
Plastik,plastik_R_1086.jpg,dataset\Plastik\plastik_R_1086.jpg,.jpg,246,205,RGB,9.52
Plastik,plastik_R_1087.jpg,dataset\Plastik\plastik_R_1087.jpg,.jpg,225,225,RGB,1.16
Plastik,plastik_R_1088.jpg,dataset\Plastik\plastik_R_1088.jpg,.jpg,244,206,RGB,2.33
Plastik,plastik_R_1089.jpg,dataset\Plastik\plastik_R_1089.jpg,.jpg,225,225,RGB,5.96
Plastik,plastik_R_109.jpg,dataset\Plastik\plastik_R_109.jpg,.jpg,188,268,RGB,7.25
Plastik,plastik_R_1090.jpg,dataset\Plastik\plastik_R_1090.jpg,.jpg,227,152,RGB,11.59
Plastik,plastik_R_1091.jpg,dataset\Plastik\plastik_R_1091.jpg,.jpg,225,225,RGB,6.32
Plastik,plastik_R_1092.jpg,dataset\Plastik\plastik_R_1092.jpg,.jpg,224,224,RGB,8.39
Plastik,plastik_R_1093.jpg,dataset\Plastik\plastik_R_1093.jpg,.jpg,274,184,RGB,8.43
Plastik,plastik_R_1094.jpg,dataset\Plastik\plastik_R_1094.jpg,.jpg,281,179,RGB,15.75
Plastik,plastik_R_1095.jpg,dataset\Plastik\plastik_R_1095.jpg,.jpg,290,174,RGB,9.26
Plastik,plastik_R_1096.jpg,dataset\Plastik\plastik_R_1096.jpg,.jpg,241,209,RGB,9.95
Plastik,plastik_R_1097.jpg,dataset\Plastik\plastik_R_1097.jpg,.jpg,234,216,RGB,6.34
Plastik,plastik_R_1098.jpg,dataset\Plastik\plastik_R_1098.jpg,.jpg,220,229,RGB,14.25
Plastik,plastik_R_1099.jpg,dataset\Plastik\plastik_R_1099.jpg,.jpg,275,183,RGB,7.17
Plastik,plastik_R_11.jpg,dataset\Plastik\plastik_R_11.jpg,.jpg,275,183,RGB,4.88
Plastik,plastik_R_110.jpg,dataset\Plastik\plastik_R_110.jpg,.jpg,180,179,RGB,11.52
Plastik,plastik_R_1100.jpg,dataset\Plastik\plastik_R_1100.jpg,.jpg,213,236,RGB,4.82
Plastik,plastik_R_1101.jpg,dataset\Plastik\plastik_R_1101.jpg,.jpg,395,127,RGB,5.96
Plastik,plastik_R_1102.jpg,dataset\Plastik\plastik_R_1102.jpg,.jpg,235,133,RGB,7.35
Plastik,plastik_R_1103.jpg,dataset\Plastik\plastik_R_1103.jpg,.jpg,282,140,RGB,11.77
Plastik,plastik_R_1104.jpg,dataset\Plastik\plastik_R_1104.jpg,.jpg,299,169,RGB,7.4
Plastik,plastik_R_1105.jpg,dataset\Plastik\plastik_R_1105.jpg,.jpg,225,225,RGB,5.17
Plastik,plastik_R_1106.jpg,dataset\Plastik\plastik_R_1106.jpg,.jpg,225,225,RGB,1.79
Plastik,plastik_R_1107.jpg,dataset\Plastik\plastik_R_1107.jpg,.jpg,225,225,RGB,7.62
Plastik,plastik_R_1108.jpg,dataset\Plastik\plastik_R_1108.jpg,.jpg,300,168,RGB,15.48
Plastik,plastik_R_1109.jpg,dataset\Plastik\plastik_R_1109.jpg,.jpg,225,225,RGB,2.5
Plastik,plastik_R_111.jpg,dataset\Plastik\plastik_R_111.jpg,.jpg,169,298,RGB,4.42
Plastik,plastik_R_1110.jpg,dataset\Plastik\plastik_R_1110.jpg,.jpg,300,168,RGB,10.88
Plastik,plastik_R_1111.jpg,dataset\Plastik\plastik_R_1111.jpg,.jpg,248,129,RGB,6.86
Plastik,plastik_R_1112.jpg,dataset\Plastik\plastik_R_1112.jpg,.jpg,282,178,RGB,17.3
Plastik,plastik_R_1113.jpg,dataset\Plastik\plastik_R_1113.jpg,.jpg,225,225,RGB,1.47
Plastik,plastik_R_1114.jpg,dataset\Plastik\plastik_R_1114.jpg,.jpg,225,225,RGB,1.64
Plastik,plastik_R_1115.jpg,dataset\Plastik\plastik_R_1115.jpg,.jpg,299,168,RGB,2.33
Plastik,plastik_R_1116.jpg,dataset\Plastik\plastik_R_1116.jpg,.jpg,209,168,RGB,10.53
Plastik,plastik_R_1117.jpg,dataset\Plastik\plastik_R_1117.jpg,.jpg,300,168,RGB,11.67
Plastik,plastik_R_1118.jpg,dataset\Plastik\plastik_R_1118.jpg,.jpg,290,174,RGB,6.3
Plastik,plastik_R_1119.jpg,dataset\Plastik\plastik_R_1119.jpg,.jpg,220,165,RGB,11.17
Plastik,plastik_R_112.jpg,dataset\Plastik\plastik_R_112.jpg,.jpg,251,184,RGB,13.37
Plastik,plastik_R_1120.jpg,dataset\Plastik\plastik_R_1120.jpg,.jpg,300,168,RGB,4.98
Plastik,plastik_R_1121.jpg,dataset\Plastik\plastik_R_1121.jpg,.jpg,259,194,RGB,8.69
Plastik,plastik_R_1122.jpg,dataset\Plastik\plastik_R_1122.jpg,.jpg,225,225,RGB,7.58
Plastik,plastik_R_1123.jpg,dataset\Plastik\plastik_R_1123.jpg,.jpg,297,170,RGB,4.17
Plastik,plastik_R_1124.jpg,dataset\Plastik\plastik_R_1124.jpg,.jpg,300,168,RGB,4.76
Plastik,plastik_R_1125.jpg,dataset\Plastik\plastik_R_1125.jpg,.jpg,305,165,RGB,8.63
Plastik,plastik_R_1126.jpg,dataset\Plastik\plastik_R_1126.jpg,.jpg,183,275,RGB,3.73
Plastik,plastik_R_1127.jpg,dataset\Plastik\plastik_R_1127.jpg,.jpg,275,183,RGB,14.44
Plastik,plastik_R_1128.jpg,dataset\Plastik\plastik_R_1128.jpg,.jpg,225,225,RGB,3.96
Plastik,plastik_R_1129.jpg,dataset\Plastik\plastik_R_1129.jpg,.jpg,225,225,RGB,5.72
Plastik,plastik_R_113.jpg,dataset\Plastik\plastik_R_113.jpg,.jpg,263,174,RGB,5.78
Plastik,plastik_R_1130.jpg,dataset\Plastik\plastik_R_1130.jpg,.jpg,275,183,RGB,4.69
Plastik,plastik_R_1131.jpg,dataset\Plastik\plastik_R_1131.jpg,.jpg,225,225,RGB,9.68
Plastik,plastik_R_1132.jpg,dataset\Plastik\plastik_R_1132.jpg,.jpg,290,174,RGB,13.46
Plastik,plastik_R_1133.jpg,dataset\Plastik\plastik_R_1133.jpg,.jpg,259,194,RGB,2.84
Plastik,plastik_R_1134.jpg,dataset\Plastik\plastik_R_1134.jpg,.jpg,275,183,RGB,12.7
Plastik,plastik_R_1135.jpg,dataset\Plastik\plastik_R_1135.jpg,.jpg,275,183,RGB,3.36
Plastik,plastik_R_1136.jpg,dataset\Plastik\plastik_R_1136.jpg,.jpg,213,237,RGB,5.79
Plastik,plastik_R_1137.jpg,dataset\Plastik\plastik_R_1137.jpg,.jpg,207,244,RGB,2.2
Plastik,plastik_R_1138.jpg,dataset\Plastik\plastik_R_1138.jpg,.jpg,287,175,RGB,8.0
Plastik,plastik_R_1139.jpg,dataset\Plastik\plastik_R_1139.jpg,.jpg,299,169,RGB,10.5
Plastik,plastik_R_114.jpg,dataset\Plastik\plastik_R_114.jpg,.jpg,130,167,RGB,9.29
Plastik,plastik_R_1140.jpg,dataset\Plastik\plastik_R_1140.jpg,.jpg,275,183,RGB,5.85
Plastik,plastik_R_1141.jpg,dataset\Plastik\plastik_R_1141.jpg,.jpg,360,140,RGB,9.93
Plastik,plastik_R_1142.jpg,dataset\Plastik\plastik_R_1142.jpg,.jpg,225,225,RGB,14.87
Plastik,plastik_R_1143.jpg,dataset\Plastik\plastik_R_1143.jpg,.jpg,299,168,RGB,10.42
Plastik,plastik_R_1144.jpg,dataset\Plastik\plastik_R_1144.jpg,.jpg,359,140,RGB,9.04
Plastik,plastik_R_1145.jpg,dataset\Plastik\plastik_R_1145.jpg,.jpg,301,167,RGB,13.01
Plastik,plastik_R_1146.jpg,dataset\Plastik\plastik_R_1146.jpg,.jpg,225,225,RGB,2.36
Plastik,plastik_R_1147.jpg,dataset\Plastik\plastik_R_1147.jpg,.jpg,300,168,RGB,6.27
Plastik,plastik_R_1148.jpg,dataset\Plastik\plastik_R_1148.jpg,.jpg,225,225,RGB,8.21
Plastik,plastik_R_1149.jpg,dataset\Plastik\plastik_R_1149.jpg,.jpg,276,183,RGB,6.85
Plastik,plastik_R_115.jpg,dataset\Plastik\plastik_R_115.jpg,.jpg,314,161,RGB,9.27
Plastik,plastik_R_1150.jpg,dataset\Plastik\plastik_R_1150.jpg,.jpg,310,162,RGB,7.81
Plastik,plastik_R_1151.jpg,dataset\Plastik\plastik_R_1151.jpg,.jpg,225,224,RGB,7.89
Plastik,plastik_R_1152.jpg,dataset\Plastik\plastik_R_1152.jpg,.jpg,285,177,RGB,10.92
Plastik,plastik_R_1153.jpg,dataset\Plastik\plastik_R_1153.jpg,.jpg,225,225,RGB,4.58
Plastik,plastik_R_1154.jpg,dataset\Plastik\plastik_R_1154.jpg,.jpg,225,225,RGB,13.7
Plastik,plastik_R_1155.jpg,dataset\Plastik\plastik_R_1155.jpg,.jpg,259,194,RGB,4.53
Plastik,plastik_R_1156.jpg,dataset\Plastik\plastik_R_1156.jpg,.jpg,225,225,RGB,6.04
Plastik,plastik_R_1157.jpg,dataset\Plastik\plastik_R_1157.jpg,.jpg,316,160,RGB,5.2
Plastik,plastik_R_1158.jpg,dataset\Plastik\plastik_R_1158.jpg,.jpg,202,250,RGB,5.27
Plastik,plastik_R_1159.jpg,dataset\Plastik\plastik_R_1159.jpg,.jpg,276,183,RGB,4.55
Plastik,plastik_R_116.jpg,dataset\Plastik\plastik_R_116.jpg,.jpg,275,183,RGB,6.09
Plastik,plastik_R_1160.jpg,dataset\Plastik\plastik_R_1160.jpg,.jpg,310,163,RGB,10.26
Plastik,plastik_R_1161.jpg,dataset\Plastik\plastik_R_1161.jpg,.jpg,225,225,RGB,9.91
Plastik,plastik_R_1162.jpg,dataset\Plastik\plastik_R_1162.jpg,.jpg,300,168,RGB,5.08
Plastik,plastik_R_1163.jpg,dataset\Plastik\plastik_R_1163.jpg,.jpg,416,121,RGB,7.25
Plastik,plastik_R_1164.jpg,dataset\Plastik\plastik_R_1164.jpg,.jpg,300,168,RGB,10.92
Plastik,plastik_R_1165.jpg,dataset\Plastik\plastik_R_1165.jpg,.jpg,222,227,RGB,3.4
Plastik,plastik_R_1166.jpg,dataset\Plastik\plastik_R_1166.jpg,.jpg,233,216,RGB,5.45
Plastik,plastik_R_1167.jpg,dataset\Plastik\plastik_R_1167.jpg,.jpg,275,183,RGB,8.0
Plastik,plastik_R_1168.jpg,dataset\Plastik\plastik_R_1168.jpg,.jpg,225,225,RGB,4.67
Plastik,plastik_R_1169.jpg,dataset\Plastik\plastik_R_1169.jpg,.jpg,225,225,RGB,6.48
Plastik,plastik_R_117.jpg,dataset\Plastik\plastik_R_117.jpg,.jpg,179,262,RGB,4.48
Plastik,plastik_R_1170.jpg,dataset\Plastik\plastik_R_1170.jpg,.jpg,318,159,RGB,5.76
Plastik,plastik_R_1171.jpg,dataset\Plastik\plastik_R_1171.jpg,.jpg,300,168,RGB,11.49
Plastik,plastik_R_1172.jpg,dataset\Plastik\plastik_R_1172.jpg,.jpg,225,225,RGB,3.54
Plastik,plastik_R_1173.jpg,dataset\Plastik\plastik_R_1173.jpg,.jpg,259,194,RGB,9.65
Plastik,plastik_R_1174.jpg,dataset\Plastik\plastik_R_1174.jpg,.jpg,318,159,RGB,10.21
Plastik,plastik_R_1175.jpg,dataset\Plastik\plastik_R_1175.jpg,.jpg,379,133,RGB,9.87
Plastik,plastik_R_1176.jpg,dataset\Plastik\plastik_R_1176.jpg,.jpg,429,117,RGB,17.27
Plastik,plastik_R_1177.jpg,dataset\Plastik\plastik_R_1177.jpg,.jpg,265,190,RGB,10.78
Plastik,plastik_R_1178.jpg,dataset\Plastik\plastik_R_1178.jpg,.jpg,255,198,RGB,3.45
Plastik,plastik_R_1179.jpg,dataset\Plastik\plastik_R_1179.jpg,.jpg,284,177,RGB,8.62
Plastik,plastik_R_118.jpg,dataset\Plastik\plastik_R_118.jpg,.jpg,259,194,RGB,12.4
Plastik,plastik_R_1180.jpg,dataset\Plastik\plastik_R_1180.jpg,.jpg,225,225,RGB,9.59
Plastik,plastik_R_1181.jpg,dataset\Plastik\plastik_R_1181.jpg,.jpg,259,194,RGB,18.05
Plastik,plastik_R_1182.jpg,dataset\Plastik\plastik_R_1182.jpg,.jpg,271,186,RGB,8.17
Plastik,plastik_R_1183.jpg,dataset\Plastik\plastik_R_1183.jpg,.jpg,220,200,RGB,2.02
Plastik,plastik_R_1184.jpg,dataset\Plastik\plastik_R_1184.jpg,.jpg,384,131,RGB,5.3
Plastik,plastik_R_1185.jpg,dataset\Plastik\plastik_R_1185.jpg,.jpg,225,225,RGB,8.07
Plastik,plastik_R_1186.jpg,dataset\Plastik\plastik_R_1186.jpg,.jpg,259,194,RGB,5.11
Plastik,plastik_R_1187.jpg,dataset\Plastik\plastik_R_1187.jpg,.jpg,225,225,RGB,1.64
Plastik,plastik_R_1188.jpg,dataset\Plastik\plastik_R_1188.jpg,.jpg,351,144,RGB,6.6
Plastik,plastik_R_1189.jpg,dataset\Plastik\plastik_R_1189.jpg,.jpg,275,183,RGB,16.28
Plastik,plastik_R_119.jpg,dataset\Plastik\plastik_R_119.jpg,.jpg,259,194,RGB,7.06
Plastik,plastik_R_1190.jpg,dataset\Plastik\plastik_R_1190.jpg,.jpg,225,225,RGB,4.66
Plastik,plastik_R_1191.jpg,dataset\Plastik\plastik_R_1191.jpg,.jpg,288,175,RGB,7.16
Plastik,plastik_R_1192.jpg,dataset\Plastik\plastik_R_1192.jpg,.jpg,275,183,RGB,13.51
Plastik,plastik_R_1193.jpg,dataset\Plastik\plastik_R_1193.jpg,.jpg,340,148,RGB,7.19
Plastik,plastik_R_1194.jpg,dataset\Plastik\plastik_R_1194.jpg,.jpg,259,194,RGB,6.23
Plastik,plastik_R_1195.jpg,dataset\Plastik\plastik_R_1195.jpg,.jpg,200,200,RGB,5.01
Plastik,plastik_R_1196.jpg,dataset\Plastik\plastik_R_1196.jpg,.jpg,235,215,RGB,4.56
Plastik,plastik_R_1197.jpg,dataset\Plastik\plastik_R_1197.jpg,.jpg,259,194,RGB,8.33
Plastik,plastik_R_1198.jpg,dataset\Plastik\plastik_R_1198.jpg,.jpg,225,225,RGB,5.55
Plastik,plastik_R_1199.jpg,dataset\Plastik\plastik_R_1199.jpg,.jpg,300,168,RGB,13.59
Plastik,plastik_R_12.jpg,dataset\Plastik\plastik_R_12.jpg,.jpg,275,183,RGB,3.7
Plastik,plastik_R_120.jpg,dataset\Plastik\plastik_R_120.jpg,.jpg,225,225,RGB,5.32
Plastik,plastik_R_1200.jpg,dataset\Plastik\plastik_R_1200.jpg,.jpg,252,189,RGB,12.25
Plastik,plastik_R_1201.jpg,dataset\Plastik\plastik_R_1201.jpg,.jpg,297,169,RGB,7.57
Plastik,plastik_R_1202.jpg,dataset\Plastik\plastik_R_1202.jpg,.jpg,221,228,RGB,11.56
Plastik,plastik_R_1203.jpg,dataset\Plastik\plastik_R_1203.jpg,.jpg,225,225,RGB,2.62
Plastik,plastik_R_1204.jpg,dataset\Plastik\plastik_R_1204.jpg,.jpg,225,225,RGB,2.06
Plastik,plastik_R_1205.jpg,dataset\Plastik\plastik_R_1205.jpg,.jpg,249,203,RGB,12.3
Plastik,plastik_R_1206.jpg,dataset\Plastik\plastik_R_1206.jpg,.jpg,276,183,RGB,4.93
Plastik,plastik_R_1207.jpg,dataset\Plastik\plastik_R_1207.jpg,.jpg,160,315,RGB,3.17
Plastik,plastik_R_1208.jpg,dataset\Plastik\plastik_R_1208.jpg,.jpg,207,243,RGB,6.31
Plastik,plastik_R_1209.jpg,dataset\Plastik\plastik_R_1209.jpg,.jpg,259,194,RGB,4.88
Plastik,plastik_R_121.jpg,dataset\Plastik\plastik_R_121.jpg,.jpg,296,170,RGB,5.51
Plastik,plastik_R_1210.jpg,dataset\Plastik\plastik_R_1210.jpg,.jpg,272,185,RGB,5.68
Plastik,plastik_R_1211.jpg,dataset\Plastik\plastik_R_1211.jpg,.jpg,225,225,RGB,5.34
Plastik,plastik_R_1212.jpg,dataset\Plastik\plastik_R_1212.jpg,.jpg,183,275,RGB,2.86
Plastik,plastik_R_1213.jpg,dataset\Plastik\plastik_R_1213.jpg,.jpg,286,176,RGB,8.17
Plastik,plastik_R_1214.jpg,dataset\Plastik\plastik_R_1214.jpg,.jpg,347,145,RGB,9.69
Plastik,plastik_R_1215.jpg,dataset\Plastik\plastik_R_1215.jpg,.jpg,299,168,RGB,13.47
Plastik,plastik_R_1216.jpg,dataset\Plastik\plastik_R_1216.jpg,.jpg,275,183,RGB,14.69
Plastik,plastik_R_1217.jpg,dataset\Plastik\plastik_R_1217.jpg,.jpg,275,183,RGB,9.67
Plastik,plastik_R_1218.jpg,dataset\Plastik\plastik_R_1218.jpg,.jpg,297,170,RGB,7.9
Plastik,plastik_R_1219.jpg,dataset\Plastik\plastik_R_1219.jpg,.jpg,280,180,RGB,5.06
Plastik,plastik_R_122.jpg,dataset\Plastik\plastik_R_122.jpg,.jpg,256,197,RGB,9.44
Plastik,plastik_R_1220.jpg,dataset\Plastik\plastik_R_1220.jpg,.jpg,305,165,RGB,11.36
Plastik,plastik_R_1221.jpg,dataset\Plastik\plastik_R_1221.jpg,.jpg,275,184,RGB,10.41
Plastik,plastik_R_1222.jpg,dataset\Plastik\plastik_R_1222.jpg,.jpg,225,225,RGB,7.52
Plastik,plastik_R_1223.jpg,dataset\Plastik\plastik_R_1223.jpg,.jpg,274,184,RGB,8.83
Plastik,plastik_R_1224.jpg,dataset\Plastik\plastik_R_1224.jpg,.jpg,225,225,RGB,10.49
Plastik,plastik_R_1225.jpg,dataset\Plastik\plastik_R_1225.jpg,.jpg,259,194,RGB,17.65
Plastik,plastik_R_1226.jpg,dataset\Plastik\plastik_R_1226.jpg,.jpg,194,259,RGB,15.94
Plastik,plastik_R_1227.jpg,dataset\Plastik\plastik_R_1227.jpg,.jpg,300,168,RGB,10.87
Plastik,plastik_R_1228.jpg,dataset\Plastik\plastik_R_1228.jpg,.jpg,250,187,RGB,3.77
Plastik,plastik_R_1229.jpg,dataset\Plastik\plastik_R_1229.jpg,.jpg,308,164,RGB,6.35
Plastik,plastik_R_123.jpg,dataset\Plastik\plastik_R_123.jpg,.jpg,299,168,RGB,16.23
Plastik,plastik_R_1230.jpg,dataset\Plastik\plastik_R_1230.jpg,.jpg,225,225,RGB,2.06
Plastik,plastik_R_1231.jpg,dataset\Plastik\plastik_R_1231.jpg,.jpg,399,126,RGB,12.87
Plastik,plastik_R_1232.jpg,dataset\Plastik\plastik_R_1232.jpg,.jpg,275,183,RGB,12.04
Plastik,plastik_R_1233.jpg,dataset\Plastik\plastik_R_1233.jpg,.jpg,276,183,RGB,7.6
Plastik,plastik_R_1234.jpg,dataset\Plastik\plastik_R_1234.jpg,.jpg,299,168,RGB,12.02
Plastik,plastik_R_1235.jpg,dataset\Plastik\plastik_R_1235.jpg,.jpg,225,225,RGB,2.12
Plastik,plastik_R_1236.jpg,dataset\Plastik\plastik_R_1236.jpg,.jpg,275,183,RGB,13.54
Plastik,plastik_R_1237.jpg,dataset\Plastik\plastik_R_1237.jpg,.jpg,215,212,RGB,15.1
Plastik,plastik_R_1238.jpg,dataset\Plastik\plastik_R_1238.jpg,.jpg,225,225,RGB,5.69
Plastik,plastik_R_1239.jpg,dataset\Plastik\plastik_R_1239.jpg,.jpg,180,166,RGB,8.01
Plastik,plastik_R_124.jpg,dataset\Plastik\plastik_R_124.jpg,.jpg,183,275,RGB,9.41
Plastik,plastik_R_1240.jpg,dataset\Plastik\plastik_R_1240.jpg,.jpg,225,225,RGB,9.91
Plastik,plastik_R_1241.jpg,dataset\Plastik\plastik_R_1241.jpg,.jpg,290,174,RGB,12.93
Plastik,plastik_R_1242.jpg,dataset\Plastik\plastik_R_1242.jpg,.jpg,259,194,RGB,11.24
Plastik,plastik_R_1243.jpg,dataset\Plastik\plastik_R_1243.jpg,.jpg,225,225,RGB,6.97
Plastik,plastik_R_1244.jpg,dataset\Plastik\plastik_R_1244.jpg,.jpg,275,183,RGB,9.31
Plastik,plastik_R_1245.jpg,dataset\Plastik\plastik_R_1245.jpg,.jpg,225,225,RGB,5.69
Plastik,plastik_R_1246.jpg,dataset\Plastik\plastik_R_1246.jpg,.jpg,270,187,RGB,6.82
Plastik,plastik_R_1247.jpg,dataset\Plastik\plastik_R_1247.jpg,.jpg,389,129,RGB,7.25
Plastik,plastik_R_1248.jpg,dataset\Plastik\plastik_R_1248.jpg,.jpg,225,225,RGB,7.06
Plastik,plastik_R_1249.jpg,dataset\Plastik\plastik_R_1249.jpg,.jpg,275,183,RGB,11.91
Plastik,plastik_R_125.jpg,dataset\Plastik\plastik_R_125.jpg,.jpg,275,183,RGB,5.47
Plastik,plastik_R_1250.jpg,dataset\Plastik\plastik_R_1250.jpg,.jpg,318,159,RGB,5.36
Plastik,plastik_R_1251.jpg,dataset\Plastik\plastik_R_1251.jpg,.jpg,245,205,RGB,5.48
Plastik,plastik_R_1252.jpg,dataset\Plastik\plastik_R_1252.jpg,.jpg,299,169,RGB,13.39
Plastik,plastik_R_1253.jpg,dataset\Plastik\plastik_R_1253.jpg,.jpg,280,180,RGB,17.03
Plastik,plastik_R_1254.jpg,dataset\Plastik\plastik_R_1254.jpg,.jpg,290,174,RGB,8.95
Plastik,plastik_R_1255.jpg,dataset\Plastik\plastik_R_1255.jpg,.jpg,183,275,RGB,5.91
Plastik,plastik_R_1256.jpg,dataset\Plastik\plastik_R_1256.jpg,.jpg,328,153,RGB,9.56
Plastik,plastik_R_1257.jpg,dataset\Plastik\plastik_R_1257.jpg,.jpg,354,142,RGB,10.47
Plastik,plastik_R_1258.jpg,dataset\Plastik\plastik_R_1258.jpg,.jpg,282,179,RGB,7.84
Plastik,plastik_R_1259.jpg,dataset\Plastik\plastik_R_1259.jpg,.jpg,275,183,RGB,10.86
Plastik,plastik_R_126.jpg,dataset\Plastik\plastik_R_126.jpg,.jpg,183,265,RGB,8.11
Plastik,plastik_R_1260.jpg,dataset\Plastik\plastik_R_1260.jpg,.jpg,329,153,RGB,8.66
Plastik,plastik_R_1261.jpg,dataset\Plastik\plastik_R_1261.jpg,.jpg,275,184,RGB,9.5
Plastik,plastik_R_1262.jpg,dataset\Plastik\plastik_R_1262.jpg,.jpg,299,169,RGB,5.87
Plastik,plastik_R_1263.jpg,dataset\Plastik\plastik_R_1263.jpg,.jpg,259,194,RGB,1.78
Plastik,plastik_R_1264.jpg,dataset\Plastik\plastik_R_1264.jpg,.jpg,358,141,RGB,6.51
Plastik,plastik_R_1265.jpg,dataset\Plastik\plastik_R_1265.jpg,.jpg,245,206,RGB,6.07
Plastik,plastik_R_1266.jpg,dataset\Plastik\plastik_R_1266.jpg,.jpg,123,122,RGB,4.0
Plastik,plastik_R_1267.jpg,dataset\Plastik\plastik_R_1267.jpg,.jpg,225,159,RGB,9.69
Plastik,plastik_R_1268.jpg,dataset\Plastik\plastik_R_1268.jpg,.jpg,275,183,RGB,4.78
Plastik,plastik_R_1269.jpg,dataset\Plastik\plastik_R_1269.jpg,.jpg,183,275,RGB,1.58
Plastik,plastik_R_127.jpg,dataset\Plastik\plastik_R_127.jpg,.jpg,192,245,RGB,3.45
Plastik,plastik_R_1270.jpg,dataset\Plastik\plastik_R_1270.jpg,.jpg,200,200,RGB,4.74
Plastik,plastik_R_1271.jpg,dataset\Plastik\plastik_R_1271.jpg,.jpg,225,225,RGB,5.09
Plastik,plastik_R_1272.jpg,dataset\Plastik\plastik_R_1272.jpg,.jpg,315,160,RGB,4.29
Plastik,plastik_R_1273.jpg,dataset\Plastik\plastik_R_1273.jpg,.jpg,225,225,RGB,4.09
Plastik,plastik_R_1274.jpg,dataset\Plastik\plastik_R_1274.jpg,.jpg,300,168,RGB,5.5
Plastik,plastik_R_1275.jpg,dataset\Plastik\plastik_R_1275.jpg,.jpg,277,182,RGB,8.4
Plastik,plastik_R_1276.jpg,dataset\Plastik\plastik_R_1276.jpg,.jpg,254,198,RGB,10.78
Plastik,plastik_R_1277.jpg,dataset\Plastik\plastik_R_1277.jpg,.jpg,205,246,RGB,9.51
Plastik,plastik_R_1278.jpg,dataset\Plastik\plastik_R_1278.jpg,.jpg,318,159,RGB,15.08
Plastik,plastik_R_1279.jpg,dataset\Plastik\plastik_R_1279.jpg,.jpg,210,240,RGB,1.97
Plastik,plastik_R_128.jpg,dataset\Plastik\plastik_R_128.jpg,.jpg,225,225,RGB,6.27
Plastik,plastik_R_1280.jpg,dataset\Plastik\plastik_R_1280.jpg,.jpg,272,185,RGB,4.97
Plastik,plastik_R_1281.jpg,dataset\Plastik\plastik_R_1281.jpg,.jpg,225,225,RGB,1.48
Plastik,plastik_R_1282.jpg,dataset\Plastik\plastik_R_1282.jpg,.jpg,241,209,RGB,7.37
Plastik,plastik_R_1283.jpg,dataset\Plastik\plastik_R_1283.jpg,.jpg,259,194,RGB,12.71
Plastik,plastik_R_1284.jpg,dataset\Plastik\plastik_R_1284.jpg,.jpg,334,151,RGB,6.68
Plastik,plastik_R_1285.jpg,dataset\Plastik\plastik_R_1285.jpg,.jpg,315,160,RGB,6.33
Plastik,plastik_R_1286.jpg,dataset\Plastik\plastik_R_1286.jpg,.jpg,259,194,RGB,13.08
Plastik,plastik_R_1287.jpg,dataset\Plastik\plastik_R_1287.jpg,.jpg,199,254,RGB,5.83
Plastik,plastik_R_1288.jpg,dataset\Plastik\plastik_R_1288.jpg,.jpg,158,167,RGB,7.28
Plastik,plastik_R_1289.jpg,dataset\Plastik\plastik_R_1289.jpg,.jpg,228,221,RGB,8.18
Plastik,plastik_R_129.jpg,dataset\Plastik\plastik_R_129.jpg,.jpg,275,183,RGB,9.3
Plastik,plastik_R_1290.jpg,dataset\Plastik\plastik_R_1290.jpg,.jpg,251,201,RGB,5.16
Plastik,plastik_R_1292.jpg,dataset\Plastik\plastik_R_1292.jpg,.jpg,275,183,RGB,6.26
Plastik,plastik_R_1293.jpg,dataset\Plastik\plastik_R_1293.jpg,.jpg,183,275,RGB,13.05
Plastik,plastik_R_1294.jpg,dataset\Plastik\plastik_R_1294.jpg,.jpg,199,253,RGB,8.67
Plastik,plastik_R_1295.jpg,dataset\Plastik\plastik_R_1295.jpg,.jpg,290,174,RGB,4.5
Plastik,plastik_R_1296.jpg,dataset\Plastik\plastik_R_1296.jpg,.jpg,225,225,RGB,4.81
Plastik,plastik_R_1297.jpg,dataset\Plastik\plastik_R_1297.jpg,.jpg,225,225,RGB,3.67
Plastik,plastik_R_1298.jpg,dataset\Plastik\plastik_R_1298.jpg,.jpg,194,259,RGB,13.33
Plastik,plastik_R_1299.jpg,dataset\Plastik\plastik_R_1299.jpg,.jpg,245,124,RGB,5.08
Plastik,plastik_R_13.jpg,dataset\Plastik\plastik_R_13.jpg,.jpg,275,183,RGB,6.72
Plastik,plastik_R_130.jpg,dataset\Plastik\plastik_R_130.jpg,.jpg,240,180,RGB,16.17
Plastik,plastik_R_1300.jpg,dataset\Plastik\plastik_R_1300.jpg,.jpg,379,133,RGB,8.35
Plastik,plastik_R_1301.jpg,dataset\Plastik\plastik_R_1301.jpg,.jpg,225,225,RGB,4.21
Plastik,plastik_R_1302.jpg,dataset\Plastik\plastik_R_1302.jpg,.jpg,225,225,RGB,2.47
Plastik,plastik_R_1303.jpg,dataset\Plastik\plastik_R_1303.jpg,.jpg,275,183,RGB,10.4
Plastik,plastik_R_1304.jpg,dataset\Plastik\plastik_R_1304.jpg,.jpg,290,174,RGB,5.0
Plastik,plastik_R_1305.jpg,dataset\Plastik\plastik_R_1305.jpg,.jpg,259,194,RGB,8.3
Plastik,plastik_R_1306.jpg,dataset\Plastik\plastik_R_1306.jpg,.jpg,225,225,RGB,1.95
Plastik,plastik_R_1307.jpg,dataset\Plastik\plastik_R_1307.jpg,.jpg,260,194,RGB,12.6
Plastik,plastik_R_1308.jpg,dataset\Plastik\plastik_R_1308.jpg,.jpg,275,183,RGB,12.94
Plastik,plastik_R_1309.jpg,dataset\Plastik\plastik_R_1309.jpg,.jpg,275,183,RGB,9.9
Plastik,plastik_R_1311.jpg,dataset\Plastik\plastik_R_1311.jpg,.jpg,203,248,RGB,3.24
Plastik,plastik_R_1312.jpg,dataset\Plastik\plastik_R_1312.jpg,.jpg,261,193,RGB,9.3
Plastik,plastik_R_1313.jpg,dataset\Plastik\plastik_R_1313.jpg,.jpg,188,268,RGB,5.81
Plastik,plastik_R_1314.jpg,dataset\Plastik\plastik_R_1314.jpg,.jpg,224,225,RGB,4.91
Plastik,plastik_R_1315.jpg,dataset\Plastik\plastik_R_1315.jpg,.jpg,224,225,RGB,9.62
Plastik,plastik_R_1316.jpg,dataset\Plastik\plastik_R_1316.jpg,.jpg,183,275,RGB,8.88
Plastik,plastik_R_1317.jpg,dataset\Plastik\plastik_R_1317.jpg,.jpg,303,166,RGB,8.7
Plastik,plastik_R_1318.jpg,dataset\Plastik\plastik_R_1318.jpg,.jpg,225,225,RGB,1.46
Plastik,plastik_R_1319.jpg,dataset\Plastik\plastik_R_1319.jpg,.jpg,225,225,RGB,8.27
Plastik,plastik_R_132.jpg,dataset\Plastik\plastik_R_132.jpg,.jpg,225,225,RGB,3.1
Plastik,plastik_R_1320.jpg,dataset\Plastik\plastik_R_1320.jpg,.jpg,401,126,RGB,8.05
Plastik,plastik_R_1321.jpg,dataset\Plastik\plastik_R_1321.jpg,.jpg,225,225,RGB,2.41
Plastik,plastik_R_1322.jpg,dataset\Plastik\plastik_R_1322.jpg,.jpg,275,183,RGB,8.94
Plastik,plastik_R_1323.jpg,dataset\Plastik\plastik_R_1323.jpg,.jpg,201,251,RGB,3.67
Plastik,plastik_R_1324.jpg,dataset\Plastik\plastik_R_1324.jpg,.jpg,373,135,RGB,7.2
Plastik,plastik_R_1326.jpg,dataset\Plastik\plastik_R_1326.jpg,.jpg,450,112,RGB,12.79
Plastik,plastik_R_1328.jpg,dataset\Plastik\plastik_R_1328.jpg,.jpg,260,194,RGB,3.1
Plastik,plastik_R_1329.jpg,dataset\Plastik\plastik_R_1329.jpg,.jpg,262,192,RGB,4.53
Plastik,plastik_R_133.jpg,dataset\Plastik\plastik_R_133.jpg,.jpg,299,168,RGB,6.3
Plastik,plastik_R_1330.jpg,dataset\Plastik\plastik_R_1330.jpg,.jpg,300,168,RGB,8.37
Plastik,plastik_R_1331.jpg,dataset\Plastik\plastik_R_1331.jpg,.jpg,183,275,RGB,7.02
Plastik,plastik_R_1332.jpg,dataset\Plastik\plastik_R_1332.jpg,.jpg,225,225,RGB,3.85
Plastik,plastik_R_1333.jpg,dataset\Plastik\plastik_R_1333.jpg,.jpg,291,173,RGB,6.49
Plastik,plastik_R_1334.jpg,dataset\Plastik\plastik_R_1334.jpg,.jpg,194,259,RGB,4.8
Plastik,plastik_R_1335.jpg,dataset\Plastik\plastik_R_1335.jpg,.jpg,440,114,RGB,7.2
Plastik,plastik_R_1336.jpg,dataset\Plastik\plastik_R_1336.jpg,.jpg,279,181,RGB,6.12
Plastik,plastik_R_1337.jpg,dataset\Plastik\plastik_R_1337.jpg,.jpg,218,231,RGB,6.42
Plastik,plastik_R_1338.jpg,dataset\Plastik\plastik_R_1338.jpg,.jpg,233,114,RGB,8.32
Plastik,plastik_R_1339.jpg,dataset\Plastik\plastik_R_1339.jpg,.jpg,300,168,RGB,9.35
Plastik,plastik_R_134.jpg,dataset\Plastik\plastik_R_134.jpg,.jpg,200,200,RGB,12.73
Plastik,plastik_R_1341.jpg,dataset\Plastik\plastik_R_1341.jpg,.jpg,220,200,RGB,2.26
Plastik,plastik_R_1342.jpg,dataset\Plastik\plastik_R_1342.jpg,.jpg,300,168,RGB,12.83
Plastik,plastik_R_1343.jpg,dataset\Plastik\plastik_R_1343.jpg,.jpg,225,225,RGB,4.87
Plastik,plastik_R_1344.jpg,dataset\Plastik\plastik_R_1344.jpg,.jpg,225,225,RGB,5.47
Plastik,plastik_R_1345.jpg,dataset\Plastik\plastik_R_1345.jpg,.jpg,225,225,RGB,7.38
Plastik,plastik_R_1346.jpg,dataset\Plastik\plastik_R_1346.jpg,.jpg,318,159,RGB,6.18
Plastik,plastik_R_1347.jpg,dataset\Plastik\plastik_R_1347.jpg,.jpg,225,225,RGB,1.12
Plastik,plastik_R_1348.jpg,dataset\Plastik\plastik_R_1348.jpg,.jpg,254,199,RGB,5.56
Plastik,plastik_R_1349.jpg,dataset\Plastik\plastik_R_1349.jpg,.jpg,380,133,RGB,5.26
Plastik,plastik_R_135.jpg,dataset\Plastik\plastik_R_135.jpg,.jpg,259,195,RGB,10.22
Plastik,plastik_R_1350.jpg,dataset\Plastik\plastik_R_1350.jpg,.jpg,225,225,RGB,2.82
Plastik,plastik_R_1351.jpg,dataset\Plastik\plastik_R_1351.jpg,.jpg,275,183,RGB,15.36
Plastik,plastik_R_1352.jpg,dataset\Plastik\plastik_R_1352.jpg,.jpg,290,174,RGB,5.53
Plastik,plastik_R_1353.jpg,dataset\Plastik\plastik_R_1353.jpg,.jpg,275,183,RGB,9.02
Plastik,plastik_R_1354.jpg,dataset\Plastik\plastik_R_1354.jpg,.jpg,225,225,RGB,2.01
Plastik,plastik_R_1355.jpg,dataset\Plastik\plastik_R_1355.jpg,.jpg,360,140,RGB,7.85
Plastik,plastik_R_1356.jpg,dataset\Plastik\plastik_R_1356.jpg,.jpg,242,208,RGB,3.92
Plastik,plastik_R_1357.jpg,dataset\Plastik\plastik_R_1357.jpg,.jpg,225,225,RGB,10.87
Plastik,plastik_R_1358.jpg,dataset\Plastik\plastik_R_1358.jpg,.jpg,297,169,RGB,7.13
Plastik,plastik_R_1359.jpg,dataset\Plastik\plastik_R_1359.jpg,.jpg,241,209,RGB,4.79
Plastik,plastik_R_136.jpg,dataset\Plastik\plastik_R_136.jpg,.jpg,300,168,RGB,13.94
Plastik,plastik_R_1360.jpg,dataset\Plastik\plastik_R_1360.jpg,.jpg,308,164,RGB,15.5
Plastik,plastik_R_1361.jpg,dataset\Plastik\plastik_R_1361.jpg,.jpg,277,182,RGB,9.85
Plastik,plastik_R_1362.jpg,dataset\Plastik\plastik_R_1362.jpg,.jpg,306,165,RGB,5.81
Plastik,plastik_R_1363.jpg,dataset\Plastik\plastik_R_1363.jpg,.jpg,259,194,RGB,6.52
Plastik,plastik_R_1364.jpg,dataset\Plastik\plastik_R_1364.jpg,.jpg,225,225,RGB,4.08
Plastik,plastik_R_1365.jpg,dataset\Plastik\plastik_R_1365.jpg,.jpg,259,194,RGB,7.75
Plastik,plastik_R_1366.jpg,dataset\Plastik\plastik_R_1366.jpg,.jpg,225,225,RGB,13.15
Plastik,plastik_R_1367.jpg,dataset\Plastik\plastik_R_1367.jpg,.jpg,201,251,RGB,1.92
Plastik,plastik_R_1368.jpg,dataset\Plastik\plastik_R_1368.jpg,.jpg,225,225,RGB,13.84
Plastik,plastik_R_1369.jpg,dataset\Plastik\plastik_R_1369.jpg,.jpg,225,225,RGB,3.74
Plastik,plastik_R_137.jpg,dataset\Plastik\plastik_R_137.jpg,.jpg,275,183,RGB,20.77
Plastik,plastik_R_1370.jpg,dataset\Plastik\plastik_R_1370.jpg,.jpg,279,181,RGB,9.09
Plastik,plastik_R_1371.jpg,dataset\Plastik\plastik_R_1371.jpg,.jpg,290,174,RGB,15.97
Plastik,plastik_R_1372.jpg,dataset\Plastik\plastik_R_1372.jpg,.jpg,222,227,RGB,5.85
Plastik,plastik_R_1373.jpg,dataset\Plastik\plastik_R_1373.jpg,.jpg,225,225,RGB,6.41
Plastik,plastik_R_1374.jpg,dataset\Plastik\plastik_R_1374.jpg,.jpg,225,225,RGB,5.8
Plastik,plastik_R_1375.jpg,dataset\Plastik\plastik_R_1375.jpg,.jpg,225,225,RGB,6.27
Plastik,plastik_R_1376.jpg,dataset\Plastik\plastik_R_1376.jpg,.jpg,294,171,RGB,11.64
Plastik,plastik_R_1377.jpg,dataset\Plastik\plastik_R_1377.jpg,.jpg,306,165,RGB,5.2
Plastik,plastik_R_1378.jpg,dataset\Plastik\plastik_R_1378.jpg,.jpg,361,139,RGB,5.6
Plastik,plastik_R_1379.jpg,dataset\Plastik\plastik_R_1379.jpg,.jpg,259,194,RGB,10.98
Plastik,plastik_R_138.jpg,dataset\Plastik\plastik_R_138.jpg,.jpg,225,225,RGB,12.79
Plastik,plastik_R_1380.jpg,dataset\Plastik\plastik_R_1380.jpg,.jpg,275,183,RGB,7.52
Plastik,plastik_R_1381.jpg,dataset\Plastik\plastik_R_1381.jpg,.jpg,224,224,RGB,1.78
Plastik,plastik_R_1382.jpg,dataset\Plastik\plastik_R_1382.jpg,.jpg,225,225,RGB,2.24
Plastik,plastik_R_1383.jpg,dataset\Plastik\plastik_R_1383.jpg,.jpg,210,240,RGB,5.41
Plastik,plastik_R_1384.jpg,dataset\Plastik\plastik_R_1384.jpg,.jpg,259,194,RGB,11.35
Plastik,plastik_R_1385.jpg,dataset\Plastik\plastik_R_1385.jpg,.jpg,569,88,RGB,8.12
Plastik,plastik_R_1386.jpg,dataset\Plastik\plastik_R_1386.jpg,.jpg,259,178,RGB,8.18
Plastik,plastik_R_1387.jpg,dataset\Plastik\plastik_R_1387.jpg,.jpg,377,134,RGB,7.36
Plastik,plastik_R_1388.jpg,dataset\Plastik\plastik_R_1388.jpg,.jpg,232,218,RGB,7.46
Plastik,plastik_R_1389.jpg,dataset\Plastik\plastik_R_1389.jpg,.jpg,194,259,RGB,4.44
Plastik,plastik_R_139.jpg,dataset\Plastik\plastik_R_139.jpg,.jpg,276,183,RGB,3.3
Plastik,plastik_R_1390.jpg,dataset\Plastik\plastik_R_1390.jpg,.jpg,176,286,RGB,5.97
Plastik,plastik_R_1391.jpg,dataset\Plastik\plastik_R_1391.jpg,.jpg,275,183,RGB,13.35
Plastik,plastik_R_1393.jpg,dataset\Plastik\plastik_R_1393.jpg,.jpg,289,174,RGB,2.47
Plastik,plastik_R_1394.jpg,dataset\Plastik\plastik_R_1394.jpg,.jpg,384,131,RGB,7.17
Plastik,plastik_R_1395.jpg,dataset\Plastik\plastik_R_1395.jpg,.jpg,300,168,RGB,3.28
Plastik,plastik_R_1396.jpg,dataset\Plastik\plastik_R_1396.jpg,.jpg,170,296,RGB,6.45
Plastik,plastik_R_1397.jpg,dataset\Plastik\plastik_R_1397.jpg,.jpg,275,183,RGB,13.16
Plastik,plastik_R_1398.jpg,dataset\Plastik\plastik_R_1398.jpg,.jpg,262,192,RGB,5.19
Plastik,plastik_R_1399.jpg,dataset\Plastik\plastik_R_1399.jpg,.jpg,178,284,RGB,8.85
Plastik,plastik_R_14.jpg,dataset\Plastik\plastik_R_14.jpg,.jpg,225,225,RGB,2.47
Plastik,plastik_R_140.jpg,dataset\Plastik\plastik_R_140.jpg,.jpg,299,168,RGB,17.11
Plastik,plastik_R_1400.jpg,dataset\Plastik\plastik_R_1400.jpg,.jpg,270,187,RGB,7.96
Plastik,plastik_R_1401.jpg,dataset\Plastik\plastik_R_1401.jpg,.jpg,300,168,RGB,12.37
Plastik,plastik_R_1402.jpg,dataset\Plastik\plastik_R_1402.jpg,.jpg,225,225,RGB,2.31
Plastik,plastik_R_1403.jpg,dataset\Plastik\plastik_R_1403.jpg,.jpg,225,225,RGB,1.67
Plastik,plastik_R_1404.jpg,dataset\Plastik\plastik_R_1404.jpg,.jpg,239,211,RGB,10.86
Plastik,plastik_R_1405.jpg,dataset\Plastik\plastik_R_1405.jpg,.jpg,275,183,RGB,6.6
Plastik,plastik_R_1406.jpg,dataset\Plastik\plastik_R_1406.jpg,.jpg,240,210,RGB,5.44
Plastik,plastik_R_1407.jpg,dataset\Plastik\plastik_R_1407.jpg,.jpg,275,183,RGB,4.26
Plastik,plastik_R_1408.jpg,dataset\Plastik\plastik_R_1408.jpg,.jpg,300,168,RGB,14.2
Plastik,plastik_R_1409.jpg,dataset\Plastik\plastik_R_1409.jpg,.jpg,225,225,RGB,2.22
Plastik,plastik_R_141.jpg,dataset\Plastik\plastik_R_141.jpg,.jpg,225,225,RGB,4.01
Plastik,plastik_R_1410.jpg,dataset\Plastik\plastik_R_1410.jpg,.jpg,259,194,RGB,9.7
Plastik,plastik_R_1411.jpg,dataset\Plastik\plastik_R_1411.jpg,.jpg,274,184,RGB,12.57
Plastik,plastik_R_1412.jpg,dataset\Plastik\plastik_R_1412.jpg,.jpg,276,183,RGB,7.9
Plastik,plastik_R_1413.jpg,dataset\Plastik\plastik_R_1413.jpg,.jpg,198,254,RGB,6.41
Plastik,plastik_R_1414.jpg,dataset\Plastik\plastik_R_1414.jpg,.jpg,281,179,RGB,6.64
Plastik,plastik_R_1415.jpg,dataset\Plastik\plastik_R_1415.jpg,.jpg,277,182,RGB,8.55
Plastik,plastik_R_1416.jpg,dataset\Plastik\plastik_R_1416.jpg,.jpg,276,183,RGB,16.72
Plastik,plastik_R_1417.jpg,dataset\Plastik\plastik_R_1417.jpg,.jpg,275,183,RGB,5.75
Plastik,plastik_R_1418.jpg,dataset\Plastik\plastik_R_1418.jpg,.jpg,261,193,RGB,6.96
Plastik,plastik_R_142.jpg,dataset\Plastik\plastik_R_142.jpg,.jpg,310,163,RGB,3.38
Plastik,plastik_R_1420.jpg,dataset\Plastik\plastik_R_1420.jpg,.jpg,275,183,RGB,9.74
Plastik,plastik_R_1421.jpg,dataset\Plastik\plastik_R_1421.jpg,.jpg,303,166,RGB,14.0
Plastik,plastik_R_1422.jpg,dataset\Plastik\plastik_R_1422.jpg,.jpg,298,169,RGB,11.34
Plastik,plastik_R_1423.jpg,dataset\Plastik\plastik_R_1423.jpg,.jpg,225,225,RGB,1.39
Plastik,plastik_R_1424.jpg,dataset\Plastik\plastik_R_1424.jpg,.jpg,259,194,RGB,7.23
Plastik,plastik_R_1425.jpg,dataset\Plastik\plastik_R_1425.jpg,.jpg,317,159,RGB,4.55
Plastik,plastik_R_1426.jpg,dataset\Plastik\plastik_R_1426.jpg,.jpg,159,142,RGB,5.18
Plastik,plastik_R_1427.jpg,dataset\Plastik\plastik_R_1427.jpg,.jpg,194,259,RGB,7.58
Plastik,plastik_R_1428.jpg,dataset\Plastik\plastik_R_1428.jpg,.jpg,318,159,RGB,3.23
Plastik,plastik_R_1429.jpg,dataset\Plastik\plastik_R_1429.jpg,.jpg,224,224,RGB,2.56
Plastik,plastik_R_143.jpg,dataset\Plastik\plastik_R_143.jpg,.jpg,270,186,RGB,3.73
Plastik,plastik_R_1430.jpg,dataset\Plastik\plastik_R_1430.jpg,.jpg,275,183,RGB,8.73
Plastik,plastik_R_1431.jpg,dataset\Plastik\plastik_R_1431.jpg,.jpg,275,183,RGB,10.69
Plastik,plastik_R_1432.jpg,dataset\Plastik\plastik_R_1432.jpg,.jpg,225,225,RGB,7.78
Plastik,plastik_R_1433.jpg,dataset\Plastik\plastik_R_1433.jpg,.jpg,225,225,RGB,4.96
Plastik,plastik_R_1434.jpg,dataset\Plastik\plastik_R_1434.jpg,.jpg,300,168,RGB,6.82
Plastik,plastik_R_1435.jpg,dataset\Plastik\plastik_R_1435.jpg,.jpg,259,194,RGB,17.76
Plastik,plastik_R_1436.jpg,dataset\Plastik\plastik_R_1436.jpg,.jpg,276,183,RGB,9.17
Plastik,plastik_R_1437.jpg,dataset\Plastik\plastik_R_1437.jpg,.jpg,225,225,RGB,3.87
Plastik,plastik_R_1438.jpg,dataset\Plastik\plastik_R_1438.jpg,.jpg,225,225,RGB,7.87
Plastik,plastik_R_1439.jpg,dataset\Plastik\plastik_R_1439.jpg,.jpg,171,168,RGB,7.29
Plastik,plastik_R_144.jpg,dataset\Plastik\plastik_R_144.jpg,.jpg,239,160,RGB,5.91
Plastik,plastik_R_1440.jpg,dataset\Plastik\plastik_R_1440.jpg,.jpg,225,225,RGB,2.53
Plastik,plastik_R_1441.jpg,dataset\Plastik\plastik_R_1441.jpg,.jpg,225,225,RGB,2.85
Plastik,plastik_R_1442.jpg,dataset\Plastik\plastik_R_1442.jpg,.jpg,225,225,RGB,3.95
Plastik,plastik_R_1443.jpg,dataset\Plastik\plastik_R_1443.jpg,.jpg,225,225,RGB,5.92
Plastik,plastik_R_1444.jpg,dataset\Plastik\plastik_R_1444.jpg,.jpg,283,178,RGB,5.54
Plastik,plastik_R_1445.jpg,dataset\Plastik\plastik_R_1445.jpg,.jpg,299,169,RGB,4.71
Plastik,plastik_R_1446.jpg,dataset\Plastik\plastik_R_1446.jpg,.jpg,251,201,RGB,6.84
Plastik,plastik_R_1447.jpg,dataset\Plastik\plastik_R_1447.jpg,.jpg,225,225,RGB,2.85
Plastik,plastik_R_1448.jpg,dataset\Plastik\plastik_R_1448.jpg,.jpg,225,225,RGB,6.05
Plastik,plastik_R_1449.jpg,dataset\Plastik\plastik_R_1449.jpg,.jpg,250,197,RGB,2.61
Plastik,plastik_R_145.jpg,dataset\Plastik\plastik_R_145.jpg,.jpg,225,161,RGB,8.85
Plastik,plastik_R_1450.jpg,dataset\Plastik\plastik_R_1450.jpg,.jpg,259,194,RGB,1.46
Plastik,plastik_R_1451.jpg,dataset\Plastik\plastik_R_1451.jpg,.jpg,347,145,RGB,9.84
Plastik,plastik_R_1452.jpg,dataset\Plastik\plastik_R_1452.jpg,.jpg,225,225,RGB,8.97
Plastik,plastik_R_1453.jpg,dataset\Plastik\plastik_R_1453.jpg,.jpg,290,174,RGB,11.26
Plastik,plastik_R_1454.jpg,dataset\Plastik\plastik_R_1454.jpg,.jpg,267,189,RGB,8.84
Plastik,plastik_R_1455.jpg,dataset\Plastik\plastik_R_1455.jpg,.jpg,203,249,RGB,7.04
Plastik,plastik_R_1456.jpg,dataset\Plastik\plastik_R_1456.jpg,.jpg,259,194,RGB,11.04
Plastik,plastik_R_1457.jpg,dataset\Plastik\plastik_R_1457.jpg,.jpg,230,219,RGB,8.57
Plastik,plastik_R_1458.jpg,dataset\Plastik\plastik_R_1458.jpg,.jpg,200,200,RGB,3.45
Plastik,plastik_R_1459.jpg,dataset\Plastik\plastik_R_1459.jpg,.jpg,258,196,RGB,14.82
Plastik,plastik_R_146.jpg,dataset\Plastik\plastik_R_146.jpg,.jpg,259,194,RGB,16.31
Plastik,plastik_R_1460.jpg,dataset\Plastik\plastik_R_1460.jpg,.jpg,275,183,RGB,10.04
Plastik,plastik_R_1461.jpg,dataset\Plastik\plastik_R_1461.jpg,.jpg,275,183,RGB,7.93
Plastik,plastik_R_1462.jpg,dataset\Plastik\plastik_R_1462.jpg,.jpg,259,194,RGB,7.47
Plastik,plastik_R_1463.jpg,dataset\Plastik\plastik_R_1463.jpg,.jpg,220,200,RGB,2.96
Plastik,plastik_R_1464.jpg,dataset\Plastik\plastik_R_1464.jpg,.jpg,217,233,RGB,4.07
Plastik,plastik_R_1465.jpg,dataset\Plastik\plastik_R_1465.jpg,.jpg,250,202,RGB,5.93
Plastik,plastik_R_1466.jpg,dataset\Plastik\plastik_R_1466.jpg,.jpg,235,215,RGB,9.56
Plastik,plastik_R_1467.jpg,dataset\Plastik\plastik_R_1467.jpg,.jpg,245,205,RGB,7.66
Plastik,plastik_R_1468.jpg,dataset\Plastik\plastik_R_1468.jpg,.jpg,236,183,RGB,6.15
Plastik,plastik_R_1469.jpg,dataset\Plastik\plastik_R_1469.jpg,.jpg,225,225,RGB,4.81
Plastik,plastik_R_147.jpg,dataset\Plastik\plastik_R_147.jpg,.jpg,262,175,RGB,7.29
Plastik,plastik_R_1470.jpg,dataset\Plastik\plastik_R_1470.jpg,.jpg,189,267,RGB,8.12
Plastik,plastik_R_1471.jpg,dataset\Plastik\plastik_R_1471.jpg,.jpg,275,183,RGB,7.18
Plastik,plastik_R_1472.jpg,dataset\Plastik\plastik_R_1472.jpg,.jpg,225,225,RGB,4.83
Plastik,plastik_R_1473.jpg,dataset\Plastik\plastik_R_1473.jpg,.jpg,273,184,RGB,6.68
Plastik,plastik_R_1474.jpg,dataset\Plastik\plastik_R_1474.jpg,.jpg,287,176,RGB,4.74
Plastik,plastik_R_1475.jpg,dataset\Plastik\plastik_R_1475.jpg,.jpg,342,147,RGB,12.63
Plastik,plastik_R_1476.jpg,dataset\Plastik\plastik_R_1476.jpg,.jpg,225,225,RGB,2.59
Plastik,plastik_R_1477.jpg,dataset\Plastik\plastik_R_1477.jpg,.jpg,241,209,RGB,7.77
Plastik,plastik_R_1478.jpg,dataset\Plastik\plastik_R_1478.jpg,.jpg,225,225,RGB,3.8
Plastik,plastik_R_1479.jpg,dataset\Plastik\plastik_R_1479.jpg,.jpg,447,113,RGB,7.25
Plastik,plastik_R_148.jpg,dataset\Plastik\plastik_R_148.jpg,.jpg,275,183,RGB,6.08
Plastik,plastik_R_1480.jpg,dataset\Plastik\plastik_R_1480.jpg,.jpg,266,189,RGB,7.71
Plastik,plastik_R_1481.jpg,dataset\Plastik\plastik_R_1481.jpg,.jpg,225,225,RGB,3.89
Plastik,plastik_R_1482.jpg,dataset\Plastik\plastik_R_1482.jpg,.jpg,275,183,RGB,11.37
Plastik,plastik_R_1483.jpg,dataset\Plastik\plastik_R_1483.jpg,.jpg,275,183,RGB,12.67
Plastik,plastik_R_1484.jpg,dataset\Plastik\plastik_R_1484.jpg,.jpg,225,224,RGB,5.5
Plastik,plastik_R_1485.jpg,dataset\Plastik\plastik_R_1485.jpg,.jpg,201,251,RGB,10.21
Plastik,plastik_R_1486.jpg,dataset\Plastik\plastik_R_1486.jpg,.jpg,272,185,RGB,8.65
Plastik,plastik_R_1487.jpg,dataset\Plastik\plastik_R_1487.jpg,.jpg,225,144,RGB,8.47
Plastik,plastik_R_1488.jpg,dataset\Plastik\plastik_R_1488.jpg,.jpg,259,194,RGB,14.99
Plastik,plastik_R_1489.jpg,dataset\Plastik\plastik_R_1489.jpg,.jpg,224,224,RGB,10.37
Plastik,plastik_R_149.jpg,dataset\Plastik\plastik_R_149.jpg,.jpg,275,183,RGB,11.1
Plastik,plastik_R_1490.jpg,dataset\Plastik\plastik_R_1490.jpg,.jpg,225,225,RGB,2.01
Plastik,plastik_R_1491.jpg,dataset\Plastik\plastik_R_1491.jpg,.jpg,194,259,RGB,9.41
Plastik,plastik_R_1492.jpg,dataset\Plastik\plastik_R_1492.jpg,.jpg,300,168,RGB,15.22
Plastik,plastik_R_1493.jpg,dataset\Plastik\plastik_R_1493.jpg,.jpg,300,168,RGB,19.77
Plastik,plastik_R_1494.jpg,dataset\Plastik\plastik_R_1494.jpg,.jpg,251,201,RGB,2.24
Plastik,plastik_R_1495.jpg,dataset\Plastik\plastik_R_1495.jpg,.jpg,259,194,RGB,14.38
Plastik,plastik_R_1496.jpg,dataset\Plastik\plastik_R_1496.jpg,.jpg,245,188,RGB,26.54
Plastik,plastik_R_1498.jpg,dataset\Plastik\plastik_R_1498.jpg,.jpg,275,183,RGB,9.44
Plastik,plastik_R_1499.jpg,dataset\Plastik\plastik_R_1499.jpg,.jpg,259,194,RGB,11.07
Plastik,plastik_R_15.jpg,dataset\Plastik\plastik_R_15.jpg,.jpg,212,238,RGB,1.96
Plastik,plastik_R_150.jpg,dataset\Plastik\plastik_R_150.jpg,.jpg,275,183,RGB,10.8
Plastik,plastik_R_1500.jpg,dataset\Plastik\plastik_R_1500.jpg,.jpg,270,186,RGB,7.69
Plastik,plastik_R_1501.jpg,dataset\Plastik\plastik_R_1501.jpg,.jpg,354,142,RGB,3.89
Plastik,plastik_R_1502.jpg,dataset\Plastik\plastik_R_1502.jpg,.jpg,259,194,RGB,7.49
Plastik,plastik_R_1503.jpg,dataset\Plastik\plastik_R_1503.jpg,.jpg,225,225,RGB,3.81
Plastik,plastik_R_1505.jpg,dataset\Plastik\plastik_R_1505.jpg,.jpg,282,179,RGB,8.14
Plastik,plastik_R_1506.jpg,dataset\Plastik\plastik_R_1506.jpg,.jpg,225,225,RGB,3.74
Plastik,plastik_R_1507.jpg,dataset\Plastik\plastik_R_1507.jpg,.jpg,225,225,RGB,7.66
Plastik,plastik_R_1508.jpg,dataset\Plastik\plastik_R_1508.jpg,.jpg,225,225,RGB,7.54
Plastik,plastik_R_1509.jpg,dataset\Plastik\plastik_R_1509.jpg,.jpg,545,92,RGB,8.71
Plastik,plastik_R_151.jpg,dataset\Plastik\plastik_R_151.jpg,.jpg,265,173,RGB,7.34
Plastik,plastik_R_1510.jpg,dataset\Plastik\plastik_R_1510.jpg,.jpg,278,181,RGB,6.58
Plastik,plastik_R_1511.jpg,dataset\Plastik\plastik_R_1511.jpg,.jpg,275,183,RGB,8.88
Plastik,plastik_R_1512.jpg,dataset\Plastik\plastik_R_1512.jpg,.jpg,259,194,RGB,4.73
Plastik,plastik_R_1513.jpg,dataset\Plastik\plastik_R_1513.jpg,.jpg,225,225,RGB,5.68
Plastik,plastik_R_1514.jpg,dataset\Plastik\plastik_R_1514.jpg,.jpg,259,194,RGB,11.28
Plastik,plastik_R_1515.jpg,dataset\Plastik\plastik_R_1515.jpg,.jpg,225,225,RGB,5.78
Plastik,plastik_R_1516.jpg,dataset\Plastik\plastik_R_1516.jpg,.jpg,200,200,RGB,4.01
Plastik,plastik_R_1517.jpg,dataset\Plastik\plastik_R_1517.jpg,.jpg,301,167,RGB,11.59
Plastik,plastik_R_1518.jpg,dataset\Plastik\plastik_R_1518.jpg,.jpg,275,183,RGB,5.96
Plastik,plastik_R_152.jpg,dataset\Plastik\plastik_R_152.jpg,.jpg,174,100,RGB,2.58
Plastik,plastik_R_1521.jpg,dataset\Plastik\plastik_R_1521.jpg,.jpg,225,225,RGB,7.14
Plastik,plastik_R_1522.jpg,dataset\Plastik\plastik_R_1522.jpg,.jpg,266,190,RGB,21.93
Plastik,plastik_R_1524.jpg,dataset\Plastik\plastik_R_1524.jpg,.jpg,225,225,RGB,4.54
Plastik,plastik_R_1525.jpg,dataset\Plastik\plastik_R_1525.jpg,.jpg,225,225,RGB,3.55
Plastik,plastik_R_1526.jpg,dataset\Plastik\plastik_R_1526.jpg,.jpg,254,198,RGB,4.68
Plastik,plastik_R_1527.jpg,dataset\Plastik\plastik_R_1527.jpg,.jpg,362,139,RGB,18.72
Plastik,plastik_R_1528.jpg,dataset\Plastik\plastik_R_1528.jpg,.jpg,225,225,RGB,6.43
Plastik,plastik_R_1529.jpg,dataset\Plastik\plastik_R_1529.jpg,.jpg,183,276,RGB,8.17
Plastik,plastik_R_1530.jpg,dataset\Plastik\plastik_R_1530.jpg,.jpg,275,183,RGB,6.48
Plastik,plastik_R_1531.jpg,dataset\Plastik\plastik_R_1531.jpg,.jpg,225,225,RGB,5.3
Plastik,plastik_R_1532.jpg,dataset\Plastik\plastik_R_1532.jpg,.jpg,275,183,RGB,15.97
Plastik,plastik_R_1533.jpg,dataset\Plastik\plastik_R_1533.jpg,.jpg,183,275,RGB,8.06
Plastik,plastik_R_1534.jpg,dataset\Plastik\plastik_R_1534.jpg,.jpg,290,174,RGB,7.01
Plastik,plastik_R_1535.jpg,dataset\Plastik\plastik_R_1535.jpg,.jpg,168,300,RGB,2.59
Plastik,plastik_R_1536.jpg,dataset\Plastik\plastik_R_1536.jpg,.jpg,225,225,RGB,4.96
Plastik,plastik_R_1537.jpg,dataset\Plastik\plastik_R_1537.jpg,.jpg,318,159,RGB,12.83
Plastik,plastik_R_1538.jpg,dataset\Plastik\plastik_R_1538.jpg,.jpg,299,169,RGB,11.18
Plastik,plastik_R_154.jpg,dataset\Plastik\plastik_R_154.jpg,.jpg,225,225,RGB,3.23
Plastik,plastik_R_1540.jpg,dataset\Plastik\plastik_R_1540.jpg,.jpg,259,194,RGB,5.82
Plastik,plastik_R_1542.jpg,dataset\Plastik\plastik_R_1542.jpg,.jpg,299,168,RGB,3.58
Plastik,plastik_R_1543.jpg,dataset\Plastik\plastik_R_1543.jpg,.jpg,163,308,RGB,12.86
Plastik,plastik_R_1545.jpg,dataset\Plastik\plastik_R_1545.jpg,.jpg,225,225,RGB,1.66
Plastik,plastik_R_1546.jpg,dataset\Plastik\plastik_R_1546.jpg,.jpg,414,122,RGB,7.75
Plastik,plastik_R_1549.jpg,dataset\Plastik\plastik_R_1549.jpg,.jpg,275,183,RGB,6.13
Plastik,plastik_R_1550.jpg,dataset\Plastik\plastik_R_1550.jpg,.jpg,259,194,RGB,1.37
Plastik,plastik_R_1551.jpg,dataset\Plastik\plastik_R_1551.jpg,.jpg,229,220,RGB,8.23
Plastik,plastik_R_1553.jpg,dataset\Plastik\plastik_R_1553.jpg,.jpg,225,225,RGB,2.25
Plastik,plastik_R_1554.jpg,dataset\Plastik\plastik_R_1554.jpg,.jpg,214,236,RGB,12.51
Plastik,plastik_R_1555.jpg,dataset\Plastik\plastik_R_1555.jpg,.jpg,282,179,RGB,9.18
Plastik,plastik_R_1556.jpg,dataset\Plastik\plastik_R_1556.jpg,.jpg,162,311,RGB,3.53
Plastik,plastik_R_1557.jpg,dataset\Plastik\plastik_R_1557.jpg,.jpg,263,192,RGB,11.22
Plastik,plastik_R_1558.jpg,dataset\Plastik\plastik_R_1558.jpg,.jpg,224,224,RGB,1.72
Plastik,plastik_R_1559.jpg,dataset\Plastik\plastik_R_1559.jpg,.jpg,225,225,RGB,6.67
Plastik,plastik_R_156.jpg,dataset\Plastik\plastik_R_156.jpg,.jpg,202,250,RGB,5.23
Plastik,plastik_R_1561.jpg,dataset\Plastik\plastik_R_1561.jpg,.jpg,225,225,RGB,5.56
Plastik,plastik_R_1563.jpg,dataset\Plastik\plastik_R_1563.jpg,.jpg,275,183,RGB,6.17
Plastik,plastik_R_1564.jpg,dataset\Plastik\plastik_R_1564.jpg,.jpg,265,190,RGB,5.11
Plastik,plastik_R_1565.jpg,dataset\Plastik\plastik_R_1565.jpg,.jpg,294,171,RGB,13.27
Plastik,plastik_R_1566.jpg,dataset\Plastik\plastik_R_1566.jpg,.jpg,225,225,RGB,2.7
Plastik,plastik_R_1567.jpg,dataset\Plastik\plastik_R_1567.jpg,.jpg,225,225,RGB,5.32
Plastik,plastik_R_1568.jpg,dataset\Plastik\plastik_R_1568.jpg,.jpg,301,167,RGB,2.89
Plastik,plastik_R_1569.jpg,dataset\Plastik\plastik_R_1569.jpg,.jpg,200,207,RGB,9.77
Plastik,plastik_R_157.jpg,dataset\Plastik\plastik_R_157.jpg,.jpg,200,200,RGB,3.3
Plastik,plastik_R_1570.jpg,dataset\Plastik\plastik_R_1570.jpg,.jpg,259,194,RGB,6.81
Plastik,plastik_R_1571.jpg,dataset\Plastik\plastik_R_1571.jpg,.jpg,228,221,RGB,9.94
Plastik,plastik_R_1572.jpg,dataset\Plastik\plastik_R_1572.jpg,.jpg,225,225,RGB,2.06
Plastik,plastik_R_1573.jpg,dataset\Plastik\plastik_R_1573.jpg,.jpg,257,196,RGB,11.43
Plastik,plastik_R_1574.jpg,dataset\Plastik\plastik_R_1574.jpg,.jpg,225,225,RGB,6.01
Plastik,plastik_R_1575.jpg,dataset\Plastik\plastik_R_1575.jpg,.jpg,220,200,RGB,3.33
Plastik,plastik_R_1576.jpg,dataset\Plastik\plastik_R_1576.jpg,.jpg,187,269,RGB,3.97
Plastik,plastik_R_1577.jpg,dataset\Plastik\plastik_R_1577.jpg,.jpg,245,206,RGB,9.94
Plastik,plastik_R_1578.jpg,dataset\Plastik\plastik_R_1578.jpg,.jpg,260,194,RGB,11.74
Plastik,plastik_R_1579.jpg,dataset\Plastik\plastik_R_1579.jpg,.jpg,225,225,RGB,2.42
Plastik,plastik_R_158.jpg,dataset\Plastik\plastik_R_158.jpg,.jpg,269,172,RGB,6.49
Plastik,plastik_R_1580.jpg,dataset\Plastik\plastik_R_1580.jpg,.jpg,194,259,RGB,3.38
Plastik,plastik_R_1581.jpg,dataset\Plastik\plastik_R_1581.jpg,.jpg,266,189,RGB,12.39
Plastik,plastik_R_1582.jpg,dataset\Plastik\plastik_R_1582.jpg,.jpg,225,225,RGB,1.92
Plastik,plastik_R_1583.jpg,dataset\Plastik\plastik_R_1583.jpg,.jpg,275,183,RGB,10.86
Plastik,plastik_R_1584.jpg,dataset\Plastik\plastik_R_1584.jpg,.jpg,225,225,RGB,4.67
Plastik,plastik_R_1585.jpg,dataset\Plastik\plastik_R_1585.jpg,.jpg,290,174,RGB,11.85
Plastik,plastik_R_1586.jpg,dataset\Plastik\plastik_R_1586.jpg,.jpg,200,200,RGB,1.79
Plastik,plastik_R_1588.jpg,dataset\Plastik\plastik_R_1588.jpg,.jpg,260,194,RGB,4.82
Plastik,plastik_R_1589.jpg,dataset\Plastik\plastik_R_1589.jpg,.jpg,180,281,RGB,11.17
Plastik,plastik_R_159.jpg,dataset\Plastik\plastik_R_159.jpg,.jpg,183,275,RGB,2.81
Plastik,plastik_R_1590.jpg,dataset\Plastik\plastik_R_1590.jpg,.jpg,225,225,RGB,7.68
Plastik,plastik_R_1591.jpg,dataset\Plastik\plastik_R_1591.jpg,.jpg,225,225,RGB,4.23
Plastik,plastik_R_1592.jpg,dataset\Plastik\plastik_R_1592.jpg,.jpg,259,194,RGB,5.58
Plastik,plastik_R_1593.jpg,dataset\Plastik\plastik_R_1593.jpg,.jpg,241,209,RGB,10.54
Plastik,plastik_R_1594.jpg,dataset\Plastik\plastik_R_1594.jpg,.jpg,225,225,RGB,2.21
Plastik,plastik_R_1595.jpg,dataset\Plastik\plastik_R_1595.jpg,.jpg,245,206,RGB,8.26
Plastik,plastik_R_1597.jpg,dataset\Plastik\plastik_R_1597.jpg,.jpg,414,122,RGB,7.13
Plastik,plastik_R_1598.jpg,dataset\Plastik\plastik_R_1598.jpg,.jpg,225,225,RGB,3.51
Plastik,plastik_R_1599.jpg,dataset\Plastik\plastik_R_1599.jpg,.jpg,259,194,RGB,4.68
Plastik,plastik_R_16.jpg,dataset\Plastik\plastik_R_16.jpg,.jpg,275,183,RGB,6.74
Plastik,plastik_R_160.jpg,dataset\Plastik\plastik_R_160.jpg,.jpg,225,225,RGB,5.46
Plastik,plastik_R_1602.jpg,dataset\Plastik\plastik_R_1602.jpg,.jpg,183,275,RGB,6.95
Plastik,plastik_R_1603.jpg,dataset\Plastik\plastik_R_1603.jpg,.jpg,263,191,RGB,7.92
Plastik,plastik_R_1604.jpg,dataset\Plastik\plastik_R_1604.jpg,.jpg,188,268,RGB,1.94
Plastik,plastik_R_1605.jpg,dataset\Plastik\plastik_R_1605.jpg,.jpg,194,259,RGB,6.65
Plastik,plastik_R_1606.jpg,dataset\Plastik\plastik_R_1606.jpg,.jpg,266,189,RGB,7.41
Plastik,plastik_R_1607.jpg,dataset\Plastik\plastik_R_1607.jpg,.jpg,270,187,RGB,5.09
Plastik,plastik_R_1608.jpg,dataset\Plastik\plastik_R_1608.jpg,.jpg,235,214,RGB,6.37
Plastik,plastik_R_1609.jpg,dataset\Plastik\plastik_R_1609.jpg,.jpg,214,236,RGB,9.82
Plastik,plastik_R_161.jpg,dataset\Plastik\plastik_R_161.jpg,.jpg,245,206,RGB,4.34
Plastik,plastik_R_1610.jpg,dataset\Plastik\plastik_R_1610.jpg,.jpg,225,225,RGB,3.93
Plastik,plastik_R_1611.jpg,dataset\Plastik\plastik_R_1611.jpg,.jpg,259,194,RGB,5.33
Plastik,plastik_R_1612.jpg,dataset\Plastik\plastik_R_1612.jpg,.jpg,196,257,RGB,7.33
Plastik,plastik_R_1613.jpg,dataset\Plastik\plastik_R_1613.jpg,.jpg,406,124,RGB,6.14
Plastik,plastik_R_1614.jpg,dataset\Plastik\plastik_R_1614.jpg,.jpg,255,198,RGB,6.85
Plastik,plastik_R_1615.jpg,dataset\Plastik\plastik_R_1615.jpg,.jpg,300,168,RGB,3.14
Plastik,plastik_R_1617.jpg,dataset\Plastik\plastik_R_1617.jpg,.jpg,275,183,RGB,5.5
Plastik,plastik_R_1618.jpg,dataset\Plastik\plastik_R_1618.jpg,.jpg,255,197,RGB,9.38
Plastik,plastik_R_1619.jpg,dataset\Plastik\plastik_R_1619.jpg,.jpg,83,235,RGB,5.35
Plastik,plastik_R_162.jpg,dataset\Plastik\plastik_R_162.jpg,.jpg,179,261,RGB,8.81
Plastik,plastik_R_1620.jpg,dataset\Plastik\plastik_R_1620.jpg,.jpg,225,225,RGB,4.75
Plastik,plastik_R_1621.jpg,dataset\Plastik\plastik_R_1621.jpg,.jpg,259,194,RGB,11.18
Plastik,plastik_R_1622.jpg,dataset\Plastik\plastik_R_1622.jpg,.jpg,273,185,RGB,11.28
Plastik,plastik_R_164.jpg,dataset\Plastik\plastik_R_164.jpg,.jpg,250,183,RGB,4.22
Plastik,plastik_R_165.jpg,dataset\Plastik\plastik_R_165.jpg,.jpg,275,183,RGB,2.14
Plastik,plastik_R_166.jpg,dataset\Plastik\plastik_R_166.jpg,.jpg,181,278,RGB,2.89
Plastik,plastik_R_167.jpg,dataset\Plastik\plastik_R_167.jpg,.jpg,300,168,RGB,12.0
Plastik,plastik_R_168.jpg,dataset\Plastik\plastik_R_168.jpg,.jpg,284,164,RGB,7.64
Plastik,plastik_R_169.jpg,dataset\Plastik\plastik_R_169.jpg,.jpg,275,183,RGB,4.27
Plastik,plastik_R_17.jpg,dataset\Plastik\plastik_R_17.jpg,.jpg,275,183,RGB,5.79
Plastik,plastik_R_170.jpg,dataset\Plastik\plastik_R_170.jpg,.jpg,224,224,RGB,5.8
Plastik,plastik_R_171.jpg,dataset\Plastik\plastik_R_171.jpg,.jpg,262,193,RGB,10.89
Plastik,plastik_R_172.jpg,dataset\Plastik\plastik_R_172.jpg,.jpg,225,225,RGB,6.81
Plastik,plastik_R_174.jpg,dataset\Plastik\plastik_R_174.jpg,.jpg,196,257,RGB,3.64
Plastik,plastik_R_175.jpg,dataset\Plastik\plastik_R_175.jpg,.jpg,241,160,RGB,3.55
Plastik,plastik_R_176.jpg,dataset\Plastik\plastik_R_176.jpg,.jpg,300,168,RGB,16.97
Plastik,plastik_R_177.jpg,dataset\Plastik\plastik_R_177.jpg,.jpg,183,275,RGB,2.76
Plastik,plastik_R_178.jpg,dataset\Plastik\plastik_R_178.jpg,.jpg,225,225,RGB,2.84
Plastik,plastik_R_179.jpg,dataset\Plastik\plastik_R_179.jpg,.jpg,266,175,RGB,4.57
Plastik,plastik_R_18.jpg,dataset\Plastik\plastik_R_18.jpg,.jpg,183,275,RGB,1.65
Plastik,plastik_R_180.jpg,dataset\Plastik\plastik_R_180.jpg,.jpg,275,183,RGB,9.29
Plastik,plastik_R_181.jpg,dataset\Plastik\plastik_R_181.jpg,.jpg,266,176,RGB,7.04
Plastik,plastik_R_182.jpg,dataset\Plastik\plastik_R_182.jpg,.jpg,275,183,RGB,4.99
Plastik,plastik_R_183.jpg,dataset\Plastik\plastik_R_183.jpg,.jpg,195,259,RGB,17.98
Plastik,plastik_R_184.jpg,dataset\Plastik\plastik_R_184.jpg,.jpg,183,276,RGB,7.31
Plastik,plastik_R_185.jpg,dataset\Plastik\plastik_R_185.jpg,.jpg,201,251,RGB,4.1
Plastik,plastik_R_186.jpg,dataset\Plastik\plastik_R_186.jpg,.jpg,184,274,RGB,2.11
Plastik,plastik_R_187.jpg,dataset\Plastik\plastik_R_187.jpg,.jpg,183,275,RGB,2.58
Plastik,plastik_R_188.jpg,dataset\Plastik\plastik_R_188.jpg,.jpg,300,168,RGB,6.19
Plastik,plastik_R_189.jpg,dataset\Plastik\plastik_R_189.jpg,.jpg,242,208,RGB,3.91
Plastik,plastik_R_19.jpg,dataset\Plastik\plastik_R_19.jpg,.jpg,279,180,RGB,7.0
Plastik,plastik_R_190.jpg,dataset\Plastik\plastik_R_190.jpg,.jpg,299,168,RGB,13.11
Plastik,plastik_R_191.jpg,dataset\Plastik\plastik_R_191.jpg,.jpg,275,183,RGB,10.25
Plastik,plastik_R_192.jpg,dataset\Plastik\plastik_R_192.jpg,.jpg,264,174,RGB,22.3
Plastik,plastik_R_193.jpg,dataset\Plastik\plastik_R_193.jpg,.jpg,183,275,RGB,17.06
Plastik,plastik_R_195.jpg,dataset\Plastik\plastik_R_195.jpg,.jpg,267,175,RGB,27.89
Plastik,plastik_R_196.jpg,dataset\Plastik\plastik_R_196.jpg,.jpg,198,236,RGB,9.23
Plastik,plastik_R_197.jpg,dataset\Plastik\plastik_R_197.jpg,.jpg,306,165,RGB,7.91
Plastik,plastik_R_199.jpg,dataset\Plastik\plastik_R_199.jpg,.jpg,225,225,RGB,5.83
Plastik,plastik_R_2.jpg,dataset\Plastik\plastik_R_2.jpg,.jpg,183,275,RGB,2.37
Plastik,plastik_R_20.jpg,dataset\Plastik\plastik_R_20.jpg,.jpg,248,203,RGB,5.27
Plastik,plastik_R_200.jpg,dataset\Plastik\plastik_R_200.jpg,.jpg,266,174,RGB,8.01
Plastik,plastik_R_201.jpg,dataset\Plastik\plastik_R_201.jpg,.jpg,275,183,RGB,4.77
Plastik,plastik_R_202.jpg,dataset\Plastik\plastik_R_202.jpg,.jpg,275,183,RGB,7.93
Plastik,plastik_R_203.jpg,dataset\Plastik\plastik_R_203.jpg,.jpg,259,194,RGB,11.58
Plastik,plastik_R_204.jpg,dataset\Plastik\plastik_R_204.jpg,.jpg,191,264,RGB,5.18
Plastik,plastik_R_205.jpg,dataset\Plastik\plastik_R_205.jpg,.jpg,275,183,RGB,3.8
Plastik,plastik_R_206.jpg,dataset\Plastik\plastik_R_206.jpg,.jpg,301,167,RGB,5.73
Plastik,plastik_R_207.jpg,dataset\Plastik\plastik_R_207.jpg,.jpg,275,183,RGB,4.25
Plastik,plastik_R_208.jpg,dataset\Plastik\plastik_R_208.jpg,.jpg,257,196,RGB,3.72
Plastik,plastik_R_209.jpg,dataset\Plastik\plastik_R_209.jpg,.jpg,275,183,RGB,5.69
Plastik,plastik_R_21.jpg,dataset\Plastik\plastik_R_21.jpg,.jpg,306,165,RGB,7.13
Plastik,plastik_R_210.jpg,dataset\Plastik\plastik_R_210.jpg,.jpg,180,251,RGB,7.15
Plastik,plastik_R_211.jpg,dataset\Plastik\plastik_R_211.jpg,.jpg,275,183,RGB,13.74
Plastik,plastik_R_212.jpg,dataset\Plastik\plastik_R_212.jpg,.jpg,142,199,RGB,8.05
Plastik,plastik_R_213.jpg,dataset\Plastik\plastik_R_213.jpg,.jpg,179,268,RGB,5.46
Plastik,plastik_R_214.jpg,dataset\Plastik\plastik_R_214.jpg,.jpg,93,210,RGB,2.91
Plastik,plastik_R_215.jpg,dataset\Plastik\plastik_R_215.jpg,.jpg,264,177,RGB,6.94
Plastik,plastik_R_216.jpg,dataset\Plastik\plastik_R_216.jpg,.jpg,183,275,RGB,3.13
Plastik,plastik_R_217.jpg,dataset\Plastik\plastik_R_217.jpg,.jpg,190,266,RGB,1.98
Plastik,plastik_R_218.jpg,dataset\Plastik\plastik_R_218.jpg,.jpg,154,183,RGB,14.15
Plastik,plastik_R_219.jpg,dataset\Plastik\plastik_R_219.jpg,.jpg,285,160,RGB,9.27
Plastik,plastik_R_22.jpg,dataset\Plastik\plastik_R_22.jpg,.jpg,248,180,RGB,7.58
Plastik,plastik_R_220.jpg,dataset\Plastik\plastik_R_220.jpg,.jpg,207,244,RGB,8.52
Plastik,plastik_R_221.jpg,dataset\Plastik\plastik_R_221.jpg,.jpg,294,172,RGB,7.9
Plastik,plastik_R_222.jpg,dataset\Plastik\plastik_R_222.jpg,.jpg,197,255,RGB,18.88
Plastik,plastik_R_223.jpg,dataset\Plastik\plastik_R_223.jpg,.jpg,262,170,RGB,3.79
Plastik,plastik_R_224.jpg,dataset\Plastik\plastik_R_224.jpg,.jpg,301,167,RGB,11.35
Plastik,plastik_R_226.jpg,dataset\Plastik\plastik_R_226.jpg,.jpg,259,194,RGB,17.24
Plastik,plastik_R_227.jpg,dataset\Plastik\plastik_R_227.jpg,.jpg,275,183,RGB,6.37
Plastik,plastik_R_228.jpg,dataset\Plastik\plastik_R_228.jpg,.jpg,225,225,RGB,4.32
Plastik,plastik_R_229.jpg,dataset\Plastik\plastik_R_229.jpg,.jpg,274,184,RGB,3.24
Plastik,plastik_R_23.jpg,dataset\Plastik\plastik_R_23.jpg,.jpg,275,183,RGB,4.77
Plastik,plastik_R_230.jpg,dataset\Plastik\plastik_R_230.jpg,.jpg,289,160,RGB,6.43
Plastik,plastik_R_232.jpg,dataset\Plastik\plastik_R_232.jpg,.jpg,300,168,RGB,13.36
Plastik,plastik_R_233.jpg,dataset\Plastik\plastik_R_233.jpg,.jpg,194,194,RGB,7.58
Plastik,plastik_R_234.jpg,dataset\Plastik\plastik_R_234.jpg,.jpg,275,183,RGB,19.49
Plastik,plastik_R_235.jpg,dataset\Plastik\plastik_R_235.jpg,.jpg,262,172,RGB,5.2
Plastik,plastik_R_236.jpg,dataset\Plastik\plastik_R_236.jpg,.jpg,183,275,RGB,2.94
Plastik,plastik_R_237.jpg,dataset\Plastik\plastik_R_237.jpg,.jpg,183,275,RGB,8.89
Plastik,plastik_R_238.jpg,dataset\Plastik\plastik_R_238.jpg,.jpg,259,194,RGB,16.57
Plastik,plastik_R_239.jpg,dataset\Plastik\plastik_R_239.jpg,.jpg,290,174,RGB,14.8
Plastik,plastik_R_24.jpg,dataset\Plastik\plastik_R_24.jpg,.jpg,273,185,RGB,5.08
Plastik,plastik_R_240.jpg,dataset\Plastik\plastik_R_240.jpg,.jpg,225,225,RGB,12.02
Plastik,plastik_R_241.jpg,dataset\Plastik\plastik_R_241.jpg,.jpg,166,304,RGB,5.45
Plastik,plastik_R_242.jpg,dataset\Plastik\plastik_R_242.jpg,.jpg,194,259,RGB,5.62
Plastik,plastik_R_243.jpg,dataset\Plastik\plastik_R_243.jpg,.jpg,269,188,RGB,11.58
Plastik,plastik_R_244.jpg,dataset\Plastik\plastik_R_244.jpg,.jpg,266,176,RGB,8.07
Plastik,plastik_R_245.jpg,dataset\Plastik\plastik_R_245.jpg,.jpg,194,259,RGB,5.13
Plastik,plastik_R_246.jpg,dataset\Plastik\plastik_R_246.jpg,.jpg,252,185,RGB,18.8
Plastik,plastik_R_248.jpg,dataset\Plastik\plastik_R_248.jpg,.jpg,300,168,RGB,2.0
Plastik,plastik_R_249.jpg,dataset\Plastik\plastik_R_249.jpg,.jpg,253,185,RGB,5.75
Plastik,plastik_R_25.jpg,dataset\Plastik\plastik_R_25.jpg,.jpg,225,225,RGB,2.72
Plastik,plastik_R_250.jpg,dataset\Plastik\plastik_R_250.jpg,.jpg,264,172,RGB,22.78
Plastik,plastik_R_252.jpg,dataset\Plastik\plastik_R_252.jpg,.jpg,122,165,RGB,9.38
Plastik,plastik_R_255.jpg,dataset\Plastik\plastik_R_255.jpg,.jpg,275,183,RGB,16.87
Plastik,plastik_R_256.jpg,dataset\Plastik\plastik_R_256.jpg,.jpg,225,225,RGB,6.21
Plastik,plastik_R_259.jpg,dataset\Plastik\plastik_R_259.jpg,.jpg,266,173,RGB,8.71
Plastik,plastik_R_26.jpg,dataset\Plastik\plastik_R_26.jpg,.jpg,179,282,RGB,3.99
Plastik,plastik_R_260.jpg,dataset\Plastik\plastik_R_260.jpg,.jpg,225,225,RGB,2.49
Plastik,plastik_R_261.jpg,dataset\Plastik\plastik_R_261.jpg,.jpg,183,275,RGB,4.55
Plastik,plastik_R_262.jpg,dataset\Plastik\plastik_R_262.jpg,.jpg,296,170,RGB,8.35
Plastik,plastik_R_263.jpg,dataset\Plastik\plastik_R_263.jpg,.jpg,225,225,RGB,4.7
Plastik,plastik_R_264.jpg,dataset\Plastik\plastik_R_264.jpg,.jpg,225,225,RGB,2.84
Plastik,plastik_R_265.jpg,dataset\Plastik\plastik_R_265.jpg,.jpg,225,225,RGB,3.88
Plastik,plastik_R_266.jpg,dataset\Plastik\plastik_R_266.jpg,.jpg,81,241,RGB,4.65
Plastik,plastik_R_267.jpg,dataset\Plastik\plastik_R_267.jpg,.jpg,267,189,RGB,10.71
Plastik,plastik_R_268.jpg,dataset\Plastik\plastik_R_268.jpg,.jpg,275,183,RGB,4.19
Plastik,plastik_R_269.jpg,dataset\Plastik\plastik_R_269.jpg,.jpg,323,156,RGB,11.91
Plastik,plastik_R_27.jpg,dataset\Plastik\plastik_R_27.jpg,.jpg,183,275,RGB,4.21
Plastik,plastik_R_270.jpg,dataset\Plastik\plastik_R_270.jpg,.jpg,178,266,RGB,12.28
Plastik,plastik_R_271.jpg,dataset\Plastik\plastik_R_271.jpg,.jpg,275,183,RGB,4.89
Plastik,plastik_R_272.jpg,dataset\Plastik\plastik_R_272.jpg,.jpg,264,171,RGB,10.22
Plastik,plastik_R_273.jpg,dataset\Plastik\plastik_R_273.jpg,.jpg,262,170,RGB,7.75
Plastik,plastik_R_28.jpg,dataset\Plastik\plastik_R_28.jpg,.jpg,181,248,RGB,9.19
Plastik,plastik_R_29.jpg,dataset\Plastik\plastik_R_29.jpg,.jpg,276,183,RGB,3.92
Plastik,plastik_R_3.jpg,dataset\Plastik\plastik_R_3.jpg,.jpg,259,194,RGB,2.9
Plastik,plastik_R_30.jpg,dataset\Plastik\plastik_R_30.jpg,.jpg,245,205,RGB,2.55
Plastik,plastik_R_31.jpg,dataset\Plastik\plastik_R_31.jpg,.jpg,224,224,RGB,4.1
Plastik,plastik_R_32.jpg,dataset\Plastik\plastik_R_32.jpg,.jpg,183,275,RGB,5.73
Plastik,plastik_R_33.jpg,dataset\Plastik\plastik_R_33.jpg,.jpg,179,267,RGB,6.29
Plastik,plastik_R_34.jpg,dataset\Plastik\plastik_R_34.jpg,.jpg,290,174,RGB,6.8
Plastik,plastik_R_35.jpg,dataset\Plastik\plastik_R_35.jpg,.jpg,225,225,RGB,2.54
Plastik,plastik_R_36.jpg,dataset\Plastik\plastik_R_36.jpg,.jpg,275,183,RGB,8.13
Plastik,plastik_R_37.jpg,dataset\Plastik\plastik_R_37.jpg,.jpg,259,194,RGB,14.44
Plastik,plastik_R_38.jpg,dataset\Plastik\plastik_R_38.jpg,.jpg,205,246,RGB,9.51
Plastik,plastik_R_39.jpg,dataset\Plastik\plastik_R_39.jpg,.jpg,179,248,RGB,6.08
Plastik,plastik_R_4.jpg,dataset\Plastik\plastik_R_4.jpg,.jpg,274,184,RGB,4.9
Plastik,plastik_R_40.jpg,dataset\Plastik\plastik_R_40.jpg,.jpg,262,172,RGB,6.14
Plastik,plastik_R_41.jpg,dataset\Plastik\plastik_R_41.jpg,.jpg,224,224,RGB,3.35
Plastik,plastik_R_42.jpg,dataset\Plastik\plastik_R_42.jpg,.jpg,275,183,RGB,3.11
Plastik,plastik_R_43.jpg,dataset\Plastik\plastik_R_43.jpg,.jpg,262,173,RGB,25.82
Plastik,plastik_R_44.jpg,dataset\Plastik\plastik_R_44.jpg,.jpg,275,183,RGB,3.07
Plastik,plastik_R_45.jpg,dataset\Plastik\plastik_R_45.jpg,.jpg,258,195,RGB,3.39
Plastik,plastik_R_46.jpg,dataset\Plastik\plastik_R_46.jpg,.jpg,266,173,RGB,7.77
Plastik,plastik_R_47.jpg,dataset\Plastik\plastik_R_47.jpg,.jpg,244,207,RGB,6.32
Plastik,plastik_R_48.jpg,dataset\Plastik\plastik_R_48.jpg,.jpg,183,275,RGB,4.0
Plastik,plastik_R_49.jpg,dataset\Plastik\plastik_R_49.jpg,.jpg,183,275,RGB,2.34
Plastik,plastik_R_5.jpg,dataset\Plastik\plastik_R_5.jpg,.jpg,275,183,RGB,3.33
Plastik,plastik_R_50.jpg,dataset\Plastik\plastik_R_50.jpg,.jpg,276,183,RGB,3.26
Plastik,plastik_R_51.jpg,dataset\Plastik\plastik_R_51.jpg,.jpg,220,212,RGB,10.62
Plastik,plastik_R_52.jpg,dataset\Plastik\plastik_R_52.jpg,.jpg,300,168,RGB,5.34
Plastik,plastik_R_53.jpg,dataset\Plastik\plastik_R_53.jpg,.jpg,422,119,RGB,8.81
Plastik,plastik_R_54.jpg,dataset\Plastik\plastik_R_54.jpg,.jpg,177,262,RGB,4.82
Plastik,plastik_R_55.jpg,dataset\Plastik\plastik_R_55.jpg,.jpg,225,225,RGB,5.62
Plastik,plastik_R_56.jpg,dataset\Plastik\plastik_R_56.jpg,.jpg,183,275,RGB,4.61
Plastik,plastik_R_57.jpg,dataset\Plastik\plastik_R_57.jpg,.jpg,183,275,RGB,4.55
Plastik,plastik_R_58.jpg,dataset\Plastik\plastik_R_58.jpg,.jpg,274,162,RGB,10.23
Plastik,plastik_R_59.jpg,dataset\Plastik\plastik_R_59.jpg,.jpg,181,248,RGB,5.63
Plastik,plastik_R_6.jpg,dataset\Plastik\plastik_R_6.jpg,.jpg,225,225,RGB,3.61
Plastik,plastik_R_60.jpg,dataset\Plastik\plastik_R_60.jpg,.jpg,262,166,RGB,6.11
Plastik,plastik_R_61.jpg,dataset\Plastik\plastik_R_61.jpg,.jpg,328,154,RGB,3.86
Plastik,plastik_R_62.jpg,dataset\Plastik\plastik_R_62.jpg,.jpg,275,183,RGB,10.59
Plastik,plastik_R_63.jpg,dataset\Plastik\plastik_R_63.jpg,.jpg,179,261,RGB,12.74
Plastik,plastik_R_64.jpg,dataset\Plastik\plastik_R_64.jpg,.jpg,313,145,RGB,6.96
Plastik,plastik_R_65.jpg,dataset\Plastik\plastik_R_65.jpg,.jpg,225,225,RGB,2.84
Plastik,plastik_R_66.jpg,dataset\Plastik\plastik_R_66.jpg,.jpg,262,170,RGB,6.45
Plastik,plastik_R_67.jpg,dataset\Plastik\plastik_R_67.jpg,.jpg,225,225,RGB,2.61
Plastik,plastik_R_68.jpg,dataset\Plastik\plastik_R_68.jpg,.jpg,275,183,RGB,2.32
Plastik,plastik_R_69.jpg,dataset\Plastik\plastik_R_69.jpg,.jpg,272,186,RGB,6.58
Plastik,plastik_R_7.jpg,dataset\Plastik\plastik_R_7.jpg,.jpg,294,171,RGB,6.75
Plastik,plastik_R_70.jpg,dataset\Plastik\plastik_R_70.jpg,.jpg,276,183,RGB,4.02
Plastik,plastik_R_71.jpg,dataset\Plastik\plastik_R_71.jpg,.jpg,194,259,RGB,4.12
Plastik,plastik_R_72.jpg,dataset\Plastik\plastik_R_72.jpg,.jpg,212,238,RGB,1.93
Plastik,plastik_R_73.jpg,dataset\Plastik\plastik_R_73.jpg,.jpg,266,178,RGB,10.61
Plastik,plastik_R_74.jpg,dataset\Plastik\plastik_R_74.jpg,.jpg,194,259,RGB,6.07
Plastik,plastik_R_75.jpg,dataset\Plastik\plastik_R_75.jpg,.jpg,194,259,RGB,6.16
Plastik,plastik_R_76.jpg,dataset\Plastik\plastik_R_76.jpg,.jpg,275,183,RGB,2.29
Plastik,plastik_R_77.jpg,dataset\Plastik\plastik_R_77.jpg,.jpg,180,261,RGB,7.82
Plastik,plastik_R_78.jpg,dataset\Plastik\plastik_R_78.jpg,.jpg,225,225,RGB,3.71
Plastik,plastik_R_79.jpg,dataset\Plastik\plastik_R_79.jpg,.jpg,183,275,RGB,3.99
Plastik,plastik_R_8.jpg,dataset\Plastik\plastik_R_8.jpg,.jpg,183,276,RGB,5.43
Plastik,plastik_R_80.jpg,dataset\Plastik\plastik_R_80.jpg,.jpg,194,259,RGB,4.14
Plastik,plastik_R_81.jpg,dataset\Plastik\plastik_R_81.jpg,.jpg,275,183,RGB,6.24
Plastik,plastik_R_82.jpg,dataset\Plastik\plastik_R_82.jpg,.jpg,213,221,RGB,9.23
Plastik,plastik_R_83.jpg,dataset\Plastik\plastik_R_83.jpg,.jpg,225,225,RGB,2.58
Plastik,plastik_R_84.jpg,dataset\Plastik\plastik_R_84.jpg,.jpg,300,168,RGB,3.04
Plastik,plastik_R_85.jpg,dataset\Plastik\plastik_R_85.jpg,.jpg,195,259,RGB,5.2
Plastik,plastik_R_86.jpg,dataset\Plastik\plastik_R_86.jpg,.jpg,219,230,RGB,2.31
Plastik,plastik_R_87.jpg,dataset\Plastik\plastik_R_87.jpg,.jpg,275,183,RGB,6.19
Plastik,plastik_R_88.jpg,dataset\Plastik\plastik_R_88.jpg,.jpg,186,260,RGB,5.15
Plastik,plastik_R_89.jpg,dataset\Plastik\plastik_R_89.jpg,.jpg,352,143,RGB,3.9
Plastik,plastik_R_9.jpg,dataset\Plastik\plastik_R_9.jpg,.jpg,183,275,RGB,4.8
Plastik,plastik_R_90.jpg,dataset\Plastik\plastik_R_90.jpg,.jpg,183,275,RGB,2.89
Plastik,plastik_R_91.jpg,dataset\Plastik\plastik_R_91.jpg,.jpg,225,225,RGB,9.99
Plastik,plastik_R_92.jpg,dataset\Plastik\plastik_R_92.jpg,.jpg,259,194,RGB,7.87
Plastik,plastik_R_93.jpg,dataset\Plastik\plastik_R_93.jpg,.jpg,283,164,RGB,11.41
Plastik,plastik_R_94.jpg,dataset\Plastik\plastik_R_94.jpg,.jpg,183,275,RGB,2.27
Plastik,plastik_R_949.jpg,dataset\Plastik\plastik_R_949.jpg,.jpg,290,174,RGB,9.8
Plastik,plastik_R_95.jpg,dataset\Plastik\plastik_R_95.jpg,.jpg,183,275,RGB,3.25
Plastik,plastik_R_950.jpg,dataset\Plastik\plastik_R_950.jpg,.jpg,275,183,RGB,6.95
Plastik,plastik_R_951.jpg,dataset\Plastik\plastik_R_951.jpg,.jpg,299,168,RGB,13.46
Plastik,plastik_R_952.jpg,dataset\Plastik\plastik_R_952.jpg,.jpg,276,182,RGB,6.72
Plastik,plastik_R_953.jpg,dataset\Plastik\plastik_R_953.jpg,.jpg,308,164,RGB,8.02
Plastik,plastik_R_954.jpg,dataset\Plastik\plastik_R_954.jpg,.jpg,330,152,RGB,7.56
Plastik,plastik_R_955.jpg,dataset\Plastik\plastik_R_955.jpg,.jpg,172,294,RGB,5.28
Plastik,plastik_R_956.jpg,dataset\Plastik\plastik_R_956.jpg,.jpg,272,185,RGB,9.94
Plastik,plastik_R_957.jpg,dataset\Plastik\plastik_R_957.jpg,.jpg,225,225,RGB,3.22
Plastik,plastik_R_958.jpg,dataset\Plastik\plastik_R_958.jpg,.jpg,348,145,RGB,22.59
Plastik,plastik_R_959.jpg,dataset\Plastik\plastik_R_959.jpg,.jpg,335,151,RGB,9.72
Plastik,plastik_R_96.jpg,dataset\Plastik\plastik_R_96.jpg,.jpg,166,183,RGB,9.61
Plastik,plastik_R_960.jpg,dataset\Plastik\plastik_R_960.jpg,.jpg,275,183,RGB,3.0
Plastik,plastik_R_961.jpg,dataset\Plastik\plastik_R_961.jpg,.jpg,279,181,RGB,9.59
Plastik,plastik_R_962.jpg,dataset\Plastik\plastik_R_962.jpg,.jpg,195,258,RGB,5.22
Plastik,plastik_R_963.jpg,dataset\Plastik\plastik_R_963.jpg,.jpg,225,225,RGB,1.85
Plastik,plastik_R_964.jpg,dataset\Plastik\plastik_R_964.jpg,.jpg,259,194,RGB,14.1
Plastik,plastik_R_965.jpg,dataset\Plastik\plastik_R_965.jpg,.jpg,239,211,RGB,10.07
Plastik,plastik_R_966.jpg,dataset\Plastik\plastik_R_966.jpg,.jpg,274,184,RGB,12.36
Plastik,plastik_R_967.jpg,dataset\Plastik\plastik_R_967.jpg,.jpg,306,165,RGB,7.12
Plastik,plastik_R_968.jpg,dataset\Plastik\plastik_R_968.jpg,.jpg,275,183,RGB,14.64
Plastik,plastik_R_969.jpg,dataset\Plastik\plastik_R_969.jpg,.jpg,300,168,RGB,8.0
Plastik,plastik_R_97.jpg,dataset\Plastik\plastik_R_97.jpg,.jpg,194,259,RGB,4.91
Plastik,plastik_R_970.jpg,dataset\Plastik\plastik_R_970.jpg,.jpg,275,183,RGB,12.3
Plastik,plastik_R_971.jpg,dataset\Plastik\plastik_R_971.jpg,.jpg,290,174,RGB,10.35
Plastik,plastik_R_972.jpg,dataset\Plastik\plastik_R_972.jpg,.jpg,300,168,RGB,9.54
Plastik,plastik_R_973.jpg,dataset\Plastik\plastik_R_973.jpg,.jpg,259,194,RGB,13.03
Plastik,plastik_R_974.jpg,dataset\Plastik\plastik_R_974.jpg,.jpg,308,164,RGB,8.52
Plastik,plastik_R_975.jpg,dataset\Plastik\plastik_R_975.jpg,.jpg,380,133,RGB,9.92
Plastik,plastik_R_976.jpg,dataset\Plastik\plastik_R_976.jpg,.jpg,300,168,RGB,14.71
Plastik,plastik_R_977.jpg,dataset\Plastik\plastik_R_977.jpg,.jpg,313,161,RGB,9.9
Plastik,plastik_R_978.jpg,dataset\Plastik\plastik_R_978.jpg,.jpg,225,225,RGB,2.38
Plastik,plastik_R_979.jpg,dataset\Plastik\plastik_R_979.jpg,.jpg,275,183,RGB,4.56
Plastik,plastik_R_98.jpg,dataset\Plastik\plastik_R_98.jpg,.jpg,275,183,RGB,7.2
Plastik,plastik_R_980.jpg,dataset\Plastik\plastik_R_980.jpg,.jpg,259,194,RGB,13.83
Plastik,plastik_R_981.jpg,dataset\Plastik\plastik_R_981.jpg,.jpg,290,174,RGB,7.47
Plastik,plastik_R_982.jpg,dataset\Plastik\plastik_R_982.jpg,.jpg,312,162,RGB,17.91
Plastik,plastik_R_983.jpg,dataset\Plastik\plastik_R_983.jpg,.jpg,287,175,RGB,12.0
Plastik,plastik_R_984.jpg,dataset\Plastik\plastik_R_984.jpg,.jpg,305,165,RGB,7.33
Plastik,plastik_R_985.jpg,dataset\Plastik\plastik_R_985.jpg,.jpg,275,183,RGB,15.26
Plastik,plastik_R_986.jpg,dataset\Plastik\plastik_R_986.jpg,.jpg,300,168,RGB,11.34
Plastik,plastik_R_987.jpg,dataset\Plastik\plastik_R_987.jpg,.jpg,190,265,RGB,3.97
Plastik,plastik_R_988.jpg,dataset\Plastik\plastik_R_988.jpg,.jpg,318,159,RGB,13.6
Plastik,plastik_R_989.jpg,dataset\Plastik\plastik_R_989.jpg,.jpg,275,184,RGB,13.52
Plastik,plastik_R_99.jpg,dataset\Plastik\plastik_R_99.jpg,.jpg,264,173,RGB,6.46
Plastik,plastik_R_990.jpg,dataset\Plastik\plastik_R_990.jpg,.jpg,297,169,RGB,9.87
Plastik,plastik_R_991.jpg,dataset\Plastik\plastik_R_991.jpg,.jpg,198,254,RGB,5.93
Plastik,plastik_R_992.jpg,dataset\Plastik\plastik_R_992.jpg,.jpg,259,194,RGB,7.51
Plastik,plastik_R_993.jpg,dataset\Plastik\plastik_R_993.jpg,.jpg,316,159,RGB,7.0
Plastik,plastik_R_994.jpg,dataset\Plastik\plastik_R_994.jpg,.jpg,275,183,RGB,12.04
Plastik,plastik_R_995.jpg,dataset\Plastik\plastik_R_995.jpg,.jpg,189,266,RGB,2.27
Plastik,plastik_R_996.jpg,dataset\Plastik\plastik_R_996.jpg,.jpg,225,225,RGB,2.52
Plastik,plastik_R_997.jpg,dataset\Plastik\plastik_R_997.jpg,.jpg,241,187,RGB,10.3
Plastik,plastik_R_998.jpg,dataset\Plastik\plastik_R_998.jpg,.jpg,248,184,RGB,23.09
Plastik,plastik_R_999.jpg,dataset\Plastik\plastik_R_999.jpg,.jpg,274,184,RGB,10.5
recyclable,recyclable_glass-10.jpg,dataset\recyclable\recyclable_glass-10.jpg,.jpg,224,224,RGB,14.01
recyclable,recyclable_glass-12_aug1876.jpg,dataset\recyclable\recyclable_glass-12_aug1876.jpg,.jpg,224,224,RGB,15.59
recyclable,recyclable_glass-13_aug1930.jpg,dataset\recyclable\recyclable_glass-13_aug1930.jpg,.jpg,224,224,RGB,14.67
recyclable,recyclable_glass-16_aug582.jpg,dataset\recyclable\recyclable_glass-16_aug582.jpg,.jpg,224,224,RGB,13.47
recyclable,recyclable_glass-17.jpg,dataset\recyclable\recyclable_glass-17.jpg,.jpg,224,224,RGB,13.88
recyclable,recyclable_glass-22_aug461.jpg,dataset\recyclable\recyclable_glass-22_aug461.jpg,.jpg,224,224,RGB,14.76
recyclable,recyclable_glass-24_aug858.jpg,dataset\recyclable\recyclable_glass-24_aug858.jpg,.jpg,224,224,RGB,15.01
recyclable,recyclable_glass-25.jpg,dataset\recyclable\recyclable_glass-25.jpg,.jpg,224,224,RGB,15.73
recyclable,recyclable_glass-27.jpg,dataset\recyclable\recyclable_glass-27.jpg,.jpg,224,224,RGB,14.16
recyclable,recyclable_glass-32.jpg,dataset\recyclable\recyclable_glass-32.jpg,.jpg,224,224,RGB,14.72
recyclable,recyclable_glass-35.jpg,dataset\recyclable\recyclable_glass-35.jpg,.jpg,224,224,RGB,12.7
recyclable,recyclable_glass-36_aug852.jpg,dataset\recyclable\recyclable_glass-36_aug852.jpg,.jpg,224,224,RGB,12.72
recyclable,recyclable_glass-37.jpg,dataset\recyclable\recyclable_glass-37.jpg,.jpg,224,224,RGB,16.31
recyclable,recyclable_glass-3_aug241.jpg,dataset\recyclable\recyclable_glass-3_aug241.jpg,.jpg,224,224,RGB,10.49
recyclable,recyclable_glass-40_aug1068.jpg,dataset\recyclable\recyclable_glass-40_aug1068.jpg,.jpg,224,224,RGB,16.29
recyclable,recyclable_glass-42_aug1532.jpg,dataset\recyclable\recyclable_glass-42_aug1532.jpg,.jpg,224,224,RGB,14.24
recyclable,recyclable_glass-43_aug468.jpg,dataset\recyclable\recyclable_glass-43_aug468.jpg,.jpg,224,224,RGB,13.33
recyclable,recyclable_glass-43_aug809.jpg,dataset\recyclable\recyclable_glass-43_aug809.jpg,.jpg,224,224,RGB,13.55
recyclable,recyclable_glass-44.jpg,dataset\recyclable\recyclable_glass-44.jpg,.jpg,224,224,RGB,14.74
recyclable,recyclable_glass-45_aug126.jpg,dataset\recyclable\recyclable_glass-45_aug126.jpg,.jpg,224,224,RGB,14.67
recyclable,recyclable_glass-46.jpg,dataset\recyclable\recyclable_glass-46.jpg,.jpg,224,224,RGB,15.22
recyclable,recyclable_glass-49_aug2108.jpg,dataset\recyclable\recyclable_glass-49_aug2108.jpg,.jpg,224,224,RGB,15.56
recyclable,recyclable_glass-5.jpg,dataset\recyclable\recyclable_glass-5.jpg,.jpg,224,224,RGB,13.94
recyclable,recyclable_glass-57_aug568.jpg,dataset\recyclable\recyclable_glass-57_aug568.jpg,.jpg,224,224,RGB,13.89
recyclable,recyclable_glass-58_aug137.jpg,dataset\recyclable\recyclable_glass-58_aug137.jpg,.jpg,224,224,RGB,14.01
recyclable,recyclable_glass-60.jpg,dataset\recyclable\recyclable_glass-60.jpg,.jpg,224,224,RGB,13.67
recyclable,recyclable_glass-61_aug1009.jpg,dataset\recyclable\recyclable_glass-61_aug1009.jpg,.jpg,224,224,RGB,17.43
recyclable,recyclable_glass-64_aug683.jpg,dataset\recyclable\recyclable_glass-64_aug683.jpg,.jpg,224,224,RGB,16.43
recyclable,recyclable_glass-65_aug1418.jpg,dataset\recyclable\recyclable_glass-65_aug1418.jpg,.jpg,224,224,RGB,12.73
recyclable,recyclable_glass-66_aug1221.jpg,dataset\recyclable\recyclable_glass-66_aug1221.jpg,.jpg,224,224,RGB,18.22
recyclable,recyclable_glass-70_aug590.jpg,dataset\recyclable\recyclable_glass-70_aug590.jpg,.jpg,224,224,RGB,15.06
recyclable,recyclable_glass-71_aug2104.jpg,dataset\recyclable\recyclable_glass-71_aug2104.jpg,.jpg,224,224,RGB,17.06
recyclable,recyclable_glass-73_aug1299.jpg,dataset\recyclable\recyclable_glass-73_aug1299.jpg,.jpg,224,224,RGB,25.79
recyclable,recyclable_glass-75.jpg,dataset\recyclable\recyclable_glass-75.jpg,.jpg,224,224,RGB,30.18
recyclable,recyclable_glass-80_aug328.jpg,dataset\recyclable\recyclable_glass-80_aug328.jpg,.jpg,224,224,RGB,27.39
recyclable,recyclable_glass-81_aug1429.jpg,dataset\recyclable\recyclable_glass-81_aug1429.jpg,.jpg,224,224,RGB,27.37
recyclable,recyclable_glass-83_aug1567.jpg,dataset\recyclable\recyclable_glass-83_aug1567.jpg,.jpg,224,224,RGB,16.98
recyclable,recyclable_glass-84_aug532.jpg,dataset\recyclable\recyclable_glass-84_aug532.jpg,.jpg,224,224,RGB,7.5
recyclable,recyclable_glass-85_aug1928.jpg,dataset\recyclable\recyclable_glass-85_aug1928.jpg,.jpg,224,224,RGB,16.72
recyclable,recyclable_glass-8_aug1056.jpg,dataset\recyclable\recyclable_glass-8_aug1056.jpg,.jpg,224,224,RGB,14.85
recyclable,recyclable_glass-90_aug1573.jpg,dataset\recyclable\recyclable_glass-90_aug1573.jpg,.jpg,224,224,RGB,19.68
recyclable,recyclable_glass-91_aug1725.jpg,dataset\recyclable\recyclable_glass-91_aug1725.jpg,.jpg,224,224,RGB,17.54
recyclable,recyclable_glass-92_aug1216.jpg,dataset\recyclable\recyclable_glass-92_aug1216.jpg,.jpg,224,224,RGB,13.66
recyclable,recyclable_glass-93_aug1144.jpg,dataset\recyclable\recyclable_glass-93_aug1144.jpg,.jpg,224,224,RGB,7.93
recyclable,recyclable_glass-94_aug1377.jpg,dataset\recyclable\recyclable_glass-94_aug1377.jpg,.jpg,224,224,RGB,7.66
recyclable,recyclable_glass-96.png,dataset\recyclable\recyclable_glass-96.png,.png,224,224,RGB,62.08
recyclable,recyclable_glass-97_aug900.jpg,dataset\recyclable\recyclable_glass-97_aug900.jpg,.jpg,224,224,RGB,8.82
recyclable,recyclable_metal-102.jpg,dataset\recyclable\recyclable_metal-102.jpg,.jpg,224,224,RGB,14.42
recyclable,recyclable_metal-102_aug1497.jpg,dataset\recyclable\recyclable_metal-102_aug1497.jpg,.jpg,224,224,RGB,14.5
recyclable,recyclable_metal-103_aug406.jpg,dataset\recyclable\recyclable_metal-103_aug406.jpg,.jpg,224,224,RGB,13.43
recyclable,recyclable_metal-106_aug1899.jpg,dataset\recyclable\recyclable_metal-106_aug1899.jpg,.jpg,224,224,RGB,15.98
recyclable,recyclable_metal-108.jpg,dataset\recyclable\recyclable_metal-108.jpg,.jpg,224,224,RGB,17.42
recyclable,recyclable_metal-108_aug1229.jpg,dataset\recyclable\recyclable_metal-108_aug1229.jpg,.jpg,224,224,RGB,16.48
recyclable,recyclable_metal-10_aug1545.jpg,dataset\recyclable\recyclable_metal-10_aug1545.jpg,.jpg,224,224,RGB,17.7
recyclable,recyclable_metal-115_aug68.jpg,dataset\recyclable\recyclable_metal-115_aug68.jpg,.jpg,224,224,RGB,11.82
recyclable,recyclable_metal-118_aug1527.jpg,dataset\recyclable\recyclable_metal-118_aug1527.jpg,.jpg,224,224,RGB,14.88
recyclable,recyclable_metal-126_aug1786.jpg,dataset\recyclable\recyclable_metal-126_aug1786.jpg,.jpg,224,224,RGB,21.5
recyclable,recyclable_metal-128.jpg,dataset\recyclable\recyclable_metal-128.jpg,.jpg,224,224,RGB,26.84
recyclable,recyclable_metal-13.jpg,dataset\recyclable\recyclable_metal-13.jpg,.jpg,224,224,RGB,15.66
recyclable,recyclable_metal-131_aug753.jpg,dataset\recyclable\recyclable_metal-131_aug753.jpg,.jpg,224,224,RGB,17.96
recyclable,recyclable_metal-136.jpg,dataset\recyclable\recyclable_metal-136.jpg,.jpg,224,224,RGB,19.5
recyclable,recyclable_metal-137_aug1846.jpg,dataset\recyclable\recyclable_metal-137_aug1846.jpg,.jpg,224,224,RGB,17.93
recyclable,recyclable_metal-139_aug889.jpg,dataset\recyclable\recyclable_metal-139_aug889.jpg,.jpg,224,224,RGB,23.65
recyclable,recyclable_metal-146_aug1196.jpg,dataset\recyclable\recyclable_metal-146_aug1196.jpg,.jpg,224,224,RGB,24.81
recyclable,recyclable_metal-146_aug298.jpg,dataset\recyclable\recyclable_metal-146_aug298.jpg,.jpg,224,224,RGB,24.84
recyclable,recyclable_metal-147.jpg,dataset\recyclable\recyclable_metal-147.jpg,.jpg,224,224,RGB,26.48
recyclable,recyclable_metal-147_aug420.jpg,dataset\recyclable\recyclable_metal-147_aug420.jpg,.jpg,224,224,RGB,23.8
recyclable,recyclable_metal-15.jpg,dataset\recyclable\recyclable_metal-15.jpg,.jpg,224,224,RGB,15.49
recyclable,recyclable_metal-150_aug869.jpg,dataset\recyclable\recyclable_metal-150_aug869.jpg,.jpg,224,224,RGB,25.06
recyclable,recyclable_metal-152.jpg,dataset\recyclable\recyclable_metal-152.jpg,.jpg,224,224,RGB,25.46
recyclable,recyclable_metal-153.jpg,dataset\recyclable\recyclable_metal-153.jpg,.jpg,224,224,RGB,26.15
recyclable,recyclable_metal-156_aug1156.jpg,dataset\recyclable\recyclable_metal-156_aug1156.jpg,.jpg,224,224,RGB,26.26
recyclable,recyclable_metal-157.jpg,dataset\recyclable\recyclable_metal-157.jpg,.jpg,224,224,RGB,19.18
recyclable,recyclable_metal-159_aug1982.jpg,dataset\recyclable\recyclable_metal-159_aug1982.jpg,.jpg,224,224,RGB,27.73
recyclable,recyclable_metal-160.jpg,dataset\recyclable\recyclable_metal-160.jpg,.jpg,224,224,RGB,27.56
recyclable,recyclable_metal-167_aug2164.jpg,dataset\recyclable\recyclable_metal-167_aug2164.jpg,.jpg,224,224,RGB,21.98
recyclable,recyclable_metal-170.jpg,dataset\recyclable\recyclable_metal-170.jpg,.jpg,224,224,RGB,29.93
recyclable,recyclable_metal-177.jpg,dataset\recyclable\recyclable_metal-177.jpg,.jpg,224,224,RGB,30.86
recyclable,recyclable_metal-183_aug1768.jpg,dataset\recyclable\recyclable_metal-183_aug1768.jpg,.jpg,224,224,RGB,16.75
recyclable,recyclable_metal-183_aug245.jpg,dataset\recyclable\recyclable_metal-183_aug245.jpg,.jpg,224,224,RGB,16.14
recyclable,recyclable_metal-186.jpg,dataset\recyclable\recyclable_metal-186.jpg,.jpg,224,224,RGB,17.11
recyclable,recyclable_metal-188.jpg,dataset\recyclable\recyclable_metal-188.jpg,.jpg,224,224,RGB,18.04
recyclable,recyclable_metal-189_aug1538.jpg,dataset\recyclable\recyclable_metal-189_aug1538.jpg,.jpg,224,224,RGB,16.3
recyclable,recyclable_metal-18_aug1487.jpg,dataset\recyclable\recyclable_metal-18_aug1487.jpg,.jpg,224,224,RGB,14.19
recyclable,recyclable_metal-18_aug1897.jpg,dataset\recyclable\recyclable_metal-18_aug1897.jpg,.jpg,224,224,RGB,15.67
recyclable,recyclable_metal-21_aug1475.jpg,dataset\recyclable\recyclable_metal-21_aug1475.jpg,.jpg,224,224,RGB,13.82
recyclable,recyclable_metal-23.jpg,dataset\recyclable\recyclable_metal-23.jpg,.jpg,224,224,RGB,14.61
recyclable,recyclable_metal-27.jpg,dataset\recyclable\recyclable_metal-27.jpg,.jpg,224,224,RGB,13.61
recyclable,recyclable_metal-30_aug166.jpg,dataset\recyclable\recyclable_metal-30_aug166.jpg,.jpg,224,224,RGB,13.05
recyclable,recyclable_metal-33_aug1258.jpg,dataset\recyclable\recyclable_metal-33_aug1258.jpg,.jpg,224,224,RGB,11.89
recyclable,recyclable_metal-35_aug78.jpg,dataset\recyclable\recyclable_metal-35_aug78.jpg,.jpg,224,224,RGB,14.6
recyclable,recyclable_metal-38_aug1065.jpg,dataset\recyclable\recyclable_metal-38_aug1065.jpg,.jpg,224,224,RGB,16.1
recyclable,recyclable_metal-42_aug380.jpg,dataset\recyclable\recyclable_metal-42_aug380.jpg,.jpg,224,224,RGB,15.74
recyclable,recyclable_metal-42_aug411.jpg,dataset\recyclable\recyclable_metal-42_aug411.jpg,.jpg,224,224,RGB,17.09
recyclable,recyclable_metal-44_aug1410.jpg,dataset\recyclable\recyclable_metal-44_aug1410.jpg,.jpg,224,224,RGB,12.69
recyclable,recyclable_metal-45.jpg,dataset\recyclable\recyclable_metal-45.jpg,.jpg,224,224,RGB,14.7
recyclable,recyclable_metal-45_aug1137.jpg,dataset\recyclable\recyclable_metal-45_aug1137.jpg,.jpg,224,224,RGB,14.02
recyclable,recyclable_metal-50_aug910.jpg,dataset\recyclable\recyclable_metal-50_aug910.jpg,.jpg,224,224,RGB,12.02
recyclable,recyclable_metal-51.jpg,dataset\recyclable\recyclable_metal-51.jpg,.jpg,224,224,RGB,15.61
recyclable,recyclable_metal-54_aug306.jpg,dataset\recyclable\recyclable_metal-54_aug306.jpg,.jpg,224,224,RGB,15.51
recyclable,recyclable_metal-55_aug1355.jpg,dataset\recyclable\recyclable_metal-55_aug1355.jpg,.jpg,224,224,RGB,16.36
recyclable,recyclable_metal-59.jpg,dataset\recyclable\recyclable_metal-59.jpg,.jpg,224,224,RGB,10.78
recyclable,recyclable_metal-60_aug2071.jpg,dataset\recyclable\recyclable_metal-60_aug2071.jpg,.jpg,224,224,RGB,18.96
recyclable,recyclable_metal-61.jpg,dataset\recyclable\recyclable_metal-61.jpg,.jpg,224,224,RGB,20.58
recyclable,recyclable_metal-63_aug1122.jpg,dataset\recyclable\recyclable_metal-63_aug1122.jpg,.jpg,224,224,RGB,16.57
recyclable,recyclable_metal-64_aug1416.jpg,dataset\recyclable\recyclable_metal-64_aug1416.jpg,.jpg,224,224,RGB,16.89
recyclable,recyclable_metal-65_aug478.jpg,dataset\recyclable\recyclable_metal-65_aug478.jpg,.jpg,224,224,RGB,14.96
recyclable,recyclable_metal-65_aug654.jpg,dataset\recyclable\recyclable_metal-65_aug654.jpg,.jpg,224,224,RGB,15.89
recyclable,recyclable_metal-69_aug1121.jpg,dataset\recyclable\recyclable_metal-69_aug1121.jpg,.jpg,224,224,RGB,20.22
recyclable,recyclable_metal-69_aug1817.jpg,dataset\recyclable\recyclable_metal-69_aug1817.jpg,.jpg,224,224,RGB,20.74
recyclable,recyclable_metal-7.jpg,dataset\recyclable\recyclable_metal-7.jpg,.jpg,224,224,RGB,14.46
recyclable,recyclable_metal-70.jpg,dataset\recyclable\recyclable_metal-70.jpg,.jpg,224,224,RGB,19.56
recyclable,recyclable_metal-70_aug44.jpg,dataset\recyclable\recyclable_metal-70_aug44.jpg,.jpg,224,224,RGB,17.74
recyclable,recyclable_metal-79.jpg,dataset\recyclable\recyclable_metal-79.jpg,.jpg,224,224,RGB,14.56
recyclable,recyclable_metal-80.jpg,dataset\recyclable\recyclable_metal-80.jpg,.jpg,224,224,RGB,15.66
recyclable,recyclable_metal-85.jpg,dataset\recyclable\recyclable_metal-85.jpg,.jpg,224,224,RGB,14.92
recyclable,recyclable_metal-86.jpg,dataset\recyclable\recyclable_metal-86.jpg,.jpg,224,224,RGB,15.92
recyclable,recyclable_metal-88_aug195.jpg,dataset\recyclable\recyclable_metal-88_aug195.jpg,.jpg,224,224,RGB,14.32
recyclable,recyclable_metal-8_aug872.jpg,dataset\recyclable\recyclable_metal-8_aug872.jpg,.jpg,224,224,RGB,14.66
recyclable,recyclable_metal-90_aug2012.jpg,dataset\recyclable\recyclable_metal-90_aug2012.jpg,.jpg,224,224,RGB,14.51
recyclable,recyclable_metal-92_aug1653.jpg,dataset\recyclable\recyclable_metal-92_aug1653.jpg,.jpg,224,224,RGB,16.79
recyclable,recyclable_metal-94_aug1853.jpg,dataset\recyclable\recyclable_metal-94_aug1853.jpg,.jpg,224,224,RGB,13.74
recyclable,recyclable_metal-95.jpg,dataset\recyclable\recyclable_metal-95.jpg,.jpg,224,224,RGB,14.96
recyclable,recyclable_metal-96_aug1449.jpg,dataset\recyclable\recyclable_metal-96_aug1449.jpg,.jpg,224,224,RGB,15.38
recyclable,recyclable_metal-96_aug271.jpg,dataset\recyclable\recyclable_metal-96_aug271.jpg,.jpg,224,224,RGB,15.52
recyclable,recyclable_metal-98_aug377.jpg,dataset\recyclable\recyclable_metal-98_aug377.jpg,.jpg,224,224,RGB,14.42
recyclable,recyclable_paper-1.jpg,dataset\recyclable\recyclable_paper-1.jpg,.jpg,224,224,RGB,19.24
recyclable,recyclable_paper-101_aug1553.jpg,dataset\recyclable\recyclable_paper-101_aug1553.jpg,.jpg,224,224,RGB,28.69
recyclable,recyclable_paper-101_aug395.jpg,dataset\recyclable\recyclable_paper-101_aug395.jpg,.jpg,224,224,RGB,30.97
recyclable,recyclable_paper-106_aug1157.jpg,dataset\recyclable\recyclable_paper-106_aug1157.jpg,.jpg,224,224,RGB,31.9
recyclable,recyclable_paper-107_aug2115.jpg,dataset\recyclable\recyclable_paper-107_aug2115.jpg,.jpg,224,224,RGB,24.57
recyclable,recyclable_paper-107_aug2156.jpg,dataset\recyclable\recyclable_paper-107_aug2156.jpg,.jpg,224,224,RGB,25.4
recyclable,recyclable_paper-110.jpg,dataset\recyclable\recyclable_paper-110.jpg,.jpg,224,224,RGB,19.35
recyclable,recyclable_paper-12_aug209.jpg,dataset\recyclable\recyclable_paper-12_aug209.jpg,.jpg,224,224,RGB,14.72
recyclable,recyclable_paper-14.jpg,dataset\recyclable\recyclable_paper-14.jpg,.jpg,224,224,RGB,16.59
recyclable,recyclable_paper-20.jpg,dataset\recyclable\recyclable_paper-20.jpg,.jpg,224,224,RGB,15.46
recyclable,recyclable_paper-20_aug28.jpg,dataset\recyclable\recyclable_paper-20_aug28.jpg,.jpg,224,224,RGB,17.15
recyclable,recyclable_paper-21.jpg,dataset\recyclable\recyclable_paper-21.jpg,.jpg,224,224,RGB,17.26
recyclable,recyclable_paper-22.jpg,dataset\recyclable\recyclable_paper-22.jpg,.jpg,224,224,RGB,12.99
recyclable,recyclable_paper-24_aug139.jpg,dataset\recyclable\recyclable_paper-24_aug139.jpg,.jpg,224,224,RGB,12.26
recyclable,recyclable_paper-25.jpg,dataset\recyclable\recyclable_paper-25.jpg,.jpg,224,224,RGB,11.99
recyclable,recyclable_paper-26.jpg,dataset\recyclable\recyclable_paper-26.jpg,.jpg,224,224,RGB,11.24
recyclable,recyclable_paper-26_aug1336.jpg,dataset\recyclable\recyclable_paper-26_aug1336.jpg,.jpg,224,224,RGB,11.73
recyclable,recyclable_paper-27_aug708.jpg,dataset\recyclable\recyclable_paper-27_aug708.jpg,.jpg,224,224,RGB,26.21
recyclable,recyclable_paper-29_aug579.jpg,dataset\recyclable\recyclable_paper-29_aug579.jpg,.jpg,224,224,RGB,22.77
recyclable,recyclable_paper-30_aug1711.jpg,dataset\recyclable\recyclable_paper-30_aug1711.jpg,.jpg,224,224,RGB,22.49
recyclable,recyclable_paper-32.jpg,dataset\recyclable\recyclable_paper-32.jpg,.jpg,224,224,RGB,28.13
recyclable,recyclable_paper-35.jpg,dataset\recyclable\recyclable_paper-35.jpg,.jpg,224,224,RGB,24.89
recyclable,recyclable_paper-35_aug1177.jpg,dataset\recyclable\recyclable_paper-35_aug1177.jpg,.jpg,224,224,RGB,23.23
recyclable,recyclable_paper-3_aug1184.jpg,dataset\recyclable\recyclable_paper-3_aug1184.jpg,.jpg,224,224,RGB,24.12
recyclable,recyclable_paper-40_aug566.jpg,dataset\recyclable\recyclable_paper-40_aug566.jpg,.jpg,224,224,RGB,19.8
recyclable,recyclable_paper-43.jpg,dataset\recyclable\recyclable_paper-43.jpg,.jpg,224,224,RGB,24.09
recyclable,recyclable_paper-45.jpg,dataset\recyclable\recyclable_paper-45.jpg,.jpg,224,224,RGB,23.23
recyclable,recyclable_paper-46_aug1371.jpg,dataset\recyclable\recyclable_paper-46_aug1371.jpg,.jpg,224,224,RGB,20.78
recyclable,recyclable_paper-47_aug429.jpg,dataset\recyclable\recyclable_paper-47_aug429.jpg,.jpg,224,224,RGB,21.47
recyclable,recyclable_paper-51_aug192.jpg,dataset\recyclable\recyclable_paper-51_aug192.jpg,.jpg,224,224,RGB,27.43
recyclable,recyclable_paper-55_aug2086.jpg,dataset\recyclable\recyclable_paper-55_aug2086.jpg,.jpg,224,224,RGB,13.43
recyclable,recyclable_paper-57_aug1231.jpg,dataset\recyclable\recyclable_paper-57_aug1231.jpg,.jpg,224,224,RGB,14.99
recyclable,recyclable_paper-57_aug396.jpg,dataset\recyclable\recyclable_paper-57_aug396.jpg,.jpg,224,224,RGB,15.26
recyclable,recyclable_paper-58_aug1670.jpg,dataset\recyclable\recyclable_paper-58_aug1670.jpg,.jpg,224,224,RGB,35.23
recyclable,recyclable_paper-6.jpg,dataset\recyclable\recyclable_paper-6.jpg,.jpg,224,224,RGB,20.88
recyclable,recyclable_paper-61_aug1701.jpg,dataset\recyclable\recyclable_paper-61_aug1701.jpg,.jpg,224,224,RGB,31.15
recyclable,recyclable_paper-62_aug2068.jpg,dataset\recyclable\recyclable_paper-62_aug2068.jpg,.jpg,224,224,RGB,36.39
recyclable,recyclable_paper-62_aug440.jpg,dataset\recyclable\recyclable_paper-62_aug440.jpg,.jpg,224,224,RGB,35.88
recyclable,recyclable_paper-64_aug831.jpg,dataset\recyclable\recyclable_paper-64_aug831.jpg,.jpg,224,224,RGB,32.11
recyclable,recyclable_paper-65.jpg,dataset\recyclable\recyclable_paper-65.jpg,.jpg,224,224,RGB,37.24
recyclable,recyclable_paper-65_aug471.jpg,dataset\recyclable\recyclable_paper-65_aug471.jpg,.jpg,224,224,RGB,36.36
recyclable,recyclable_paper-66_aug686.jpg,dataset\recyclable\recyclable_paper-66_aug686.jpg,.jpg,224,224,RGB,31.92
recyclable,recyclable_paper-67.jpg,dataset\recyclable\recyclable_paper-67.jpg,.jpg,224,224,RGB,35.42
recyclable,recyclable_paper-67_aug399.jpg,dataset\recyclable\recyclable_paper-67_aug399.jpg,.jpg,224,224,RGB,35.43
recyclable,recyclable_paper-68.jpg,dataset\recyclable\recyclable_paper-68.jpg,.jpg,224,224,RGB,32.41
recyclable,recyclable_paper-72_aug1706.jpg,dataset\recyclable\recyclable_paper-72_aug1706.jpg,.jpg,224,224,RGB,34.55
recyclable,recyclable_paper-72_aug2124.jpg,dataset\recyclable\recyclable_paper-72_aug2124.jpg,.jpg,224,224,RGB,34.58
recyclable,recyclable_paper-74.jpg,dataset\recyclable\recyclable_paper-74.jpg,.jpg,224,224,RGB,26.9
recyclable,recyclable_paper-74_aug1771.jpg,dataset\recyclable\recyclable_paper-74_aug1771.jpg,.jpg,224,224,RGB,26.87
recyclable,recyclable_paper-75_aug1288.jpg,dataset\recyclable\recyclable_paper-75_aug1288.jpg,.jpg,224,224,RGB,26.74
recyclable,recyclable_paper-78.jpg,dataset\recyclable\recyclable_paper-78.jpg,.jpg,224,224,RGB,35.46
recyclable,recyclable_paper-79_aug871.jpg,dataset\recyclable\recyclable_paper-79_aug871.jpg,.jpg,224,224,RGB,30.29
recyclable,recyclable_paper-7_aug757.jpg,dataset\recyclable\recyclable_paper-7_aug757.jpg,.jpg,224,224,RGB,20.99
recyclable,recyclable_paper-83_aug2084.jpg,dataset\recyclable\recyclable_paper-83_aug2084.jpg,.jpg,224,224,RGB,23.67
recyclable,recyclable_paper-85_aug651.jpg,dataset\recyclable\recyclable_paper-85_aug651.jpg,.jpg,224,224,RGB,31.23
recyclable,recyclable_paper-88_aug263.jpg,dataset\recyclable\recyclable_paper-88_aug263.jpg,.jpg,224,224,RGB,20.14
recyclable,recyclable_paper-9.jpg,dataset\recyclable\recyclable_paper-9.jpg,.jpg,224,224,RGB,20.39
recyclable,recyclable_paper-90_aug1282.jpg,dataset\recyclable\recyclable_paper-90_aug1282.jpg,.jpg,224,224,RGB,24.25
recyclable,recyclable_paper-91_aug972.jpg,dataset\recyclable\recyclable_paper-91_aug972.jpg,.jpg,224,224,RGB,19.63
recyclable,recyclable_paper-94.jpg,dataset\recyclable\recyclable_paper-94.jpg,.jpg,224,224,RGB,25.61
recyclable,recyclable_paper-97.jpg,dataset\recyclable\recyclable_paper-97.jpg,.jpg,224,224,RGB,26.5
recyclable,recyclable_paper-98.jpg,dataset\recyclable\recyclable_paper-98.jpg,.jpg,224,224,RGB,20.16
recyclable,recyclable_paper-98_aug87.jpg,dataset\recyclable\recyclable_paper-98_aug87.jpg,.jpg,224,224,RGB,17.42
recyclable,recyclable_plastic-1.jpg,dataset\recyclable\recyclable_plastic-1.jpg,.jpg,224,224,RGB,12.58
recyclable,recyclable_plastic-102_aug1462.jpg,dataset\recyclable\recyclable_plastic-102_aug1462.jpg,.jpg,224,224,RGB,13.39
recyclable,recyclable_plastic-102_aug1925.jpg,dataset\recyclable\recyclable_plastic-102_aug1925.jpg,.jpg,224,224,RGB,12.69
recyclable,recyclable_plastic-103_aug229.jpg,dataset\recyclable\recyclable_plastic-103_aug229.jpg,.jpg,224,224,RGB,13.94
recyclable,recyclable_plastic-105.jpg,dataset\recyclable\recyclable_plastic-105.jpg,.jpg,224,224,RGB,14.38
recyclable,recyclable_plastic-105_aug1860.jpg,dataset\recyclable\recyclable_plastic-105_aug1860.jpg,.jpg,224,224,RGB,14.37
recyclable,recyclable_plastic-10_aug1344.jpg,dataset\recyclable\recyclable_plastic-10_aug1344.jpg,.jpg,224,224,RGB,13.67
recyclable,recyclable_plastic-112.jpg,dataset\recyclable\recyclable_plastic-112.jpg,.jpg,224,224,RGB,14.97
recyclable,recyclable_plastic-113.jpg,dataset\recyclable\recyclable_plastic-113.jpg,.jpg,224,224,RGB,13.66
recyclable,recyclable_plastic-114_aug1308.jpg,dataset\recyclable\recyclable_plastic-114_aug1308.jpg,.jpg,224,224,RGB,15.36
recyclable,recyclable_plastic-118.jpg,dataset\recyclable\recyclable_plastic-118.jpg,.jpg,224,224,RGB,14.71
recyclable,recyclable_plastic-122.jpg,dataset\recyclable\recyclable_plastic-122.jpg,.jpg,224,224,RGB,11.83
recyclable,recyclable_plastic-125_aug1960.jpg,dataset\recyclable\recyclable_plastic-125_aug1960.jpg,.jpg,224,224,RGB,17.03
recyclable,recyclable_plastic-128.jpg,dataset\recyclable\recyclable_plastic-128.jpg,.jpg,224,224,RGB,13.46
recyclable,recyclable_plastic-128_aug106.jpg,dataset\recyclable\recyclable_plastic-128_aug106.jpg,.jpg,224,224,RGB,14.36
recyclable,recyclable_plastic-130.jpg,dataset\recyclable\recyclable_plastic-130.jpg,.jpg,224,224,RGB,14.66
recyclable,recyclable_plastic-131_aug2149.jpg,dataset\recyclable\recyclable_plastic-131_aug2149.jpg,.jpg,224,224,RGB,14.98
recyclable,recyclable_plastic-132_aug1227.jpg,dataset\recyclable\recyclable_plastic-132_aug1227.jpg,.jpg,224,224,RGB,14.44
recyclable,recyclable_plastic-133.jpg,dataset\recyclable\recyclable_plastic-133.jpg,.jpg,224,224,RGB,13.67
recyclable,recyclable_plastic-135.jpg,dataset\recyclable\recyclable_plastic-135.jpg,.jpg,224,224,RGB,14.88
recyclable,recyclable_plastic-137_aug2150.jpg,dataset\recyclable\recyclable_plastic-137_aug2150.jpg,.jpg,224,224,RGB,12.55
recyclable,recyclable_plastic-137_aug307.jpg,dataset\recyclable\recyclable_plastic-137_aug307.jpg,.jpg,224,224,RGB,14.72
recyclable,recyclable_plastic-138.jpg,dataset\recyclable\recyclable_plastic-138.jpg,.jpg,224,224,RGB,16.32
recyclable,recyclable_plastic-139.jpg,dataset\recyclable\recyclable_plastic-139.jpg,.jpg,224,224,RGB,15.34
recyclable,recyclable_plastic-142_aug720.jpg,dataset\recyclable\recyclable_plastic-142_aug720.jpg,.jpg,224,224,RGB,15.68
recyclable,recyclable_plastic-143_aug1265.jpg,dataset\recyclable\recyclable_plastic-143_aug1265.jpg,.jpg,224,224,RGB,12.29
recyclable,recyclable_plastic-143_aug949.jpg,dataset\recyclable\recyclable_plastic-143_aug949.jpg,.jpg,224,224,RGB,12.84
recyclable,recyclable_plastic-144.jpg,dataset\recyclable\recyclable_plastic-144.jpg,.jpg,224,224,RGB,14.15
recyclable,recyclable_plastic-145.jpg,dataset\recyclable\recyclable_plastic-145.jpg,.jpg,224,224,RGB,15.08
recyclable,recyclable_plastic-147_aug357.jpg,dataset\recyclable\recyclable_plastic-147_aug357.jpg,.jpg,224,224,RGB,10.97
recyclable,recyclable_plastic-148.jpg,dataset\recyclable\recyclable_plastic-148.jpg,.jpg,224,224,RGB,15.51
recyclable,recyclable_plastic-149.jpg,dataset\recyclable\recyclable_plastic-149.jpg,.jpg,224,224,RGB,13.38
recyclable,recyclable_plastic-155.jpg,dataset\recyclable\recyclable_plastic-155.jpg,.jpg,224,224,RGB,16.09
recyclable,recyclable_plastic-158.jpg,dataset\recyclable\recyclable_plastic-158.jpg,.jpg,224,224,RGB,14.4
recyclable,recyclable_plastic-161.jpg,dataset\recyclable\recyclable_plastic-161.jpg,.jpg,224,224,RGB,13.85
recyclable,recyclable_plastic-161_aug1572.jpg,dataset\recyclable\recyclable_plastic-161_aug1572.jpg,.jpg,224,224,RGB,14.47
recyclable,recyclable_plastic-162_aug979.jpg,dataset\recyclable\recyclable_plastic-162_aug979.jpg,.jpg,224,224,RGB,14.86
recyclable,recyclable_plastic-163_aug1427.jpg,dataset\recyclable\recyclable_plastic-163_aug1427.jpg,.jpg,224,224,RGB,16.73
recyclable,recyclable_plastic-163_aug1652.jpg,dataset\recyclable\recyclable_plastic-163_aug1652.jpg,.jpg,224,224,RGB,14.42
recyclable,recyclable_plastic-167_aug1580.jpg,dataset\recyclable\recyclable_plastic-167_aug1580.jpg,.jpg,224,224,RGB,15.65
recyclable,recyclable_plastic-175_aug1828.jpg,dataset\recyclable\recyclable_plastic-175_aug1828.jpg,.jpg,224,224,RGB,14.31
recyclable,recyclable_plastic-177_aug525.jpg,dataset\recyclable\recyclable_plastic-177_aug525.jpg,.jpg,224,224,RGB,12.83
recyclable,recyclable_plastic-17_aug1166.jpg,dataset\recyclable\recyclable_plastic-17_aug1166.jpg,.jpg,224,224,RGB,16.88
recyclable,recyclable_plastic-184.jpg,dataset\recyclable\recyclable_plastic-184.jpg,.jpg,224,224,RGB,14.93
recyclable,recyclable_plastic-185.jpg,dataset\recyclable\recyclable_plastic-185.jpg,.jpg,224,224,RGB,13.6
recyclable,recyclable_plastic-186_aug591.jpg,dataset\recyclable\recyclable_plastic-186_aug591.jpg,.jpg,224,224,RGB,14.9
recyclable,recyclable_plastic-191_aug598.jpg,dataset\recyclable\recyclable_plastic-191_aug598.jpg,.jpg,224,224,RGB,14.61
recyclable,recyclable_plastic-198_aug1907.jpg,dataset\recyclable\recyclable_plastic-198_aug1907.jpg,.jpg,224,224,RGB,18.06
recyclable,recyclable_plastic-20.jpg,dataset\recyclable\recyclable_plastic-20.jpg,.jpg,224,224,RGB,18.69
recyclable,recyclable_plastic-201.jpg,dataset\recyclable\recyclable_plastic-201.jpg,.jpg,224,224,RGB,17.59
recyclable,recyclable_plastic-202_aug2053.jpg,dataset\recyclable\recyclable_plastic-202_aug2053.jpg,.jpg,224,224,RGB,20.11
recyclable,recyclable_plastic-207_aug120.jpg,dataset\recyclable\recyclable_plastic-207_aug120.jpg,.jpg,224,224,RGB,14.54
recyclable,recyclable_plastic-208_aug2091.jpg,dataset\recyclable\recyclable_plastic-208_aug2091.jpg,.jpg,224,224,RGB,14.61
recyclable,recyclable_plastic-209.jpg,dataset\recyclable\recyclable_plastic-209.jpg,.jpg,224,224,RGB,13.09
recyclable,recyclable_plastic-214_aug1027.jpg,dataset\recyclable\recyclable_plastic-214_aug1027.jpg,.jpg,224,224,RGB,16.94
recyclable,recyclable_plastic-217_aug855.jpg,dataset\recyclable\recyclable_plastic-217_aug855.jpg,.jpg,224,224,RGB,14.4
recyclable,recyclable_plastic-22.jpg,dataset\recyclable\recyclable_plastic-22.jpg,.jpg,224,224,RGB,12.59
recyclable,recyclable_plastic-221_aug1293.jpg,dataset\recyclable\recyclable_plastic-221_aug1293.jpg,.jpg,224,224,RGB,14.04
recyclable,recyclable_plastic-221_aug503.jpg,dataset\recyclable\recyclable_plastic-221_aug503.jpg,.jpg,224,224,RGB,14.09
recyclable,recyclable_plastic-223_aug1103.jpg,dataset\recyclable\recyclable_plastic-223_aug1103.jpg,.jpg,224,224,RGB,13.78
recyclable,recyclable_plastic-225.jpg,dataset\recyclable\recyclable_plastic-225.jpg,.jpg,224,224,RGB,14.16
recyclable,recyclable_plastic-227_aug484.jpg,dataset\recyclable\recyclable_plastic-227_aug484.jpg,.jpg,224,224,RGB,12.84
recyclable,recyclable_plastic-229.jpg,dataset\recyclable\recyclable_plastic-229.jpg,.jpg,224,224,RGB,15.15
recyclable,recyclable_plastic-230_aug522.jpg,dataset\recyclable\recyclable_plastic-230_aug522.jpg,.jpg,224,224,RGB,11.69
recyclable,recyclable_plastic-231_aug2057.jpg,dataset\recyclable\recyclable_plastic-231_aug2057.jpg,.jpg,224,224,RGB,12.79
recyclable,recyclable_plastic-232.jpg,dataset\recyclable\recyclable_plastic-232.jpg,.jpg,224,224,RGB,13.02
recyclable,recyclable_plastic-239_aug372.jpg,dataset\recyclable\recyclable_plastic-239_aug372.jpg,.jpg,224,224,RGB,14.38
recyclable,recyclable_plastic-23_aug1018.jpg,dataset\recyclable\recyclable_plastic-23_aug1018.jpg,.jpg,224,224,RGB,17.36
recyclable,recyclable_plastic-240.jpg,dataset\recyclable\recyclable_plastic-240.jpg,.jpg,224,224,RGB,11.32
recyclable,recyclable_plastic-244_aug1466.jpg,dataset\recyclable\recyclable_plastic-244_aug1466.jpg,.jpg,224,224,RGB,14.47
recyclable,recyclable_plastic-245_aug630.jpg,dataset\recyclable\recyclable_plastic-245_aug630.jpg,.jpg,224,224,RGB,19.15
recyclable,recyclable_plastic-246.jpg,dataset\recyclable\recyclable_plastic-246.jpg,.jpg,224,224,RGB,15.44
recyclable,recyclable_plastic-247.jpg,dataset\recyclable\recyclable_plastic-247.jpg,.jpg,224,224,RGB,14.89
recyclable,recyclable_plastic-252_aug135.jpg,dataset\recyclable\recyclable_plastic-252_aug135.jpg,.jpg,224,224,RGB,16.8
recyclable,recyclable_plastic-252_aug1750.jpg,dataset\recyclable\recyclable_plastic-252_aug1750.jpg,.jpg,224,224,RGB,15.9
recyclable,recyclable_plastic-255.jpg,dataset\recyclable\recyclable_plastic-255.jpg,.jpg,224,224,RGB,16.06
recyclable,recyclable_plastic-258_aug1833.jpg,dataset\recyclable\recyclable_plastic-258_aug1833.jpg,.jpg,224,224,RGB,17.07
recyclable,recyclable_plastic-258_aug243.jpg,dataset\recyclable\recyclable_plastic-258_aug243.jpg,.jpg,224,224,RGB,17.2
recyclable,recyclable_plastic-260_aug11.jpg,dataset\recyclable\recyclable_plastic-260_aug11.jpg,.jpg,224,224,RGB,14.01
recyclable,recyclable_plastic-261.jpg,dataset\recyclable\recyclable_plastic-261.jpg,.jpg,224,224,RGB,14.96
recyclable,recyclable_plastic-263.jpg,dataset\recyclable\recyclable_plastic-263.jpg,.jpg,224,224,RGB,13.25
recyclable,recyclable_plastic-265.jpg,dataset\recyclable\recyclable_plastic-265.jpg,.jpg,224,224,RGB,12.95
recyclable,recyclable_plastic-267_aug1313.jpg,dataset\recyclable\recyclable_plastic-267_aug1313.jpg,.jpg,224,224,RGB,16.4
recyclable,recyclable_plastic-268.jpg,dataset\recyclable\recyclable_plastic-268.jpg,.jpg,224,224,RGB,14.91
recyclable,recyclable_plastic-268_aug1883.jpg,dataset\recyclable\recyclable_plastic-268_aug1883.jpg,.jpg,224,224,RGB,14.93
recyclable,recyclable_plastic-269.jpg,dataset\recyclable\recyclable_plastic-269.jpg,.jpg,224,224,RGB,17.78
recyclable,recyclable_plastic-269_aug1840.jpg,dataset\recyclable\recyclable_plastic-269_aug1840.jpg,.jpg,224,224,RGB,17.78
recyclable,recyclable_plastic-272.jpg,dataset\recyclable\recyclable_plastic-272.jpg,.jpg,224,224,RGB,11.82
recyclable,recyclable_plastic-274.jpg,dataset\recyclable\recyclable_plastic-274.jpg,.jpg,224,224,RGB,13.47
recyclable,recyclable_plastic-275.jpg,dataset\recyclable\recyclable_plastic-275.jpg,.jpg,224,224,RGB,13.76
recyclable,recyclable_plastic-276.jpg,dataset\recyclable\recyclable_plastic-276.jpg,.jpg,224,224,RGB,16.68
recyclable,recyclable_plastic-278.jpg,dataset\recyclable\recyclable_plastic-278.jpg,.jpg,224,224,RGB,15.96
recyclable,recyclable_plastic-278_aug269.jpg,dataset\recyclable\recyclable_plastic-278_aug269.jpg,.jpg,224,224,RGB,17.79
recyclable,recyclable_plastic-279.jpg,dataset\recyclable\recyclable_plastic-279.jpg,.jpg,224,224,RGB,14.98
recyclable,recyclable_plastic-284.jpg,dataset\recyclable\recyclable_plastic-284.jpg,.jpg,224,224,RGB,13.05
recyclable,recyclable_plastic-287.jpg,dataset\recyclable\recyclable_plastic-287.jpg,.jpg,224,224,RGB,11.21
recyclable,recyclable_plastic-291.jpg,dataset\recyclable\recyclable_plastic-291.jpg,.jpg,224,224,RGB,16.17
recyclable,recyclable_plastic-291_aug1881.jpg,dataset\recyclable\recyclable_plastic-291_aug1881.jpg,.jpg,224,224,RGB,18.36
recyclable,recyclable_plastic-291_aug232.jpg,dataset\recyclable\recyclable_plastic-291_aug232.jpg,.jpg,224,224,RGB,16.03
recyclable,recyclable_plastic-295_aug1119.jpg,dataset\recyclable\recyclable_plastic-295_aug1119.jpg,.jpg,224,224,RGB,13.43
recyclable,recyclable_plastic-296_aug1998.jpg,dataset\recyclable\recyclable_plastic-296_aug1998.jpg,.jpg,224,224,RGB,13.54
recyclable,recyclable_plastic-297_aug1431.jpg,dataset\recyclable\recyclable_plastic-297_aug1431.jpg,.jpg,224,224,RGB,13.51
recyclable,recyclable_plastic-298_aug164.jpg,dataset\recyclable\recyclable_plastic-298_aug164.jpg,.jpg,224,224,RGB,15.07
recyclable,recyclable_plastic-30.jpg,dataset\recyclable\recyclable_plastic-30.jpg,.jpg,224,224,RGB,17.11
recyclable,recyclable_plastic-300_aug1237.jpg,dataset\recyclable\recyclable_plastic-300_aug1237.jpg,.jpg,224,224,RGB,15.57
recyclable,recyclable_plastic-302_aug1291.jpg,dataset\recyclable\recyclable_plastic-302_aug1291.jpg,.jpg,224,224,RGB,15.12
recyclable,recyclable_plastic-305_aug1294.jpg,dataset\recyclable\recyclable_plastic-305_aug1294.jpg,.jpg,224,224,RGB,14.38
recyclable,recyclable_plastic-306.jpg,dataset\recyclable\recyclable_plastic-306.jpg,.jpg,224,224,RGB,12.99
recyclable,recyclable_plastic-307_aug1379.jpg,dataset\recyclable\recyclable_plastic-307_aug1379.jpg,.jpg,224,224,RGB,15.28
recyclable,recyclable_plastic-308_aug1200.jpg,dataset\recyclable\recyclable_plastic-308_aug1200.jpg,.jpg,224,224,RGB,14.49
recyclable,recyclable_plastic-309_aug2111.jpg,dataset\recyclable\recyclable_plastic-309_aug2111.jpg,.jpg,224,224,RGB,18.73
recyclable,recyclable_plastic-310_aug1764.jpg,dataset\recyclable\recyclable_plastic-310_aug1764.jpg,.jpg,224,224,RGB,17.32
recyclable,recyclable_plastic-311_aug1443.jpg,dataset\recyclable\recyclable_plastic-311_aug1443.jpg,.jpg,224,224,RGB,18.45
recyclable,recyclable_plastic-311_aug475.jpg,dataset\recyclable\recyclable_plastic-311_aug475.jpg,.jpg,224,224,RGB,15.16
recyclable,recyclable_plastic-312.jpg,dataset\recyclable\recyclable_plastic-312.jpg,.jpg,224,224,RGB,16.89
recyclable,recyclable_plastic-314_aug1983.jpg,dataset\recyclable\recyclable_plastic-314_aug1983.jpg,.jpg,224,224,RGB,36.81
recyclable,recyclable_plastic-314_aug2162.jpg,dataset\recyclable\recyclable_plastic-314_aug2162.jpg,.jpg,224,224,RGB,38.47
recyclable,recyclable_plastic-315_aug2127.jpg,dataset\recyclable\recyclable_plastic-315_aug2127.jpg,.jpg,224,224,RGB,30.01
recyclable,recyclable_plastic-317_aug1610.jpg,dataset\recyclable\recyclable_plastic-317_aug1610.jpg,.jpg,224,224,RGB,34.25
recyclable,recyclable_plastic-318_aug1490.jpg,dataset\recyclable\recyclable_plastic-318_aug1490.jpg,.jpg,224,224,RGB,28.78
recyclable,recyclable_plastic-319_aug988.jpg,dataset\recyclable\recyclable_plastic-319_aug988.jpg,.jpg,224,224,RGB,33.93
recyclable,recyclable_plastic-31_aug48.jpg,dataset\recyclable\recyclable_plastic-31_aug48.jpg,.jpg,224,224,RGB,18.0
recyclable,recyclable_plastic-324_aug218.jpg,dataset\recyclable\recyclable_plastic-324_aug218.jpg,.jpg,224,224,RGB,21.74
recyclable,recyclable_plastic-325_aug368.jpg,dataset\recyclable\recyclable_plastic-325_aug368.jpg,.jpg,224,224,RGB,17.57
recyclable,recyclable_plastic-326.jpg,dataset\recyclable\recyclable_plastic-326.jpg,.jpg,224,224,RGB,21.42
recyclable,recyclable_plastic-330.jpg,dataset\recyclable\recyclable_plastic-330.jpg,.jpg,224,224,RGB,23.66
recyclable,recyclable_plastic-330_aug1041.jpg,dataset\recyclable\recyclable_plastic-330_aug1041.jpg,.jpg,224,224,RGB,21.48
recyclable,recyclable_plastic-331_aug348.jpg,dataset\recyclable\recyclable_plastic-331_aug348.jpg,.jpg,224,224,RGB,24.5
recyclable,recyclable_plastic-332_aug1472.jpg,dataset\recyclable\recyclable_plastic-332_aug1472.jpg,.jpg,224,224,RGB,27.6
recyclable,recyclable_plastic-333_aug2069.jpg,dataset\recyclable\recyclable_plastic-333_aug2069.jpg,.jpg,224,224,RGB,24.28
recyclable,recyclable_plastic-336_aug109.jpg,dataset\recyclable\recyclable_plastic-336_aug109.jpg,.jpg,224,224,RGB,28.38
recyclable,recyclable_plastic-336_aug1459.jpg,dataset\recyclable\recyclable_plastic-336_aug1459.jpg,.jpg,224,224,RGB,31.16
recyclable,recyclable_plastic-344.jpg,dataset\recyclable\recyclable_plastic-344.jpg,.jpg,224,224,RGB,14.93
recyclable,recyclable_plastic-35.jpg,dataset\recyclable\recyclable_plastic-35.jpg,.jpg,224,224,RGB,16.48
recyclable,recyclable_plastic-353.jpg,dataset\recyclable\recyclable_plastic-353.jpg,.jpg,224,224,RGB,9.87
recyclable,recyclable_plastic-354_aug926.jpg,dataset\recyclable\recyclable_plastic-354_aug926.jpg,.jpg,224,224,RGB,15.51
recyclable,recyclable_plastic-358.jpg,dataset\recyclable\recyclable_plastic-358.jpg,.jpg,224,224,RGB,8.85
recyclable,recyclable_plastic-362.jpg,dataset\recyclable\recyclable_plastic-362.jpg,.jpg,224,224,RGB,7.87
recyclable,recyclable_plastic-364.jpg,dataset\recyclable\recyclable_plastic-364.jpg,.jpg,224,224,RGB,17.83
recyclable,recyclable_plastic-366.jpg,dataset\recyclable\recyclable_plastic-366.jpg,.jpg,224,224,RGB,13.28
recyclable,recyclable_plastic-367.jpg,dataset\recyclable\recyclable_plastic-367.jpg,.jpg,224,224,RGB,13.34
recyclable,recyclable_plastic-368_aug1888.jpg,dataset\recyclable\recyclable_plastic-368_aug1888.jpg,.jpg,224,224,RGB,12.6
recyclable,recyclable_plastic-36_aug1420.jpg,dataset\recyclable\recyclable_plastic-36_aug1420.jpg,.jpg,224,224,RGB,16.1
recyclable,recyclable_plastic-36_aug621.jpg,dataset\recyclable\recyclable_plastic-36_aug621.jpg,.jpg,224,224,RGB,16.26
recyclable,recyclable_plastic-370.jpg,dataset\recyclable\recyclable_plastic-370.jpg,.jpg,224,224,RGB,15.71
recyclable,recyclable_plastic-372.jpg,dataset\recyclable\recyclable_plastic-372.jpg,.jpg,224,224,RGB,14.41
recyclable,recyclable_plastic-380_aug775.jpg,dataset\recyclable\recyclable_plastic-380_aug775.jpg,.jpg,224,224,RGB,21.75
recyclable,recyclable_plastic-383_aug460.jpg,dataset\recyclable\recyclable_plastic-383_aug460.jpg,.jpg,224,224,RGB,19.44
recyclable,recyclable_plastic-387_aug894.jpg,dataset\recyclable\recyclable_plastic-387_aug894.jpg,.jpg,224,224,RGB,28.18
recyclable,recyclable_plastic-38_aug899.jpg,dataset\recyclable\recyclable_plastic-38_aug899.jpg,.jpg,224,224,RGB,14.18
recyclable,recyclable_plastic-39.jpg,dataset\recyclable\recyclable_plastic-39.jpg,.jpg,224,224,RGB,15.7
recyclable,recyclable_plastic-391_aug1092.jpg,dataset\recyclable\recyclable_plastic-391_aug1092.jpg,.jpg,224,224,RGB,31.97
recyclable,recyclable_plastic-392.jpg,dataset\recyclable\recyclable_plastic-392.jpg,.jpg,224,224,RGB,28.43
recyclable,recyclable_plastic-395_aug1365.jpg,dataset\recyclable\recyclable_plastic-395_aug1365.jpg,.jpg,224,224,RGB,30.17
recyclable,recyclable_plastic-41_aug143.jpg,dataset\recyclable\recyclable_plastic-41_aug143.jpg,.jpg,224,224,RGB,15.11
recyclable,recyclable_plastic-43_aug1141.jpg,dataset\recyclable\recyclable_plastic-43_aug1141.jpg,.jpg,224,224,RGB,15.84
recyclable,recyclable_plastic-45_aug2134.jpg,dataset\recyclable\recyclable_plastic-45_aug2134.jpg,.jpg,224,224,RGB,15.32
recyclable,recyclable_plastic-4_aug459.jpg,dataset\recyclable\recyclable_plastic-4_aug459.jpg,.jpg,224,224,RGB,14.4
recyclable,recyclable_plastic-50_aug1584.jpg,dataset\recyclable\recyclable_plastic-50_aug1584.jpg,.jpg,224,224,RGB,12.94
recyclable,recyclable_plastic-51_aug1979.jpg,dataset\recyclable\recyclable_plastic-51_aug1979.jpg,.jpg,224,224,RGB,16.74
recyclable,recyclable_plastic-53_aug9.jpg,dataset\recyclable\recyclable_plastic-53_aug9.jpg,.jpg,224,224,RGB,15.76
recyclable,recyclable_plastic-55.jpg,dataset\recyclable\recyclable_plastic-55.jpg,.jpg,224,224,RGB,15.18
recyclable,recyclable_plastic-56.jpg,dataset\recyclable\recyclable_plastic-56.jpg,.jpg,224,224,RGB,15.13
recyclable,recyclable_plastic-56_aug479.jpg,dataset\recyclable\recyclable_plastic-56_aug479.jpg,.jpg,224,224,RGB,15.17
recyclable,recyclable_plastic-61_aug1419.jpg,dataset\recyclable\recyclable_plastic-61_aug1419.jpg,.jpg,224,224,RGB,12.83
recyclable,recyclable_plastic-61_aug2044.jpg,dataset\recyclable\recyclable_plastic-61_aug2044.jpg,.jpg,224,224,RGB,13.49
recyclable,recyclable_plastic-62.jpg,dataset\recyclable\recyclable_plastic-62.jpg,.jpg,224,224,RGB,14.31
recyclable,recyclable_plastic-62_aug1970.jpg,dataset\recyclable\recyclable_plastic-62_aug1970.jpg,.jpg,224,224,RGB,12.94
recyclable,recyclable_plastic-63_aug2169.jpg,dataset\recyclable\recyclable_plastic-63_aug2169.jpg,.jpg,224,224,RGB,15.14
recyclable,recyclable_plastic-67.jpg,dataset\recyclable\recyclable_plastic-67.jpg,.jpg,224,224,RGB,14.62
recyclable,recyclable_plastic-68_aug886.jpg,dataset\recyclable\recyclable_plastic-68_aug886.jpg,.jpg,224,224,RGB,13.0
recyclable,recyclable_plastic-75_aug2063.jpg,dataset\recyclable\recyclable_plastic-75_aug2063.jpg,.jpg,224,224,RGB,15.43
recyclable,recyclable_plastic-75_aug840.jpg,dataset\recyclable\recyclable_plastic-75_aug840.jpg,.jpg,224,224,RGB,15.59
recyclable,recyclable_plastic-76_aug1061.jpg,dataset\recyclable\recyclable_plastic-76_aug1061.jpg,.jpg,224,224,RGB,14.4
recyclable,recyclable_plastic-78_aug1911.jpg,dataset\recyclable\recyclable_plastic-78_aug1911.jpg,.jpg,224,224,RGB,15.55
recyclable,recyclable_plastic-79_aug1721.jpg,dataset\recyclable\recyclable_plastic-79_aug1721.jpg,.jpg,224,224,RGB,15.2
recyclable,recyclable_plastic-79_aug851.jpg,dataset\recyclable\recyclable_plastic-79_aug851.jpg,.jpg,224,224,RGB,12.79
recyclable,recyclable_plastic-83.jpg,dataset\recyclable\recyclable_plastic-83.jpg,.jpg,224,224,RGB,17.67
recyclable,recyclable_plastic-92.jpg,dataset\recyclable\recyclable_plastic-92.jpg,.jpg,224,224,RGB,12.44
recyclable,recyclable_plastic-92_aug272.jpg,dataset\recyclable\recyclable_plastic-92_aug272.jpg,.jpg,224,224,RGB,12.33
recyclable,recyclable_plastic-93.jpg,dataset\recyclable\recyclable_plastic-93.jpg,.jpg,224,224,RGB,14.29
recyclable,recyclable_plastic-97_aug359.jpg,dataset\recyclable\recyclable_plastic-97_aug359.jpg,.jpg,224,224,RGB,13.89
recyclable,recyclable_plastic-9_aug697.jpg,dataset\recyclable\recyclable_plastic-9_aug697.jpg,.jpg,224,224,RGB,13.36
recyclable,recyclable_textile_fabric-104.jpg,dataset\recyclable\recyclable_textile_fabric-104.jpg,.jpg,224,224,RGB,25.57
recyclable,recyclable_textile_fabric-106_aug770.jpg,dataset\recyclable\recyclable_textile_fabric-106_aug770.jpg,.jpg,224,224,RGB,25.74
recyclable,recyclable_textile_fabric-107_aug1210.jpg,dataset\recyclable\recyclable_textile_fabric-107_aug1210.jpg,.jpg,224,224,RGB,24.01
recyclable,recyclable_textile_fabric-107_aug409.jpg,dataset\recyclable\recyclable_textile_fabric-107_aug409.jpg,.jpg,224,224,RGB,22.64
recyclable,recyclable_textile_fabric-11.jpg,dataset\recyclable\recyclable_textile_fabric-11.jpg,.jpg,224,224,RGB,14.87
recyclable,recyclable_textile_fabric-110_aug1832.jpg,dataset\recyclable\recyclable_textile_fabric-110_aug1832.jpg,.jpg,224,224,RGB,28.35
recyclable,recyclable_textile_fabric-112_aug1143.jpg,dataset\recyclable\recyclable_textile_fabric-112_aug1143.jpg,.jpg,224,224,RGB,27.82
recyclable,recyclable_textile_fabric-112_aug172.jpg,dataset\recyclable\recyclable_textile_fabric-112_aug172.jpg,.jpg,224,224,RGB,27.88
recyclable,recyclable_textile_fabric-114_aug235.jpg,dataset\recyclable\recyclable_textile_fabric-114_aug235.jpg,.jpg,224,224,RGB,28.88
recyclable,recyclable_textile_fabric-115.jpg,dataset\recyclable\recyclable_textile_fabric-115.jpg,.jpg,224,224,RGB,29.2
recyclable,recyclable_textile_fabric-115_aug1301.jpg,dataset\recyclable\recyclable_textile_fabric-115_aug1301.jpg,.jpg,224,224,RGB,29.21
recyclable,recyclable_textile_fabric-117.jpg,dataset\recyclable\recyclable_textile_fabric-117.jpg,.jpg,224,224,RGB,28.25
recyclable,recyclable_textile_fabric-117_aug1461.jpg,dataset\recyclable\recyclable_textile_fabric-117_aug1461.jpg,.jpg,224,224,RGB,23.76
recyclable,recyclable_textile_fabric-118_aug239.jpg,dataset\recyclable\recyclable_textile_fabric-118_aug239.jpg,.jpg,224,224,RGB,29.63
recyclable,recyclable_textile_fabric-12.jpg,dataset\recyclable\recyclable_textile_fabric-12.jpg,.jpg,224,224,RGB,12.43
recyclable,recyclable_textile_fabric-14_aug191.jpg,dataset\recyclable\recyclable_textile_fabric-14_aug191.jpg,.jpg,224,224,RGB,14.32
recyclable,recyclable_textile_fabric-15_aug1968.jpg,dataset\recyclable\recyclable_textile_fabric-15_aug1968.jpg,.jpg,224,224,RGB,15.37
recyclable,recyclable_textile_fabric-15_aug2128.jpg,dataset\recyclable\recyclable_textile_fabric-15_aug2128.jpg,.jpg,224,224,RGB,16.69
recyclable,recyclable_textile_fabric-16_aug679.jpg,dataset\recyclable\recyclable_textile_fabric-16_aug679.jpg,.jpg,224,224,RGB,15.94
recyclable,recyclable_textile_fabric-19_aug485.jpg,dataset\recyclable\recyclable_textile_fabric-19_aug485.jpg,.jpg,224,224,RGB,16.0
recyclable,recyclable_textile_fabric-25.jpg,dataset\recyclable\recyclable_textile_fabric-25.jpg,.jpg,224,224,RGB,17.82
recyclable,recyclable_textile_fabric-2_aug1990.jpg,dataset\recyclable\recyclable_textile_fabric-2_aug1990.jpg,.jpg,224,224,RGB,16.67
recyclable,recyclable_textile_fabric-33_aug2011.jpg,dataset\recyclable\recyclable_textile_fabric-33_aug2011.jpg,.jpg,224,224,RGB,16.94
recyclable,recyclable_textile_fabric-34_aug1082.jpg,dataset\recyclable\recyclable_textile_fabric-34_aug1082.jpg,.jpg,224,224,RGB,14.39
recyclable,recyclable_textile_fabric-35.jpg,dataset\recyclable\recyclable_textile_fabric-35.jpg,.jpg,224,224,RGB,16.92
recyclable,recyclable_textile_fabric-38_aug1714.jpg,dataset\recyclable\recyclable_textile_fabric-38_aug1714.jpg,.jpg,224,224,RGB,18.4
recyclable,recyclable_textile_fabric-41_aug1563.jpg,dataset\recyclable\recyclable_textile_fabric-41_aug1563.jpg,.jpg,224,224,RGB,16.38
recyclable,recyclable_textile_fabric-43_aug1562.jpg,dataset\recyclable\recyclable_textile_fabric-43_aug1562.jpg,.jpg,224,224,RGB,16.95
recyclable,recyclable_textile_fabric-43_aug694.jpg,dataset\recyclable\recyclable_textile_fabric-43_aug694.jpg,.jpg,224,224,RGB,16.97
recyclable,recyclable_textile_fabric-44_aug1508.jpg,dataset\recyclable\recyclable_textile_fabric-44_aug1508.jpg,.jpg,224,224,RGB,16.78
recyclable,recyclable_textile_fabric-46_aug304.jpg,dataset\recyclable\recyclable_textile_fabric-46_aug304.jpg,.jpg,224,224,RGB,14.36
recyclable,recyclable_textile_fabric-47.jpg,dataset\recyclable\recyclable_textile_fabric-47.jpg,.jpg,224,224,RGB,15.35
recyclable,recyclable_textile_fabric-49_aug1926.jpg,dataset\recyclable\recyclable_textile_fabric-49_aug1926.jpg,.jpg,224,224,RGB,17.29
recyclable,recyclable_textile_fabric-5.jpg,dataset\recyclable\recyclable_textile_fabric-5.jpg,.jpg,224,224,RGB,17.33
recyclable,recyclable_textile_fabric-63.jpg,dataset\recyclable\recyclable_textile_fabric-63.jpg,.jpg,224,224,RGB,13.51
recyclable,recyclable_textile_fabric-66.jpg,dataset\recyclable\recyclable_textile_fabric-66.jpg,.jpg,224,224,RGB,13.52
recyclable,recyclable_textile_fabric-69_aug2088.jpg,dataset\recyclable\recyclable_textile_fabric-69_aug2088.jpg,.jpg,224,224,RGB,18.21
recyclable,recyclable_textile_fabric-6_aug1929.jpg,dataset\recyclable\recyclable_textile_fabric-6_aug1929.jpg,.jpg,224,224,RGB,19.37
recyclable,recyclable_textile_fabric-70_aug1404.jpg,dataset\recyclable\recyclable_textile_fabric-70_aug1404.jpg,.jpg,224,224,RGB,14.96
recyclable,recyclable_textile_fabric-71.jpg,dataset\recyclable\recyclable_textile_fabric-71.jpg,.jpg,224,224,RGB,14.45
recyclable,recyclable_textile_fabric-74.jpg,dataset\recyclable\recyclable_textile_fabric-74.jpg,.jpg,224,224,RGB,17.46
recyclable,recyclable_textile_fabric-75_aug1236.jpg,dataset\recyclable\recyclable_textile_fabric-75_aug1236.jpg,.jpg,224,224,RGB,16.24
recyclable,recyclable_textile_fabric-76.jpg,dataset\recyclable\recyclable_textile_fabric-76.jpg,.jpg,224,224,RGB,15.58
recyclable,recyclable_textile_fabric-77_aug442.jpg,dataset\recyclable\recyclable_textile_fabric-77_aug442.jpg,.jpg,224,224,RGB,18.98
recyclable,recyclable_textile_fabric-78_aug584.jpg,dataset\recyclable\recyclable_textile_fabric-78_aug584.jpg,.jpg,224,224,RGB,22.98
recyclable,recyclable_textile_fabric-7_aug2174.jpg,dataset\recyclable\recyclable_textile_fabric-7_aug2174.jpg,.jpg,224,224,RGB,15.97
recyclable,recyclable_textile_fabric-86.jpg,dataset\recyclable\recyclable_textile_fabric-86.jpg,.jpg,224,224,RGB,19.19
recyclable,recyclable_textile_fabric-86_aug1511.jpg,dataset\recyclable\recyclable_textile_fabric-86_aug1511.jpg,.jpg,224,224,RGB,18.49
recyclable,recyclable_textile_fabric-87.jpg,dataset\recyclable\recyclable_textile_fabric-87.jpg,.jpg,224,224,RGB,18.48
recyclable,recyclable_textile_fabric-91_aug491.jpg,dataset\recyclable\recyclable_textile_fabric-91_aug491.jpg,.jpg,224,224,RGB,15.32
recyclable,recyclable_textile_fabric-93.jpg,dataset\recyclable\recyclable_textile_fabric-93.jpg,.jpg,224,224,RGB,13.05
recyclable,recyclable_textile_fabric-97_aug88.jpg,dataset\recyclable\recyclable_textile_fabric-97_aug88.jpg,.jpg,224,224,RGB,14.01
recyclable,recyclable_textile_fabric-98_aug884.jpg,dataset\recyclable\recyclable_textile_fabric-98_aug884.jpg,.jpg,224,224,RGB,18.6
recyclable,recyclable_trash-100.jpg,dataset\recyclable\recyclable_trash-100.jpg,.jpg,224,224,RGB,24.91
recyclable,recyclable_trash-106.jpg,dataset\recyclable\recyclable_trash-106.jpg,.jpg,224,224,RGB,30.88
recyclable,recyclable_trash-106_aug862.jpg,dataset\recyclable\recyclable_trash-106_aug862.jpg,.jpg,224,224,RGB,28.92
recyclable,recyclable_trash-107_aug995.jpg,dataset\recyclable\recyclable_trash-107_aug995.jpg,.jpg,224,224,RGB,31.03
recyclable,recyclable_trash-112.png,dataset\recyclable\recyclable_trash-112.png,.png,224,224,RGB,57.26
recyclable,recyclable_trash-113_aug1405.jpg,dataset\recyclable\recyclable_trash-113_aug1405.jpg,.jpg,224,224,RGB,12.87
recyclable,recyclable_trash-113_aug1623.jpg,dataset\recyclable\recyclable_trash-113_aug1623.jpg,.jpg,224,224,RGB,11.63
recyclable,recyclable_trash-114_aug1798.jpg,dataset\recyclable\recyclable_trash-114_aug1798.jpg,.jpg,224,224,RGB,11.05
recyclable,recyclable_trash-115_aug597.jpg,dataset\recyclable\recyclable_trash-115_aug597.jpg,.jpg,224,224,RGB,17.24
recyclable,recyclable_trash-14_aug173.jpg,dataset\recyclable\recyclable_trash-14_aug173.jpg,.jpg,224,224,RGB,12.41
recyclable,recyclable_trash-15.jpg,dataset\recyclable\recyclable_trash-15.jpg,.jpg,224,224,RGB,18.34
recyclable,recyclable_trash-26_aug853.jpg,dataset\recyclable\recyclable_trash-26_aug853.jpg,.jpg,224,224,RGB,19.12
recyclable,recyclable_trash-27.jpg,dataset\recyclable\recyclable_trash-27.jpg,.jpg,224,224,RGB,14.7
recyclable,recyclable_trash-30_aug386.jpg,dataset\recyclable\recyclable_trash-30_aug386.jpg,.jpg,224,224,RGB,13.81
recyclable,recyclable_trash-31_aug1003.jpg,dataset\recyclable\recyclable_trash-31_aug1003.jpg,.jpg,224,224,RGB,14.47
recyclable,recyclable_trash-33_aug789.jpg,dataset\recyclable\recyclable_trash-33_aug789.jpg,.jpg,224,224,RGB,16.32
recyclable,recyclable_trash-35_aug1413.jpg,dataset\recyclable\recyclable_trash-35_aug1413.jpg,.jpg,224,224,RGB,13.61
recyclable,recyclable_trash-36_aug1145.jpg,dataset\recyclable\recyclable_trash-36_aug1145.jpg,.jpg,224,224,RGB,14.85
recyclable,recyclable_trash-36_aug1720.jpg,dataset\recyclable\recyclable_trash-36_aug1720.jpg,.jpg,224,224,RGB,14.69
recyclable,recyclable_trash-38.jpg,dataset\recyclable\recyclable_trash-38.jpg,.jpg,224,224,RGB,20.44
recyclable,recyclable_trash-3_aug1948.jpg,dataset\recyclable\recyclable_trash-3_aug1948.jpg,.jpg,224,224,RGB,20.95
recyclable,recyclable_trash-40_aug1734.jpg,dataset\recyclable\recyclable_trash-40_aug1734.jpg,.jpg,224,224,RGB,19.15
recyclable,recyclable_trash-43.jpg,dataset\recyclable\recyclable_trash-43.jpg,.jpg,224,224,RGB,18.75
recyclable,recyclable_trash-43_aug1875.jpg,dataset\recyclable\recyclable_trash-43_aug1875.jpg,.jpg,224,224,RGB,19.69
recyclable,recyclable_trash-47_aug160.jpg,dataset\recyclable\recyclable_trash-47_aug160.jpg,.jpg,224,224,RGB,18.4
recyclable,recyclable_trash-4_aug425.jpg,dataset\recyclable\recyclable_trash-4_aug425.jpg,.jpg,224,224,RGB,17.25
recyclable,recyclable_trash-56_aug1914.jpg,dataset\recyclable\recyclable_trash-56_aug1914.jpg,.jpg,224,224,RGB,39.88
recyclable,recyclable_trash-56_aug467.jpg,dataset\recyclable\recyclable_trash-56_aug467.jpg,.jpg,224,224,RGB,41.89
recyclable,recyclable_trash-59.jpg,dataset\recyclable\recyclable_trash-59.jpg,.jpg,224,224,RGB,37.8
recyclable,recyclable_trash-5_aug1457.jpg,dataset\recyclable\recyclable_trash-5_aug1457.jpg,.jpg,224,224,RGB,19.12
recyclable,recyclable_trash-64.jpg,dataset\recyclable\recyclable_trash-64.jpg,.jpg,224,224,RGB,34.36
recyclable,recyclable_trash-65_aug1005.jpg,dataset\recyclable\recyclable_trash-65_aug1005.jpg,.jpg,224,224,RGB,38.61
recyclable,recyclable_trash-68_aug736.jpg,dataset\recyclable\recyclable_trash-68_aug736.jpg,.jpg,224,224,RGB,46.54
recyclable,recyclable_trash-69_aug715.jpg,dataset\recyclable\recyclable_trash-69_aug715.jpg,.jpg,224,224,RGB,32.32
recyclable,recyclable_trash-70_aug1547.jpg,dataset\recyclable\recyclable_trash-70_aug1547.jpg,.jpg,224,224,RGB,29.08
recyclable,recyclable_trash-76_aug828.jpg,dataset\recyclable\recyclable_trash-76_aug828.jpg,.jpg,224,224,RGB,33.43
recyclable,recyclable_trash-77_aug327.jpg,dataset\recyclable\recyclable_trash-77_aug327.jpg,.jpg,224,224,RGB,38.48
recyclable,recyclable_trash-83.jpg,dataset\recyclable\recyclable_trash-83.jpg,.jpg,224,224,RGB,22.98
recyclable,recyclable_trash-87_aug1799.jpg,dataset\recyclable\recyclable_trash-87_aug1799.jpg,.jpg,224,224,RGB,19.07
recyclable,recyclable_trash-88_aug544.jpg,dataset\recyclable\recyclable_trash-88_aug544.jpg,.jpg,224,224,RGB,33.47
recyclable,recyclable_trash-8_aug848.jpg,dataset\recyclable\recyclable_trash-8_aug848.jpg,.jpg,224,224,RGB,19.83
recyclable,recyclable_trash-94_aug2.jpg,dataset\recyclable\recyclable_trash-94_aug2.jpg,.jpg,224,224,RGB,41.47
recyclable,recyclable_trash-95.jpg,dataset\recyclable\recyclable_trash-95.jpg,.jpg,224,224,RGB,41.98
recyclable,recyclable_trash-98_aug766.jpg,dataset\recyclable\recyclable_trash-98_aug766.jpg,.jpg,224,224,RGB,32.81
Residu,residu_-dengan-Sidoarjo-banyak-ditemukan-sampah-popok-dan-plastik-foto-Petrus-Riski.jpg,dataset\Residu\residu_-dengan-Sidoarjo-banyak-ditemukan-sampah-popok-dan-plastik-foto-Petrus-Riski.jpg,.jpg,1024,659,RGB,255.0
Residu,residu_-ks--bep.jpg,dataset\Residu\residu_-ks--bep.jpg,.jpg,1200,676,RGB,153.37
Residu,residu_-ks--popok-bekas.jpg,dataset\Residu\residu_-ks--popok-bekas.jpg,.jpg,830,468,RGB,50.13
Residu,residu_-Memakai-Pembalut-yang-Mengandung-Klorin-By-La-corneja-artesana-shutterstock.jpg,dataset\Residu\residu_-Memakai-Pembalut-yang-Mengandung-Klorin-By-La-corneja-artesana-shutterstock.jpg,.jpg,1000,667,RGB,137.52
Residu,residu_-pengumpulan-sampah-daur-ulang-crop-e4d5f01179896b8f603bdcdf60ceafa0_600x400.jpg,dataset\Residu\residu_-pengumpulan-sampah-daur-ulang-crop-e4d5f01179896b8f603bdcdf60ceafa0_600x400.jpg,.jpg,600,400,RGB,51.99
Residu,residu_01_clodispo.jpg,dataset\Residu\residu_01_clodispo.jpg,.jpg,400,300,RGB,37.38
Residu,residu_027588700_1499681855-TopYaps.jpg,dataset\Residu\residu_027588700_1499681855-TopYaps.jpg,.jpg,640,360,RGB,24.23
Residu,residu_042217_781488_pembalut_d.jpg,dataset\Residu\residu_042217_781488_pembalut_d.jpg,.jpg,1200,800,RGB,118.8
Residu,residu_0YvaixsHHrSFSQGpDb6Rer2LTCfRAmoZhHGAkciQ.jpg,dataset\Residu\residu_0YvaixsHHrSFSQGpDb6Rer2LTCfRAmoZhHGAkciQ.jpg,.jpg,600,400,RGB,62.12
Residu,residu_101257294_7debccb8-cd52-4780-8206-83bbb6b2fc18_674_674.jpg,dataset\Residu\residu_101257294_7debccb8-cd52-4780-8206-83bbb6b2fc18_674_674.jpg,.jpg,500,500,RGB,47.03
Residu,residu_1187421600.jpg,dataset\Residu\residu_1187421600.jpg,.jpg,700,465,RGB,125.13
Residu,residu_1579162417.jpg,dataset\Residu\residu_1579162417.jpg,.jpg,910,580,RGB,184.99
Residu,residu_1584457142950-popok-bekas-banyuwangi3.jpg,dataset\Residu\residu_1584457142950-popok-bekas-banyuwangi3.jpg,.jpg,1024,768,RGB,209.12
Residu,residu_17-07-2017-popok-jadi.jpg,dataset\Residu\residu_17-07-2017-popok-jadi.jpg,.jpg,450,337,RGB,54.36
Residu,residu_172057-rekomendasi-pembalut-kain-terbaik-webp-large.jpg,dataset\Residu\residu_172057-rekomendasi-pembalut-kain-terbaik-webp-large.jpg,.jpg,728,460,RGB,55.01
Residu,residu_1_1.jpg,dataset\Residu\residu_1_1.jpg,.jpg,1005,1280,RGB,90.37
Residu,residu_20191129121214-58e2f.jpg,dataset\Residu\residu_20191129121214-58e2f.jpg,.jpg,800,533,RGB,62.17
Residu,residu_20200104172423picsart01-04-051831.jpg,dataset\Residu\residu_20200104172423picsart01-04-051831.jpg,.jpg,2888,1814,RGB,857.51
Residu,residu_20210224113911img20210223130307.jpg,dataset\Residu\residu_20210224113911img20210223130307.jpg,.jpg,3264,2448,RGB,2134.54
Residu,residu_2115746344.jpg,dataset\Residu\residu_2115746344.jpg,.jpg,1920,1280,RGB,175.6
Residu,residu_2449017228.jpg,dataset\Residu\residu_2449017228.jpg,.jpg,750,500,RGB,122.76
Residu,residu_261436245197.jpg,dataset\Residu\residu_261436245197.jpg,.jpg,910,580,RGB,149.39
Residu,residu_2628986452.jpg,dataset\Residu\residu_2628986452.jpg,.jpg,700,467,RGB,97.0
Residu,residu_2656123227.jpg,dataset\Residu\residu_2656123227.jpg,.jpg,768,512,RGB,96.32
Residu,residu_2657639953.jpg,dataset\Residu\residu_2657639953.jpg,.jpg,700,465,RGB,48.66
Residu,residu_277da6a41ccc91c3624f735d7cce66d7.jpg,dataset\Residu\residu_277da6a41ccc91c3624f735d7cce66d7.jpg,.jpg,1800,1200,RGB,113.49
Residu,residu_3075349_cb828446-860c-4d8a-a213-8b50a1a31b74_800_800.jpg,dataset\Residu\residu_3075349_cb828446-860c-4d8a-a213-8b50a1a31b74_800_800.jpg,.jpg,500,500,RGB,41.23
Residu,residu_3332033820.jpg,dataset\Residu\residu_3332033820.jpg,.jpg,768,512,RGB,81.96
Residu,residu_3982130445.jpg,dataset\Residu\residu_3982130445.jpg,.jpg,750,500,RGB,65.12
Residu,residu_5140049_fdcfabe0-587f-48cd-b4d1-358ebcafb2fb_700_459.jpg,dataset\Residu\residu_5140049_fdcfabe0-587f-48cd-b4d1-358ebcafb2fb_700_459.jpg,.jpg,500,500,RGB,58.9
Residu,residu_58740091323-img_20200121_152520.jpg,dataset\Residu\residu_58740091323-img_20200121_152520.jpg,.jpg,714,474,RGB,226.77
Residu,residu_624f89d0cd1f9-flek-menstruasi-perdarahan-haid-pembalut_665_374.jpg,dataset\Residu\residu_624f89d0cd1f9-flek-menstruasi-perdarahan-haid-pembalut_665_374.jpg,.jpg,665,374,RGB,182.37
Residu,residu_680174717.jpg,dataset\Residu\residu_680174717.jpg,.jpg,700,465,RGB,30.24
Residu,residu_6bb06035a38a75056a85fa4fbb776b2a.jpg,dataset\Residu\residu_6bb06035a38a75056a85fa4fbb776b2a.jpg,.jpg,1000,1000,RGB,159.22
Residu,residu_6_Fakta_Pembalut_Wanita.jpg,dataset\Residu\residu_6_Fakta_Pembalut_Wanita.jpg,.jpg,1280,853,RGB,179.5
Residu,residu_71800-ilustrasi-popok-bayi.jpg,dataset\Residu\residu_71800-ilustrasi-popok-bayi.jpg,.jpg,653,366,RGB,22.33
Residu,residu_730x480-img-73626-ilustrasi-pembalut-shutterstock.jpg,dataset\Residu\residu_730x480-img-73626-ilustrasi-pembalut-shutterstock.jpg,.jpg,730,480,RGB,25.88
Residu,residu_92821-ilustrasi-popok-bayi-envato.jpg,dataset\Residu\residu_92821-ilustrasi-popok-bayi-envato.jpg,.jpg,653,366,RGB,32.74
Residu,residu_929888076.jpg,dataset\Residu\residu_929888076.jpg,.jpg,945,630,RGB,45.1
Residu,residu_9620491_20170320121907.jpg,dataset\Residu\residu_9620491_20170320121907.jpg,.jpg,540,359,RGB,21.57
Residu,residu_absorbent-3509508_1920.jpg,dataset\Residu\residu_absorbent-3509508_1920.jpg,.jpg,750,500,RGB,23.24
Residu,residu_antarafoto-daur-ulang-popok-bekas-pakai-160120-agr-3_1.jpg,dataset\Residu\residu_antarafoto-daur-ulang-popok-bekas-pakai-160120-agr-3_1.jpg,.jpg,800,533,RGB,109.77
Residu,residu_antarafoto-evakuasi-popok-bayi-dari-sungai-250917-pf-2_ratio-16x9.JPG.jpg,dataset\Residu\residu_antarafoto-evakuasi-popok-bayi-dari-sungai-250917-pf-2_ratio-16x9.JPG.jpg,.jpg,1024,512,RGB,122.86
Residu,residu_Apa-itu-Alergi-Pembalut-Bagaimana-Mengatasinya-700x467.jpg,dataset\Residu\residu_Apa-itu-Alergi-Pembalut-Bagaimana-Mengatasinya-700x467.jpg,.jpg,700,467,RGB,20.18
Residu,residu_astaga-pria-ini-cuci-pembalut-bekas-pacarnya-sangkin-bucinnya-banjir-kecaman-netizen44_700.jpg,dataset\Residu\residu_astaga-pria-ini-cuci-pembalut-bekas-pacarnya-sangkin-bucinnya-banjir-kecaman-netizen44_700.jpg,.jpg,564,423,RGB,179.13
Residu,residu_bantal_20170629_141656.jpg,dataset\Residu\residu_bantal_20170629_141656.jpg,.jpg,700,393,RGB,54.73
Residu,residu_bekas-popok-sekali-pakai-yang-dibuang-di-sungai.jpg,dataset\Residu\residu_bekas-popok-sekali-pakai-yang-dibuang-di-sungai.jpg,.jpg,700,393,RGB,45.78
Residu,residu_bocah-australia-disekap-ibunya-di-kamar-penuh-popok-bekas.jpg,dataset\Residu\residu_bocah-australia-disekap-ibunya-di-kamar-penuh-popok-bekas.jpg,.jpg,540,270,RGB,24.37
Residu,residu_body_a7d45a7fc0aa47789c6f6fedbcce453d.jpg,dataset\Residu\residu_body_a7d45a7fc0aa47789c6f6fedbcce453d.jpg,.jpg,640,427,RGB,66.13
Residu,residu_bukan-untuk-mabuk-ini-11-manfaat-baik-pembalut-nomor-5-6-9-penting-banget-NfeZtQqIQ6.jpg,dataset\Residu\residu_bukan-untuk-mabuk-ini-11-manfaat-baik-pembalut-nomor-5-6-9-penting-banget-NfeZtQqIQ6.jpg,.jpg,800,500,RGB,55.15
Residu,residu_C-gd-BSVwAAYseb.jpg,dataset\Residu\residu_C-gd-BSVwAAYseb.jpg,.jpg,675,1200,RGB,57.39
Residu,residu_C-gdaltUwAEo2P-.jpg,dataset\Residu\residu_C-gdaltUwAEo2P-.jpg,.jpg,675,1200,RGB,58.01
Residu,residu_C-geAx0V0AASZ5h.jpg,dataset\Residu\residu_C-geAx0V0AASZ5h.jpg,.jpg,675,1200,RGB,76.14
Residu,residu_C-geFfnV0AArEV6.jpg,dataset\Residu\residu_C-geFfnV0AArEV6.jpg,.jpg,675,1200,RGB,61.0
Residu,residu_c3be3e283cad39905a430ac7153c56a2.jpg,dataset\Residu\residu_c3be3e283cad39905a430ac7153c56a2.jpg,.jpg,640,480,RGB,97.75
Residu,residu_cara-membersihkan-noda-darah-menstruasi-720x519.jpg,dataset\Residu\residu_cara-membersihkan-noda-darah-menstruasi-720x519.jpg,.jpg,720,519,RGB,28.94
Residu,residu_Cara-membuang-popok-bekas-yang-kotor.jpg,dataset\Residu\residu_Cara-membuang-popok-bekas-yang-kotor.jpg,.jpg,640,426,RGB,35.02
Residu,residu_CSMyAeU1P_natracare-r7UjnJHJxmY-unsplash.jpg,dataset\Residu\residu_CSMyAeU1P_natracare-r7UjnJHJxmY-unsplash.jpg,.jpg,750,494,RGB,100.16
Residu,residu_Daur-Ulang-Popok-Bekas-Pakai-160120-agr-6.jpg,dataset\Residu\residu_Daur-Ulang-Popok-Bekas-Pakai-160120-agr-6.jpg,.jpg,730,487,RGB,54.84
Residu,residu_daur-ulang-popok-bekas-pakai-ntue-dom.jpg,dataset\Residu\residu_daur-ulang-popok-bekas-pakai-ntue-dom.jpg,.jpg,700,466,RGB,80.87
Residu,residu_daur-ulang-popok-bekas-pakai-ntuk-dom.jpg,dataset\Residu\residu_daur-ulang-popok-bekas-pakai-ntuk-dom.jpg,.jpg,700,466,RGB,62.53
Residu,residu_daur-ulang-popok-bekas-pakai-q46tnd-prv.jpg,dataset\Residu\residu_daur-ulang-popok-bekas-pakai-q46tnd-prv.jpg,.jpg,730,487,RGB,66.93
Residu,residu_DdfKUrgVwAAcAKw.jpg,dataset\Residu\residu_DdfKUrgVwAAcAKw.jpg,.jpg,675,1200,RGB,119.04
Residu,residu_diaper-bekas_20161028_163535.jpg,dataset\Residu\residu_diaper-bekas_20161028_163535.jpg,.jpg,700,393,RGB,35.4
Residu,residu_DM-oF7NVQAATK7v.jpg,dataset\Residu\residu_DM-oF7NVQAATK7v.jpg,.jpg,675,1200,RGB,98.66
Residu,residu_DpjFAYxUcAAt3Pj.jpg,dataset\Residu\residu_DpjFAYxUcAAt3Pj.jpg,.jpg,581,1032,RGB,91.91
Residu,residu_DpjFDgmUwAA3uH_.jpg,dataset\Residu\residu_DpjFDgmUwAA3uH_.jpg,.jpg,581,1032,RGB,63.3
Residu,residu_DpjFFYHVAAACihB.jpg,dataset\Residu\residu_DpjFFYHVAAACihB.jpg,.jpg,581,1032,RGB,76.05
Residu,residu_DpjFLdAV4AEgosR.jpg,dataset\Residu\residu_DpjFLdAV4AEgosR.jpg,.jpg,581,1032,RGB,106.94
Residu,residu_DpjFqfMVsAI_b8A.jpg,dataset\Residu\residu_DpjFqfMVsAI_b8A.jpg,.jpg,581,1032,RGB,77.53
Residu,residu_DpjFsVFUwAAsgbk.jpg,dataset\Residu\residu_DpjFsVFUwAAsgbk.jpg,.jpg,581,1032,RGB,67.75
Residu,residu_DYzQmVQUMAAY9py.jpg,dataset\Residu\residu_DYzQmVQUMAAY9py.jpg,.jpg,675,1200,RGB,129.22
Residu,residu_Ecoton-Pemerintah-Diminta-Segera-Tangani-Sampah-Popok-Sekali-Pakai.jpg,dataset\Residu\residu_Ecoton-Pemerintah-Diminta-Segera-Tangani-Sampah-Popok-Sekali-Pakai.jpg,.jpg,640,360,RGB,100.25
Residu,residu_EzqwKg6VUAA-7AH.jpg,dataset\Residu\residu_EzqwKg6VUAA-7AH.jpg,.jpg,960,1200,RGB,158.9
Residu,residu_F-BOKS.jpg,dataset\Residu\residu_F-BOKS.jpg,.jpg,712,400,RGB,44.3
Residu,residu_f426f88215b4574902afb2fb080219bb.jpg,dataset\Residu\residu_f426f88215b4574902afb2fb080219bb.jpg,.jpg,960,1280,RGB,98.33
Residu,residu_FI-Mabuk-karena-pembalut.jpg,dataset\Residu\residu_FI-Mabuk-karena-pembalut.jpg,.jpg,663,382,RGB,71.89
Residu,residu_hipwee-absorbent-nappy-3509508-640x346.jpg,dataset\Residu\residu_hipwee-absorbent-nappy-3509508-640x346.jpg,.jpg,640,346,RGB,22.95
Residu,residu_hipwee-KAO-Indonesia-750x422.jpg,dataset\Residu\residu_hipwee-KAO-Indonesia-750x422.jpg,.jpg,750,422,RGB,59.08
Residu,residu_hipwee-Sampah-Popok-yang-berhasil-dikumpul-oleh-tim-Ecoton-750x422.jpg,dataset\Residu\residu_hipwee-Sampah-Popok-yang-berhasil-dikumpul-oleh-tim-Ecoton-750x422.jpg,.jpg,750,422,RGB,52.48
Residu,residu_hqdefault2.jpg,dataset\Residu\residu_hqdefault2.jpg,.jpg,480,360,RGB,23.94
Residu,residu_hqdefault3.jpg,dataset\Residu\residu_hqdefault3.jpg,.jpg,480,360,RGB,34.9
Residu,residu_Ide-Kreatif-IRT-di-Makassar-Sulap-Sampah-Popok-Bekas-Jadi-Pot-Bunga.jpg,dataset\Residu\residu_Ide-Kreatif-IRT-di-Makassar-Sulap-Sampah-Popok-Bekas-Jadi-Pot-Bunga.jpg,.jpg,640,473,RGB,32.15
Residu,residu_ihkan-aliran-Sungai-Brantas-dari-sampah-popok-Foto-KBR-Zainul-Arifin_810x450.jpg,dataset\Residu\residu_ihkan-aliran-Sungai-Brantas-dari-sampah-popok-Foto-KBR-Zainul-Arifin_810x450.jpg,.jpg,810,450,RGB,71.75
Residu,residu_Ilustrasi-net1d64bcd6b926aa9576da0a76826c6faa.md.jpg,dataset\Residu\residu_Ilustrasi-net1d64bcd6b926aa9576da0a76826c6faa.md.jpg,.jpg,500,275,RGB,25.1
Residu,residu_ilustrasi-pembalut-wanita--1-istockphoto-getty-images-istockphoto.jpg,dataset\Residu\residu_ilustrasi-pembalut-wanita--1-istockphoto-getty-images-istockphoto.jpg,.jpg,1024,683,RGB,111.17
Residu,residu_Image_1.jpg,dataset\Residu\residu_Image_1.jpg,.jpg,2560,2560,RGB,463.76
Residu,residu_Image_10.jpg,dataset\Residu\residu_Image_10.jpg,.jpg,640,360,RGB,73.18
Residu,residu_Image_100.jpg,dataset\Residu\residu_Image_100.jpg,.jpg,640,360,RGB,25.36
Residu,residu_Image_102.jpg,dataset\Residu\residu_Image_102.jpg,.jpg,700,466,RGB,199.6
Residu,residu_Image_104.jpg,dataset\Residu\residu_Image_104.jpg,.jpg,620,413,RGB,234.48
Residu,residu_Image_105.jpg,dataset\Residu\residu_Image_105.jpg,.jpg,1253,735,RGB,372.37
Residu,residu_Image_106.jpg,dataset\Residu\residu_Image_106.jpg,.jpg,696,464,RGB,120.45
Residu,residu_Image_107.jpg,dataset\Residu\residu_Image_107.jpg,.jpg,590,391,RGB,44.17
Residu,residu_Image_108.jpg,dataset\Residu\residu_Image_108.jpg,.jpg,700,393,RGB,48.96
Residu,residu_Image_109.jpg,dataset\Residu\residu_Image_109.jpg,.jpg,448,336,RGB,37.41
Residu,residu_Image_11.jpg,dataset\Residu\residu_Image_11.jpg,.jpg,2048,2048,RGB,372.42
Residu,residu_Image_110.jpg,dataset\Residu\residu_Image_110.jpg,.jpg,640,428,RGB,75.51
Residu,residu_Image_112.jpg,dataset\Residu\residu_Image_112.jpg,.jpg,600,400,RGB,70.7
Residu,residu_Image_113.jpg,dataset\Residu\residu_Image_113.jpg,.jpg,320,240,RGB,10.97
Residu,residu_Image_114.JPG,dataset\Residu\residu_Image_114.JPG,.jpg,750,500,RGB,62.42
Residu,residu_Image_115.jpg,dataset\Residu\residu_Image_115.jpg,.jpg,2592,1080,RGB,709.44
Residu,residu_Image_116.jpg,dataset\Residu\residu_Image_116.jpg,.jpg,700,465,RGB,55.95
Residu,residu_Image_117.jpg,dataset\Residu\residu_Image_117.jpg,.jpg,700,717,RGB,80.47
Residu,residu_Image_118.jpg,dataset\Residu\residu_Image_118.jpg,.jpg,640,448,RGB,48.88
Residu,residu_Image_119.jpg,dataset\Residu\residu_Image_119.jpg,.jpg,670,503,RGB,43.64
Residu,residu_Image_12.jpg,dataset\Residu\residu_Image_12.jpg,.jpg,720,500,RGB,39.41
Residu,residu_Image_120.jpg,dataset\Residu\residu_Image_120.jpg,.jpg,1280,720,RGB,105.0
Residu,residu_Image_121.jpg,dataset\Residu\residu_Image_121.jpg,.jpg,600,400,RGB,37.09
Residu,residu_Image_122.jpg,dataset\Residu\residu_Image_122.jpg,.jpg,644,338,RGB,64.28
Residu,residu_Image_124.jpg,dataset\Residu\residu_Image_124.jpg,.jpg,750,500,RGB,56.76
Residu,residu_Image_125.jpg,dataset\Residu\residu_Image_125.jpg,.jpg,300,200,RGB,14.67
Residu,residu_Image_126.jpg,dataset\Residu\residu_Image_126.jpg,.jpg,768,403,RGB,66.16
Residu,residu_Image_127.jpg,dataset\Residu\residu_Image_127.jpg,.jpg,549,382,RGB,44.55
Residu,residu_Image_128.jpg,dataset\Residu\residu_Image_128.jpg,.jpg,600,600,RGB,38.45
Residu,residu_Image_129.JPG,dataset\Residu\residu_Image_129.JPG,.jpg,600,337,RGB,35.16
Residu,residu_Image_13.jpg,dataset\Residu\residu_Image_13.jpg,.jpg,665,374,RGB,158.48
Residu,residu_Image_130.JPG,dataset\Residu\residu_Image_130.JPG,.jpg,472,628,RGB,47.85
Residu,residu_Image_131.JPG,dataset\Residu\residu_Image_131.JPG,.jpg,1280,720,RGB,139.39
Residu,residu_Image_132.jpg,dataset\Residu\residu_Image_132.jpg,.jpg,320,319,RGB,19.66
Residu,residu_Image_133.jpg,dataset\Residu\residu_Image_133.jpg,.jpg,264,320,RGB,31.57
Residu,residu_Image_134.jpg,dataset\Residu\residu_Image_134.jpg,.jpg,700,466,RGB,62.22
Residu,residu_Image_136.jpg,dataset\Residu\residu_Image_136.jpg,.jpg,800,533,RGB,133.35
Residu,residu_Image_137.jpg,dataset\Residu\residu_Image_137.jpg,.jpg,320,274,RGB,34.64
Residu,residu_Image_138.jpg,dataset\Residu\residu_Image_138.jpg,.jpg,436,300,RGB,30.36
Residu,residu_Image_139.jpg,dataset\Residu\residu_Image_139.jpg,.jpg,1920,1080,RGB,195.54
Residu,residu_Image_14.jpg,dataset\Residu\residu_Image_14.jpg,.jpg,800,399,RGB,57.05
Residu,residu_Image_141.jpg,dataset\Residu\residu_Image_141.jpg,.jpg,1836,2615,RGB,1268.89
Residu,residu_Image_143.jpg,dataset\Residu\residu_Image_143.jpg,.jpg,500,375,RGB,33.33
Residu,residu_Image_145.jpg,dataset\Residu\residu_Image_145.jpg,.jpg,250,250,RGB,27.41
Residu,residu_Image_146.jpg,dataset\Residu\residu_Image_146.jpg,.jpg,1134,500,RGB,96.26
Residu,residu_Image_148.jpg,dataset\Residu\residu_Image_148.jpg,.jpg,284,287,RGB,27.98
Residu,residu_Image_15.jpg,dataset\Residu\residu_Image_15.jpg,.jpg,1536,1536,RGB,254.06
Residu,residu_Image_16.jpg,dataset\Residu\residu_Image_16.jpg,.jpg,1280,720,RGB,46.87
Residu,residu_Image_17.jpg,dataset\Residu\residu_Image_17.jpg,.jpg,700,393,RGB,40.37
Residu,residu_Image_18.jpg,dataset\Residu\residu_Image_18.jpg,.jpg,768,414,RGB,75.36
Residu,residu_Image_19.jpg,dataset\Residu\residu_Image_19.jpg,.jpg,700,525,RGB,84.45
Residu,residu_Image_2.jpg,dataset\Residu\residu_Image_2.jpg,.jpg,220,230,RGB,6.52
Residu,residu_Image_20.jpg,dataset\Residu\residu_Image_20.jpg,.jpg,600,350,RGB,28.69
Residu,residu_Image_21.jpg,dataset\Residu\residu_Image_21.jpg,.jpg,512,384,RGB,31.98
Residu,residu_Image_22.jpg,dataset\Residu\residu_Image_22.jpg,.jpg,970,970,RGB,193.96
Residu,residu_Image_23.jpg,dataset\Residu\residu_Image_23.jpg,.jpg,800,500,RGB,51.35
Residu,residu_Image_24.jpg,dataset\Residu\residu_Image_24.jpg,.jpg,225,225,RGB,3.88
Residu,residu_Image_25.jpg,dataset\Residu\residu_Image_25.jpg,.jpg,970,544,RGB,93.99
Residu,residu_Image_26.jpg,dataset\Residu\residu_Image_26.jpg,.jpg,640,1137,RGB,134.25
Residu,residu_Image_27.jpg,dataset\Residu\residu_Image_27.jpg,.jpg,1001,750,RGB,481.71
Residu,residu_Image_3.jpg,dataset\Residu\residu_Image_3.jpg,.jpg,800,500,RGB,370.13
Residu,residu_Image_32.jpg,dataset\Residu\residu_Image_32.jpg,.jpg,480,360,RGB,55.33
Residu,residu_Image_33.jpg,dataset\Residu\residu_Image_33.jpg,.jpg,695,464,RGB,37.79
Residu,residu_Image_34.jpg,dataset\Residu\residu_Image_34.jpg,.jpg,960,720,RGB,29.68
Residu,residu_Image_36.jpg,dataset\Residu\residu_Image_36.jpg,.jpg,900,589,RGB,117.82
Residu,residu_Image_37.jpg,dataset\Residu\residu_Image_37.jpg,.jpg,1600,800,RGB,49.28
Residu,residu_Image_39.jpg,dataset\Residu\residu_Image_39.jpg,.jpg,750,500,RGB,59.67
Residu,residu_Image_42.jpg,dataset\Residu\residu_Image_42.jpg,.jpg,1200,799,RGB,293.99
Residu,residu_Image_43.jpg,dataset\Residu\residu_Image_43.jpg,.jpg,900,600,RGB,155.66
Residu,residu_Image_45.jpg,dataset\Residu\residu_Image_45.jpg,.jpg,1366,911,RGB,121.61
Residu,residu_Image_47.jpg,dataset\Residu\residu_Image_47.jpg,.jpg,3000,2000,RGB,936.14
Residu,residu_Image_48.jpg,dataset\Residu\residu_Image_48.jpg,.jpg,1536,1536,RGB,238.03
Residu,residu_Image_49.jpg,dataset\Residu\residu_Image_49.jpg,.jpg,1000,580,RGB,113.37
Residu,residu_Image_5.jpg,dataset\Residu\residu_Image_5.jpg,.jpg,750,375,RGB,53.16
Residu,residu_Image_50.jpg,dataset\Residu\residu_Image_50.jpg,.jpg,1023,535,RGB,102.52
Residu,residu_Image_51.jpg,dataset\Residu\residu_Image_51.jpg,.jpg,970,544,RGB,82.45
Residu,residu_Image_55.jpg,dataset\Residu\residu_Image_55.jpg,.jpg,512,284,RGB,21.93
Residu,residu_Image_56.jpg,dataset\Residu\residu_Image_56.jpg,.jpg,750,500,RGB,47.67
Residu,residu_Image_57.jpg,dataset\Residu\residu_Image_57.jpg,.jpg,1995,1995,RGB,379.31
Residu,residu_Image_58.jpg,dataset\Residu\residu_Image_58.jpg,.jpg,750,500,RGB,60.01
Residu,residu_Image_60.jpg,dataset\Residu\residu_Image_60.jpg,.jpg,1024,576,RGB,31.95
Residu,residu_Image_61.jpg,dataset\Residu\residu_Image_61.jpg,.jpg,640,428,RGB,68.94
Residu,residu_Image_63.jpg,dataset\Residu\residu_Image_63.jpg,.jpg,768,768,RGB,81.45
Residu,residu_Image_64.jpg,dataset\Residu\residu_Image_64.jpg,.jpg,1081,882,RGB,327.81
Residu,residu_Image_67.jpg,dataset\Residu\residu_Image_67.jpg,.jpg,2048,2048,RGB,391.65
Residu,residu_Image_7.jpg,dataset\Residu\residu_Image_7.jpg,.jpg,1024,1024,RGB,113.48
Residu,residu_Image_70.jpg,dataset\Residu\residu_Image_70.jpg,.jpg,1024,683,RGB,200.7
Residu,residu_Image_71.jpg,dataset\Residu\residu_Image_71.jpg,.jpg,336,336,RGB,46.15
Residu,residu_Image_72.jpg,dataset\Residu\residu_Image_72.jpg,.jpg,640,428,RGB,63.16
Residu,residu_Image_73.jpg,dataset\Residu\residu_Image_73.jpg,.jpg,1021,550,RGB,263.57
Residu,residu_Image_74.jpg,dataset\Residu\residu_Image_74.jpg,.jpg,830,556,RGB,527.1
Residu,residu_Image_75.jpg,dataset\Residu\residu_Image_75.jpg,.jpg,1280,853,RGB,92.38
Residu,residu_image_750x_62ee5f8c9416b.jpg,dataset\Residu\residu_image_750x_62ee5f8c9416b.jpg,.jpg,750,500,RGB,43.69
Residu,residu_Image_76.jpg,dataset\Residu\residu_Image_76.jpg,.jpg,730,420,RGB,59.4
Residu,residu_Image_77.jpg,dataset\Residu\residu_Image_77.jpg,.jpg,800,487,RGB,29.66
Residu,residu_Image_78.jpg,dataset\Residu\residu_Image_78.jpg,.jpg,3648,2736,RGB,2009.54
Residu,residu_Image_79.jpg,dataset\Residu\residu_Image_79.jpg,.jpg,560,995,RGB,184.76
Residu,residu_Image_8.jpg,dataset\Residu\residu_Image_8.jpg,.jpg,700,393,RGB,43.4
Residu,residu_Image_80.jpg,dataset\Residu\residu_Image_80.jpg,.jpg,1024,1820,RGB,837.47
Residu,residu_Image_81.jpg,dataset\Residu\residu_Image_81.jpg,.jpg,1140,500,RGB,57.07
Residu,residu_Image_82.jpg,dataset\Residu\residu_Image_82.jpg,.jpg,1001,750,RGB,481.71
Residu,residu_Image_83.jpg,dataset\Residu\residu_Image_83.jpg,.jpg,598,339,RGB,42.77
Residu,residu_Image_84.jpg,dataset\Residu\residu_Image_84.jpg,.jpg,780,500,RGB,53.03
Residu,residu_Image_87.jpg,dataset\Residu\residu_Image_87.jpg,.jpg,800,491,RGB,101.67
Residu,residu_Image_88.jpg,dataset\Residu\residu_Image_88.jpg,.jpg,300,168,RGB,14.69
Residu,residu_Image_89.jpg,dataset\Residu\residu_Image_89.jpg,.jpg,768,421,RGB,51.71
Residu,residu_Image_9.jpg,dataset\Residu\residu_Image_9.jpg,.jpg,800,450,RGB,120.36
Residu,residu_Image_90.jpg,dataset\Residu\residu_Image_90.jpg,.jpg,1024,484,RGB,50.04
Residu,residu_Image_91.jpg,dataset\Residu\residu_Image_91.jpg,.jpg,1280,720,RGB,108.14
Residu,residu_Image_93.jpg,dataset\Residu\residu_Image_93.jpg,.jpg,830,556,RGB,232.04
Residu,residu_Image_94.jpg,dataset\Residu\residu_Image_94.jpg,.jpg,700,465,RGB,54.38
Residu,residu_Image_95.jpg,dataset\Residu\residu_Image_95.jpg,.jpg,700,393,RGB,39.23
Residu,residu_Image_96.jpg,dataset\Residu\residu_Image_96.jpg,.jpg,361,271,RGB,23.8
Residu,residu_Image_97.jpg,dataset\Residu\residu_Image_97.jpg,.jpg,670,500,RGB,270.31
Residu,residu_Image_98.jpg,dataset\Residu\residu_Image_98.jpg,.jpg,1280,720,RGB,92.02
Residu,residu_Image_99.jpg,dataset\Residu\residu_Image_99.jpg,.jpg,280,210,RGB,16.19
Residu,residu_img-1220-56132f64d57a6144078b4567.jpg,dataset\Residu\residu_img-1220-56132f64d57a6144078b4567.jpg,.jpg,800,533,RGB,144.88
Residu,residu_img-1223-56132fe01cafbde0048b4569.jpg,dataset\Residu\residu_img-1223-56132fe01cafbde0048b4569.jpg,.jpg,800,533,RGB,189.1
Residu,residu_IMG-20220422-WA0003.jpg,dataset\Residu\residu_IMG-20220422-WA0003.jpg,.jpg,1600,1200,RGB,253.69
Residu,residu_img-20230211-wa0017-1.jpg,dataset\Residu\residu_img-20230211-wa0017-1.jpg,.jpg,400,220,RGB,32.76
Residu,residu_IMG_20200915_165826.jpg,dataset\Residu\residu_IMG_20200915_165826.jpg,.jpg,1536,2048,RGB,395.62
Residu,residu_IMG_20200915_170044.jpg,dataset\Residu\residu_IMG_20200915_170044.jpg,.jpg,1536,2048,RGB,252.85
Residu,residu_IMG_20200915_172347.jpg,dataset\Residu\residu_IMG_20200915_172347.jpg,.jpg,1536,2048,RGB,572.33
Residu,residu_IMG_20200915_172404.jpg,dataset\Residu\residu_IMG_20200915_172404.jpg,.jpg,1536,2048,RGB,510.62
Residu,residu_Jangan-Abaikan-Girls--Lakukan-4-Hal-Ini-Sebelum-Membuang-Pembalut-Bekas-Pakai-master-139431748.jpg,dataset\Residu\residu_Jangan-Abaikan-Girls--Lakukan-4-Hal-Ini-Sebelum-Membuang-Pembalut-Bekas-Pakai-master-139431748.jpg,.jpg,700,393,RGB,30.32
Residu,residu_jangan-dibuang-popok-bayi-sekali-pakai-bisa-didaur-ulang-gimana-caranya48_700.jpg,dataset\Residu\residu_jangan-dibuang-popok-bayi-sekali-pakai-bisa-didaur-ulang-gimana-caranya48_700.jpg,.jpg,700,525,RGB,64.0
Residu,residu_kemenkes-9-pembalut-dan-7-pantyliner-lolos-uji-keamanan-1P3-thumb.jpg,dataset\Residu\residu_kemenkes-9-pembalut-dan-7-pantyliner-lolos-uji-keamanan-1P3-thumb.jpg,.jpg,620,413,RGB,38.07
Residu,residu_Kerjasama-K-C-Softex-Indonesia-dan-Duitin-untuk-Pengumpulan-Popok-Bekas-yang-akan-didaur-ulang-1.jpg,dataset\Residu\residu_Kerjasama-K-C-Softex-Indonesia-dan-Duitin-untuk-Pengumpulan-Popok-Bekas-yang-akan-didaur-ulang-1.jpg,.jpg,900,550,RGB,78.2
Residu,residu_limbah-popok-bekas-menjadi-media-tanam.jpg,dataset\Residu\residu_limbah-popok-bekas-menjadi-media-tanam.jpg,.jpg,700,393,RGB,75.86
Residu,residu_limbah-popok-jadi-rumah.jpg,dataset\Residu\residu_limbah-popok-jadi-rumah.jpg,.jpg,800,396,RGB,33.56
Residu,residu_limbah-popok-menumpuk-di-kali-surabaya-bep-tagih-janji-gubernur-xjz.jpg,dataset\Residu\residu_limbah-popok-menumpuk-di-kali-surabaya-bep-tagih-janji-gubernur-xjz.jpg,.jpg,620,413,RGB,163.29
Residu,residu_liputan-20200304-224438.jpg,dataset\Residu\residu_liputan-20200304-224438.jpg,.jpg,1024,576,RGB,99.37
Residu,residu_lnvjzbyt8oggp16i7mpu.jpg,dataset\Residu\residu_lnvjzbyt8oggp16i7mpu.jpg,.jpg,640,427,RGB,96.42
Residu,residu_Luncurkan_Program_Olah_Popok_Bayi_Bekas_Merrie.width-800.jpg,dataset\Residu\residu_Luncurkan_Program_Olah_Popok_Bayi_Bekas_Merrie.width-800.jpg,.jpg,800,438,RGB,73.82
Residu,residu_lut.jpg,dataset\Residu\residu_lut.jpg,.jpg,650,433,RGB,55.53
Residu,residu_maxresdefault.jpg,dataset\Residu\residu_maxresdefault.jpg,.jpg,1280,720,RGB,118.47
Residu,residu_maxresdefault2.jpg,dataset\Residu\residu_maxresdefault2.jpg,.jpg,1280,720,RGB,118.47
Residu,residu_membuang-pembalut.jpg,dataset\Residu\residu_membuang-pembalut.jpg,.jpg,700,393,RGB,35.96
Residu,residu_memilukan-6-anak-tinggal-di-rumah-yang-dipenuhi-dengan-kotoran-anjing-dan-popok-bekas84_700.jpg,dataset\Residu\residu_memilukan-6-anak-tinggal-di-rumah-yang-dipenuhi-dengan-kotoran-anjing-dan-popok-bekas84_700.jpg,.jpg,700,525,RGB,67.68
Residu,residu_mencermati-keamanan-pembalut-wanita.jpg,dataset\Residu\residu_mencermati-keamanan-pembalut-wanita.jpg,.jpg,650,433,RGB,40.75
Residu,residu_Mitos-Pembalut-yang-Masih-Dipercaya.jpg,dataset\Residu\residu_Mitos-Pembalut-yang-Masih-Dipercaya.jpg,.jpg,1000,665,RGB,63.85
Residu,residu_mitos-tentang-popok-sekali-pakai.jpg,dataset\Residu\residu_mitos-tentang-popok-sekali-pakai.jpg,.jpg,6270,4071,RGB,776.71
Residu,residu_netizen-geram-tetangganya-buang-sembarangan-pembalut-bekas-di-sebuah-kondominium-mewah-mstar.jpg,dataset\Residu\residu_netizen-geram-tetangganya-buang-sembarangan-pembalut-bekas-di-sebuah-kondominium-mewah-mstar.jpg,.jpg,700,393,RGB,32.16
Residu,residu_nyeri1_20170112_105111.jpg,dataset\Residu\residu_nyeri1_20170112_105111.jpg,.jpg,700,393,RGB,25.44
Residu,residu_OhR0Bgy9Tk.jpg,dataset\Residu\residu_OhR0Bgy9Tk.jpg,.jpg,463,330,RGB,35.98
Residu,residu_pabrik-popok-daur-ulang_20170321_131737.jpg,dataset\Residu\residu_pabrik-popok-daur-ulang_20170321_131737.jpg,.jpg,700,393,RGB,62.84
Residu,residu_Pakai-Pembalut-Kain-Saat-Menstruasi-Apakah-Lebih-Sehat-1.jpg,dataset\Residu\residu_Pakai-Pembalut-Kain-Saat-Menstruasi-Apakah-Lebih-Sehat-1.jpg,.jpg,1000,687,RGB,79.88
Residu,residu_pampers-1-300x240.jpg,dataset\Residu\residu_pampers-1-300x240.jpg,.jpg,300,240,RGB,21.65
Residu,residu_pampers.jpg,dataset\Residu\residu_pampers.jpg,.jpg,600,353,RGB,22.91
Residu,residu_Pembalut-Bekas-Darah-Haid-Tidak-Boleh-Dibuang-Sembarangan-Simak-Penjelasannya.jpg,dataset\Residu\residu_Pembalut-Bekas-Darah-Haid-Tidak-Boleh-Dibuang-Sembarangan-Simak-Penjelasannya.jpg,.jpg,750,375,RGB,25.39
Residu,residu_pembalut-bekas-pakai-di-dalam-ceret-dua-pelaku-wanita.jpg,dataset\Residu\residu_pembalut-bekas-pakai-di-dalam-ceret-dua-pelaku-wanita.jpg,.jpg,700,393,RGB,26.16
Residu,residu_pembalut-kain.jpg,dataset\Residu\residu_pembalut-kain.jpg,.jpg,1280,960,RGB,55.74
Residu,residu_pembalut-keputihan.jpg,dataset\Residu\residu_pembalut-keputihan.jpg,.jpg,1200,600,RGB,207.43
Residu,residu_pembalut-malam-dipakai-di-siang-hari-haid-menstruasi-mojok.co_.jpg,dataset\Residu\residu_pembalut-malam-dipakai-di-siang-hari-haid-menstruasi-mojok.co_.jpg,.jpg,800,600,RGB,49.28
Residu,residu_pembalut-sayap-vs-tanpa-sayap.jpg,dataset\Residu\residu_pembalut-sayap-vs-tanpa-sayap.jpg,.jpg,700,393,RGB,23.61
Residu,residu_pembalut2.jpg,dataset\Residu\residu_pembalut2.jpg,.jpg,649,653,RGB,48.46
Residu,residu_pembalut2Bbekas.jpg,dataset\Residu\residu_pembalut2Bbekas.jpg,.jpg,1000,665,RGB,48.91
Residu,residu_pembalut_20181108_155339.jpg,dataset\Residu\residu_pembalut_20181108_155339.jpg,.jpg,700,393,RGB,20.85
Residu,residu_Pemerintah-Diminta-Segera-Tangani-Sampah-Popok-Sekali-Pakai.jpg,dataset\Residu\residu_Pemerintah-Diminta-Segera-Tangani-Sampah-Popok-Sekali-Pakai.jpg,.jpg,640,360,RGB,100.24
Residu,residu_pemulung-koran-bekas-shalat-ied-ilustrasi-_110830122051-476.jpg,dataset\Residu\residu_pemulung-koran-bekas-shalat-ied-ilustrasi-_110830122051-476.jpg,.jpg,805,375,RGB,70.75
Residu,residu_Pengelolaan-Limbah-Pembalut.jpg,dataset\Residu\residu_Pengelolaan-Limbah-Pembalut.jpg,.jpg,640,359,RGB,88.0
Residu,residu_pengendalian-sampah-popok-lemah_m_205109.jpg,dataset\Residu\residu_pengendalian-sampah-popok-lemah_m_205109.jpg,.jpg,670,447,RGB,52.33
Residu,residu_perusahaan-ini-kirim-popok-bekas-dan-kotoran-anjing-didenda-rp383-juta-OzepDMbHfD.jpg,dataset\Residu\residu_perusahaan-ini-kirim-popok-bekas-dan-kotoran-anjing-didenda-rp383-juta-OzepDMbHfD.jpg,.jpg,976,549,RGB,96.8
Residu,residu_pexels-sora-shimazaki-5938423.jpg,dataset\Residu\residu_pexels-sora-shimazaki-5938423.jpg,.jpg,640,960,RGB,43.16
Residu,residu_pillow3.jpg,dataset\Residu\residu_pillow3.jpg,.jpg,500,889,RGB,58.12
Residu,residu_popok-2-45e7c7adacdedd969cb4ba0502eef4aa_800x420.jpg,dataset\Residu\residu_popok-2-45e7c7adacdedd969cb4ba0502eef4aa_800x420.jpg,.jpg,800,420,RGB,37.54
Residu,residu_Popok-620x330.jpg,dataset\Residu\residu_Popok-620x330.jpg,.jpg,620,330,RGB,51.83
Residu,residu_Popok-bayi-bekas-dapat-didaur-ulang-menjadi-media-tanam.jpg,dataset\Residu\residu_Popok-bayi-bekas-dapat-didaur-ulang-menjadi-media-tanam.jpg,.jpg,750,496,RGB,76.05
Residu,residu_popok-bayi-jadi-pot-bunga.JPG.jpg,dataset\Residu\residu_popok-bayi-jadi-pot-bunga.JPG.jpg,.jpg,561,371,RGB,37.72
Residu,residu_popok.jpg,dataset\Residu\residu_popok.jpg,.jpg,750,500,RGB,84.74
Residu,residu_popok2.jpg__780x439_q85_subsampling-2.jpg,dataset\Residu\residu_popok2.jpg__780x439_q85_subsampling-2.jpg,.jpg,552,360,RGB,73.56
Residu,residu_popokbayisekalipakai.jpg,dataset\Residu\residu_popokbayisekalipakai.jpg,.jpg,585,480,RGB,137.71
Residu,residu_popok_1.jpg,dataset\Residu\residu_popok_1.jpg,.jpg,568,360,RGB,111.39
Residu,residu_Pot-bunga-yang-terbuat-dari-popok-bekas.5c07fbeb2f2c9b59.md.jpg,dataset\Residu\residu_Pot-bunga-yang-terbuat-dari-popok-bekas.5c07fbeb2f2c9b59.md.jpg,.jpg,500,300,RGB,67.13
Residu,residu_residu_1.jpg,dataset\Residu\residu_residu_1.jpg,.jpg,596,369,RGB,16.34
Residu,residu_residu_10.jpg,dataset\Residu\residu_residu_10.jpg,.jpg,170,170,RGB,3.25
Residu,residu_residu_100.jpg,dataset\Residu\residu_residu_100.jpg,.jpg,768,768,RGB,96.8
Residu,residu_residu_101.jpg,dataset\Residu\residu_residu_101.jpg,.jpg,52,52,RGB,1.36
Residu,residu_residu_102.jpg,dataset\Residu\residu_residu_102.jpg,.jpg,210,210,RGB,9.18
Residu,residu_residu_103.jpg,dataset\Residu\residu_residu_103.jpg,.jpg,500,500,RGB,8.01
Residu,residu_residu_104.jpg,dataset\Residu\residu_residu_104.jpg,.jpg,42,42,RGB,1.27
Residu,residu_residu_105.jpg,dataset\Residu\residu_residu_105.jpg,.jpg,225,225,RGB,2.88
Residu,residu_residu_106.jpg,dataset\Residu\residu_residu_106.jpg,.jpg,1500,1117,RGB,88.66
Residu,residu_residu_107.jpg,dataset\Residu\residu_residu_107.jpg,.jpg,800,800,RGB,33.76
Residu,residu_residu_108.jpg,dataset\Residu\residu_residu_108.jpg,.jpg,217,232,RGB,5.76
Residu,residu_residu_109.jpg,dataset\Residu\residu_residu_109.jpg,.jpg,52,52,RGB,1.6
Residu,residu_residu_11.jpg,dataset\Residu\residu_residu_11.jpg,.jpg,300,168,RGB,5.85
Residu,residu_residu_110.jpg,dataset\Residu\residu_residu_110.jpg,.jpg,100,100,RGB,2.56
Residu,residu_residu_111.jpg,dataset\Residu\residu_residu_111.jpg,.jpg,1080,1080,RGB,109.38
Residu,residu_residu_112.jpg,dataset\Residu\residu_residu_112.jpg,.jpg,42,42,RGB,1.11
Residu,residu_residu_113.jpg,dataset\Residu\residu_residu_113.jpg,.jpg,173,210,RGB,2.5
Residu,residu_residu_114.jpg,dataset\Residu\residu_residu_114.jpg,.jpg,230,230,RGB,3.5
Residu,residu_residu_115.jpg,dataset\Residu\residu_residu_115.jpg,.jpg,278,181,RGB,6.93
Residu,residu_residu_116.jpg,dataset\Residu\residu_residu_116.jpg,.jpg,52,52,RGB,1.81
Residu,residu_residu_117.jpg,dataset\Residu\residu_residu_117.jpg,.jpg,800,534,RGB,32.18
Residu,residu_residu_118.jpg,dataset\Residu\residu_residu_118.jpg,.jpg,42,42,RGB,1.12
Residu,residu_residu_119.jpg,dataset\Residu\residu_residu_119.jpg,.jpg,275,183,RGB,3.05
Residu,residu_residu_12.jpg,dataset\Residu\residu_residu_12.jpg,.jpg,800,800,RGB,26.56
Residu,residu_residu_120.jpg,dataset\Residu\residu_residu_120.jpg,.jpg,260,280,RGB,4.38
Residu,residu_residu_121.jpg,dataset\Residu\residu_residu_121.jpg,.jpg,500,500,RGB,16.72
Residu,residu_residu_122.jpg,dataset\Residu\residu_residu_122.jpg,.jpg,225,225,RGB,4.55
Residu,residu_residu_123.jpg,dataset\Residu\residu_residu_123.jpg,.jpg,225,225,RGB,2.86
Residu,residu_residu_124.jpg,dataset\Residu\residu_residu_124.jpg,.jpg,1300,867,RGB,141.79
Residu,residu_residu_125.jpg,dataset\Residu\residu_residu_125.jpg,.jpg,183,275,RGB,3.29
Residu,residu_residu_126.jpg,dataset\Residu\residu_residu_126.jpg,.jpg,2047,1794,RGB,575.27
Residu,residu_residu_127.jpg,dataset\Residu\residu_residu_127.jpg,.jpg,225,225,RGB,2.69
Residu,residu_residu_128.jpg,dataset\Residu\residu_residu_128.jpg,.jpg,840,493,RGB,69.44
Residu,residu_residu_129.jpg,dataset\Residu\residu_residu_129.jpg,.jpg,660,330,RGB,21.56
Residu,residu_residu_13.jpg,dataset\Residu\residu_residu_13.jpg,.jpg,210,206,RGB,3.84
Residu,residu_residu_130.jpg,dataset\Residu\residu_residu_130.jpg,.jpg,980,980,RGB,61.16
Residu,residu_residu_131.jpg,dataset\Residu\residu_residu_131.jpg,.jpg,42,42,RGB,1.23
Residu,residu_residu_132.jpg,dataset\Residu\residu_residu_132.jpg,.jpg,263,191,RGB,3.89
Residu,residu_residu_133.jpg,dataset\Residu\residu_residu_133.jpg,.jpg,225,225,RGB,8.23
Residu,residu_residu_134.jpg,dataset\Residu\residu_residu_134.jpg,.jpg,630,472,RGB,38.77
Residu,residu_residu_135.jpg,dataset\Residu\residu_residu_135.jpg,.jpg,262,193,RGB,8.55
Residu,residu_residu_136.jpg,dataset\Residu\residu_residu_136.jpg,.jpg,840,840,RGB,33.02
Residu,residu_residu_137.jpg,dataset\Residu\residu_residu_137.jpg,.jpg,225,225,RGB,6.96
Residu,residu_residu_138.jpg,dataset\Residu\residu_residu_138.jpg,.jpg,1000,750,RGB,63.82
Residu,residu_residu_139.jpg,dataset\Residu\residu_residu_139.jpg,.jpg,800,704,RGB,26.76
Residu,residu_residu_14.jpg,dataset\Residu\residu_residu_14.jpg,.jpg,225,225,RGB,3.86
Residu,residu_residu_140.jpg,dataset\Residu\residu_residu_140.jpg,.jpg,284,178,RGB,12.49
Residu,residu_residu_141.jpg,dataset\Residu\residu_residu_141.jpg,.jpg,1024,684,RGB,42.01
Residu,residu_residu_142.jpg,dataset\Residu\residu_residu_142.jpg,.jpg,210,210,RGB,4.21
Residu,residu_residu_143.jpg,dataset\Residu\residu_residu_143.jpg,.jpg,214,235,RGB,3.23
Residu,residu_residu_144.jpg,dataset\Residu\residu_residu_144.jpg,.jpg,1040,585,RGB,99.3
Residu,residu_residu_145.jpg,dataset\Residu\residu_residu_145.jpg,.jpg,1080,608,RGB,35.12
Residu,residu_residu_146.jpg,dataset\Residu\residu_residu_146.jpg,.jpg,259,194,RGB,4.83
Residu,residu_residu_147.jpg,dataset\Residu\residu_residu_147.jpg,.jpg,275,183,RGB,5.03
Residu,residu_residu_148.jpg,dataset\Residu\residu_residu_148.jpg,.jpg,920,545,RGB,32.36
Residu,residu_residu_149.jpg,dataset\Residu\residu_residu_149.jpg,.jpg,1000,401,RGB,25.28
Residu,residu_residu_15.jpg,dataset\Residu\residu_residu_15.jpg,.jpg,768,512,RGB,50.45
Residu,residu_residu_150.jpg,dataset\Residu\residu_residu_150.jpg,.jpg,1536,1024,RGB,161.46
Residu,residu_residu_151.jpg,dataset\Residu\residu_residu_151.jpg,.jpg,500,500,RGB,10.48
Residu,residu_residu_152.jpg,dataset\Residu\residu_residu_152.jpg,.jpg,500,500,RGB,7.72
Residu,residu_residu_153.jpg,dataset\Residu\residu_residu_153.jpg,.jpg,225,225,RGB,5.25
Residu,residu_residu_154.jpg,dataset\Residu\residu_residu_154.jpg,.jpg,1920,1080,RGB,79.83
Residu,residu_residu_155.jpg,dataset\Residu\residu_residu_155.jpg,.jpg,225,225,RGB,3.13
Residu,residu_residu_156.jpg,dataset\Residu\residu_residu_156.jpg,.jpg,512,384,RGB,30.95
Residu,residu_residu_157.jpg,dataset\Residu\residu_residu_157.jpg,.jpg,42,42,RGB,1.0
Residu,residu_residu_158.jpg,dataset\Residu\residu_residu_158.jpg,.jpg,1000,1000,RGB,69.82
Residu,residu_residu_159.jpg,dataset\Residu\residu_residu_159.jpg,.jpg,42,42,RGB,1.15
Residu,residu_residu_16.jpg,dataset\Residu\residu_residu_16.jpg,.jpg,300,168,RGB,9.22
Residu,residu_residu_160.jpg,dataset\Residu\residu_residu_160.jpg,.jpg,506,341,RGB,19.83
Residu,residu_residu_161.jpg,dataset\Residu\residu_residu_161.jpg,.jpg,700,467,RGB,73.69
Residu,residu_residu_162.jpg,dataset\Residu\residu_residu_162.jpg,.jpg,780,435,RGB,83.18
Residu,residu_residu_163.jpg,dataset\Residu\residu_residu_163.jpg,.jpg,210,210,RGB,3.94
Residu,residu_residu_164.jpg,dataset\Residu\residu_residu_164.jpg,.jpg,281,179,RGB,9.47
Residu,residu_residu_165.jpg,dataset\Residu\residu_residu_165.jpg,.jpg,1500,1500,RGB,57.52
Residu,residu_residu_166.jpg,dataset\Residu\residu_residu_166.jpg,.jpg,800,533,RGB,68.73
Residu,residu_residu_167.jpg,dataset\Residu\residu_residu_167.jpg,.jpg,225,225,RGB,5.36
Residu,residu_residu_168.jpg,dataset\Residu\residu_residu_168.jpg,.jpg,281,179,RGB,8.14
Residu,residu_residu_169.jpg,dataset\Residu\residu_residu_169.jpg,.jpg,800,800,RGB,24.91
Residu,residu_residu_17.jpg,dataset\Residu\residu_residu_17.jpg,.jpg,74,64,RGB,1.11
Residu,residu_residu_170.jpg,dataset\Residu\residu_residu_170.jpg,.jpg,640,426,RGB,36.04
Residu,residu_residu_171.jpg,dataset\Residu\residu_residu_171.jpg,.jpg,860,860,RGB,66.05
Residu,residu_residu_172.jpg,dataset\Residu\residu_residu_172.jpg,.jpg,225,225,RGB,3.18
Residu,residu_residu_173.jpg,dataset\Residu\residu_residu_173.jpg,.jpg,52,52,RGB,1.01
Residu,residu_residu_174.jpg,dataset\Residu\residu_residu_174.jpg,.jpg,225,225,RGB,3.12
Residu,residu_residu_175.jpg,dataset\Residu\residu_residu_175.jpg,.jpg,800,800,RGB,29.04
Residu,residu_residu_176.jpg,dataset\Residu\residu_residu_176.jpg,.jpg,900,559,RGB,74.72
Residu,residu_residu_177.jpg,dataset\Residu\residu_residu_177.jpg,.jpg,4500,5625,RGB,1622.91
Residu,residu_residu_178.jpg,dataset\Residu\residu_residu_178.jpg,.jpg,210,210,RGB,3.94
Residu,residu_residu_179.jpg,dataset\Residu\residu_residu_179.jpg,.jpg,800,800,RGB,23.87
Residu,residu_residu_18.jpg,dataset\Residu\residu_residu_18.jpg,.jpg,42,42,RGB,1.11
Residu,residu_residu_180.jpg,dataset\Residu\residu_residu_180.jpg,.jpg,210,210,RGB,5.02
Residu,residu_residu_181.jpg,dataset\Residu\residu_residu_181.jpg,.jpg,800,800,RGB,18.11
Residu,residu_residu_182.jpg,dataset\Residu\residu_residu_182.jpg,.jpg,52,52,RGB,1.26
Residu,residu_residu_183.jpg,dataset\Residu\residu_residu_183.jpg,.jpg,600,600,RGB,61.36
Residu,residu_residu_184.jpg,dataset\Residu\residu_residu_184.jpg,.jpg,376,338,RGB,15.38
Residu,residu_residu_185.jpg,dataset\Residu\residu_residu_185.jpg,.jpg,650,365,RGB,72.43
Residu,residu_residu_186.jpg,dataset\Residu\residu_residu_186.jpg,.jpg,2062,1373,RGB,353.3
Residu,residu_residu_187.jpg,dataset\Residu\residu_residu_187.jpg,.jpg,1500,1500,RGB,57.56
Residu,residu_residu_188.jpg,dataset\Residu\residu_residu_188.jpg,.jpg,300,319,RGB,6.29
Residu,residu_residu_189.jpg,dataset\Residu\residu_residu_189.jpg,.jpg,1500,1500,RGB,68.87
Residu,residu_residu_19.jpg,dataset\Residu\residu_residu_19.jpg,.jpg,500,500,RGB,19.98
Residu,residu_residu_190.jpg,dataset\Residu\residu_residu_190.jpg,.jpg,780,440,RGB,81.77
Residu,residu_residu_191.jpg,dataset\Residu\residu_residu_191.jpg,.jpg,300,247,RGB,9.76
Residu,residu_residu_192.jpg,dataset\Residu\residu_residu_192.jpg,.jpg,300,332,RGB,6.55
Residu,residu_residu_193.jpg,dataset\Residu\residu_residu_193.jpg,.jpg,400,400,RGB,6.46
Residu,residu_residu_194.jpg,dataset\Residu\residu_residu_194.jpg,.jpg,300,146,RGB,12.89
Residu,residu_residu_195.jpg,dataset\Residu\residu_residu_195.jpg,.jpg,330,153,RGB,6.29
Residu,residu_residu_196.jpg,dataset\Residu\residu_residu_196.jpg,.jpg,225,225,RGB,10.25
Residu,residu_residu_197.jpg,dataset\Residu\residu_residu_197.jpg,.jpg,560,560,RGB,32.72
Residu,residu_residu_198.jpg,dataset\Residu\residu_residu_198.jpg,.jpg,225,225,RGB,10.25
Residu,residu_residu_199.jpg,dataset\Residu\residu_residu_199.jpg,.jpg,640,360,RGB,50.07
Residu,residu_residu_2.jpg,dataset\Residu\residu_residu_2.jpg,.jpg,1000,1000,RGB,37.42
Residu,residu_residu_20.jpg,dataset\Residu\residu_residu_20.jpg,.jpg,210,210,RGB,4.37
Residu,residu_residu_200.jpg,dataset\Residu\residu_residu_200.jpg,.jpg,210,210,RGB,6.28
Residu,residu_residu_201.jpg,dataset\Residu\residu_residu_201.jpg,.jpg,160,200,RGB,10.66
Residu,residu_residu_202.jpg,dataset\Residu\residu_residu_202.jpg,.jpg,42,42,RGB,0.98
Residu,residu_residu_203.jpg,dataset\Residu\residu_residu_203.jpg,.jpg,476,354,RGB,14.22
Residu,residu_residu_204.jpg,dataset\Residu\residu_residu_204.jpg,.jpg,500,333,RGB,15.54
Residu,residu_residu_205.jpg,dataset\Residu\residu_residu_205.jpg,.jpg,225,225,RGB,9.34
Residu,residu_residu_206.jpg,dataset\Residu\residu_residu_206.jpg,.jpg,640,640,RGB,17.84
Residu,residu_residu_207.jpg,dataset\Residu\residu_residu_207.jpg,.jpg,974,1000,RGB,21.78
Residu,residu_residu_208.jpg,dataset\Residu\residu_residu_208.jpg,.jpg,261,392,RGB,13.36
Residu,residu_residu_209.jpg,dataset\Residu\residu_residu_209.jpg,.jpg,210,210,RGB,3.05
Residu,residu_residu_21.jpg,dataset\Residu\residu_residu_21.jpg,.jpg,650,365,RGB,24.18
Residu,residu_residu_210.jpg,dataset\Residu\residu_residu_210.jpg,.jpg,700,400,RGB,17.9
Residu,residu_residu_211.jpg,dataset\Residu\residu_residu_211.jpg,.jpg,1000,1000,RGB,40.06
Residu,residu_residu_212.jpg,dataset\Residu\residu_residu_212.jpg,.jpg,1500,1500,RGB,98.0
Residu,residu_residu_213.jpg,dataset\Residu\residu_residu_213.jpg,.jpg,1200,853,RGB,115.53
Residu,residu_residu_214.jpg,dataset\Residu\residu_residu_214.jpg,.jpg,210,210,RGB,2.73
Residu,residu_residu_215.jpg,dataset\Residu\residu_residu_215.jpg,.jpg,350,350,RGB,4.18
Residu,residu_residu_216.jpg,dataset\Residu\residu_residu_216.jpg,.jpg,275,183,RGB,6.1
Residu,residu_residu_217.jpg,dataset\Residu\residu_residu_217.jpg,.jpg,300,168,RGB,3.17
Residu,residu_residu_218.jpg,dataset\Residu\residu_residu_218.jpg,.jpg,64,64,RGB,1.31
Residu,residu_residu_219.jpg,dataset\Residu\residu_residu_219.jpg,.jpg,100,100,RGB,1.31
Residu,residu_residu_22.jpg,dataset\Residu\residu_residu_22.jpg,.jpg,610,864,RGB,96.56
Residu,residu_residu_220.jpg,dataset\Residu\residu_residu_220.jpg,.jpg,780,654,RGB,14.86
Residu,residu_residu_221.jpg,dataset\Residu\residu_residu_221.jpg,.jpg,225,225,RGB,11.52
Residu,residu_residu_222.jpg,dataset\Residu\residu_residu_222.jpg,.jpg,210,210,RGB,3.34
Residu,residu_residu_223.jpg,dataset\Residu\residu_residu_223.jpg,.jpg,210,210,RGB,5.34
Residu,residu_residu_224.jpg,dataset\Residu\residu_residu_224.jpg,.jpg,275,183,RGB,9.7
Residu,residu_residu_225.jpg,dataset\Residu\residu_residu_225.jpg,.jpg,225,225,RGB,4.52
Residu,residu_residu_226.jpg,dataset\Residu\residu_residu_226.jpg,.jpg,42,42,RGB,1.32
Residu,residu_residu_227.jpg,dataset\Residu\residu_residu_227.jpg,.jpg,800,800,RGB,14.31
Residu,residu_residu_228.jpg,dataset\Residu\residu_residu_228.jpg,.jpg,275,183,RGB,10.45
Residu,residu_residu_229.jpg,dataset\Residu\residu_residu_229.jpg,.jpg,42,42,RGB,1.07
Residu,residu_residu_23.jpg,dataset\Residu\residu_residu_23.jpg,.jpg,1500,1500,RGB,72.78
Residu,residu_residu_230.jpg,dataset\Residu\residu_residu_230.jpg,.jpg,275,183,RGB,13.54
Residu,residu_residu_231.jpg,dataset\Residu\residu_residu_231.jpg,.jpg,42,42,RGB,1.26
Residu,residu_residu_232.jpg,dataset\Residu\residu_residu_232.jpg,.jpg,1294,1294,RGB,179.21
Residu,residu_residu_233.jpg,dataset\Residu\residu_residu_233.jpg,.jpg,500,375,RGB,15.65
Residu,residu_residu_234.jpg,dataset\Residu\residu_residu_234.jpg,.jpg,800,800,RGB,16.82
Residu,residu_residu_235.jpg,dataset\Residu\residu_residu_235.jpg,.jpg,1000,1000,RGB,59.39
Residu,residu_residu_236.jpg,dataset\Residu\residu_residu_236.jpg,.jpg,52,52,RGB,1.66
Residu,residu_residu_237.jpg,dataset\Residu\residu_residu_237.jpg,.jpg,1000,1000,RGB,42.91
Residu,residu_residu_238.jpg,dataset\Residu\residu_residu_238.jpg,.jpg,210,210,RGB,4.37
Residu,residu_residu_239.jpg,dataset\Residu\residu_residu_239.jpg,.jpg,279,180,RGB,9.75
Residu,residu_residu_24.jpg,dataset\Residu\residu_residu_24.jpg,.jpg,210,210,RGB,6.08
Residu,residu_residu_240.jpg,dataset\Residu\residu_residu_240.jpg,.jpg,210,210,RGB,4.32
Residu,residu_residu_241.jpg,dataset\Residu\residu_residu_241.jpg,.jpg,42,42,RGB,1.23
Residu,residu_residu_242.jpg,dataset\Residu\residu_residu_242.jpg,.jpg,210,210,RGB,4.23
Residu,residu_residu_243.jpg,dataset\Residu\residu_residu_243.jpg,.jpg,233,217,RGB,7.09
Residu,residu_residu_244.jpg,dataset\Residu\residu_residu_244.jpg,.jpg,210,210,RGB,5.12
Residu,residu_residu_245.jpg,dataset\Residu\residu_residu_245.jpg,.jpg,640,480,RGB,26.38
Residu,residu_residu_246.jpg,dataset\Residu\residu_residu_246.jpg,.jpg,210,210,RGB,4.75
Residu,residu_residu_247.jpg,dataset\Residu\residu_residu_247.jpg,.jpg,2000,2000,RGB,230.33
Residu,residu_residu_248.jpg,dataset\Residu\residu_residu_248.jpg,.jpg,1280,960,RGB,78.88
Residu,residu_residu_249.jpg,dataset\Residu\residu_residu_249.jpg,.jpg,800,533,RGB,22.88
Residu,residu_residu_25.jpg,dataset\Residu\residu_residu_25.jpg,.jpg,42,42,RGB,1.27
Residu,residu_residu_250.jpg,dataset\Residu\residu_residu_250.jpg,.jpg,183,275,RGB,7.37
Residu,residu_residu_251.jpg,dataset\Residu\residu_residu_251.jpg,.jpg,170,112,RGB,3.28
Residu,residu_residu_252.jpg,dataset\Residu\residu_residu_252.jpg,.jpg,42,42,RGB,1.12
Residu,residu_residu_253.jpg,dataset\Residu\residu_residu_253.jpg,.jpg,230,230,RGB,4.83
Residu,residu_residu_254.jpg,dataset\Residu\residu_residu_254.jpg,.jpg,700,400,RGB,47.6
Residu,residu_residu_255.jpg,dataset\Residu\residu_residu_255.jpg,.jpg,978,909,RGB,73.29
Residu,residu_residu_256.jpg,dataset\Residu\residu_residu_256.jpg,.jpg,42,42,RGB,1.22
Residu,residu_residu_257.jpg,dataset\Residu\residu_residu_257.jpg,.jpg,1500,1448,RGB,178.82
Residu,residu_residu_258.jpg,dataset\Residu\residu_residu_258.jpg,.jpg,275,183,RGB,7.14
Residu,residu_residu_259.jpg,dataset\Residu\residu_residu_259.jpg,.jpg,750,464,RGB,77.45
Residu,residu_residu_26.jpg,dataset\Residu\residu_residu_26.jpg,.jpg,42,42,RGB,0.89
Residu,residu_residu_260.jpg,dataset\Residu\residu_residu_260.jpg,.jpg,768,1024,RGB,67.14
Residu,residu_residu_261.jpg,dataset\Residu\residu_residu_261.jpg,.jpg,42,42,RGB,1.04
Residu,residu_residu_262.jpg,dataset\Residu\residu_residu_262.jpg,.jpg,600,600,RGB,28.68
Residu,residu_residu_263.jpg,dataset\Residu\residu_residu_263.jpg,.jpg,42,42,RGB,1.04
Residu,residu_residu_264.jpg,dataset\Residu\residu_residu_264.jpg,.jpg,400,400,RGB,7.09
Residu,residu_residu_265.jpg,dataset\Residu\residu_residu_265.jpg,.jpg,225,225,RGB,5.1
Residu,residu_residu_266.jpg,dataset\Residu\residu_residu_266.jpg,.jpg,1800,1800,RGB,133.18
Residu,residu_residu_267.jpg,dataset\Residu\residu_residu_267.jpg,.jpg,600,600,RGB,32.71
Residu,residu_residu_268.jpg,dataset\Residu\residu_residu_268.jpg,.jpg,1000,1000,RGB,54.62
Residu,residu_residu_269.jpg,dataset\Residu\residu_residu_269.jpg,.jpg,52,52,RGB,1.4
Residu,residu_residu_27.jpg,dataset\Residu\residu_residu_27.jpg,.jpg,210,206,RGB,4.09
Residu,residu_residu_270.jpg,dataset\Residu\residu_residu_270.jpg,.jpg,42,42,RGB,1.08
Residu,residu_residu_271.jpg,dataset\Residu\residu_residu_271.jpg,.jpg,1203,1020,RGB,71.04
Residu,residu_residu_272.jpg,dataset\Residu\residu_residu_272.jpg,.jpg,900,900,RGB,27.32
Residu,residu_residu_273.jpg,dataset\Residu\residu_residu_273.jpg,.jpg,1000,1000,RGB,39.36
Residu,residu_residu_274.jpg,dataset\Residu\residu_residu_274.jpg,.jpg,270,405,RGB,17.84
Residu,residu_residu_275.jpg,dataset\Residu\residu_residu_275.jpg,.jpg,1000,1000,RGB,45.44
Residu,residu_residu_276.jpg,dataset\Residu\residu_residu_276.jpg,.jpg,1500,1500,RGB,80.37
Residu,residu_residu_277.jpg,dataset\Residu\residu_residu_277.jpg,.jpg,2400,1600,RGB,140.17
Residu,residu_residu_278.jpg,dataset\Residu\residu_residu_278.jpg,.jpg,183,275,RGB,5.43
Residu,residu_residu_279.jpg,dataset\Residu\residu_residu_279.jpg,.jpg,52,52,RGB,1.03
Residu,residu_residu_28.jpg,dataset\Residu\residu_residu_28.jpg,.jpg,300,300,RGB,4.6
Residu,residu_residu_280.jpg,dataset\Residu\residu_residu_280.jpg,.jpg,225,225,RGB,3.43
Residu,residu_residu_281.jpg,dataset\Residu\residu_residu_281.jpg,.jpg,400,400,RGB,17.68
Residu,residu_residu_282.jpg,dataset\Residu\residu_residu_282.jpg,.jpg,1300,1300,RGB,52.03
Residu,residu_residu_283.jpg,dataset\Residu\residu_residu_283.jpg,.jpg,1500,1500,RGB,318.81
Residu,residu_residu_284.jpg,dataset\Residu\residu_residu_284.jpg,.jpg,100,100,RGB,2.77
Residu,residu_residu_285.jpg,dataset\Residu\residu_residu_285.jpg,.jpg,350,350,RGB,4.19
Residu,residu_residu_286.jpg,dataset\Residu\residu_residu_286.jpg,.jpg,52,52,RGB,1.35
Residu,residu_residu_287.jpg,dataset\Residu\residu_residu_287.jpg,.jpg,1000,1000,RGB,60.69
Residu,residu_residu_288.jpg,dataset\Residu\residu_residu_288.jpg,.jpg,225,225,RGB,4.36
Residu,residu_residu_289.jpg,dataset\Residu\residu_residu_289.jpg,.jpg,830,556,RGB,73.66
Residu,residu_residu_29.jpg,dataset\Residu\residu_residu_29.jpg,.jpg,1500,1500,RGB,85.79
Residu,residu_residu_290.jpg,dataset\Residu\residu_residu_290.jpg,.jpg,225,225,RGB,3.02
Residu,residu_residu_291.jpg,dataset\Residu\residu_residu_291.jpg,.jpg,230,230,RGB,4.44
Residu,residu_residu_292.jpg,dataset\Residu\residu_residu_292.jpg,.jpg,190,190,RGB,3.82
Residu,residu_residu_293.jpg,dataset\Residu\residu_residu_293.jpg,.jpg,96,64,RGB,1.13
Residu,residu_residu_294.jpg,dataset\Residu\residu_residu_294.jpg,.jpg,52,52,RGB,1.19
Residu,residu_residu_295.jpg,dataset\Residu\residu_residu_295.jpg,.jpg,100,100,RGB,2.52
Residu,residu_residu_296.jpg,dataset\Residu\residu_residu_296.jpg,.jpg,210,210,RGB,5.03
Residu,residu_residu_297.jpg,dataset\Residu\residu_residu_297.jpg,.jpg,270,405,RGB,13.77
Residu,residu_residu_298.jpg,dataset\Residu\residu_residu_298.jpg,.jpg,275,183,RGB,8.95
Residu,residu_residu_299.jpg,dataset\Residu\residu_residu_299.jpg,.jpg,650,366,RGB,20.99
Residu,residu_residu_3.jpg,dataset\Residu\residu_residu_3.jpg,.jpg,1000,1000,RGB,94.57
Residu,residu_residu_30.jpg,dataset\Residu\residu_residu_30.jpg,.jpg,300,300,RGB,4.17
Residu,residu_residu_300.jpg,dataset\Residu\residu_residu_300.jpg,.jpg,600,600,RGB,25.82
Residu,residu_residu_301.jpg,dataset\Residu\residu_residu_301.jpg,.jpg,342,342,RGB,8.1
Residu,residu_residu_302.jpg,dataset\Residu\residu_residu_302.jpg,.jpg,64,64,RGB,0.99
Residu,residu_residu_303.jpg,dataset\Residu\residu_residu_303.jpg,.jpg,750,500,RGB,61.71
Residu,residu_residu_304.jpg,dataset\Residu\residu_residu_304.jpg,.jpg,1024,513,RGB,23.77
Residu,residu_residu_305.jpg,dataset\Residu\residu_residu_305.jpg,.jpg,85,64,RGB,2.25
Residu,residu_residu_306.jpg,dataset\Residu\residu_residu_306.jpg,.jpg,736,736,RGB,30.14
Residu,residu_residu_307.jpg,dataset\Residu\residu_residu_307.jpg,.jpg,999,666,RGB,24.58
Residu,residu_residu_308.jpg,dataset\Residu\residu_residu_308.jpg,.jpg,225,225,RGB,4.44
Residu,residu_residu_309.jpg,dataset\Residu\residu_residu_309.jpg,.jpg,960,720,RGB,59.66
Residu,residu_residu_31.jpg,dataset\Residu\residu_residu_31.jpg,.jpg,1080,630,RGB,37.73
Residu,residu_residu_310.jpg,dataset\Residu\residu_residu_310.jpg,.jpg,800,800,RGB,24.11
Residu,residu_residu_311.jpg,dataset\Residu\residu_residu_311.jpg,.jpg,800,800,RGB,22.11
Residu,residu_residu_312.jpg,dataset\Residu\residu_residu_312.jpg,.jpg,1500,1500,RGB,86.29
Residu,residu_residu_313.jpg,dataset\Residu\residu_residu_313.jpg,.jpg,700,700,RGB,12.46
Residu,residu_residu_314.jpg,dataset\Residu\residu_residu_314.jpg,.jpg,52,52,RGB,1.22
Residu,residu_residu_315.jpg,dataset\Residu\residu_residu_315.jpg,.jpg,750,750,RGB,20.62
Residu,residu_residu_316.jpg,dataset\Residu\residu_residu_316.jpg,.jpg,1024,576,RGB,19.41
Residu,residu_residu_317.jpg,dataset\Residu\residu_residu_317.jpg,.jpg,940,530,RGB,27.39
Residu,residu_residu_318.jpg,dataset\Residu\residu_residu_318.jpg,.jpg,1106,737,RGB,38.01
Residu,residu_residu_319.jpg,dataset\Residu\residu_residu_319.jpg,.jpg,450,450,RGB,14.74
Residu,residu_residu_32.jpg,dataset\Residu\residu_residu_32.jpg,.jpg,466,339,RGB,8.4
Residu,residu_residu_320.jpg,dataset\Residu\residu_residu_320.jpg,.jpg,240,240,RGB,2.9
Residu,residu_residu_321.jpg,dataset\Residu\residu_residu_321.jpg,.jpg,500,500,RGB,11.03
Residu,residu_residu_322.jpg,dataset\Residu\residu_residu_322.jpg,.jpg,800,800,RGB,27.0
Residu,residu_residu_33.jpg,dataset\Residu\residu_residu_33.jpg,.jpg,210,210,RGB,2.82
Residu,residu_residu_34.jpg,dataset\Residu\residu_residu_34.jpg,.jpg,1024,683,RGB,76.37
Residu,residu_residu_35.jpg,dataset\Residu\residu_residu_35.jpg,.jpg,224,224,RGB,7.69
Residu,residu_residu_36.jpg,dataset\Residu\residu_residu_36.jpg,.jpg,1000,563,RGB,88.27
Residu,residu_residu_37.jpg,dataset\Residu\residu_residu_37.jpg,.jpg,42,42,RGB,0.91
Residu,residu_residu_38.jpg,dataset\Residu\residu_residu_38.jpg,.jpg,500,500,RGB,11.78
Residu,residu_residu_39.jpg,dataset\Residu\residu_residu_39.jpg,.jpg,1000,1000,RGB,69.98
Residu,residu_residu_4.jpg,dataset\Residu\residu_residu_4.jpg,.jpg,500,500,RGB,8.0
Residu,residu_residu_40.jpg,dataset\Residu\residu_residu_40.jpg,.jpg,42,42,RGB,1.04
Residu,residu_residu_41.jpg,dataset\Residu\residu_residu_41.jpg,.jpg,210,196,RGB,3.6
Residu,residu_residu_42.jpg,dataset\Residu\residu_residu_42.jpg,.jpg,64,64,RGB,1.79
Residu,residu_residu_43.jpg,dataset\Residu\residu_residu_43.jpg,.jpg,500,500,RGB,12.63
Residu,residu_residu_44.jpg,dataset\Residu\residu_residu_44.jpg,.jpg,1015,721,RGB,72.24
Residu,residu_residu_45.jpg,dataset\Residu\residu_residu_45.jpg,.jpg,650,366,RGB,38.25
Residu,residu_residu_46.jpg,dataset\Residu\residu_residu_46.jpg,.jpg,275,183,RGB,8.74
Residu,residu_residu_47.jpg,dataset\Residu\residu_residu_47.jpg,.jpg,1000,1000,RGB,36.2
Residu,residu_residu_48.jpg,dataset\Residu\residu_residu_48.jpg,.jpg,1000,1000,RGB,34.05
Residu,residu_residu_49.jpg,dataset\Residu\residu_residu_49.jpg,.jpg,42,42,RGB,0.86
Residu,residu_residu_5.jpg,dataset\Residu\residu_residu_5.jpg,.jpg,360,360,RGB,14.55
Residu,residu_residu_50.jpg,dataset\Residu\residu_residu_50.jpg,.jpg,42,42,RGB,1.08
Residu,residu_residu_51.jpg,dataset\Residu\residu_residu_51.jpg,.jpg,170,163,RGB,2.3
Residu,residu_residu_52.jpg,dataset\Residu\residu_residu_52.jpg,.jpg,1000,1000,RGB,40.23
Residu,residu_residu_53.jpg,dataset\Residu\residu_residu_53.jpg,.jpg,852,568,RGB,75.14
Residu,residu_residu_54.jpg,dataset\Residu\residu_residu_54.jpg,.jpg,414,302,RGB,15.73
Residu,residu_residu_55.jpg,dataset\Residu\residu_residu_55.jpg,.jpg,170,227,RGB,9.71
Residu,residu_residu_56.jpg,dataset\Residu\residu_residu_56.jpg,.jpg,210,165,RGB,2.61
Residu,residu_residu_57.jpg,dataset\Residu\residu_residu_57.jpg,.jpg,210,210,RGB,2.5
Residu,residu_residu_58.jpg,dataset\Residu\residu_residu_58.jpg,.jpg,528,337,RGB,27.89
Residu,residu_residu_59.jpg,dataset\Residu\residu_residu_59.jpg,.jpg,2560,1707,RGB,341.48
Residu,residu_residu_6.jpg,dataset\Residu\residu_residu_6.jpg,.jpg,600,600,RGB,17.99
Residu,residu_residu_60.jpg,dataset\Residu\residu_residu_60.jpg,.jpg,600,464,RGB,12.97
Residu,residu_residu_61.jpg,dataset\Residu\residu_residu_61.jpg,.jpg,210,210,RGB,14.61
Residu,residu_residu_62.jpg,dataset\Residu\residu_residu_62.jpg,.jpg,225,225,RGB,4.58
Residu,residu_residu_63.jpg,dataset\Residu\residu_residu_63.jpg,.jpg,210,184,RGB,4.2
Residu,residu_residu_64.jpg,dataset\Residu\residu_residu_64.jpg,.jpg,210,210,RGB,3.86
Residu,residu_residu_65.jpg,dataset\Residu\residu_residu_65.jpg,.jpg,650,362,RGB,52.43
Residu,residu_residu_66.jpg,dataset\Residu\residu_residu_66.jpg,.jpg,210,138,RGB,4.25
Residu,residu_residu_67.jpg,dataset\Residu\residu_residu_67.jpg,.jpg,292,300,RGB,5.35
Residu,residu_residu_68.jpg,dataset\Residu\residu_residu_68.jpg,.jpg,1100,620,RGB,48.54
Residu,residu_residu_69.jpg,dataset\Residu\residu_residu_69.jpg,.jpg,436,314,RGB,13.86
Residu,residu_residu_7.jpg,dataset\Residu\residu_residu_7.jpg,.jpg,210,210,RGB,6.2
Residu,residu_residu_70.jpg,dataset\Residu\residu_residu_70.jpg,.jpg,100,100,RGB,2.71
Residu,residu_residu_71.jpg,dataset\Residu\residu_residu_71.jpg,.jpg,290,174,RGB,2.41
Residu,residu_residu_72.jpg,dataset\Residu\residu_residu_72.jpg,.jpg,710,756,RGB,25.22
Residu,residu_residu_73.jpg,dataset\Residu\residu_residu_73.jpg,.jpg,600,600,RGB,38.35
Residu,residu_residu_74.jpg,dataset\Residu\residu_residu_74.jpg,.jpg,210,210,RGB,6.4
Residu,residu_residu_75.jpg,dataset\Residu\residu_residu_75.jpg,.jpg,224,224,RGB,10.22
Residu,residu_residu_76.jpg,dataset\Residu\residu_residu_76.jpg,.jpg,1600,1600,RGB,139.14
Residu,residu_residu_77.jpg,dataset\Residu\residu_residu_77.jpg,.jpg,275,183,RGB,8.99
Residu,residu_residu_78.jpg,dataset\Residu\residu_residu_78.jpg,.jpg,1000,1000,RGB,31.61
Residu,residu_residu_79.jpg,dataset\Residu\residu_residu_79.jpg,.jpg,1920,1440,RGB,376.9
Residu,residu_residu_8.jpg,dataset\Residu\residu_residu_8.jpg,.jpg,42,42,RGB,1.37
Residu,residu_residu_80.jpg,dataset\Residu\residu_residu_80.jpg,.jpg,940,587,RGB,16.6
Residu,residu_residu_81.jpg,dataset\Residu\residu_residu_81.jpg,.jpg,800,420,RGB,75.4
Residu,residu_residu_82.jpg,dataset\Residu\residu_residu_82.jpg,.jpg,210,165,RGB,7.02
Residu,residu_residu_83.jpg,dataset\Residu\residu_residu_83.jpg,.jpg,1000,757,RGB,27.75
Residu,residu_residu_84.jpg,dataset\Residu\residu_residu_84.jpg,.jpg,900,600,RGB,41.36
Residu,residu_residu_85.jpg,dataset\Residu\residu_residu_85.jpg,.jpg,52,52,RGB,1.08
Residu,residu_residu_86.jpg,dataset\Residu\residu_residu_86.jpg,.jpg,52,52,RGB,1.28
Residu,residu_residu_87.jpg,dataset\Residu\residu_residu_87.jpg,.jpg,52,52,RGB,1.09
Residu,residu_residu_88.jpg,dataset\Residu\residu_residu_88.jpg,.jpg,52,52,RGB,1.2
Residu,residu_residu_89.jpg,dataset\Residu\residu_residu_89.jpg,.jpg,700,400,RGB,26.02
Residu,residu_residu_9.jpg,dataset\Residu\residu_residu_9.jpg,.jpg,1956,1467,RGB,264.88
Residu,residu_residu_90.jpg,dataset\Residu\residu_residu_90.jpg,.jpg,250,188,RGB,7.98
Residu,residu_residu_91.jpg,dataset\Residu\residu_residu_91.jpg,.jpg,800,800,RGB,41.27
Residu,residu_residu_92.jpg,dataset\Residu\residu_residu_92.jpg,.jpg,1000,1000,RGB,38.2
Residu,residu_residu_93.jpg,dataset\Residu\residu_residu_93.jpg,.jpg,1032,966,RGB,59.59
Residu,residu_residu_94.jpg,dataset\Residu\residu_residu_94.jpg,.jpg,210,210,RGB,6.48
Residu,residu_residu_95.jpg,dataset\Residu\residu_residu_95.jpg,.jpg,1200,628,RGB,86.17
Residu,residu_residu_96.jpg,dataset\Residu\residu_residu_96.jpg,.jpg,1800,1800,RGB,126.66
Residu,residu_residu_97.jpg,dataset\Residu\residu_residu_97.jpg,.jpg,347,145,RGB,6.27
Residu,residu_residu_98.jpg,dataset\Residu\residu_residu_98.jpg,.jpg,600,315,RGB,28.27
Residu,residu_residu_99.jpg,dataset\Residu\residu_residu_99.jpg,.jpg,700,400,RGB,37.1
Residu,residu_Rupaya-Pembalut-Sekali-Pakai-Berbahaya-Bagi-Lingkungan.jpg,dataset\Residu\residu_Rupaya-Pembalut-Sekali-Pakai-Berbahaya-Bagi-Lingkungan.jpg,.jpg,650,366,RGB,23.06
Residu,residu_R_3200.jpg,dataset\Residu\residu_R_3200.jpg,.jpg,225,225,RGB,2.08
Residu,residu_R_3201.jpg,dataset\Residu\residu_R_3201.jpg,.jpg,225,225,RGB,2.07
Residu,residu_R_3202.jpg,dataset\Residu\residu_R_3202.jpg,.jpg,225,225,RGB,2.15
Residu,residu_R_3203.jpg,dataset\Residu\residu_R_3203.jpg,.jpg,225,225,RGB,1.72
Residu,residu_R_3204.jpg,dataset\Residu\residu_R_3204.jpg,.jpg,221,228,RGB,2.68
Residu,residu_R_3205.jpg,dataset\Residu\residu_R_3205.jpg,.jpg,202,249,RGB,2.14
Residu,residu_R_3206.jpg,dataset\Residu\residu_R_3206.jpg,.jpg,310,163,RGB,7.09
Residu,residu_R_3207.jpg,dataset\Residu\residu_R_3207.jpg,.jpg,225,225,RGB,3.57
Residu,residu_R_3208.jpg,dataset\Residu\residu_R_3208.jpg,.jpg,225,225,RGB,2.57
Residu,residu_R_3209.jpg,dataset\Residu\residu_R_3209.jpg,.jpg,225,225,RGB,1.86
Residu,residu_R_3210.jpg,dataset\Residu\residu_R_3210.jpg,.jpg,225,225,RGB,2.67
Residu,residu_R_3211.jpg,dataset\Residu\residu_R_3211.jpg,.jpg,225,225,RGB,2.84
Residu,residu_R_3212.jpg,dataset\Residu\residu_R_3212.jpg,.jpg,222,227,RGB,1.88
Residu,residu_R_3213.jpg,dataset\Residu\residu_R_3213.jpg,.jpg,225,225,RGB,2.9
Residu,residu_R_3214.jpg,dataset\Residu\residu_R_3214.jpg,.jpg,275,183,RGB,4.41
Residu,residu_R_3215.jpg,dataset\Residu\residu_R_3215.jpg,.jpg,225,225,RGB,2.16
Residu,residu_R_3216.jpg,dataset\Residu\residu_R_3216.jpg,.jpg,247,204,RGB,2.29
Residu,residu_R_3217.jpg,dataset\Residu\residu_R_3217.jpg,.jpg,225,225,RGB,2.27
Residu,residu_R_3218.jpg,dataset\Residu\residu_R_3218.jpg,.jpg,275,183,RGB,5.22
Residu,residu_R_3219.jpg,dataset\Residu\residu_R_3219.jpg,.jpg,225,225,RGB,14.31
Residu,residu_R_3220.jpg,dataset\Residu\residu_R_3220.jpg,.jpg,225,225,RGB,2.49
Residu,residu_R_3221.jpg,dataset\Residu\residu_R_3221.jpg,.jpg,309,163,RGB,4.54
Residu,residu_R_3222.jpg,dataset\Residu\residu_R_3222.jpg,.jpg,225,225,RGB,2.33
Residu,residu_R_3223.jpg,dataset\Residu\residu_R_3223.jpg,.jpg,245,206,RGB,1.53
Residu,residu_R_3224.jpg,dataset\Residu\residu_R_3224.jpg,.jpg,225,225,RGB,1.98
Residu,residu_R_3225.jpg,dataset\Residu\residu_R_3225.jpg,.jpg,225,225,RGB,2.17
Residu,residu_R_3226.jpg,dataset\Residu\residu_R_3226.jpg,.jpg,225,225,RGB,2.1
Residu,residu_R_3227.jpg,dataset\Residu\residu_R_3227.jpg,.jpg,225,225,RGB,1.8
Residu,residu_R_3228.jpg,dataset\Residu\residu_R_3228.jpg,.jpg,225,225,RGB,1.97
Residu,residu_R_3229.jpg,dataset\Residu\residu_R_3229.jpg,.jpg,292,173,RGB,3.81
Residu,residu_R_3230.jpg,dataset\Residu\residu_R_3230.jpg,.jpg,225,225,RGB,1.61
Residu,residu_R_3231.jpg,dataset\Residu\residu_R_3231.jpg,.jpg,225,225,RGB,2.94
Residu,residu_R_3232.jpg,dataset\Residu\residu_R_3232.jpg,.jpg,200,200,RGB,1.97
Residu,residu_R_3233.jpg,dataset\Residu\residu_R_3233.jpg,.jpg,259,194,RGB,2.3
Residu,residu_R_3234.jpg,dataset\Residu\residu_R_3234.jpg,.jpg,239,210,RGB,3.5
Residu,residu_R_3235.jpg,dataset\Residu\residu_R_3235.jpg,.jpg,225,225,RGB,3.01
Residu,residu_R_3236.jpg,dataset\Residu\residu_R_3236.jpg,.jpg,225,225,RGB,6.98
Residu,residu_R_3237.jpg,dataset\Residu\residu_R_3237.jpg,.jpg,248,203,RGB,4.82
Residu,residu_R_3238.jpg,dataset\Residu\residu_R_3238.jpg,.jpg,225,225,RGB,1.75
Residu,residu_R_3239.jpg,dataset\Residu\residu_R_3239.jpg,.jpg,275,183,RGB,4.58
Residu,residu_R_3240.jpg,dataset\Residu\residu_R_3240.jpg,.jpg,200,200,RGB,1.72
Residu,residu_R_3241.jpg,dataset\Residu\residu_R_3241.jpg,.jpg,225,225,RGB,2.83
Residu,residu_R_3242.jpg,dataset\Residu\residu_R_3242.jpg,.jpg,225,225,RGB,1.85
Residu,residu_R_3243.jpg,dataset\Residu\residu_R_3243.jpg,.jpg,196,257,RGB,2.4
Residu,residu_R_3244.jpg,dataset\Residu\residu_R_3244.jpg,.jpg,225,225,RGB,3.48
Residu,residu_R_3245.jpg,dataset\Residu\residu_R_3245.jpg,.jpg,275,183,RGB,2.65
Residu,residu_R_3246.jpg,dataset\Residu\residu_R_3246.jpg,.jpg,225,225,RGB,2.12
Residu,residu_R_3247.jpg,dataset\Residu\residu_R_3247.jpg,.jpg,206,244,RGB,1.17
Residu,residu_R_3248.jpg,dataset\Residu\residu_R_3248.jpg,.jpg,225,225,RGB,4.28
Residu,residu_R_3249.jpg,dataset\Residu\residu_R_3249.jpg,.jpg,278,181,RGB,6.77
Residu,residu_R_3250.jpg,dataset\Residu\residu_R_3250.jpg,.jpg,188,268,RGB,3.5
Residu,residu_R_3251.jpg,dataset\Residu\residu_R_3251.jpg,.jpg,225,225,RGB,1.74
Residu,residu_R_3252.jpg,dataset\Residu\residu_R_3252.jpg,.jpg,189,266,RGB,1.87
Residu,residu_R_3253.jpg,dataset\Residu\residu_R_3253.jpg,.jpg,225,225,RGB,2.08
Residu,residu_R_3254.jpg,dataset\Residu\residu_R_3254.jpg,.jpg,225,225,RGB,1.62
Residu,residu_R_3255.jpg,dataset\Residu\residu_R_3255.jpg,.jpg,225,225,RGB,2.23
Residu,residu_R_3256.jpg,dataset\Residu\residu_R_3256.jpg,.jpg,225,225,RGB,3.47
Residu,residu_R_3257.jpg,dataset\Residu\residu_R_3257.jpg,.jpg,225,225,RGB,3.59
Residu,residu_R_3258.jpg,dataset\Residu\residu_R_3258.jpg,.jpg,276,182,RGB,3.79
Residu,residu_R_3259.jpg,dataset\Residu\residu_R_3259.jpg,.jpg,200,200,RGB,1.52
Residu,residu_R_3260.jpg,dataset\Residu\residu_R_3260.jpg,.jpg,213,237,RGB,2.54
Residu,residu_R_3261.jpg,dataset\Residu\residu_R_3261.jpg,.jpg,225,225,RGB,2.78
Residu,residu_R_3262.jpg,dataset\Residu\residu_R_3262.jpg,.jpg,259,194,RGB,5.1
Residu,residu_R_3263.jpg,dataset\Residu\residu_R_3263.jpg,.jpg,225,225,RGB,5.7
Residu,residu_R_3264.jpg,dataset\Residu\residu_R_3264.jpg,.jpg,225,225,RGB,3.29
Residu,residu_R_3265.jpg,dataset\Residu\residu_R_3265.jpg,.jpg,225,225,RGB,4.01
Residu,residu_R_3266.jpg,dataset\Residu\residu_R_3266.jpg,.jpg,225,225,RGB,1.5
Residu,residu_R_3267.jpg,dataset\Residu\residu_R_3267.jpg,.jpg,225,225,RGB,9.25
Residu,residu_R_3268.jpg,dataset\Residu\residu_R_3268.jpg,.jpg,314,161,RGB,5.75
Residu,residu_R_3269.jpg,dataset\Residu\residu_R_3269.jpg,.jpg,200,200,RGB,3.58
Residu,residu_R_3270.jpg,dataset\Residu\residu_R_3270.jpg,.jpg,225,225,RGB,1.62
Residu,residu_R_3271.jpg,dataset\Residu\residu_R_3271.jpg,.jpg,225,225,RGB,2.91
Residu,residu_R_3272.jpg,dataset\Residu\residu_R_3272.jpg,.jpg,209,241,RGB,7.43
Residu,residu_R_3273.jpg,dataset\Residu\residu_R_3273.jpg,.jpg,225,225,RGB,2.48
Residu,residu_R_3274.jpg,dataset\Residu\residu_R_3274.jpg,.jpg,225,225,RGB,0.97
Residu,residu_R_3275.jpg,dataset\Residu\residu_R_3275.jpg,.jpg,225,225,RGB,1.25
Residu,residu_R_3276.jpg,dataset\Residu\residu_R_3276.jpg,.jpg,225,225,RGB,1.6
Residu,residu_R_3277.jpg,dataset\Residu\residu_R_3277.jpg,.jpg,180,180,RGB,3.51
Residu,residu_R_3278.jpg,dataset\Residu\residu_R_3278.jpg,.jpg,225,225,RGB,2.22
Residu,residu_R_3279.jpg,dataset\Residu\residu_R_3279.jpg,.jpg,225,225,RGB,2.49
Residu,residu_R_3280.jpg,dataset\Residu\residu_R_3280.jpg,.jpg,225,225,RGB,3.08
Residu,residu_R_3281.jpg,dataset\Residu\residu_R_3281.jpg,.jpg,230,219,RGB,6.88
Residu,residu_R_3282.jpg,dataset\Residu\residu_R_3282.jpg,.jpg,279,181,RGB,8.46
Residu,residu_R_3283.jpg,dataset\Residu\residu_R_3283.jpg,.jpg,225,225,RGB,2.83
Residu,residu_R_3284.jpg,dataset\Residu\residu_R_3284.jpg,.jpg,194,259,RGB,4.38
Residu,residu_R_3285.jpg,dataset\Residu\residu_R_3285.jpg,.jpg,225,225,RGB,2.26
Residu,residu_R_3286.jpg,dataset\Residu\residu_R_3286.jpg,.jpg,180,180,RGB,1.41
Residu,residu_R_3287.jpg,dataset\Residu\residu_R_3287.jpg,.jpg,225,225,RGB,1.11
Residu,residu_R_3288.jpg,dataset\Residu\residu_R_3288.jpg,.jpg,240,210,RGB,2.19
Residu,residu_R_3289.jpg,dataset\Residu\residu_R_3289.jpg,.jpg,194,260,RGB,4.18
Residu,residu_R_3290.jpg,dataset\Residu\residu_R_3290.jpg,.jpg,200,200,RGB,2.75
Residu,residu_R_3291.jpg,dataset\Residu\residu_R_3291.jpg,.jpg,225,225,RGB,2.6
Residu,residu_R_3292.jpg,dataset\Residu\residu_R_3292.jpg,.jpg,225,225,RGB,1.49
Residu,residu_R_3293.jpg,dataset\Residu\residu_R_3293.jpg,.jpg,225,225,RGB,1.67
Residu,residu_R_3294.jpg,dataset\Residu\residu_R_3294.jpg,.jpg,225,224,RGB,5.07
Residu,residu_R_3295.jpg,dataset\Residu\residu_R_3295.jpg,.jpg,270,187,RGB,2.83
Residu,residu_R_3296.jpg,dataset\Residu\residu_R_3296.jpg,.jpg,254,198,RGB,7.92
Residu,residu_R_3297.jpg,dataset\Residu\residu_R_3297.jpg,.jpg,225,225,RGB,3.41
Residu,residu_R_3298.jpg,dataset\Residu\residu_R_3298.jpg,.jpg,225,225,RGB,2.56
Residu,residu_R_3299.jpg,dataset\Residu\residu_R_3299.jpg,.jpg,225,225,RGB,3.53
Residu,residu_R_3300.jpg,dataset\Residu\residu_R_3300.jpg,.jpg,225,225,RGB,2.38
Residu,residu_R_3301.jpg,dataset\Residu\residu_R_3301.jpg,.jpg,310,162,RGB,3.32
Residu,residu_R_3302.jpg,dataset\Residu\residu_R_3302.jpg,.jpg,224,224,RGB,6.32
Residu,residu_R_3303.jpg,dataset\Residu\residu_R_3303.jpg,.jpg,171,294,RGB,2.48
Residu,residu_R_3304.jpg,dataset\Residu\residu_R_3304.jpg,.jpg,210,210,RGB,7.21
Residu,residu_R_3305.jpg,dataset\Residu\residu_R_3305.jpg,.jpg,206,245,RGB,1.77
Residu,residu_R_3306.jpg,dataset\Residu\residu_R_3306.jpg,.jpg,200,200,RGB,2.06
Residu,residu_R_3307.jpg,dataset\Residu\residu_R_3307.jpg,.jpg,180,180,RGB,1.77
Residu,residu_R_3308.jpg,dataset\Residu\residu_R_3308.jpg,.jpg,293,172,RGB,5.91
Residu,residu_R_3309.jpg,dataset\Residu\residu_R_3309.jpg,.jpg,300,168,RGB,8.78
Residu,residu_R_3310.jpg,dataset\Residu\residu_R_3310.jpg,.jpg,254,199,RGB,1.44
Residu,residu_R_3311.jpg,dataset\Residu\residu_R_3311.jpg,.jpg,225,225,RGB,1.53
Residu,residu_R_3312.jpg,dataset\Residu\residu_R_3312.jpg,.jpg,225,225,RGB,5.09
Residu,residu_R_3313.jpg,dataset\Residu\residu_R_3313.jpg,.jpg,225,225,RGB,2.53
Residu,residu_R_3314.jpg,dataset\Residu\residu_R_3314.jpg,.jpg,225,225,RGB,3.88
Residu,residu_R_3315.jpg,dataset\Residu\residu_R_3315.jpg,.jpg,225,225,RGB,5.12
Residu,residu_R_3316.jpg,dataset\Residu\residu_R_3316.jpg,.jpg,410,123,RGB,5.37
Residu,residu_R_3317.jpg,dataset\Residu\residu_R_3317.jpg,.jpg,209,209,RGB,2.67
Residu,residu_R_3318.jpg,dataset\Residu\residu_R_3318.jpg,.jpg,225,225,RGB,4.14
Residu,residu_R_3319.jpg,dataset\Residu\residu_R_3319.jpg,.jpg,310,162,RGB,3.08
Residu,residu_R_3320.jpg,dataset\Residu\residu_R_3320.jpg,.jpg,168,300,RGB,4.12
Residu,residu_R_3321.jpg,dataset\Residu\residu_R_3321.jpg,.jpg,225,225,RGB,4.63
Residu,residu_R_3322.jpg,dataset\Residu\residu_R_3322.jpg,.jpg,194,260,RGB,2.31
Residu,residu_R_3323.jpg,dataset\Residu\residu_R_3323.jpg,.jpg,225,225,RGB,5.33
Residu,residu_R_3324.jpg,dataset\Residu\residu_R_3324.jpg,.jpg,200,150,RGB,1.33
Residu,residu_R_3325.jpg,dataset\Residu\residu_R_3325.jpg,.jpg,225,225,RGB,1.39
Residu,residu_R_3326.jpg,dataset\Residu\residu_R_3326.jpg,.jpg,225,225,RGB,3.17
Residu,residu_R_3327.jpg,dataset\Residu\residu_R_3327.jpg,.jpg,251,201,RGB,6.26
Residu,residu_R_3328.jpg,dataset\Residu\residu_R_3328.jpg,.jpg,337,149,RGB,5.6
Residu,residu_R_3329.jpg,dataset\Residu\residu_R_3329.jpg,.jpg,225,225,RGB,8.36
Residu,residu_R_3330.jpg,dataset\Residu\residu_R_3330.jpg,.jpg,225,225,RGB,2.23
Residu,residu_R_3331.jpg,dataset\Residu\residu_R_3331.jpg,.jpg,225,225,RGB,2.53
Residu,residu_R_3332.jpg,dataset\Residu\residu_R_3332.jpg,.jpg,183,275,RGB,5.35
Residu,residu_R_3333.jpg,dataset\Residu\residu_R_3333.jpg,.jpg,225,225,RGB,1.47
Residu,residu_R_3334.jpg,dataset\Residu\residu_R_3334.jpg,.jpg,203,248,RGB,3.53
Residu,residu_R_3335.jpg,dataset\Residu\residu_R_3335.jpg,.jpg,209,241,RGB,6.27
Residu,residu_R_3336.jpg,dataset\Residu\residu_R_3336.jpg,.jpg,271,186,RGB,10.84
Residu,residu_R_3337.jpg,dataset\Residu\residu_R_3337.jpg,.jpg,252,200,RGB,4.05
Residu,residu_R_3338.jpg,dataset\Residu\residu_R_3338.jpg,.jpg,233,213,RGB,2.65
Residu,residu_R_3339.jpg,dataset\Residu\residu_R_3339.jpg,.jpg,300,168,RGB,6.74
Residu,residu_R_3340.jpg,dataset\Residu\residu_R_3340.jpg,.jpg,238,212,RGB,3.56
Residu,residu_R_3341.jpg,dataset\Residu\residu_R_3341.jpg,.jpg,254,199,RGB,1.57
Residu,residu_R_3342.jpg,dataset\Residu\residu_R_3342.jpg,.jpg,225,225,RGB,3.59
Residu,residu_R_3343.jpg,dataset\Residu\residu_R_3343.jpg,.jpg,225,225,RGB,5.69
Residu,residu_R_3344.jpg,dataset\Residu\residu_R_3344.jpg,.jpg,180,180,RGB,2.01
Residu,residu_R_3345.jpg,dataset\Residu\residu_R_3345.jpg,.jpg,225,225,RGB,2.47
Residu,residu_R_3346.jpg,dataset\Residu\residu_R_3346.jpg,.jpg,180,257,RGB,3.89
Residu,residu_R_3347.jpg,dataset\Residu\residu_R_3347.jpg,.jpg,216,233,RGB,4.7
Residu,residu_R_3348.jpg,dataset\Residu\residu_R_3348.jpg,.jpg,237,213,RGB,6.71
Residu,residu_R_3349.jpg,dataset\Residu\residu_R_3349.jpg,.jpg,199,201,RGB,2.63
Residu,residu_R_3350.jpg,dataset\Residu\residu_R_3350.jpg,.jpg,225,225,RGB,5.95
Residu,residu_R_3351.jpg,dataset\Residu\residu_R_3351.jpg,.jpg,225,225,RGB,4.5
Residu,residu_R_3352.jpg,dataset\Residu\residu_R_3352.jpg,.jpg,240,210,RGB,6.51
Residu,residu_R_3353.jpg,dataset\Residu\residu_R_3353.jpg,.jpg,223,226,RGB,2.99
Residu,residu_R_3354.jpg,dataset\Residu\residu_R_3354.jpg,.jpg,194,259,RGB,5.21
Residu,residu_R_3355.jpg,dataset\Residu\residu_R_3355.jpg,.jpg,259,194,RGB,4.3
Residu,residu_R_3356.jpg,dataset\Residu\residu_R_3356.jpg,.jpg,200,200,RGB,3.05
Residu,residu_R_3357.jpg,dataset\Residu\residu_R_3357.jpg,.jpg,225,225,RGB,1.55
Residu,residu_R_3358.jpg,dataset\Residu\residu_R_3358.jpg,.jpg,225,225,RGB,3.13
Residu,residu_R_3359.jpg,dataset\Residu\residu_R_3359.jpg,.jpg,225,225,RGB,1.82
Residu,residu_R_3360.jpg,dataset\Residu\residu_R_3360.jpg,.jpg,298,169,RGB,6.37
Residu,residu_R_3361.jpg,dataset\Residu\residu_R_3361.jpg,.jpg,225,225,RGB,2.41
Residu,residu_R_3362.jpg,dataset\Residu\residu_R_3362.jpg,.jpg,372,135,RGB,7.2
Residu,residu_R_3363.jpg,dataset\Residu\residu_R_3363.jpg,.jpg,225,225,RGB,7.15
Residu,residu_R_3364.jpg,dataset\Residu\residu_R_3364.jpg,.jpg,225,225,RGB,5.5
Residu,residu_R_3365.jpg,dataset\Residu\residu_R_3365.jpg,.jpg,225,225,RGB,5.12
Residu,residu_R_3366.jpg,dataset\Residu\residu_R_3366.jpg,.jpg,225,225,RGB,1.96
Residu,residu_R_3367.jpg,dataset\Residu\residu_R_3367.jpg,.jpg,225,225,RGB,3.08
Residu,residu_R_3368.jpg,dataset\Residu\residu_R_3368.jpg,.jpg,225,225,RGB,4.71
Residu,residu_R_3369.jpg,dataset\Residu\residu_R_3369.jpg,.jpg,225,225,RGB,5.77
Residu,residu_R_3370.jpg,dataset\Residu\residu_R_3370.jpg,.jpg,259,194,RGB,4.12
Residu,residu_R_3371.jpg,dataset\Residu\residu_R_3371.jpg,.jpg,225,225,RGB,3.47
Residu,residu_R_3372.jpg,dataset\Residu\residu_R_3372.jpg,.jpg,224,224,RGB,9.35
Residu,residu_R_3373.jpg,dataset\Residu\residu_R_3373.jpg,.jpg,259,194,RGB,3.4
Residu,residu_R_3374.jpg,dataset\Residu\residu_R_3374.jpg,.jpg,222,222,RGB,5.04
Residu,residu_R_3375.jpg,dataset\Residu\residu_R_3375.jpg,.jpg,188,268,RGB,6.98
Residu,residu_R_3376.jpg,dataset\Residu\residu_R_3376.jpg,.jpg,259,194,RGB,3.04
Residu,residu_R_3377.jpg,dataset\Residu\residu_R_3377.jpg,.jpg,225,225,RGB,4.27
Residu,residu_R_3378.jpg,dataset\Residu\residu_R_3378.jpg,.jpg,405,124,RGB,4.55
Residu,residu_R_3379.jpg,dataset\Residu\residu_R_3379.jpg,.jpg,200,251,RGB,5.8
Residu,residu_R_3380.jpg,dataset\Residu\residu_R_3380.jpg,.jpg,275,183,RGB,4.9
Residu,residu_R_3381.jpg,dataset\Residu\residu_R_3381.jpg,.jpg,150,150,RGB,1.22
Residu,residu_R_3382.jpg,dataset\Residu\residu_R_3382.jpg,.jpg,276,183,RGB,2.67
Residu,residu_R_3383.jpg,dataset\Residu\residu_R_3383.jpg,.jpg,259,194,RGB,4.2
Residu,residu_R_3384.jpg,dataset\Residu\residu_R_3384.jpg,.jpg,225,225,RGB,2.52
Residu,residu_R_3385.jpg,dataset\Residu\residu_R_3385.jpg,.jpg,225,225,RGB,7.87
Residu,residu_R_3386.jpg,dataset\Residu\residu_R_3386.jpg,.jpg,310,162,RGB,2.64
Residu,residu_R_3387.jpg,dataset\Residu\residu_R_3387.jpg,.jpg,275,183,RGB,8.65
Residu,residu_R_3388.jpg,dataset\Residu\residu_R_3388.jpg,.jpg,229,220,RGB,7.44
Residu,residu_R_3389.jpg,dataset\Residu\residu_R_3389.jpg,.jpg,219,230,RGB,6.85
Residu,residu_R_3390.jpg,dataset\Residu\residu_R_3390.jpg,.jpg,180,257,RGB,4.17
Residu,residu_R_3391.jpg,dataset\Residu\residu_R_3391.jpg,.jpg,225,225,RGB,2.43
Residu,residu_R_3392.jpg,dataset\Residu\residu_R_3392.jpg,.jpg,185,272,RGB,4.74
Residu,residu_R_3393.jpg,dataset\Residu\residu_R_3393.jpg,.jpg,225,225,RGB,3.44
Residu,residu_R_3394.jpg,dataset\Residu\residu_R_3394.jpg,.jpg,297,170,RGB,7.96
Residu,residu_R_3395.jpg,dataset\Residu\residu_R_3395.jpg,.jpg,252,200,RGB,5.16
Residu,residu_R_3396.jpg,dataset\Residu\residu_R_3396.jpg,.jpg,251,201,RGB,4.97
Residu,residu_R_3397.jpg,dataset\Residu\residu_R_3397.jpg,.jpg,275,183,RGB,2.05
Residu,residu_R_3398.jpg,dataset\Residu\residu_R_3398.jpg,.jpg,171,294,RGB,3.06
Residu,residu_R_3399.jpg,dataset\Residu\residu_R_3399.jpg,.jpg,225,225,RGB,2.59
Residu,residu_R_3400.jpg,dataset\Residu\residu_R_3400.jpg,.jpg,200,140,RGB,1.15
Residu,residu_R_3401.jpg,dataset\Residu\residu_R_3401.jpg,.jpg,299,168,RGB,3.2
Residu,residu_R_3402.jpg,dataset\Residu\residu_R_3402.jpg,.jpg,259,194,RGB,3.79
Residu,residu_R_3403.jpg,dataset\Residu\residu_R_3403.jpg,.jpg,225,225,RGB,1.9
Residu,residu_R_3404.jpg,dataset\Residu\residu_R_3404.jpg,.jpg,259,194,RGB,5.06
Residu,residu_R_3405.jpg,dataset\Residu\residu_R_3405.jpg,.jpg,225,225,RGB,1.94
Residu,residu_R_3406.jpg,dataset\Residu\residu_R_3406.jpg,.jpg,225,225,RGB,6.56
Residu,residu_R_3407.jpg,dataset\Residu\residu_R_3407.jpg,.jpg,225,225,RGB,2.7
Residu,residu_R_3408.jpg,dataset\Residu\residu_R_3408.jpg,.jpg,206,245,RGB,3.5
Residu,residu_R_3409.jpg,dataset\Residu\residu_R_3409.jpg,.jpg,225,225,RGB,5.8
Residu,residu_R_3410.jpg,dataset\Residu\residu_R_3410.jpg,.jpg,259,194,RGB,1.83
Residu,residu_R_3411.jpg,dataset\Residu\residu_R_3411.jpg,.jpg,225,225,RGB,7.44
Residu,residu_R_3412.jpg,dataset\Residu\residu_R_3412.jpg,.jpg,194,260,RGB,2.05
Residu,residu_R_3413.jpg,dataset\Residu\residu_R_3413.jpg,.jpg,225,225,RGB,2.14
Residu,residu_R_3414.jpg,dataset\Residu\residu_R_3414.jpg,.jpg,225,225,RGB,11.07
Residu,residu_R_3415.jpg,dataset\Residu\residu_R_3415.jpg,.jpg,192,262,RGB,3.3
Residu,residu_R_3416.jpg,dataset\Residu\residu_R_3416.jpg,.jpg,210,210,RGB,2.37
Residu,residu_R_3417.jpg,dataset\Residu\residu_R_3417.jpg,.jpg,310,162,RGB,2.77
Residu,residu_R_3418.jpg,dataset\Residu\residu_R_3418.jpg,.jpg,197,256,RGB,2.45
Residu,residu_R_3419.jpg,dataset\Residu\residu_R_3419.jpg,.jpg,259,194,RGB,6.1
Residu,residu_R_3420.jpg,dataset\Residu\residu_R_3420.jpg,.jpg,212,237,RGB,1.44
Residu,residu_R_3421.jpg,dataset\Residu\residu_R_3421.jpg,.jpg,280,180,RGB,6.84
Residu,residu_R_3422.jpg,dataset\Residu\residu_R_3422.jpg,.jpg,225,225,RGB,4.09
Residu,residu_R_3423.jpg,dataset\Residu\residu_R_3423.jpg,.jpg,225,225,RGB,4.02
Residu,residu_R_3424.jpg,dataset\Residu\residu_R_3424.jpg,.jpg,225,225,RGB,3.84
Residu,residu_R_3425.jpg,dataset\Residu\residu_R_3425.jpg,.jpg,225,225,RGB,5.26
Residu,residu_R_3426.jpg,dataset\Residu\residu_R_3426.jpg,.jpg,225,225,RGB,3.02
Residu,residu_R_3427.jpg,dataset\Residu\residu_R_3427.jpg,.jpg,93,208,RGB,4.14
Residu,residu_R_3428.jpg,dataset\Residu\residu_R_3428.jpg,.jpg,224,224,RGB,4.36
Residu,residu_R_3429.jpg,dataset\Residu\residu_R_3429.jpg,.jpg,225,225,RGB,1.68
Residu,residu_R_3430.jpg,dataset\Residu\residu_R_3430.jpg,.jpg,226,223,RGB,3.54
Residu,residu_R_3431.jpg,dataset\Residu\residu_R_3431.jpg,.jpg,225,225,RGB,2.97
Residu,residu_R_3432.jpg,dataset\Residu\residu_R_3432.jpg,.jpg,311,162,RGB,3.67
Residu,residu_R_3433.jpg,dataset\Residu\residu_R_3433.jpg,.jpg,225,225,RGB,1.89
Residu,residu_R_3434.jpg,dataset\Residu\residu_R_3434.jpg,.jpg,195,258,RGB,2.5
Residu,residu_R_3435.jpg,dataset\Residu\residu_R_3435.jpg,.jpg,225,225,RGB,7.57
Residu,residu_R_3436.jpg,dataset\Residu\residu_R_3436.jpg,.jpg,225,225,RGB,4.08
Residu,residu_R_3437.jpg,dataset\Residu\residu_R_3437.jpg,.jpg,251,201,RGB,6.14
Residu,residu_R_3438.jpg,dataset\Residu\residu_R_3438.jpg,.jpg,200,200,RGB,2.71
Residu,residu_R_3439.jpg,dataset\Residu\residu_R_3439.jpg,.jpg,225,225,RGB,5.55
Residu,residu_R_3440.jpg,dataset\Residu\residu_R_3440.jpg,.jpg,225,225,RGB,4.32
Residu,residu_R_3441.jpg,dataset\Residu\residu_R_3441.jpg,.jpg,225,225,RGB,1.41
Residu,residu_R_3442.jpg,dataset\Residu\residu_R_3442.jpg,.jpg,225,225,RGB,4.52
Residu,residu_R_3443.jpg,dataset\Residu\residu_R_3443.jpg,.jpg,259,194,RGB,10.7
Residu,residu_R_3444.jpg,dataset\Residu\residu_R_3444.jpg,.jpg,439,115,RGB,3.98
Residu,residu_R_3445.jpg,dataset\Residu\residu_R_3445.jpg,.jpg,190,265,RGB,4.97
Residu,residu_R_3446.jpg,dataset\Residu\residu_R_3446.jpg,.jpg,233,213,RGB,3.63
Residu,residu_R_3447.jpg,dataset\Residu\residu_R_3447.jpg,.jpg,198,255,RGB,6.22
Residu,residu_R_3448.jpg,dataset\Residu\residu_R_3448.jpg,.jpg,192,262,RGB,7.32
Residu,residu_R_3449.jpg,dataset\Residu\residu_R_3449.jpg,.jpg,225,225,RGB,1.65
Residu,residu_R_3450.jpg,dataset\Residu\residu_R_3450.jpg,.jpg,312,162,RGB,4.41
Residu,residu_R_3451.jpg,dataset\Residu\residu_R_3451.jpg,.jpg,217,233,RGB,6.19
Residu,residu_R_3452.jpg,dataset\Residu\residu_R_3452.jpg,.jpg,180,257,RGB,4.12
Residu,residu_R_3453.jpg,dataset\Residu\residu_R_3453.jpg,.jpg,225,225,RGB,8.38
Residu,residu_R_3454.jpg,dataset\Residu\residu_R_3454.jpg,.jpg,156,156,RGB,1.8
Residu,residu_R_3455.jpg,dataset\Residu\residu_R_3455.jpg,.jpg,237,213,RGB,4.41
Residu,residu_R_3456.jpg,dataset\Residu\residu_R_3456.jpg,.jpg,225,225,RGB,4.0
Residu,residu_R_3457.jpg,dataset\Residu\residu_R_3457.jpg,.jpg,225,225,RGB,4.41
Residu,residu_R_3458.jpg,dataset\Residu\residu_R_3458.jpg,.jpg,225,225,RGB,3.78
Residu,residu_R_3459.jpg,dataset\Residu\residu_R_3459.jpg,.jpg,287,175,RGB,5.31
Residu,residu_R_3460.jpg,dataset\Residu\residu_R_3460.jpg,.jpg,225,225,RGB,2.82
Residu,residu_R_3461.jpg,dataset\Residu\residu_R_3461.jpg,.jpg,210,210,RGB,3.22
Residu,residu_R_3462.jpg,dataset\Residu\residu_R_3462.jpg,.jpg,275,183,RGB,2.22
Residu,residu_R_3463.jpg,dataset\Residu\residu_R_3463.jpg,.jpg,312,162,RGB,3.71
Residu,residu_R_3464.jpg,dataset\Residu\residu_R_3464.jpg,.jpg,225,225,RGB,5.26
Residu,residu_R_3465.jpg,dataset\Residu\residu_R_3465.jpg,.jpg,225,225,RGB,4.87
Residu,residu_R_3466.jpg,dataset\Residu\residu_R_3466.jpg,.jpg,272,185,RGB,7.24
Residu,residu_R_3467.jpg,dataset\Residu\residu_R_3467.jpg,.jpg,252,200,RGB,5.63
Residu,residu_R_3468.jpg,dataset\Residu\residu_R_3468.jpg,.jpg,225,225,RGB,1.25
Residu,residu_R_3469.jpg,dataset\Residu\residu_R_3469.jpg,.jpg,225,225,RGB,10.24
Residu,residu_R_3470.jpg,dataset\Residu\residu_R_3470.jpg,.jpg,225,225,RGB,4.19
Residu,residu_R_3471.jpg,dataset\Residu\residu_R_3471.jpg,.jpg,266,190,RGB,4.45
Residu,residu_R_3472.jpg,dataset\Residu\residu_R_3472.jpg,.jpg,260,180,RGB,1.68
Residu,residu_R_3473.jpg,dataset\Residu\residu_R_3473.jpg,.jpg,225,225,RGB,2.54
Residu,residu_R_3474.jpg,dataset\Residu\residu_R_3474.jpg,.jpg,224,224,RGB,3.5
Residu,residu_R_3475.jpg,dataset\Residu\residu_R_3475.jpg,.jpg,225,225,RGB,2.95
Residu,residu_R_3476.jpg,dataset\Residu\residu_R_3476.jpg,.jpg,225,225,RGB,3.22
Residu,residu_R_3477.jpg,dataset\Residu\residu_R_3477.jpg,.jpg,225,225,RGB,3.43
Residu,residu_R_3478.jpg,dataset\Residu\residu_R_3478.jpg,.jpg,299,168,RGB,4.4
Residu,residu_R_3479.jpg,dataset\Residu\residu_R_3479.jpg,.jpg,292,172,RGB,5.77
Residu,residu_R_3480.jpg,dataset\Residu\residu_R_3480.jpg,.jpg,207,243,RGB,2.6
Residu,residu_R_3481.jpg,dataset\Residu\residu_R_3481.jpg,.jpg,225,225,RGB,2.75
Residu,residu_R_3482.jpg,dataset\Residu\residu_R_3482.jpg,.jpg,224,224,RGB,2.1
Residu,residu_R_3483.jpg,dataset\Residu\residu_R_3483.jpg,.jpg,225,225,RGB,1.33
Residu,residu_R_3484.jpg,dataset\Residu\residu_R_3484.jpg,.jpg,225,225,RGB,2.9
Residu,residu_R_3485.jpg,dataset\Residu\residu_R_3485.jpg,.jpg,224,224,RGB,4.04
Residu,residu_R_3486.jpg,dataset\Residu\residu_R_3486.jpg,.jpg,171,294,RGB,2.23
Residu,residu_R_3487.jpg,dataset\Residu\residu_R_3487.jpg,.jpg,192,192,P,1.08
Residu,residu_R_3488.jpg,dataset\Residu\residu_R_3488.jpg,.jpg,200,200,RGB,2.1
Residu,residu_R_3489.jpg,dataset\Residu\residu_R_3489.jpg,.jpg,225,225,RGB,5.43
Residu,residu_R_3490.jpg,dataset\Residu\residu_R_3490.jpg,.jpg,275,183,RGB,3.77
Residu,residu_R_3491.jpg,dataset\Residu\residu_R_3491.jpg,.jpg,225,225,RGB,4.27
Residu,residu_R_3492.jpg,dataset\Residu\residu_R_3492.jpg,.jpg,200,200,RGB,4.66
Residu,residu_R_3493.jpg,dataset\Residu\residu_R_3493.jpg,.jpg,208,242,RGB,3.33
Residu,residu_R_3494.jpg,dataset\Residu\residu_R_3494.jpg,.jpg,228,221,RGB,6.2
Residu,residu_R_3495.jpg,dataset\Residu\residu_R_3495.jpg,.jpg,225,225,RGB,4.24
Residu,residu_R_3496.jpg,dataset\Residu\residu_R_3496.jpg,.jpg,225,225,RGB,2.61
Residu,residu_R_3497.jpg,dataset\Residu\residu_R_3497.jpg,.jpg,180,257,RGB,3.69
Residu,residu_R_3498.jpg,dataset\Residu\residu_R_3498.jpg,.jpg,225,225,RGB,4.8
Residu,residu_R_3499.jpg,dataset\Residu\residu_R_3499.jpg,.jpg,225,225,RGB,2.35
Residu,residu_R_3500.jpg,dataset\Residu\residu_R_3500.jpg,.jpg,225,225,RGB,3.14
Residu,residu_R_3501.jpg,dataset\Residu\residu_R_3501.jpg,.jpg,252,200,RGB,4.52
Residu,residu_R_3502.jpg,dataset\Residu\residu_R_3502.jpg,.jpg,236,188,RGB,6.29
Residu,residu_R_3503.jpg,dataset\Residu\residu_R_3503.jpg,.jpg,248,203,RGB,5.64
Residu,residu_R_3504.jpg,dataset\Residu\residu_R_3504.jpg,.jpg,225,225,RGB,2.38
Residu,residu_R_3505.jpg,dataset\Residu\residu_R_3505.jpg,.jpg,224,224,RGB,1.59
Residu,residu_R_3506.jpg,dataset\Residu\residu_R_3506.jpg,.jpg,225,225,RGB,4.97
Residu,residu_R_3507.jpg,dataset\Residu\residu_R_3507.jpg,.jpg,194,259,RGB,2.36
Residu,residu_R_3508.jpg,dataset\Residu\residu_R_3508.jpg,.jpg,223,226,RGB,2.49
Residu,residu_R_3509.jpg,dataset\Residu\residu_R_3509.jpg,.jpg,237,213,RGB,4.49
Residu,residu_R_3510.jpg,dataset\Residu\residu_R_3510.jpg,.jpg,300,168,RGB,3.27
Residu,residu_R_3511.jpg,dataset\Residu\residu_R_3511.jpg,.jpg,248,203,RGB,3.84
Residu,residu_R_3512.jpg,dataset\Residu\residu_R_3512.jpg,.jpg,225,225,RGB,4.24
Residu,residu_R_3513.jpg,dataset\Residu\residu_R_3513.jpg,.jpg,275,183,RGB,5.19
Residu,residu_R_3514.jpg,dataset\Residu\residu_R_3514.jpg,.jpg,225,225,RGB,3.02
Residu,residu_R_3515.jpg,dataset\Residu\residu_R_3515.jpg,.jpg,228,221,RGB,6.71
Residu,residu_R_3516.jpg,dataset\Residu\residu_R_3516.jpg,.jpg,233,213,RGB,4.35
Residu,residu_R_3517.jpg,dataset\Residu\residu_R_3517.jpg,.jpg,245,206,RGB,4.2
Residu,residu_R_3518.jpg,dataset\Residu\residu_R_3518.jpg,.jpg,225,225,RGB,8.44
Residu,residu_R_3519.jpg,dataset\Residu\residu_R_3519.jpg,.jpg,225,225,RGB,21.24
Residu,residu_R_3520.jpg,dataset\Residu\residu_R_3520.jpg,.jpg,225,225,RGB,3.15
Residu,residu_R_3521.jpg,dataset\Residu\residu_R_3521.jpg,.jpg,225,225,RGB,2.88
Residu,residu_R_3522.jpg,dataset\Residu\residu_R_3522.jpg,.jpg,266,189,RGB,5.87
Residu,residu_R_3523.jpg,dataset\Residu\residu_R_3523.jpg,.jpg,275,183,RGB,2.45
Residu,residu_R_3524.jpg,dataset\Residu\residu_R_3524.jpg,.jpg,225,225,RGB,4.26
Residu,residu_R_3525.jpg,dataset\Residu\residu_R_3525.jpg,.jpg,194,259,RGB,3.76
Residu,residu_R_3526.jpg,dataset\Residu\residu_R_3526.jpg,.jpg,234,215,RGB,6.18
Residu,residu_R_3527.jpg,dataset\Residu\residu_R_3527.jpg,.jpg,261,193,RGB,1.58
Residu,residu_R_3528.jpg,dataset\Residu\residu_R_3528.jpg,.jpg,242,208,RGB,2.43
Residu,residu_R_3529.jpg,dataset\Residu\residu_R_3529.jpg,.jpg,225,225,RGB,4.55
Residu,residu_R_3530.jpg,dataset\Residu\residu_R_3530.jpg,.jpg,190,266,RGB,3.97
Residu,residu_R_3531.jpg,dataset\Residu\residu_R_3531.jpg,.jpg,225,225,RGB,5.83
Residu,residu_R_3532.jpg,dataset\Residu\residu_R_3532.jpg,.jpg,174,290,RGB,5.32
Residu,residu_R_3533.jpg,dataset\Residu\residu_R_3533.jpg,.jpg,287,176,RGB,12.52
Residu,residu_R_3534.jpg,dataset\Residu\residu_R_3534.jpg,.jpg,171,294,RGB,4.24
Residu,residu_R_3535.jpg,dataset\Residu\residu_R_3535.jpg,.jpg,362,139,RGB,6.52
Residu,residu_R_3536.jpg,dataset\Residu\residu_R_3536.jpg,.jpg,355,142,RGB,7.27
Residu,residu_R_3537.jpg,dataset\Residu\residu_R_3537.jpg,.jpg,225,224,RGB,8.19
Residu,residu_R_3538.jpg,dataset\Residu\residu_R_3538.jpg,.jpg,252,200,RGB,6.57
Residu,residu_R_3539.jpg,dataset\Residu\residu_R_3539.jpg,.jpg,225,225,RGB,6.39
Residu,residu_R_3540.jpg,dataset\Residu\residu_R_3540.jpg,.jpg,194,259,RGB,2.07
Residu,residu_R_3541.jpg,dataset\Residu\residu_R_3541.jpg,.jpg,225,225,RGB,4.48
Residu,residu_R_3542.jpg,dataset\Residu\residu_R_3542.jpg,.jpg,225,225,RGB,2.41
Residu,residu_R_3543.jpg,dataset\Residu\residu_R_3543.jpg,.jpg,237,213,RGB,4.78
Residu,residu_R_3544.jpg,dataset\Residu\residu_R_3544.jpg,.jpg,275,183,RGB,7.11
Residu,residu_R_3545.jpg,dataset\Residu\residu_R_3545.jpg,.jpg,284,177,RGB,5.69
Residu,residu_R_3546.jpg,dataset\Residu\residu_R_3546.jpg,.jpg,200,200,RGB,3.96
Residu,residu_R_3547.jpg,dataset\Residu\residu_R_3547.jpg,.jpg,225,225,RGB,4.35
Residu,residu_R_3548.jpg,dataset\Residu\residu_R_3548.jpg,.jpg,236,188,RGB,6.05
Residu,residu_R_3549.jpg,dataset\Residu\residu_R_3549.jpg,.jpg,225,225,RGB,3.98
Residu,residu_R_3550.jpg,dataset\Residu\residu_R_3550.jpg,.jpg,178,284,RGB,5.81
Residu,residu_R_3551.jpg,dataset\Residu\residu_R_3551.jpg,.jpg,210,158,RGB,2.57
Residu,residu_R_3552.jpg,dataset\Residu\residu_R_3552.jpg,.jpg,225,225,RGB,4.62
Residu,residu_R_3553.jpg,dataset\Residu\residu_R_3553.jpg,.jpg,252,200,RGB,8.77
Residu,residu_R_3554.jpg,dataset\Residu\residu_R_3554.jpg,.jpg,225,225,RGB,2.69
Residu,residu_R_3555.jpg,dataset\Residu\residu_R_3555.jpg,.jpg,225,225,RGB,5.25
Residu,residu_R_3556.jpg,dataset\Residu\residu_R_3556.jpg,.jpg,194,259,RGB,4.76
Residu,residu_R_3557.jpg,dataset\Residu\residu_R_3557.jpg,.jpg,225,225,RGB,4.66
Residu,residu_R_3558.jpg,dataset\Residu\residu_R_3558.jpg,.jpg,225,225,RGB,1.72
Residu,residu_R_3559.jpg,dataset\Residu\residu_R_3559.jpg,.jpg,275,183,RGB,8.98
Residu,residu_R_3560.jpg,dataset\Residu\residu_R_3560.jpg,.jpg,200,200,RGB,2.42
Residu,residu_R_3561.jpg,dataset\Residu\residu_R_3561.jpg,.jpg,252,200,RGB,7.44
Residu,residu_R_3562.jpg,dataset\Residu\residu_R_3562.jpg,.jpg,183,275,RGB,4.23
Residu,residu_R_3563.jpg,dataset\Residu\residu_R_3563.jpg,.jpg,225,225,RGB,3.37
Residu,residu_R_3564.jpg,dataset\Residu\residu_R_3564.jpg,.jpg,225,225,RGB,3.47
Residu,residu_R_3565.jpg,dataset\Residu\residu_R_3565.jpg,.jpg,225,225,RGB,4.58
Residu,residu_R_3566.jpg,dataset\Residu\residu_R_3566.jpg,.jpg,252,200,RGB,5.13
Residu,residu_R_3567.jpg,dataset\Residu\residu_R_3567.jpg,.jpg,225,225,RGB,3.64
Residu,residu_R_3568.jpg,dataset\Residu\residu_R_3568.jpg,.jpg,236,188,RGB,6.04
Residu,residu_R_3569.jpg,dataset\Residu\residu_R_3569.jpg,.jpg,239,211,RGB,8.5
Residu,residu_R_3570.jpg,dataset\Residu\residu_R_3570.jpg,.jpg,225,224,RGB,8.26
Residu,residu_R_3571.jpg,dataset\Residu\residu_R_3571.jpg,.jpg,225,225,RGB,3.3
Residu,residu_R_3572.jpg,dataset\Residu\residu_R_3572.jpg,.jpg,220,229,RGB,5.55
Residu,residu_R_3573.jpg,dataset\Residu\residu_R_3573.jpg,.jpg,252,200,RGB,6.3
Residu,residu_R_3574.jpg,dataset\Residu\residu_R_3574.jpg,.jpg,281,179,RGB,7.41
Residu,residu_R_3575.jpg,dataset\Residu\residu_R_3575.jpg,.jpg,236,188,RGB,6.38
Residu,residu_R_3576.jpg,dataset\Residu\residu_R_3576.jpg,.jpg,342,147,RGB,7.31
Residu,residu_R_3577.jpg,dataset\Residu\residu_R_3577.jpg,.jpg,258,195,RGB,6.24
Residu,residu_R_3578.jpg,dataset\Residu\residu_R_3578.jpg,.jpg,252,200,RGB,8.34
Residu,residu_Sampah-Popok-1.jpg,dataset\Residu\residu_Sampah-Popok-1.jpg,.jpg,1032,581,RGB,169.98
Residu,residu_Sampah-Popok-2.jpg,dataset\Residu\residu_Sampah-Popok-2.jpg,.jpg,1032,581,RGB,147.94
Residu,residu_sampah-popok-bayi-sekali-pakai-cemari-sungai-brantas-foto-riana-setiawanjawa-pos.jpg,dataset\Residu\residu_sampah-popok-bayi-sekali-pakai-cemari-sungai-brantas-foto-riana-setiawanjawa-pos.jpg,.jpg,570,380,RGB,39.27
Residu,residu_Sampah-Popok-yang-berhasil-dikumpul-oleh-tim-Ecoton.jpg,dataset\Residu\residu_Sampah-Popok-yang-berhasil-dikumpul-oleh-tim-Ecoton.jpg,.jpg,1024,768,RGB,249.21
Residu,residu_sampah-popok-yang-telah-dibersihkan-dan-hasil-kerajinan.jpg,dataset\Residu\residu_sampah-popok-yang-telah-dibersihkan-dan-hasil-kerajinan.jpg,.jpg,700,393,RGB,53.36
Residu,residu_sampah-sungai-sekayu_20151019_145140.jpg,dataset\Residu\residu_sampah-sungai-sekayu_20151019_145140.jpg,.jpg,700,393,RGB,56.69
Residu,residu_sampah_popok.jpg,dataset\Residu\residu_sampah_popok.jpg,.jpg,790,444,RGB,160.37
Residu,residu_sampah_popok_mojokerto.jpg,dataset\Residu\residu_sampah_popok_mojokerto.jpg,.jpg,594,360,RGB,137.37
Residu,residu_seni-IMG20180726103514-scaled.jpg,dataset\Residu\residu_seni-IMG20180726103514-scaled.jpg,.jpg,2560,1514,RGB,616.37
Residu,residu_seni-IMG20200307164535-scaled.jpg,dataset\Residu\residu_seni-IMG20200307164535-scaled.jpg,.jpg,2560,1440,RGB,312.45
Residu,residu_seni-IMG20200307165813-1200x800.jpg,dataset\Residu\residu_seni-IMG20200307165813-1200x800.jpg,.jpg,1200,800,RGB,113.79
Residu,residu_Share-materi-kulwap-diapers.pptx.jpg,dataset\Residu\residu_Share-materi-kulwap-diapers.pptx.jpg,.jpg,960,540,RGB,60.59
Residu,residu_siswa_smp_ubah_limbah_popok_bekas_menjadi_pupuk_unpi_0f5.jpg,dataset\Residu\residu_siswa_smp_ubah_limbah_popok_bekas_menjadi_pupuk_unpi_0f5.jpg,.jpg,600,350,RGB,60.28
Residu,residu_skata-1598493640.jpg,dataset\Residu\residu_skata-1598493640.jpg,.jpg,765,430,RGB,41.58
Residu,residu_Softex.jpg,dataset\Residu\residu_Softex.jpg,.jpg,620,429,RGB,59.49
Residu,residu_softex_sampah1.jpg,dataset\Residu\residu_softex_sampah1.jpg,.jpg,800,500,RGB,109.17
Residu,residu_STYROFOAM (1).jpg,dataset\Residu\residu_STYROFOAM (1).jpg,.jpg,900,600,RGB,70.48
Residu,residu_STYROFOAM (11).jpg,dataset\Residu\residu_STYROFOAM (11).jpg,.jpg,474,596,RGB,18.01
Residu,residu_STYROFOAM (12).jpg,dataset\Residu\residu_STYROFOAM (12).jpg,.jpg,474,474,RGB,23.37
Residu,residu_STYROFOAM (13).jpg,dataset\Residu\residu_STYROFOAM (13).jpg,.jpg,474,474,RGB,20.33
Residu,residu_STYROFOAM (14).jpg,dataset\Residu\residu_STYROFOAM (14).jpg,.jpg,474,474,RGB,19.8
Residu,residu_STYROFOAM (15).jpg,dataset\Residu\residu_STYROFOAM (15).jpg,.jpg,474,474,RGB,22.01
Residu,residu_STYROFOAM (16).jpg,dataset\Residu\residu_STYROFOAM (16).jpg,.jpg,474,474,RGB,3.91
Residu,residu_STYROFOAM (17).jpg,dataset\Residu\residu_STYROFOAM (17).jpg,.jpg,474,474,RGB,4.17
Residu,residu_STYROFOAM (18).jpg,dataset\Residu\residu_STYROFOAM (18).jpg,.jpg,474,249,L,6.47
Residu,residu_STYROFOAM (19).jpg,dataset\Residu\residu_STYROFOAM (19).jpg,.jpg,474,474,RGB,24.17
Residu,residu_STYROFOAM (2).jpg,dataset\Residu\residu_STYROFOAM (2).jpg,.jpg,300,300,RGB,41.98
Residu,residu_STYROFOAM (20).jpg,dataset\Residu\residu_STYROFOAM (20).jpg,.jpg,474,474,RGB,13.06
Residu,residu_STYROFOAM (21).jpg,dataset\Residu\residu_STYROFOAM (21).jpg,.jpg,474,713,RGB,38.82
Residu,residu_STYROFOAM (22).jpg,dataset\Residu\residu_STYROFOAM (22).jpg,.jpg,407,612,RGB,9.19
Residu,residu_STYROFOAM (23).jpg,dataset\Residu\residu_STYROFOAM (23).jpg,.jpg,474,474,RGB,28.24
Residu,residu_STYROFOAM (24).jpg,dataset\Residu\residu_STYROFOAM (24).jpg,.jpg,474,474,RGB,25.28
Residu,residu_STYROFOAM (25).jpg,dataset\Residu\residu_STYROFOAM (25).jpg,.jpg,474,470,RGB,15.95
Residu,residu_STYROFOAM (26).jpg,dataset\Residu\residu_STYROFOAM (26).jpg,.jpg,474,474,RGB,15.47
Residu,residu_STYROFOAM (27).jpg,dataset\Residu\residu_STYROFOAM (27).jpg,.jpg,474,686,RGB,12.9
Residu,residu_STYROFOAM (28).jpg,dataset\Residu\residu_STYROFOAM (28).jpg,.jpg,474,474,RGB,9.26
Residu,residu_STYROFOAM (29).jpg,dataset\Residu\residu_STYROFOAM (29).jpg,.jpg,474,474,RGB,53.1
Residu,residu_STYROFOAM (5).jpg,dataset\Residu\residu_STYROFOAM (5).jpg,.jpg,800,800,RGB,94.23
Residu,residu_TERBARU_BK096_TEMPAT_KANTONG_SAMPAH___POPOK_BEKAS___BABY_DIA.jpg,dataset\Residu\residu_TERBARU_BK096_TEMPAT_KANTONG_SAMPAH___POPOK_BEKAS___BABY_DIA.jpg,.jpg,452,600,RGB,76.32
Residu,residu_tips-memilih-pembalut-yang-aman-dan-cara-pemakaiannya-alodokter.jpg,dataset\Residu\residu_tips-memilih-pembalut-yang-aman-dan-cara-pemakaiannya-alodokter.jpg,.jpg,650,433,RGB,39.74
Residu,residu_tumpukan_popok_di_jembatan_dinoyon-mojokerto-karin.jpg,dataset\Residu\residu_tumpukan_popok_di_jembatan_dinoyon-mojokerto-karin.jpg,.jpg,1280,841,RGB,262.95
Residu,residu_waspadai-peredaran-pembalut-berbahaya-rugikan-konsumen-wanita.jpg,dataset\Residu\residu_waspadai-peredaran-pembalut-berbahaya-rugikan-konsumen-wanita.jpg,.jpg,540,270,RGB,40.75
Residu,residu_Yunita-2.jpg,dataset\Residu\residu_Yunita-2.jpg,.jpg,780,780,RGB,98.85
Residu,residu__221110100921_missy-2_ori.jpg,dataset\Residu\residu__221110100921_missy-2_ori.jpg,.jpg,1200,1501,RGB,1727.5
