file_name,class,file_path,source
aug_0_hazardous_battery-15_aug2670.jpg,hazardous,dataset\hazardous\aug_0_hazardous_battery-15_aug2670.jpg,clean_balanced_dataset
aug_100_hazardous_battery-24_aug107.jpg,hazardous,dataset\hazardous\aug_100_hazardous_battery-24_aug107.jpg,clean_balanced_dataset
aug_10_hazardous_battery-24_aug1435.jpg,hazardous,dataset\hazardous\aug_10_hazardous_battery-24_aug1435.jpg,clean_balanced_dataset
aug_11_hazardous_battery-28_aug1797.jpg,hazardous,dataset\hazardous\aug_11_hazardous_battery-28_aug1797.jpg,clean_balanced_dataset
aug_12_hazardous_battery-16_aug2061.jpg,hazardous,dataset\hazardous\aug_12_hazardous_battery-16_aug2061.jpg,clean_balanced_dataset
aug_13_hazardous_battery-27_aug1687.jpg,hazardous,dataset\hazardous\aug_13_hazardous_battery-27_aug1687.jpg,clean_balanced_dataset
aug_14_hazardous_battery-21_aug2211.jpg,hazardous,dataset\hazardous\aug_14_hazardous_battery-21_aug2211.jpg,clean_balanced_dataset
aug_15_hazardous_battery-1_aug2622.jpg,hazardous,dataset\hazardous\aug_15_hazardous_battery-1_aug2622.jpg,clean_balanced_dataset
aug_16_hazardous_battery-2_aug845.jpg,hazardous,dataset\hazardous\aug_16_hazardous_battery-2_aug845.jpg,clean_balanced_dataset
aug_17_hazardous_battery-17_aug843.jpg,hazardous,dataset\hazardous\aug_17_hazardous_battery-17_aug843.jpg,clean_balanced_dataset
aug_18_hazardous_battery-16_aug1304.jpg,hazardous,dataset\hazardous\aug_18_hazardous_battery-16_aug1304.jpg,clean_balanced_dataset
aug_19_hazardous_battery-25_aug413.jpg,hazardous,dataset\hazardous\aug_19_hazardous_battery-25_aug413.jpg,clean_balanced_dataset
aug_1_hazardous_battery-9.jpg,hazardous,dataset\hazardous\aug_1_hazardous_battery-9.jpg,clean_balanced_dataset
aug_20_hazardous_battery-3_aug1837.jpg,hazardous,dataset\hazardous\aug_20_hazardous_battery-3_aug1837.jpg,clean_balanced_dataset
aug_21_hazardous_battery-8.jpg,hazardous,dataset\hazardous\aug_21_hazardous_battery-8.jpg,clean_balanced_dataset
aug_22_hazardous_battery-6_aug17.jpg,hazardous,dataset\hazardous\aug_22_hazardous_battery-6_aug17.jpg,clean_balanced_dataset
aug_23_hazardous_battery-15_aug2353.jpg,hazardous,dataset\hazardous\aug_23_hazardous_battery-15_aug2353.jpg,clean_balanced_dataset
aug_24_hazardous_battery-23_aug390.jpg,hazardous,dataset\hazardous\aug_24_hazardous_battery-23_aug390.jpg,clean_balanced_dataset
aug_25_hazardous_battery-2_aug845.jpg,hazardous,dataset\hazardous\aug_25_hazardous_battery-2_aug845.jpg,clean_balanced_dataset
aug_26_hazardous_battery-5_aug194.jpg,hazardous,dataset\hazardous\aug_26_hazardous_battery-5_aug194.jpg,clean_balanced_dataset
aug_27_hazardous_battery-10.jpg,hazardous,dataset\hazardous\aug_27_hazardous_battery-10.jpg,clean_balanced_dataset
aug_28_hazardous_battery-25_aug211.jpg,hazardous,dataset\hazardous\aug_28_hazardous_battery-25_aug211.jpg,clean_balanced_dataset
aug_29_hazardous_battery-5.jpg,hazardous,dataset\hazardous\aug_29_hazardous_battery-5.jpg,clean_balanced_dataset
aug_2_hazardous_battery-3_aug770.jpg,hazardous,dataset\hazardous\aug_2_hazardous_battery-3_aug770.jpg,clean_balanced_dataset
aug_30_hazardous_battery-17_aug1697.jpg,hazardous,dataset\hazardous\aug_30_hazardous_battery-17_aug1697.jpg,clean_balanced_dataset
aug_31_hazardous_battery-12_aug2473.jpg,hazardous,dataset\hazardous\aug_31_hazardous_battery-12_aug2473.jpg,clean_balanced_dataset
aug_32_hazardous_battery-23_aug390.jpg,hazardous,dataset\hazardous\aug_32_hazardous_battery-23_aug390.jpg,clean_balanced_dataset
aug_33_hazardous_battery-3_aug770.jpg,hazardous,dataset\hazardous\aug_33_hazardous_battery-3_aug770.jpg,clean_balanced_dataset
aug_34_hazardous_battery-21_aug608.jpg,hazardous,dataset\hazardous\aug_34_hazardous_battery-21_aug608.jpg,clean_balanced_dataset
aug_35_hazardous_battery-4_aug1446.jpg,hazardous,dataset\hazardous\aug_35_hazardous_battery-4_aug1446.jpg,clean_balanced_dataset
aug_36_hazardous_battery-25_aug1650.jpg,hazardous,dataset\hazardous\aug_36_hazardous_battery-25_aug1650.jpg,clean_balanced_dataset
aug_37_hazardous_battery-27_aug1687.jpg,hazardous,dataset\hazardous\aug_37_hazardous_battery-27_aug1687.jpg,clean_balanced_dataset
aug_38_hazardous_battery-15_aug2670.jpg,hazardous,dataset\hazardous\aug_38_hazardous_battery-15_aug2670.jpg,clean_balanced_dataset
aug_39_hazardous_battery-3_aug770.jpg,hazardous,dataset\hazardous\aug_39_hazardous_battery-3_aug770.jpg,clean_balanced_dataset
aug_3_hazardous_battery-12_aug2295.jpg,hazardous,dataset\hazardous\aug_3_hazardous_battery-12_aug2295.jpg,clean_balanced_dataset
aug_40_hazardous_battery-3_aug346.jpg,hazardous,dataset\hazardous\aug_40_hazardous_battery-3_aug346.jpg,clean_balanced_dataset
aug_41_hazardous_battery-24_aug2562.jpg,hazardous,dataset\hazardous\aug_41_hazardous_battery-24_aug2562.jpg,clean_balanced_dataset
aug_42_hazardous_battery-22_aug639.jpg,hazardous,dataset\hazardous\aug_42_hazardous_battery-22_aug639.jpg,clean_balanced_dataset
aug_43_hazardous_battery-3_aug1837.jpg,hazardous,dataset\hazardous\aug_43_hazardous_battery-3_aug1837.jpg,clean_balanced_dataset
aug_44_hazardous_battery-2_aug2049.jpg,hazardous,dataset\hazardous\aug_44_hazardous_battery-2_aug2049.jpg,clean_balanced_dataset
aug_45_hazardous_battery-27_aug1279.jpg,hazardous,dataset\hazardous\aug_45_hazardous_battery-27_aug1279.jpg,clean_balanced_dataset
aug_46_hazardous_battery-12_aug1083.jpg,hazardous,dataset\hazardous\aug_46_hazardous_battery-12_aug1083.jpg,clean_balanced_dataset
aug_47_hazardous_battery-21_aug245.jpg,hazardous,dataset\hazardous\aug_47_hazardous_battery-21_aug245.jpg,clean_balanced_dataset
aug_48_hazardous_battery-19_aug1335.jpg,hazardous,dataset\hazardous\aug_48_hazardous_battery-19_aug1335.jpg,clean_balanced_dataset
aug_49_hazardous_battery-11_aug2493.jpg,hazardous,dataset\hazardous\aug_49_hazardous_battery-11_aug2493.jpg,clean_balanced_dataset
aug_4_hazardous_battery-25_aug2687.jpg,hazardous,dataset\hazardous\aug_4_hazardous_battery-25_aug2687.jpg,clean_balanced_dataset
aug_50_hazardous_battery-12_aug1305.jpg,hazardous,dataset\hazardous\aug_50_hazardous_battery-12_aug1305.jpg,clean_balanced_dataset
aug_51_hazardous_battery-6_aug17.jpg,hazardous,dataset\hazardous\aug_51_hazardous_battery-6_aug17.jpg,clean_balanced_dataset
aug_52_hazardous_battery-27_aug1279.jpg,hazardous,dataset\hazardous\aug_52_hazardous_battery-27_aug1279.jpg,clean_balanced_dataset
aug_53_hazardous_battery-10_aug895.jpg,hazardous,dataset\hazardous\aug_53_hazardous_battery-10_aug895.jpg,clean_balanced_dataset
aug_54_hazardous_battery-25_aug2210.jpg,hazardous,dataset\hazardous\aug_54_hazardous_battery-25_aug2210.jpg,clean_balanced_dataset
aug_55_hazardous_battery-11_aug640.jpg,hazardous,dataset\hazardous\aug_55_hazardous_battery-11_aug640.jpg,clean_balanced_dataset
aug_56_hazardous_battery-20_aug2015.jpg,hazardous,dataset\hazardous\aug_56_hazardous_battery-20_aug2015.jpg,clean_balanced_dataset
aug_57_hazardous_battery-6_aug2016.jpg,hazardous,dataset\hazardous\aug_57_hazardous_battery-6_aug2016.jpg,clean_balanced_dataset
aug_58_hazardous_battery-10_aug596.jpg,hazardous,dataset\hazardous\aug_58_hazardous_battery-10_aug596.jpg,clean_balanced_dataset
aug_59_hazardous_battery-21_aug615.jpg,hazardous,dataset\hazardous\aug_59_hazardous_battery-21_aug615.jpg,clean_balanced_dataset
aug_5_hazardous_battery-18_aug1737.jpg,hazardous,dataset\hazardous\aug_5_hazardous_battery-18_aug1737.jpg,clean_balanced_dataset
aug_60_hazardous_battery-28_aug1851.jpg,hazardous,dataset\hazardous\aug_60_hazardous_battery-28_aug1851.jpg,clean_balanced_dataset
aug_61_hazardous_battery-21_aug2211.jpg,hazardous,dataset\hazardous\aug_61_hazardous_battery-21_aug2211.jpg,clean_balanced_dataset
aug_62_hazardous_battery-25_aug413.jpg,hazardous,dataset\hazardous\aug_62_hazardous_battery-25_aug413.jpg,clean_balanced_dataset
aug_63_hazardous_battery-12_aug1305.jpg,hazardous,dataset\hazardous\aug_63_hazardous_battery-12_aug1305.jpg,clean_balanced_dataset
aug_64_hazardous_battery-13_aug242.jpg,hazardous,dataset\hazardous\aug_64_hazardous_battery-13_aug242.jpg,clean_balanced_dataset
aug_65_hazardous_battery-28_aug1851.jpg,hazardous,dataset\hazardous\aug_65_hazardous_battery-28_aug1851.jpg,clean_balanced_dataset
aug_66_hazardous_battery-23_aug721.jpg,hazardous,dataset\hazardous\aug_66_hazardous_battery-23_aug721.jpg,clean_balanced_dataset
aug_67_hazardous_battery-24_aug2562.jpg,hazardous,dataset\hazardous\aug_67_hazardous_battery-24_aug2562.jpg,clean_balanced_dataset
aug_68_hazardous_battery-6_aug1380.jpg,hazardous,dataset\hazardous\aug_68_hazardous_battery-6_aug1380.jpg,clean_balanced_dataset
aug_69_hazardous_battery-4_aug1446.jpg,hazardous,dataset\hazardous\aug_69_hazardous_battery-4_aug1446.jpg,clean_balanced_dataset
aug_6_hazardous_battery-17_aug1697.jpg,hazardous,dataset\hazardous\aug_6_hazardous_battery-17_aug1697.jpg,clean_balanced_dataset
aug_70_hazardous_battery-23_aug390.jpg,hazardous,dataset\hazardous\aug_70_hazardous_battery-23_aug390.jpg,clean_balanced_dataset
aug_71_hazardous_battery-2_aug2049.jpg,hazardous,dataset\hazardous\aug_71_hazardous_battery-2_aug2049.jpg,clean_balanced_dataset
aug_72_hazardous_battery-12_aug2473.jpg,hazardous,dataset\hazardous\aug_72_hazardous_battery-12_aug2473.jpg,clean_balanced_dataset
aug_73_hazardous_battery-20_aug2224.jpg,hazardous,dataset\hazardous\aug_73_hazardous_battery-20_aug2224.jpg,clean_balanced_dataset
aug_74_hazardous_battery-10_aug895.jpg,hazardous,dataset\hazardous\aug_74_hazardous_battery-10_aug895.jpg,clean_balanced_dataset
aug_75_hazardous_battery-14.jpg,hazardous,dataset\hazardous\aug_75_hazardous_battery-14.jpg,clean_balanced_dataset
aug_76_hazardous_battery-13_aug242.jpg,hazardous,dataset\hazardous\aug_76_hazardous_battery-13_aug242.jpg,clean_balanced_dataset
aug_77_hazardous_battery-26.jpg,hazardous,dataset\hazardous\aug_77_hazardous_battery-26.jpg,clean_balanced_dataset
aug_78_hazardous_battery-25_aug2210.jpg,hazardous,dataset\hazardous\aug_78_hazardous_battery-25_aug2210.jpg,clean_balanced_dataset
aug_79_hazardous_battery-25_aug2672.jpg,hazardous,dataset\hazardous\aug_79_hazardous_battery-25_aug2672.jpg,clean_balanced_dataset
aug_7_hazardous_battery-26_aug268.jpg,hazardous,dataset\hazardous\aug_7_hazardous_battery-26_aug268.jpg,clean_balanced_dataset
aug_80_hazardous_battery-25_aug211.jpg,hazardous,dataset\hazardous\aug_80_hazardous_battery-25_aug211.jpg,clean_balanced_dataset
aug_81_hazardous_battery-20_aug2224.jpg,hazardous,dataset\hazardous\aug_81_hazardous_battery-20_aug2224.jpg,clean_balanced_dataset
aug_82_hazardous_battery-16_aug1304.jpg,hazardous,dataset\hazardous\aug_82_hazardous_battery-16_aug1304.jpg,clean_balanced_dataset
aug_83_hazardous_battery-26_aug1225.jpg,hazardous,dataset\hazardous\aug_83_hazardous_battery-26_aug1225.jpg,clean_balanced_dataset
aug_84_hazardous_battery-14_aug1287.jpg,hazardous,dataset\hazardous\aug_84_hazardous_battery-14_aug1287.jpg,clean_balanced_dataset
aug_85_hazardous_battery-10_aug895.jpg,hazardous,dataset\hazardous\aug_85_hazardous_battery-10_aug895.jpg,clean_balanced_dataset
aug_86_hazardous_battery-6_aug1760.jpg,hazardous,dataset\hazardous\aug_86_hazardous_battery-6_aug1760.jpg,clean_balanced_dataset
aug_87_hazardous_battery-11_aug640.jpg,hazardous,dataset\hazardous\aug_87_hazardous_battery-11_aug640.jpg,clean_balanced_dataset
aug_88_hazardous_battery-9_aug590.jpg,hazardous,dataset\hazardous\aug_88_hazardous_battery-9_aug590.jpg,clean_balanced_dataset
aug_89_hazardous_battery-3_aug346.jpg,hazardous,dataset\hazardous\aug_89_hazardous_battery-3_aug346.jpg,clean_balanced_dataset
aug_8_hazardous_battery-15_aug2670.jpg,hazardous,dataset\hazardous\aug_8_hazardous_battery-15_aug2670.jpg,clean_balanced_dataset
aug_90_hazardous_battery-9_aug525.jpg,hazardous,dataset\hazardous\aug_90_hazardous_battery-9_aug525.jpg,clean_balanced_dataset
aug_91_hazardous_battery-3_aug770.jpg,hazardous,dataset\hazardous\aug_91_hazardous_battery-3_aug770.jpg,clean_balanced_dataset
aug_92_hazardous_battery-26.jpg,hazardous,dataset\hazardous\aug_92_hazardous_battery-26.jpg,clean_balanced_dataset
aug_93_hazardous_battery-15_aug1942.jpg,hazardous,dataset\hazardous\aug_93_hazardous_battery-15_aug1942.jpg,clean_balanced_dataset
aug_94_hazardous_battery-8_aug619.jpg,hazardous,dataset\hazardous\aug_94_hazardous_battery-8_aug619.jpg,clean_balanced_dataset
aug_95_hazardous_battery-1_aug2622.jpg,hazardous,dataset\hazardous\aug_95_hazardous_battery-1_aug2622.jpg,clean_balanced_dataset
aug_96_hazardous_battery-1_aug2622.jpg,hazardous,dataset\hazardous\aug_96_hazardous_battery-1_aug2622.jpg,clean_balanced_dataset
aug_97_hazardous_battery-14_aug1527.jpg,hazardous,dataset\hazardous\aug_97_hazardous_battery-14_aug1527.jpg,clean_balanced_dataset
aug_98_hazardous_battery-23_aug721.jpg,hazardous,dataset\hazardous\aug_98_hazardous_battery-23_aug721.jpg,clean_balanced_dataset
aug_99_hazardous_battery-11_aug2493.jpg,hazardous,dataset\hazardous\aug_99_hazardous_battery-11_aug2493.jpg,clean_balanced_dataset
aug_9_hazardous_battery-10_aug1462.jpg,hazardous,dataset\hazardous\aug_9_hazardous_battery-10_aug1462.jpg,clean_balanced_dataset
hazardous_battery-10.jpg,hazardous,dataset\hazardous\hazardous_battery-10.jpg,clean_balanced_dataset
hazardous_battery-10_aug1462.jpg,hazardous,dataset\hazardous\hazardous_battery-10_aug1462.jpg,clean_balanced_dataset
hazardous_battery-10_aug596.jpg,hazardous,dataset\hazardous\hazardous_battery-10_aug596.jpg,clean_balanced_dataset
hazardous_battery-10_aug895.jpg,hazardous,dataset\hazardous\hazardous_battery-10_aug895.jpg,clean_balanced_dataset
hazardous_battery-11_aug2135.jpg,hazardous,dataset\hazardous\hazardous_battery-11_aug2135.jpg,clean_balanced_dataset
hazardous_battery-11_aug2493.jpg,hazardous,dataset\hazardous\hazardous_battery-11_aug2493.jpg,clean_balanced_dataset
hazardous_battery-11_aug40.jpg,hazardous,dataset\hazardous\hazardous_battery-11_aug40.jpg,clean_balanced_dataset
hazardous_battery-11_aug640.jpg,hazardous,dataset\hazardous\hazardous_battery-11_aug640.jpg,clean_balanced_dataset
hazardous_battery-12_aug1083.jpg,hazardous,dataset\hazardous\hazardous_battery-12_aug1083.jpg,clean_balanced_dataset
hazardous_battery-12_aug1305.jpg,hazardous,dataset\hazardous\hazardous_battery-12_aug1305.jpg,clean_balanced_dataset
hazardous_battery-12_aug2295.jpg,hazardous,dataset\hazardous\hazardous_battery-12_aug2295.jpg,clean_balanced_dataset
hazardous_battery-12_aug2473.jpg,hazardous,dataset\hazardous\hazardous_battery-12_aug2473.jpg,clean_balanced_dataset
hazardous_battery-13.jpg,hazardous,dataset\hazardous\hazardous_battery-13.jpg,clean_balanced_dataset
hazardous_battery-13_aug1759.jpg,hazardous,dataset\hazardous\hazardous_battery-13_aug1759.jpg,clean_balanced_dataset
hazardous_battery-13_aug242.jpg,hazardous,dataset\hazardous\hazardous_battery-13_aug242.jpg,clean_balanced_dataset
hazardous_battery-14.jpg,hazardous,dataset\hazardous\hazardous_battery-14.jpg,clean_balanced_dataset
hazardous_battery-14_aug1287.jpg,hazardous,dataset\hazardous\hazardous_battery-14_aug1287.jpg,clean_balanced_dataset
hazardous_battery-14_aug1527.jpg,hazardous,dataset\hazardous\hazardous_battery-14_aug1527.jpg,clean_balanced_dataset
hazardous_battery-14_aug190.jpg,hazardous,dataset\hazardous\hazardous_battery-14_aug190.jpg,clean_balanced_dataset
hazardous_battery-14_aug978.jpg,hazardous,dataset\hazardous\hazardous_battery-14_aug978.jpg,clean_balanced_dataset
hazardous_battery-15_aug1445.jpg,hazardous,dataset\hazardous\hazardous_battery-15_aug1445.jpg,clean_balanced_dataset
hazardous_battery-15_aug1942.jpg,hazardous,dataset\hazardous\hazardous_battery-15_aug1942.jpg,clean_balanced_dataset
hazardous_battery-15_aug2353.jpg,hazardous,dataset\hazardous\hazardous_battery-15_aug2353.jpg,clean_balanced_dataset
hazardous_battery-15_aug2567.jpg,hazardous,dataset\hazardous\hazardous_battery-15_aug2567.jpg,clean_balanced_dataset
hazardous_battery-15_aug2670.jpg,hazardous,dataset\hazardous\hazardous_battery-15_aug2670.jpg,clean_balanced_dataset
hazardous_battery-16_aug1304.jpg,hazardous,dataset\hazardous\hazardous_battery-16_aug1304.jpg,clean_balanced_dataset
hazardous_battery-16_aug2061.jpg,hazardous,dataset\hazardous\hazardous_battery-16_aug2061.jpg,clean_balanced_dataset
hazardous_battery-16_aug2316.jpg,hazardous,dataset\hazardous\hazardous_battery-16_aug2316.jpg,clean_balanced_dataset
hazardous_battery-17_aug1505.jpg,hazardous,dataset\hazardous\hazardous_battery-17_aug1505.jpg,clean_balanced_dataset
hazardous_battery-17_aug1697.jpg,hazardous,dataset\hazardous\hazardous_battery-17_aug1697.jpg,clean_balanced_dataset
hazardous_battery-17_aug843.jpg,hazardous,dataset\hazardous\hazardous_battery-17_aug843.jpg,clean_balanced_dataset
hazardous_battery-18_aug1737.jpg,hazardous,dataset\hazardous\hazardous_battery-18_aug1737.jpg,clean_balanced_dataset
hazardous_battery-18_aug2733.jpg,hazardous,dataset\hazardous\hazardous_battery-18_aug2733.jpg,clean_balanced_dataset
hazardous_battery-19_aug1335.jpg,hazardous,dataset\hazardous\hazardous_battery-19_aug1335.jpg,clean_balanced_dataset
hazardous_battery-19_aug1501.jpg,hazardous,dataset\hazardous\hazardous_battery-19_aug1501.jpg,clean_balanced_dataset
hazardous_battery-1_aug1274.jpg,hazardous,dataset\hazardous\hazardous_battery-1_aug1274.jpg,clean_balanced_dataset
hazardous_battery-1_aug2041.jpg,hazardous,dataset\hazardous\hazardous_battery-1_aug2041.jpg,clean_balanced_dataset
hazardous_battery-1_aug2622.jpg,hazardous,dataset\hazardous\hazardous_battery-1_aug2622.jpg,clean_balanced_dataset
hazardous_battery-1_aug498.jpg,hazardous,dataset\hazardous\hazardous_battery-1_aug498.jpg,clean_balanced_dataset
hazardous_battery-1_aug665.jpg,hazardous,dataset\hazardous\hazardous_battery-1_aug665.jpg,clean_balanced_dataset
hazardous_battery-20_aug166.jpg,hazardous,dataset\hazardous\hazardous_battery-20_aug166.jpg,clean_balanced_dataset
hazardous_battery-20_aug2015.jpg,hazardous,dataset\hazardous\hazardous_battery-20_aug2015.jpg,clean_balanced_dataset
hazardous_battery-20_aug2224.jpg,hazardous,dataset\hazardous\hazardous_battery-20_aug2224.jpg,clean_balanced_dataset
hazardous_battery-20_aug2510.jpg,hazardous,dataset\hazardous\hazardous_battery-20_aug2510.jpg,clean_balanced_dataset
hazardous_battery-21.jpg,hazardous,dataset\hazardous\hazardous_battery-21.jpg,clean_balanced_dataset
hazardous_battery-21_aug1919.jpg,hazardous,dataset\hazardous\hazardous_battery-21_aug1919.jpg,clean_balanced_dataset
hazardous_battery-21_aug2211.jpg,hazardous,dataset\hazardous\hazardous_battery-21_aug2211.jpg,clean_balanced_dataset
hazardous_battery-21_aug245.jpg,hazardous,dataset\hazardous\hazardous_battery-21_aug245.jpg,clean_balanced_dataset
hazardous_battery-21_aug608.jpg,hazardous,dataset\hazardous\hazardous_battery-21_aug608.jpg,clean_balanced_dataset
hazardous_battery-21_aug615.jpg,hazardous,dataset\hazardous\hazardous_battery-21_aug615.jpg,clean_balanced_dataset
hazardous_battery-22_aug639.jpg,hazardous,dataset\hazardous\hazardous_battery-22_aug639.jpg,clean_balanced_dataset
hazardous_battery-23_aug304.jpg,hazardous,dataset\hazardous\hazardous_battery-23_aug304.jpg,clean_balanced_dataset
hazardous_battery-23_aug390.jpg,hazardous,dataset\hazardous\hazardous_battery-23_aug390.jpg,clean_balanced_dataset
hazardous_battery-23_aug721.jpg,hazardous,dataset\hazardous\hazardous_battery-23_aug721.jpg,clean_balanced_dataset
hazardous_battery-24_aug107.jpg,hazardous,dataset\hazardous\hazardous_battery-24_aug107.jpg,clean_balanced_dataset
hazardous_battery-24_aug1435.jpg,hazardous,dataset\hazardous\hazardous_battery-24_aug1435.jpg,clean_balanced_dataset
hazardous_battery-24_aug2562.jpg,hazardous,dataset\hazardous\hazardous_battery-24_aug2562.jpg,clean_balanced_dataset
hazardous_battery-24_aug383.jpg,hazardous,dataset\hazardous\hazardous_battery-24_aug383.jpg,clean_balanced_dataset
hazardous_battery-24_aug922.jpg,hazardous,dataset\hazardous\hazardous_battery-24_aug922.jpg,clean_balanced_dataset
hazardous_battery-25_aug1650.jpg,hazardous,dataset\hazardous\hazardous_battery-25_aug1650.jpg,clean_balanced_dataset
hazardous_battery-25_aug211.jpg,hazardous,dataset\hazardous\hazardous_battery-25_aug211.jpg,clean_balanced_dataset
hazardous_battery-25_aug2210.jpg,hazardous,dataset\hazardous\hazardous_battery-25_aug2210.jpg,clean_balanced_dataset
hazardous_battery-25_aug2672.jpg,hazardous,dataset\hazardous\hazardous_battery-25_aug2672.jpg,clean_balanced_dataset
hazardous_battery-25_aug2687.jpg,hazardous,dataset\hazardous\hazardous_battery-25_aug2687.jpg,clean_balanced_dataset
hazardous_battery-25_aug413.jpg,hazardous,dataset\hazardous\hazardous_battery-25_aug413.jpg,clean_balanced_dataset
hazardous_battery-25_aug839.jpg,hazardous,dataset\hazardous\hazardous_battery-25_aug839.jpg,clean_balanced_dataset
hazardous_battery-26.jpg,hazardous,dataset\hazardous\hazardous_battery-26.jpg,clean_balanced_dataset
hazardous_battery-26_aug1225.jpg,hazardous,dataset\hazardous\hazardous_battery-26_aug1225.jpg,clean_balanced_dataset
hazardous_battery-26_aug1719.jpg,hazardous,dataset\hazardous\hazardous_battery-26_aug1719.jpg,clean_balanced_dataset
hazardous_battery-26_aug268.jpg,hazardous,dataset\hazardous\hazardous_battery-26_aug268.jpg,clean_balanced_dataset
hazardous_battery-27_aug1096.jpg,hazardous,dataset\hazardous\hazardous_battery-27_aug1096.jpg,clean_balanced_dataset
hazardous_battery-27_aug1279.jpg,hazardous,dataset\hazardous\hazardous_battery-27_aug1279.jpg,clean_balanced_dataset
hazardous_battery-27_aug1687.jpg,hazardous,dataset\hazardous\hazardous_battery-27_aug1687.jpg,clean_balanced_dataset
hazardous_battery-28_aug1797.jpg,hazardous,dataset\hazardous\hazardous_battery-28_aug1797.jpg,clean_balanced_dataset
hazardous_battery-28_aug1851.jpg,hazardous,dataset\hazardous\hazardous_battery-28_aug1851.jpg,clean_balanced_dataset
hazardous_battery-28_aug273.jpg,hazardous,dataset\hazardous\hazardous_battery-28_aug273.jpg,clean_balanced_dataset
hazardous_battery-2_aug2049.jpg,hazardous,dataset\hazardous\hazardous_battery-2_aug2049.jpg,clean_balanced_dataset
hazardous_battery-2_aug845.jpg,hazardous,dataset\hazardous\hazardous_battery-2_aug845.jpg,clean_balanced_dataset
hazardous_battery-3_aug1837.jpg,hazardous,dataset\hazardous\hazardous_battery-3_aug1837.jpg,clean_balanced_dataset
hazardous_battery-3_aug346.jpg,hazardous,dataset\hazardous\hazardous_battery-3_aug346.jpg,clean_balanced_dataset
hazardous_battery-3_aug770.jpg,hazardous,dataset\hazardous\hazardous_battery-3_aug770.jpg,clean_balanced_dataset
hazardous_battery-3_aug974.jpg,hazardous,dataset\hazardous\hazardous_battery-3_aug974.jpg,clean_balanced_dataset
hazardous_battery-4_aug1076.jpg,hazardous,dataset\hazardous\hazardous_battery-4_aug1076.jpg,clean_balanced_dataset
hazardous_battery-4_aug1446.jpg,hazardous,dataset\hazardous\hazardous_battery-4_aug1446.jpg,clean_balanced_dataset
hazardous_battery-5.jpg,hazardous,dataset\hazardous\hazardous_battery-5.jpg,clean_balanced_dataset
hazardous_battery-5_aug194.jpg,hazardous,dataset\hazardous\hazardous_battery-5_aug194.jpg,clean_balanced_dataset
hazardous_battery-6_aug1380.jpg,hazardous,dataset\hazardous\hazardous_battery-6_aug1380.jpg,clean_balanced_dataset
hazardous_battery-6_aug17.jpg,hazardous,dataset\hazardous\hazardous_battery-6_aug17.jpg,clean_balanced_dataset
hazardous_battery-6_aug1760.jpg,hazardous,dataset\hazardous\hazardous_battery-6_aug1760.jpg,clean_balanced_dataset
hazardous_battery-6_aug1808.jpg,hazardous,dataset\hazardous\hazardous_battery-6_aug1808.jpg,clean_balanced_dataset
hazardous_battery-6_aug2016.jpg,hazardous,dataset\hazardous\hazardous_battery-6_aug2016.jpg,clean_balanced_dataset
hazardous_battery-6_aug2035.jpg,hazardous,dataset\hazardous\hazardous_battery-6_aug2035.jpg,clean_balanced_dataset
hazardous_battery-8.jpg,hazardous,dataset\hazardous\hazardous_battery-8.jpg,clean_balanced_dataset
hazardous_battery-8_aug1738.jpg,hazardous,dataset\hazardous\hazardous_battery-8_aug1738.jpg,clean_balanced_dataset
hazardous_battery-8_aug619.jpg,hazardous,dataset\hazardous\hazardous_battery-8_aug619.jpg,clean_balanced_dataset
hazardous_battery-9.jpg,hazardous,dataset\hazardous\hazardous_battery-9.jpg,clean_balanced_dataset
hazardous_battery-9_aug329.jpg,hazardous,dataset\hazardous\hazardous_battery-9_aug329.jpg,clean_balanced_dataset
hazardous_battery-9_aug525.jpg,hazardous,dataset\hazardous\hazardous_battery-9_aug525.jpg,clean_balanced_dataset
hazardous_battery-9_aug590.jpg,hazardous,dataset\hazardous\hazardous_battery-9_aug590.jpg,clean_balanced_dataset
kaca_R_3850.jpg,Kaca,dataset\Kaca\kaca_R_3850.jpg,clean_balanced_dataset
kaca_R_3855.jpg,Kaca,dataset\Kaca\kaca_R_3855.jpg,clean_balanced_dataset
kaca_R_3858.jpg,Kaca,dataset\Kaca\kaca_R_3858.jpg,clean_balanced_dataset
kaca_R_3861.jpg,Kaca,dataset\Kaca\kaca_R_3861.jpg,clean_balanced_dataset
kaca_R_3862.jpg,Kaca,dataset\Kaca\kaca_R_3862.jpg,clean_balanced_dataset
kaca_R_3863.jpg,Kaca,dataset\Kaca\kaca_R_3863.jpg,clean_balanced_dataset
kaca_R_3866.jpg,Kaca,dataset\Kaca\kaca_R_3866.jpg,clean_balanced_dataset
kaca_R_3867.jpg,Kaca,dataset\Kaca\kaca_R_3867.jpg,clean_balanced_dataset
kaca_R_3868.jpg,Kaca,dataset\Kaca\kaca_R_3868.jpg,clean_balanced_dataset
kaca_R_3869.jpg,Kaca,dataset\Kaca\kaca_R_3869.jpg,clean_balanced_dataset
kaca_R_3872.jpg,Kaca,dataset\Kaca\kaca_R_3872.jpg,clean_balanced_dataset
kaca_R_3876.jpg,Kaca,dataset\Kaca\kaca_R_3876.jpg,clean_balanced_dataset
kaca_R_3877.jpg,Kaca,dataset\Kaca\kaca_R_3877.jpg,clean_balanced_dataset
kaca_R_3878.jpg,Kaca,dataset\Kaca\kaca_R_3878.jpg,clean_balanced_dataset
kaca_R_3879.jpg,Kaca,dataset\Kaca\kaca_R_3879.jpg,clean_balanced_dataset
kaca_R_3880.jpg,Kaca,dataset\Kaca\kaca_R_3880.jpg,clean_balanced_dataset
kaca_R_3881.jpg,Kaca,dataset\Kaca\kaca_R_3881.jpg,clean_balanced_dataset
kaca_R_3884.jpg,Kaca,dataset\Kaca\kaca_R_3884.jpg,clean_balanced_dataset
kaca_R_3885.jpg,Kaca,dataset\Kaca\kaca_R_3885.jpg,clean_balanced_dataset
kaca_R_3890.jpg,Kaca,dataset\Kaca\kaca_R_3890.jpg,clean_balanced_dataset
kaca_R_3891.jpg,Kaca,dataset\Kaca\kaca_R_3891.jpg,clean_balanced_dataset
kaca_R_3892.jpg,Kaca,dataset\Kaca\kaca_R_3892.jpg,clean_balanced_dataset
kaca_R_3893.jpg,Kaca,dataset\Kaca\kaca_R_3893.jpg,clean_balanced_dataset
kaca_R_3895.jpg,Kaca,dataset\Kaca\kaca_R_3895.jpg,clean_balanced_dataset
kaca_R_3896.jpg,Kaca,dataset\Kaca\kaca_R_3896.jpg,clean_balanced_dataset
kaca_R_3897.jpg,Kaca,dataset\Kaca\kaca_R_3897.jpg,clean_balanced_dataset
kaca_R_3905.jpg,Kaca,dataset\Kaca\kaca_R_3905.jpg,clean_balanced_dataset
kaca_R_3906.jpg,Kaca,dataset\Kaca\kaca_R_3906.jpg,clean_balanced_dataset
kaca_R_3908.jpg,Kaca,dataset\Kaca\kaca_R_3908.jpg,clean_balanced_dataset
kaca_R_3909.jpg,Kaca,dataset\Kaca\kaca_R_3909.jpg,clean_balanced_dataset
kaca_R_3911.jpg,Kaca,dataset\Kaca\kaca_R_3911.jpg,clean_balanced_dataset
kaca_R_3914.jpg,Kaca,dataset\Kaca\kaca_R_3914.jpg,clean_balanced_dataset
kaca_R_3915.jpg,Kaca,dataset\Kaca\kaca_R_3915.jpg,clean_balanced_dataset
kaca_R_3917.jpg,Kaca,dataset\Kaca\kaca_R_3917.jpg,clean_balanced_dataset
kaca_R_3921.jpg,Kaca,dataset\Kaca\kaca_R_3921.jpg,clean_balanced_dataset
kaca_R_3922.jpg,Kaca,dataset\Kaca\kaca_R_3922.jpg,clean_balanced_dataset
kaca_R_3926.jpg,Kaca,dataset\Kaca\kaca_R_3926.jpg,clean_balanced_dataset
kaca_R_3928.jpg,Kaca,dataset\Kaca\kaca_R_3928.jpg,clean_balanced_dataset
kaca_R_3930.jpg,Kaca,dataset\Kaca\kaca_R_3930.jpg,clean_balanced_dataset
kaca_R_3932.jpg,Kaca,dataset\Kaca\kaca_R_3932.jpg,clean_balanced_dataset
kaca_R_3933.jpg,Kaca,dataset\Kaca\kaca_R_3933.jpg,clean_balanced_dataset
kaca_R_3934.jpg,Kaca,dataset\Kaca\kaca_R_3934.jpg,clean_balanced_dataset
kaca_R_3937.jpg,Kaca,dataset\Kaca\kaca_R_3937.jpg,clean_balanced_dataset
kaca_R_3946.jpg,Kaca,dataset\Kaca\kaca_R_3946.jpg,clean_balanced_dataset
kaca_R_3948.jpg,Kaca,dataset\Kaca\kaca_R_3948.jpg,clean_balanced_dataset
kaca_R_3951.jpg,Kaca,dataset\Kaca\kaca_R_3951.jpg,clean_balanced_dataset
kaca_R_4038.jpg,Kaca,dataset\Kaca\kaca_R_4038.jpg,clean_balanced_dataset
kaca_R_4040.jpg,Kaca,dataset\Kaca\kaca_R_4040.jpg,clean_balanced_dataset
kaca_R_4041.jpg,Kaca,dataset\Kaca\kaca_R_4041.jpg,clean_balanced_dataset
kaca_R_4042.jpg,Kaca,dataset\Kaca\kaca_R_4042.jpg,clean_balanced_dataset
kaca_R_4044.jpg,Kaca,dataset\Kaca\kaca_R_4044.jpg,clean_balanced_dataset
kaca_R_4048.jpg,Kaca,dataset\Kaca\kaca_R_4048.jpg,clean_balanced_dataset
kaca_R_4049.jpg,Kaca,dataset\Kaca\kaca_R_4049.jpg,clean_balanced_dataset
kaca_R_4053.jpg,Kaca,dataset\Kaca\kaca_R_4053.jpg,clean_balanced_dataset
kaca_R_4058.jpg,Kaca,dataset\Kaca\kaca_R_4058.jpg,clean_balanced_dataset
kaca_R_4059.jpg,Kaca,dataset\Kaca\kaca_R_4059.jpg,clean_balanced_dataset
kaca_R_4061.jpg,Kaca,dataset\Kaca\kaca_R_4061.jpg,clean_balanced_dataset
kaca_R_4066.jpg,Kaca,dataset\Kaca\kaca_R_4066.jpg,clean_balanced_dataset
kaca_R_4068.jpg,Kaca,dataset\Kaca\kaca_R_4068.jpg,clean_balanced_dataset
kaca_R_4070.jpg,Kaca,dataset\Kaca\kaca_R_4070.jpg,clean_balanced_dataset
kaca_R_4072.jpg,Kaca,dataset\Kaca\kaca_R_4072.jpg,clean_balanced_dataset
kaca_R_4074.jpg,Kaca,dataset\Kaca\kaca_R_4074.jpg,clean_balanced_dataset
kaca_R_4075.jpg,Kaca,dataset\Kaca\kaca_R_4075.jpg,clean_balanced_dataset
kaca_R_4076.jpg,Kaca,dataset\Kaca\kaca_R_4076.jpg,clean_balanced_dataset
kaca_R_4077.jpg,Kaca,dataset\Kaca\kaca_R_4077.jpg,clean_balanced_dataset
kaca_R_4079.jpg,Kaca,dataset\Kaca\kaca_R_4079.jpg,clean_balanced_dataset
kaca_R_4081.jpg,Kaca,dataset\Kaca\kaca_R_4081.jpg,clean_balanced_dataset
kaca_R_4084.jpg,Kaca,dataset\Kaca\kaca_R_4084.jpg,clean_balanced_dataset
kaca_R_4086.jpg,Kaca,dataset\Kaca\kaca_R_4086.jpg,clean_balanced_dataset
kaca_R_4087.jpg,Kaca,dataset\Kaca\kaca_R_4087.jpg,clean_balanced_dataset
kaca_R_4092.jpg,Kaca,dataset\Kaca\kaca_R_4092.jpg,clean_balanced_dataset
kaca_R_4095.jpg,Kaca,dataset\Kaca\kaca_R_4095.jpg,clean_balanced_dataset
kaca_R_4103.jpg,Kaca,dataset\Kaca\kaca_R_4103.jpg,clean_balanced_dataset
kaca_R_4104.jpg,Kaca,dataset\Kaca\kaca_R_4104.jpg,clean_balanced_dataset
kaca_R_4106.jpg,Kaca,dataset\Kaca\kaca_R_4106.jpg,clean_balanced_dataset
kaca_R_4108.jpg,Kaca,dataset\Kaca\kaca_R_4108.jpg,clean_balanced_dataset
kaca_R_4109.jpg,Kaca,dataset\Kaca\kaca_R_4109.jpg,clean_balanced_dataset
kaca_R_4110.jpg,Kaca,dataset\Kaca\kaca_R_4110.jpg,clean_balanced_dataset
kaca_R_4112.jpg,Kaca,dataset\Kaca\kaca_R_4112.jpg,clean_balanced_dataset
kaca_R_4116.jpg,Kaca,dataset\Kaca\kaca_R_4116.jpg,clean_balanced_dataset
kaca_R_4118.jpg,Kaca,dataset\Kaca\kaca_R_4118.jpg,clean_balanced_dataset
kaca_R_4119.jpg,Kaca,dataset\Kaca\kaca_R_4119.jpg,clean_balanced_dataset
kaca_R_4122.jpg,Kaca,dataset\Kaca\kaca_R_4122.jpg,clean_balanced_dataset
kaca_R_4126.jpg,Kaca,dataset\Kaca\kaca_R_4126.jpg,clean_balanced_dataset
kaca_R_4128.jpg,Kaca,dataset\Kaca\kaca_R_4128.jpg,clean_balanced_dataset
kaca_R_4130.jpg,Kaca,dataset\Kaca\kaca_R_4130.jpg,clean_balanced_dataset
kaca_R_4131.jpg,Kaca,dataset\Kaca\kaca_R_4131.jpg,clean_balanced_dataset
kaca_R_4132.jpg,Kaca,dataset\Kaca\kaca_R_4132.jpg,clean_balanced_dataset
kaca_R_4140.jpg,Kaca,dataset\Kaca\kaca_R_4140.jpg,clean_balanced_dataset
kaca_R_4142.jpg,Kaca,dataset\Kaca\kaca_R_4142.jpg,clean_balanced_dataset
kaca_R_4144.jpg,Kaca,dataset\Kaca\kaca_R_4144.jpg,clean_balanced_dataset
kaca_R_4146.jpg,Kaca,dataset\Kaca\kaca_R_4146.jpg,clean_balanced_dataset
kaca_R_4151.jpg,Kaca,dataset\Kaca\kaca_R_4151.jpg,clean_balanced_dataset
kaca_R_4154.jpg,Kaca,dataset\Kaca\kaca_R_4154.jpg,clean_balanced_dataset
kaca_R_4156.jpg,Kaca,dataset\Kaca\kaca_R_4156.jpg,clean_balanced_dataset
kaca_R_4157.jpg,Kaca,dataset\Kaca\kaca_R_4157.jpg,clean_balanced_dataset
kaca_R_4161.jpg,Kaca,dataset\Kaca\kaca_R_4161.jpg,clean_balanced_dataset
kaca_R_4164.jpg,Kaca,dataset\Kaca\kaca_R_4164.jpg,clean_balanced_dataset
kaca_R_4171.jpg,Kaca,dataset\Kaca\kaca_R_4171.jpg,clean_balanced_dataset
kaca_R_4172.jpg,Kaca,dataset\Kaca\kaca_R_4172.jpg,clean_balanced_dataset
kaca_R_4173.jpg,Kaca,dataset\Kaca\kaca_R_4173.jpg,clean_balanced_dataset
kaca_R_4178.jpg,Kaca,dataset\Kaca\kaca_R_4178.jpg,clean_balanced_dataset
kaca_R_4180.jpg,Kaca,dataset\Kaca\kaca_R_4180.jpg,clean_balanced_dataset
kaca_R_4181.jpg,Kaca,dataset\Kaca\kaca_R_4181.jpg,clean_balanced_dataset
kaca_R_4183.jpg,Kaca,dataset\Kaca\kaca_R_4183.jpg,clean_balanced_dataset
kaca_R_4185.jpg,Kaca,dataset\Kaca\kaca_R_4185.jpg,clean_balanced_dataset
kaca_R_4192.jpg,Kaca,dataset\Kaca\kaca_R_4192.jpg,clean_balanced_dataset
kaca_R_4193.jpg,Kaca,dataset\Kaca\kaca_R_4193.jpg,clean_balanced_dataset
kaca_R_4196.jpg,Kaca,dataset\Kaca\kaca_R_4196.jpg,clean_balanced_dataset
kaca_R_4198.jpg,Kaca,dataset\Kaca\kaca_R_4198.jpg,clean_balanced_dataset
kaca_R_4199.jpg,Kaca,dataset\Kaca\kaca_R_4199.jpg,clean_balanced_dataset
kaca_R_4200.jpg,Kaca,dataset\Kaca\kaca_R_4200.jpg,clean_balanced_dataset
kaca_R_4202.jpg,Kaca,dataset\Kaca\kaca_R_4202.jpg,clean_balanced_dataset
kaca_R_4206.jpg,Kaca,dataset\Kaca\kaca_R_4206.jpg,clean_balanced_dataset
kaca_R_4207.jpg,Kaca,dataset\Kaca\kaca_R_4207.jpg,clean_balanced_dataset
kaca_R_4209.jpg,Kaca,dataset\Kaca\kaca_R_4209.jpg,clean_balanced_dataset
kaca_R_4211.jpg,Kaca,dataset\Kaca\kaca_R_4211.jpg,clean_balanced_dataset
kaca_R_4217.jpg,Kaca,dataset\Kaca\kaca_R_4217.jpg,clean_balanced_dataset
kaca_R_4218.jpg,Kaca,dataset\Kaca\kaca_R_4218.jpg,clean_balanced_dataset
kaca_R_4220.jpg,Kaca,dataset\Kaca\kaca_R_4220.jpg,clean_balanced_dataset
kaca_R_4222.jpg,Kaca,dataset\Kaca\kaca_R_4222.jpg,clean_balanced_dataset
kaca_R_4236.jpg,Kaca,dataset\Kaca\kaca_R_4236.jpg,clean_balanced_dataset
kaca_R_4237.jpg,Kaca,dataset\Kaca\kaca_R_4237.jpg,clean_balanced_dataset
kaca_R_4238.jpg,Kaca,dataset\Kaca\kaca_R_4238.jpg,clean_balanced_dataset
kaca_R_4239.jpg,Kaca,dataset\Kaca\kaca_R_4239.jpg,clean_balanced_dataset
kaca_R_4240.jpg,Kaca,dataset\Kaca\kaca_R_4240.jpg,clean_balanced_dataset
kaca_R_4241.jpg,Kaca,dataset\Kaca\kaca_R_4241.jpg,clean_balanced_dataset
kaca_R_4242.jpg,Kaca,dataset\Kaca\kaca_R_4242.jpg,clean_balanced_dataset
kaca_R_4243.jpg,Kaca,dataset\Kaca\kaca_R_4243.jpg,clean_balanced_dataset
kaca_R_4245.jpg,Kaca,dataset\Kaca\kaca_R_4245.jpg,clean_balanced_dataset
kaca_R_4246.jpg,Kaca,dataset\Kaca\kaca_R_4246.jpg,clean_balanced_dataset
kaca_R_4249.jpg,Kaca,dataset\Kaca\kaca_R_4249.jpg,clean_balanced_dataset
kaca_R_4253.jpg,Kaca,dataset\Kaca\kaca_R_4253.jpg,clean_balanced_dataset
kaca_R_4254.jpg,Kaca,dataset\Kaca\kaca_R_4254.jpg,clean_balanced_dataset
kaca_R_4258.jpg,Kaca,dataset\Kaca\kaca_R_4258.jpg,clean_balanced_dataset
kaca_R_4259.jpg,Kaca,dataset\Kaca\kaca_R_4259.jpg,clean_balanced_dataset
kaca_R_4264.jpg,Kaca,dataset\Kaca\kaca_R_4264.jpg,clean_balanced_dataset
kaca_R_4265.jpg,Kaca,dataset\Kaca\kaca_R_4265.jpg,clean_balanced_dataset
kaca_R_4268.jpg,Kaca,dataset\Kaca\kaca_R_4268.jpg,clean_balanced_dataset
kaca_R_4273.jpg,Kaca,dataset\Kaca\kaca_R_4273.jpg,clean_balanced_dataset
kaca_R_4277.jpg,Kaca,dataset\Kaca\kaca_R_4277.jpg,clean_balanced_dataset
kaca_R_4281.jpg,Kaca,dataset\Kaca\kaca_R_4281.jpg,clean_balanced_dataset
kaca_R_4288.jpg,Kaca,dataset\Kaca\kaca_R_4288.jpg,clean_balanced_dataset
kaca_R_4290.jpg,Kaca,dataset\Kaca\kaca_R_4290.jpg,clean_balanced_dataset
kaca_R_4291.jpg,Kaca,dataset\Kaca\kaca_R_4291.jpg,clean_balanced_dataset
kaca_R_4292.jpg,Kaca,dataset\Kaca\kaca_R_4292.jpg,clean_balanced_dataset
kaca_R_4294.jpg,Kaca,dataset\Kaca\kaca_R_4294.jpg,clean_balanced_dataset
kaca_R_4295.jpg,Kaca,dataset\Kaca\kaca_R_4295.jpg,clean_balanced_dataset
kaca_R_4298.jpg,Kaca,dataset\Kaca\kaca_R_4298.jpg,clean_balanced_dataset
kaca_R_4299.jpg,Kaca,dataset\Kaca\kaca_R_4299.jpg,clean_balanced_dataset
kaca_R_4310.jpg,Kaca,dataset\Kaca\kaca_R_4310.jpg,clean_balanced_dataset
kaca_R_4311.jpg,Kaca,dataset\Kaca\kaca_R_4311.jpg,clean_balanced_dataset
kaca_R_4312.jpg,Kaca,dataset\Kaca\kaca_R_4312.jpg,clean_balanced_dataset
kaca_R_4313.jpg,Kaca,dataset\Kaca\kaca_R_4313.jpg,clean_balanced_dataset
kaca_R_4314.jpg,Kaca,dataset\Kaca\kaca_R_4314.jpg,clean_balanced_dataset
kaca_R_4317.jpg,Kaca,dataset\Kaca\kaca_R_4317.jpg,clean_balanced_dataset
kaca_R_4318.jpg,Kaca,dataset\Kaca\kaca_R_4318.jpg,clean_balanced_dataset
kaca_R_4320.jpg,Kaca,dataset\Kaca\kaca_R_4320.jpg,clean_balanced_dataset
kaca_R_4321.jpg,Kaca,dataset\Kaca\kaca_R_4321.jpg,clean_balanced_dataset
kaca_R_4322.jpg,Kaca,dataset\Kaca\kaca_R_4322.jpg,clean_balanced_dataset
kaca_R_4323.jpg,Kaca,dataset\Kaca\kaca_R_4323.jpg,clean_balanced_dataset
kaca_R_5058.jpg,Kaca,dataset\Kaca\kaca_R_5058.jpg,clean_balanced_dataset
kaca_R_5059.jpg,Kaca,dataset\Kaca\kaca_R_5059.jpg,clean_balanced_dataset
kaca_R_5083.jpg,Kaca,dataset\Kaca\kaca_R_5083.jpg,clean_balanced_dataset
kaca_R_5084.jpg,Kaca,dataset\Kaca\kaca_R_5084.jpg,clean_balanced_dataset
kaca_R_5085.jpg,Kaca,dataset\Kaca\kaca_R_5085.jpg,clean_balanced_dataset
kaca_R_5089.jpg,Kaca,dataset\Kaca\kaca_R_5089.jpg,clean_balanced_dataset
kaca_R_5091.jpg,Kaca,dataset\Kaca\kaca_R_5091.jpg,clean_balanced_dataset
kaca_R_5094.jpg,Kaca,dataset\Kaca\kaca_R_5094.jpg,clean_balanced_dataset
kaca_R_5097.jpg,Kaca,dataset\Kaca\kaca_R_5097.jpg,clean_balanced_dataset
kaca_R_5098.jpg,Kaca,dataset\Kaca\kaca_R_5098.jpg,clean_balanced_dataset
kaca_R_5099.jpg,Kaca,dataset\Kaca\kaca_R_5099.jpg,clean_balanced_dataset
kaca_R_5100.jpg,Kaca,dataset\Kaca\kaca_R_5100.jpg,clean_balanced_dataset
kaca_R_5101.jpg,Kaca,dataset\Kaca\kaca_R_5101.jpg,clean_balanced_dataset
kaca_R_5106.jpg,Kaca,dataset\Kaca\kaca_R_5106.jpg,clean_balanced_dataset
kaca_R_5107.jpg,Kaca,dataset\Kaca\kaca_R_5107.jpg,clean_balanced_dataset
kaca_R_5108.jpg,Kaca,dataset\Kaca\kaca_R_5108.jpg,clean_balanced_dataset
kaca_R_5109.jpg,Kaca,dataset\Kaca\kaca_R_5109.jpg,clean_balanced_dataset
kaca_R_5114.jpg,Kaca,dataset\Kaca\kaca_R_5114.jpg,clean_balanced_dataset
kaca_R_5115.jpg,Kaca,dataset\Kaca\kaca_R_5115.jpg,clean_balanced_dataset
kaca_R_5117.jpg,Kaca,dataset\Kaca\kaca_R_5117.jpg,clean_balanced_dataset
kaca_R_5121.jpg,Kaca,dataset\Kaca\kaca_R_5121.jpg,clean_balanced_dataset
kaca_R_5122.jpg,Kaca,dataset\Kaca\kaca_R_5122.jpg,clean_balanced_dataset
kaca_R_5125.jpg,Kaca,dataset\Kaca\kaca_R_5125.jpg,clean_balanced_dataset
kaca_R_5129.jpg,Kaca,dataset\Kaca\kaca_R_5129.jpg,clean_balanced_dataset
kaca_R_5132.jpg,Kaca,dataset\Kaca\kaca_R_5132.jpg,clean_balanced_dataset
kaca_R_5135.jpg,Kaca,dataset\Kaca\kaca_R_5135.jpg,clean_balanced_dataset
kaca_R_5138.jpg,Kaca,dataset\Kaca\kaca_R_5138.jpg,clean_balanced_dataset
kaca_R_5139.jpg,Kaca,dataset\Kaca\kaca_R_5139.jpg,clean_balanced_dataset
kaca_R_5140.jpg,Kaca,dataset\Kaca\kaca_R_5140.jpg,clean_balanced_dataset
kaca_R_5142.jpg,Kaca,dataset\Kaca\kaca_R_5142.jpg,clean_balanced_dataset
kaca_R_5143.jpg,Kaca,dataset\Kaca\kaca_R_5143.jpg,clean_balanced_dataset
kaca_R_5146.jpg,Kaca,dataset\Kaca\kaca_R_5146.jpg,clean_balanced_dataset
kaca_R_5150.jpg,Kaca,dataset\Kaca\kaca_R_5150.jpg,clean_balanced_dataset
kaca_R_5151.jpg,Kaca,dataset\Kaca\kaca_R_5151.jpg,clean_balanced_dataset
kaca_R_5153.jpg,Kaca,dataset\Kaca\kaca_R_5153.jpg,clean_balanced_dataset
kaca_R_5155.jpg,Kaca,dataset\Kaca\kaca_R_5155.jpg,clean_balanced_dataset
kaca_R_5157.jpg,Kaca,dataset\Kaca\kaca_R_5157.jpg,clean_balanced_dataset
kaca_R_5158.jpg,Kaca,dataset\Kaca\kaca_R_5158.jpg,clean_balanced_dataset
kaca_R_5159.jpg,Kaca,dataset\Kaca\kaca_R_5159.jpg,clean_balanced_dataset
aug_0_kardus_R_2170.jpg,Kardus,dataset\Kardus\aug_0_kardus_R_2170.jpg,clean_balanced_dataset
aug_100_kardus_R_2235.jpg,Kardus,dataset\Kardus\aug_100_kardus_R_2235.jpg,clean_balanced_dataset
aug_10_kardus_R_2163.jpg,Kardus,dataset\Kardus\aug_10_kardus_R_2163.jpg,clean_balanced_dataset
aug_11_kardus_R_2161.jpg,Kardus,dataset\Kardus\aug_11_kardus_R_2161.jpg,clean_balanced_dataset
aug_12_kardus_R_2187.jpg,Kardus,dataset\Kardus\aug_12_kardus_R_2187.jpg,clean_balanced_dataset
aug_13_kardus_R_2210.jpg,Kardus,dataset\Kardus\aug_13_kardus_R_2210.jpg,clean_balanced_dataset
aug_14_kardus_R_2244.jpg,Kardus,dataset\Kardus\aug_14_kardus_R_2244.jpg,clean_balanced_dataset
aug_15_kardus_R_2178.jpg,Kardus,dataset\Kardus\aug_15_kardus_R_2178.jpg,clean_balanced_dataset
aug_16_kardus_R_2218.jpg,Kardus,dataset\Kardus\aug_16_kardus_R_2218.jpg,clean_balanced_dataset
aug_17_kardus_R_2244.jpg,Kardus,dataset\Kardus\aug_17_kardus_R_2244.jpg,clean_balanced_dataset
aug_18_kardus_R_2161.jpg,Kardus,dataset\Kardus\aug_18_kardus_R_2161.jpg,clean_balanced_dataset
aug_19_kardus_R_2204.jpg,Kardus,dataset\Kardus\aug_19_kardus_R_2204.jpg,clean_balanced_dataset
aug_1_kardus_R_2202.jpg,Kardus,dataset\Kardus\aug_1_kardus_R_2202.jpg,clean_balanced_dataset
aug_20_kardus_R_2182.jpg,Kardus,dataset\Kardus\aug_20_kardus_R_2182.jpg,clean_balanced_dataset
aug_21_kardus_R_2171.jpg,Kardus,dataset\Kardus\aug_21_kardus_R_2171.jpg,clean_balanced_dataset
aug_22_kardus_R_2195.jpg,Kardus,dataset\Kardus\aug_22_kardus_R_2195.jpg,clean_balanced_dataset
aug_23_kardus_R_2202.jpg,Kardus,dataset\Kardus\aug_23_kardus_R_2202.jpg,clean_balanced_dataset
aug_24_kardus_R_2189.jpg,Kardus,dataset\Kardus\aug_24_kardus_R_2189.jpg,clean_balanced_dataset
aug_25_kardus_R_2180.jpg,Kardus,dataset\Kardus\aug_25_kardus_R_2180.jpg,clean_balanced_dataset
aug_26_kardus_R_2248.jpg,Kardus,dataset\Kardus\aug_26_kardus_R_2248.jpg,clean_balanced_dataset
aug_27_kardus_R_2157.jpg,Kardus,dataset\Kardus\aug_27_kardus_R_2157.jpg,clean_balanced_dataset
aug_28_kardus_R_2227.jpg,Kardus,dataset\Kardus\aug_28_kardus_R_2227.jpg,clean_balanced_dataset
aug_29_kardus_R_2195.jpg,Kardus,dataset\Kardus\aug_29_kardus_R_2195.jpg,clean_balanced_dataset
aug_2_kardus_R_2186.jpg,Kardus,dataset\Kardus\aug_2_kardus_R_2186.jpg,clean_balanced_dataset
aug_30_kardus_R_2231.jpg,Kardus,dataset\Kardus\aug_30_kardus_R_2231.jpg,clean_balanced_dataset
aug_31_kardus_R_2162.jpg,Kardus,dataset\Kardus\aug_31_kardus_R_2162.jpg,clean_balanced_dataset
aug_32_kardus_R_2174.jpg,Kardus,dataset\Kardus\aug_32_kardus_R_2174.jpg,clean_balanced_dataset
aug_33_kardus_R_2214.jpg,Kardus,dataset\Kardus\aug_33_kardus_R_2214.jpg,clean_balanced_dataset
aug_34_kardus_R_2163.jpg,Kardus,dataset\Kardus\aug_34_kardus_R_2163.jpg,clean_balanced_dataset
aug_35_kardus_R_2198.jpg,Kardus,dataset\Kardus\aug_35_kardus_R_2198.jpg,clean_balanced_dataset
aug_36_kardus_R_2181.jpg,Kardus,dataset\Kardus\aug_36_kardus_R_2181.jpg,clean_balanced_dataset
aug_37_kardus_R_2244.jpg,Kardus,dataset\Kardus\aug_37_kardus_R_2244.jpg,clean_balanced_dataset
aug_38_kardus_R_2175.jpg,Kardus,dataset\Kardus\aug_38_kardus_R_2175.jpg,clean_balanced_dataset
aug_39_kardus_R_2228.jpg,Kardus,dataset\Kardus\aug_39_kardus_R_2228.jpg,clean_balanced_dataset
aug_3_kardus_R_2164.jpg,Kardus,dataset\Kardus\aug_3_kardus_R_2164.jpg,clean_balanced_dataset
aug_40_kardus_R_2246.jpg,Kardus,dataset\Kardus\aug_40_kardus_R_2246.jpg,clean_balanced_dataset
aug_41_kardus_R_2220.jpg,Kardus,dataset\Kardus\aug_41_kardus_R_2220.jpg,clean_balanced_dataset
aug_42_kardus_R_2249.jpg,Kardus,dataset\Kardus\aug_42_kardus_R_2249.jpg,clean_balanced_dataset
aug_43_kardus_R_2184.jpg,Kardus,dataset\Kardus\aug_43_kardus_R_2184.jpg,clean_balanced_dataset
aug_44_kardus_R_2158.jpg,Kardus,dataset\Kardus\aug_44_kardus_R_2158.jpg,clean_balanced_dataset
aug_45_kardus_R_2156.jpg,Kardus,dataset\Kardus\aug_45_kardus_R_2156.jpg,clean_balanced_dataset
aug_46_kardus_R_2244.jpg,Kardus,dataset\Kardus\aug_46_kardus_R_2244.jpg,clean_balanced_dataset
aug_47_kardus_R_2212.jpg,Kardus,dataset\Kardus\aug_47_kardus_R_2212.jpg,clean_balanced_dataset
aug_48_kardus_R_2248.jpg,Kardus,dataset\Kardus\aug_48_kardus_R_2248.jpg,clean_balanced_dataset
aug_49_kardus_R_2217.jpg,Kardus,dataset\Kardus\aug_49_kardus_R_2217.jpg,clean_balanced_dataset
aug_4_kardus_R_2241.jpg,Kardus,dataset\Kardus\aug_4_kardus_R_2241.jpg,clean_balanced_dataset
aug_50_kardus_R_2175.jpg,Kardus,dataset\Kardus\aug_50_kardus_R_2175.jpg,clean_balanced_dataset
aug_51_kardus_R_2193.jpg,Kardus,dataset\Kardus\aug_51_kardus_R_2193.jpg,clean_balanced_dataset
aug_52_kardus_R_2166.jpg,Kardus,dataset\Kardus\aug_52_kardus_R_2166.jpg,clean_balanced_dataset
aug_53_kardus_R_2247.jpg,Kardus,dataset\Kardus\aug_53_kardus_R_2247.jpg,clean_balanced_dataset
aug_54_kardus_R_2196.jpg,Kardus,dataset\Kardus\aug_54_kardus_R_2196.jpg,clean_balanced_dataset
aug_55_kardus_R_2161.jpg,Kardus,dataset\Kardus\aug_55_kardus_R_2161.jpg,clean_balanced_dataset
aug_56_kardus_R_2172.jpg,Kardus,dataset\Kardus\aug_56_kardus_R_2172.jpg,clean_balanced_dataset
aug_57_kardus_R_2236.jpg,Kardus,dataset\Kardus\aug_57_kardus_R_2236.jpg,clean_balanced_dataset
aug_58_kardus_R_2170.jpg,Kardus,dataset\Kardus\aug_58_kardus_R_2170.jpg,clean_balanced_dataset
aug_59_kardus_R_2166.jpg,Kardus,dataset\Kardus\aug_59_kardus_R_2166.jpg,clean_balanced_dataset
aug_5_kardus_R_2192.jpg,Kardus,dataset\Kardus\aug_5_kardus_R_2192.jpg,clean_balanced_dataset
aug_60_kardus_R_2173.jpg,Kardus,dataset\Kardus\aug_60_kardus_R_2173.jpg,clean_balanced_dataset
aug_61_kardus_R_2173.jpg,Kardus,dataset\Kardus\aug_61_kardus_R_2173.jpg,clean_balanced_dataset
aug_62_kardus_R_2161.jpg,Kardus,dataset\Kardus\aug_62_kardus_R_2161.jpg,clean_balanced_dataset
aug_63_kardus_R_2173.jpg,Kardus,dataset\Kardus\aug_63_kardus_R_2173.jpg,clean_balanced_dataset
aug_64_kardus_R_2185.jpg,Kardus,dataset\Kardus\aug_64_kardus_R_2185.jpg,clean_balanced_dataset
aug_65_kardus_R_2183.jpg,Kardus,dataset\Kardus\aug_65_kardus_R_2183.jpg,clean_balanced_dataset
aug_66_kardus_R_2227.jpg,Kardus,dataset\Kardus\aug_66_kardus_R_2227.jpg,clean_balanced_dataset
aug_67_kardus_R_2155.jpg,Kardus,dataset\Kardus\aug_67_kardus_R_2155.jpg,clean_balanced_dataset
aug_68_kardus_R_2238.jpg,Kardus,dataset\Kardus\aug_68_kardus_R_2238.jpg,clean_balanced_dataset
aug_69_kardus_R_2164.jpg,Kardus,dataset\Kardus\aug_69_kardus_R_2164.jpg,clean_balanced_dataset
aug_6_kardus_R_2203.jpg,Kardus,dataset\Kardus\aug_6_kardus_R_2203.jpg,clean_balanced_dataset
aug_70_kardus_R_2178.jpg,Kardus,dataset\Kardus\aug_70_kardus_R_2178.jpg,clean_balanced_dataset
aug_71_kardus_R_2249.jpg,Kardus,dataset\Kardus\aug_71_kardus_R_2249.jpg,clean_balanced_dataset
aug_72_kardus_R_2197.jpg,Kardus,dataset\Kardus\aug_72_kardus_R_2197.jpg,clean_balanced_dataset
aug_73_kardus_R_2164.jpg,Kardus,dataset\Kardus\aug_73_kardus_R_2164.jpg,clean_balanced_dataset
aug_74_kardus_R_2176.jpg,Kardus,dataset\Kardus\aug_74_kardus_R_2176.jpg,clean_balanced_dataset
aug_75_kardus_R_2237.jpg,Kardus,dataset\Kardus\aug_75_kardus_R_2237.jpg,clean_balanced_dataset
aug_76_kardus_R_2166.jpg,Kardus,dataset\Kardus\aug_76_kardus_R_2166.jpg,clean_balanced_dataset
aug_77_kardus_R_2226.jpg,Kardus,dataset\Kardus\aug_77_kardus_R_2226.jpg,clean_balanced_dataset
aug_78_kardus_R_2186.jpg,Kardus,dataset\Kardus\aug_78_kardus_R_2186.jpg,clean_balanced_dataset
aug_79_kardus_R_2241.jpg,Kardus,dataset\Kardus\aug_79_kardus_R_2241.jpg,clean_balanced_dataset
aug_7_kardus_R_2214.jpg,Kardus,dataset\Kardus\aug_7_kardus_R_2214.jpg,clean_balanced_dataset
aug_80_kardus_R_2178.jpg,Kardus,dataset\Kardus\aug_80_kardus_R_2178.jpg,clean_balanced_dataset
aug_81_kardus_R_2193.jpg,Kardus,dataset\Kardus\aug_81_kardus_R_2193.jpg,clean_balanced_dataset
aug_82_kardus_R_2199.jpg,Kardus,dataset\Kardus\aug_82_kardus_R_2199.jpg,clean_balanced_dataset
aug_83_kardus_R_2232.jpg,Kardus,dataset\Kardus\aug_83_kardus_R_2232.jpg,clean_balanced_dataset
aug_84_kardus_R_2248.jpg,Kardus,dataset\Kardus\aug_84_kardus_R_2248.jpg,clean_balanced_dataset
aug_85_kardus_R_2247.jpg,Kardus,dataset\Kardus\aug_85_kardus_R_2247.jpg,clean_balanced_dataset
aug_86_kardus_R_2242.jpg,Kardus,dataset\Kardus\aug_86_kardus_R_2242.jpg,clean_balanced_dataset
aug_87_kardus_R_2208.jpg,Kardus,dataset\Kardus\aug_87_kardus_R_2208.jpg,clean_balanced_dataset
aug_88_kardus_R_2234.jpg,Kardus,dataset\Kardus\aug_88_kardus_R_2234.jpg,clean_balanced_dataset
aug_89_kardus_R_2203.jpg,Kardus,dataset\Kardus\aug_89_kardus_R_2203.jpg,clean_balanced_dataset
aug_8_kardus_R_2168.jpg,Kardus,dataset\Kardus\aug_8_kardus_R_2168.jpg,clean_balanced_dataset
aug_90_kardus_R_2153.jpg,Kardus,dataset\Kardus\aug_90_kardus_R_2153.jpg,clean_balanced_dataset
aug_91_kardus_R_2203.jpg,Kardus,dataset\Kardus\aug_91_kardus_R_2203.jpg,clean_balanced_dataset
aug_92_kardus_R_2153.jpg,Kardus,dataset\Kardus\aug_92_kardus_R_2153.jpg,clean_balanced_dataset
aug_93_kardus_R_2152.jpg,Kardus,dataset\Kardus\aug_93_kardus_R_2152.jpg,clean_balanced_dataset
aug_94_kardus_R_2153.jpg,Kardus,dataset\Kardus\aug_94_kardus_R_2153.jpg,clean_balanced_dataset
aug_95_kardus_R_2153.jpg,Kardus,dataset\Kardus\aug_95_kardus_R_2153.jpg,clean_balanced_dataset
aug_96_kardus_R_2182.jpg,Kardus,dataset\Kardus\aug_96_kardus_R_2182.jpg,clean_balanced_dataset
aug_97_kardus_R_2173.jpg,Kardus,dataset\Kardus\aug_97_kardus_R_2173.jpg,clean_balanced_dataset
aug_98_kardus_R_2179.jpg,Kardus,dataset\Kardus\aug_98_kardus_R_2179.jpg,clean_balanced_dataset
aug_99_kardus_R_2155.jpg,Kardus,dataset\Kardus\aug_99_kardus_R_2155.jpg,clean_balanced_dataset
aug_9_kardus_R_2220.jpg,Kardus,dataset\Kardus\aug_9_kardus_R_2220.jpg,clean_balanced_dataset
kardus_R_2152.jpg,Kardus,dataset\Kardus\kardus_R_2152.jpg,clean_balanced_dataset
kardus_R_2153.jpg,Kardus,dataset\Kardus\kardus_R_2153.jpg,clean_balanced_dataset
kardus_R_2154.jpg,Kardus,dataset\Kardus\kardus_R_2154.jpg,clean_balanced_dataset
kardus_R_2155.jpg,Kardus,dataset\Kardus\kardus_R_2155.jpg,clean_balanced_dataset
kardus_R_2156.jpg,Kardus,dataset\Kardus\kardus_R_2156.jpg,clean_balanced_dataset
kardus_R_2157.jpg,Kardus,dataset\Kardus\kardus_R_2157.jpg,clean_balanced_dataset
kardus_R_2158.jpg,Kardus,dataset\Kardus\kardus_R_2158.jpg,clean_balanced_dataset
kardus_R_2159.jpg,Kardus,dataset\Kardus\kardus_R_2159.jpg,clean_balanced_dataset
kardus_R_2160.jpg,Kardus,dataset\Kardus\kardus_R_2160.jpg,clean_balanced_dataset
kardus_R_2161.jpg,Kardus,dataset\Kardus\kardus_R_2161.jpg,clean_balanced_dataset
kardus_R_2162.jpg,Kardus,dataset\Kardus\kardus_R_2162.jpg,clean_balanced_dataset
kardus_R_2163.jpg,Kardus,dataset\Kardus\kardus_R_2163.jpg,clean_balanced_dataset
kardus_R_2164.jpg,Kardus,dataset\Kardus\kardus_R_2164.jpg,clean_balanced_dataset
kardus_R_2165.jpg,Kardus,dataset\Kardus\kardus_R_2165.jpg,clean_balanced_dataset
kardus_R_2166.jpg,Kardus,dataset\Kardus\kardus_R_2166.jpg,clean_balanced_dataset
kardus_R_2167.jpg,Kardus,dataset\Kardus\kardus_R_2167.jpg,clean_balanced_dataset
kardus_R_2168.jpg,Kardus,dataset\Kardus\kardus_R_2168.jpg,clean_balanced_dataset
kardus_R_2169.jpg,Kardus,dataset\Kardus\kardus_R_2169.jpg,clean_balanced_dataset
kardus_R_2170.jpg,Kardus,dataset\Kardus\kardus_R_2170.jpg,clean_balanced_dataset
kardus_R_2171.jpg,Kardus,dataset\Kardus\kardus_R_2171.jpg,clean_balanced_dataset
kardus_R_2172.jpg,Kardus,dataset\Kardus\kardus_R_2172.jpg,clean_balanced_dataset
kardus_R_2173.jpg,Kardus,dataset\Kardus\kardus_R_2173.jpg,clean_balanced_dataset
kardus_R_2174.jpg,Kardus,dataset\Kardus\kardus_R_2174.jpg,clean_balanced_dataset
kardus_R_2175.jpg,Kardus,dataset\Kardus\kardus_R_2175.jpg,clean_balanced_dataset
kardus_R_2176.jpg,Kardus,dataset\Kardus\kardus_R_2176.jpg,clean_balanced_dataset
kardus_R_2177.jpg,Kardus,dataset\Kardus\kardus_R_2177.jpg,clean_balanced_dataset
kardus_R_2178.jpg,Kardus,dataset\Kardus\kardus_R_2178.jpg,clean_balanced_dataset
kardus_R_2179.jpg,Kardus,dataset\Kardus\kardus_R_2179.jpg,clean_balanced_dataset
kardus_R_2180.jpg,Kardus,dataset\Kardus\kardus_R_2180.jpg,clean_balanced_dataset
kardus_R_2181.jpg,Kardus,dataset\Kardus\kardus_R_2181.jpg,clean_balanced_dataset
kardus_R_2182.jpg,Kardus,dataset\Kardus\kardus_R_2182.jpg,clean_balanced_dataset
kardus_R_2183.jpg,Kardus,dataset\Kardus\kardus_R_2183.jpg,clean_balanced_dataset
kardus_R_2184.jpg,Kardus,dataset\Kardus\kardus_R_2184.jpg,clean_balanced_dataset
kardus_R_2185.jpg,Kardus,dataset\Kardus\kardus_R_2185.jpg,clean_balanced_dataset
kardus_R_2186.jpg,Kardus,dataset\Kardus\kardus_R_2186.jpg,clean_balanced_dataset
kardus_R_2187.jpg,Kardus,dataset\Kardus\kardus_R_2187.jpg,clean_balanced_dataset
kardus_R_2188.jpg,Kardus,dataset\Kardus\kardus_R_2188.jpg,clean_balanced_dataset
kardus_R_2189.jpg,Kardus,dataset\Kardus\kardus_R_2189.jpg,clean_balanced_dataset
kardus_R_2190.jpg,Kardus,dataset\Kardus\kardus_R_2190.jpg,clean_balanced_dataset
kardus_R_2191.jpg,Kardus,dataset\Kardus\kardus_R_2191.jpg,clean_balanced_dataset
kardus_R_2192.jpg,Kardus,dataset\Kardus\kardus_R_2192.jpg,clean_balanced_dataset
kardus_R_2193.jpg,Kardus,dataset\Kardus\kardus_R_2193.jpg,clean_balanced_dataset
kardus_R_2194.jpg,Kardus,dataset\Kardus\kardus_R_2194.jpg,clean_balanced_dataset
kardus_R_2195.jpg,Kardus,dataset\Kardus\kardus_R_2195.jpg,clean_balanced_dataset
kardus_R_2196.jpg,Kardus,dataset\Kardus\kardus_R_2196.jpg,clean_balanced_dataset
kardus_R_2197.jpg,Kardus,dataset\Kardus\kardus_R_2197.jpg,clean_balanced_dataset
kardus_R_2198.jpg,Kardus,dataset\Kardus\kardus_R_2198.jpg,clean_balanced_dataset
kardus_R_2199.jpg,Kardus,dataset\Kardus\kardus_R_2199.jpg,clean_balanced_dataset
kardus_R_2200.jpg,Kardus,dataset\Kardus\kardus_R_2200.jpg,clean_balanced_dataset
kardus_R_2201.jpg,Kardus,dataset\Kardus\kardus_R_2201.jpg,clean_balanced_dataset
kardus_R_2202.jpg,Kardus,dataset\Kardus\kardus_R_2202.jpg,clean_balanced_dataset
kardus_R_2203.jpg,Kardus,dataset\Kardus\kardus_R_2203.jpg,clean_balanced_dataset
kardus_R_2204.jpg,Kardus,dataset\Kardus\kardus_R_2204.jpg,clean_balanced_dataset
kardus_R_2205.jpg,Kardus,dataset\Kardus\kardus_R_2205.jpg,clean_balanced_dataset
kardus_R_2206.jpg,Kardus,dataset\Kardus\kardus_R_2206.jpg,clean_balanced_dataset
kardus_R_2207.jpg,Kardus,dataset\Kardus\kardus_R_2207.jpg,clean_balanced_dataset
kardus_R_2208.jpg,Kardus,dataset\Kardus\kardus_R_2208.jpg,clean_balanced_dataset
kardus_R_2209.jpg,Kardus,dataset\Kardus\kardus_R_2209.jpg,clean_balanced_dataset
kardus_R_2210.jpg,Kardus,dataset\Kardus\kardus_R_2210.jpg,clean_balanced_dataset
kardus_R_2211.jpg,Kardus,dataset\Kardus\kardus_R_2211.jpg,clean_balanced_dataset
kardus_R_2212.jpg,Kardus,dataset\Kardus\kardus_R_2212.jpg,clean_balanced_dataset
kardus_R_2213.jpg,Kardus,dataset\Kardus\kardus_R_2213.jpg,clean_balanced_dataset
kardus_R_2214.jpg,Kardus,dataset\Kardus\kardus_R_2214.jpg,clean_balanced_dataset
kardus_R_2215.jpg,Kardus,dataset\Kardus\kardus_R_2215.jpg,clean_balanced_dataset
kardus_R_2216.jpg,Kardus,dataset\Kardus\kardus_R_2216.jpg,clean_balanced_dataset
kardus_R_2217.jpg,Kardus,dataset\Kardus\kardus_R_2217.jpg,clean_balanced_dataset
kardus_R_2218.jpg,Kardus,dataset\Kardus\kardus_R_2218.jpg,clean_balanced_dataset
kardus_R_2219.jpg,Kardus,dataset\Kardus\kardus_R_2219.jpg,clean_balanced_dataset
kardus_R_2220.jpg,Kardus,dataset\Kardus\kardus_R_2220.jpg,clean_balanced_dataset
kardus_R_2221.jpg,Kardus,dataset\Kardus\kardus_R_2221.jpg,clean_balanced_dataset
kardus_R_2222.jpg,Kardus,dataset\Kardus\kardus_R_2222.jpg,clean_balanced_dataset
kardus_R_2223.jpg,Kardus,dataset\Kardus\kardus_R_2223.jpg,clean_balanced_dataset
kardus_R_2224.jpg,Kardus,dataset\Kardus\kardus_R_2224.jpg,clean_balanced_dataset
kardus_R_2225.jpg,Kardus,dataset\Kardus\kardus_R_2225.jpg,clean_balanced_dataset
kardus_R_2226.jpg,Kardus,dataset\Kardus\kardus_R_2226.jpg,clean_balanced_dataset
kardus_R_2227.jpg,Kardus,dataset\Kardus\kardus_R_2227.jpg,clean_balanced_dataset
kardus_R_2228.jpg,Kardus,dataset\Kardus\kardus_R_2228.jpg,clean_balanced_dataset
kardus_R_2229.jpg,Kardus,dataset\Kardus\kardus_R_2229.jpg,clean_balanced_dataset
kardus_R_2230.jpg,Kardus,dataset\Kardus\kardus_R_2230.jpg,clean_balanced_dataset
kardus_R_2231.jpg,Kardus,dataset\Kardus\kardus_R_2231.jpg,clean_balanced_dataset
kardus_R_2232.jpg,Kardus,dataset\Kardus\kardus_R_2232.jpg,clean_balanced_dataset
kardus_R_2233.jpg,Kardus,dataset\Kardus\kardus_R_2233.jpg,clean_balanced_dataset
kardus_R_2234.jpg,Kardus,dataset\Kardus\kardus_R_2234.jpg,clean_balanced_dataset
kardus_R_2235.jpg,Kardus,dataset\Kardus\kardus_R_2235.jpg,clean_balanced_dataset
kardus_R_2236.jpg,Kardus,dataset\Kardus\kardus_R_2236.jpg,clean_balanced_dataset
kardus_R_2237.jpg,Kardus,dataset\Kardus\kardus_R_2237.jpg,clean_balanced_dataset
kardus_R_2238.jpg,Kardus,dataset\Kardus\kardus_R_2238.jpg,clean_balanced_dataset
kardus_R_2239.jpg,Kardus,dataset\Kardus\kardus_R_2239.jpg,clean_balanced_dataset
kardus_R_2240.jpg,Kardus,dataset\Kardus\kardus_R_2240.jpg,clean_balanced_dataset
kardus_R_2241.jpg,Kardus,dataset\Kardus\kardus_R_2241.jpg,clean_balanced_dataset
kardus_R_2242.jpg,Kardus,dataset\Kardus\kardus_R_2242.jpg,clean_balanced_dataset
kardus_R_2243.jpg,Kardus,dataset\Kardus\kardus_R_2243.jpg,clean_balanced_dataset
kardus_R_2244.jpg,Kardus,dataset\Kardus\kardus_R_2244.jpg,clean_balanced_dataset
kardus_R_2245.jpg,Kardus,dataset\Kardus\kardus_R_2245.jpg,clean_balanced_dataset
kardus_R_2246.jpg,Kardus,dataset\Kardus\kardus_R_2246.jpg,clean_balanced_dataset
kardus_R_2247.jpg,Kardus,dataset\Kardus\kardus_R_2247.jpg,clean_balanced_dataset
kardus_R_2248.jpg,Kardus,dataset\Kardus\kardus_R_2248.jpg,clean_balanced_dataset
kardus_R_2249.jpg,Kardus,dataset\Kardus\kardus_R_2249.jpg,clean_balanced_dataset
kardus_R_2250.jpg,Kardus,dataset\Kardus\kardus_R_2250.jpg,clean_balanced_dataset
aug_0_kertas_R_2866.jpg,Kertas,dataset\Kertas\aug_0_kertas_R_2866.jpg,clean_balanced_dataset
aug_100_kertas_R_2871.jpg,Kertas,dataset\Kertas\aug_100_kertas_R_2871.jpg,clean_balanced_dataset
aug_10_kertas_R_2910.jpg,Kertas,dataset\Kertas\aug_10_kertas_R_2910.jpg,clean_balanced_dataset
aug_11_kertas_R_2929.jpg,Kertas,dataset\Kertas\aug_11_kertas_R_2929.jpg,clean_balanced_dataset
aug_12_kertas_R_2938.jpg,Kertas,dataset\Kertas\aug_12_kertas_R_2938.jpg,clean_balanced_dataset
aug_13_kertas_R_2932.jpg,Kertas,dataset\Kertas\aug_13_kertas_R_2932.jpg,clean_balanced_dataset
aug_14_kertas_R_2918.jpg,Kertas,dataset\Kertas\aug_14_kertas_R_2918.jpg,clean_balanced_dataset
aug_15_kertas_R_2939.jpg,Kertas,dataset\Kertas\aug_15_kertas_R_2939.jpg,clean_balanced_dataset
aug_16_kertas_R_2926.jpg,Kertas,dataset\Kertas\aug_16_kertas_R_2926.jpg,clean_balanced_dataset
aug_17_kertas_R_2853.jpg,Kertas,dataset\Kertas\aug_17_kertas_R_2853.jpg,clean_balanced_dataset
aug_18_kertas_R_2893.jpg,Kertas,dataset\Kertas\aug_18_kertas_R_2893.jpg,clean_balanced_dataset
aug_19_kertas_R_2939.jpg,Kertas,dataset\Kertas\aug_19_kertas_R_2939.jpg,clean_balanced_dataset
aug_1_kertas_R_2876.jpg,Kertas,dataset\Kertas\aug_1_kertas_R_2876.jpg,clean_balanced_dataset
aug_20_kertas_R_2885.jpg,Kertas,dataset\Kertas\aug_20_kertas_R_2885.jpg,clean_balanced_dataset
aug_21_kertas_R_2918.jpg,Kertas,dataset\Kertas\aug_21_kertas_R_2918.jpg,clean_balanced_dataset
aug_22_kertas_R_2942.jpg,Kertas,dataset\Kertas\aug_22_kertas_R_2942.jpg,clean_balanced_dataset
aug_23_kertas_R_2933.jpg,Kertas,dataset\Kertas\aug_23_kertas_R_2933.jpg,clean_balanced_dataset
aug_24_kertas_R_2854.jpg,Kertas,dataset\Kertas\aug_24_kertas_R_2854.jpg,clean_balanced_dataset
aug_25_kertas_R_2859.jpg,Kertas,dataset\Kertas\aug_25_kertas_R_2859.jpg,clean_balanced_dataset
aug_26_kertas_R_2851.jpg,Kertas,dataset\Kertas\aug_26_kertas_R_2851.jpg,clean_balanced_dataset
aug_27_kertas_R_2936.jpg,Kertas,dataset\Kertas\aug_27_kertas_R_2936.jpg,clean_balanced_dataset
aug_28_kertas_R_2930.jpg,Kertas,dataset\Kertas\aug_28_kertas_R_2930.jpg,clean_balanced_dataset
aug_29_kertas_R_2851.jpg,Kertas,dataset\Kertas\aug_29_kertas_R_2851.jpg,clean_balanced_dataset
aug_2_kertas_R_2939.jpg,Kertas,dataset\Kertas\aug_2_kertas_R_2939.jpg,clean_balanced_dataset
aug_30_kertas_R_2876.jpg,Kertas,dataset\Kertas\aug_30_kertas_R_2876.jpg,clean_balanced_dataset
aug_31_kertas_R_2858.jpg,Kertas,dataset\Kertas\aug_31_kertas_R_2858.jpg,clean_balanced_dataset
aug_32_kertas_R_2871.jpg,Kertas,dataset\Kertas\aug_32_kertas_R_2871.jpg,clean_balanced_dataset
aug_33_kertas_R_2854.jpg,Kertas,dataset\Kertas\aug_33_kertas_R_2854.jpg,clean_balanced_dataset
aug_34_kertas_R_2879.jpg,Kertas,dataset\Kertas\aug_34_kertas_R_2879.jpg,clean_balanced_dataset
aug_35_kertas_R_2936.jpg,Kertas,dataset\Kertas\aug_35_kertas_R_2936.jpg,clean_balanced_dataset
aug_36_kertas_R_2909.jpg,Kertas,dataset\Kertas\aug_36_kertas_R_2909.jpg,clean_balanced_dataset
aug_37_kertas_R_2928.jpg,Kertas,dataset\Kertas\aug_37_kertas_R_2928.jpg,clean_balanced_dataset
aug_38_kertas_R_2878.jpg,Kertas,dataset\Kertas\aug_38_kertas_R_2878.jpg,clean_balanced_dataset
aug_39_kertas_R_2856.jpg,Kertas,dataset\Kertas\aug_39_kertas_R_2856.jpg,clean_balanced_dataset
aug_3_kertas_R_2913.jpg,Kertas,dataset\Kertas\aug_3_kertas_R_2913.jpg,clean_balanced_dataset
aug_40_kertas_R_2861.jpg,Kertas,dataset\Kertas\aug_40_kertas_R_2861.jpg,clean_balanced_dataset
aug_41_kertas_R_2941.jpg,Kertas,dataset\Kertas\aug_41_kertas_R_2941.jpg,clean_balanced_dataset
aug_42_kertas_R_2871.jpg,Kertas,dataset\Kertas\aug_42_kertas_R_2871.jpg,clean_balanced_dataset
aug_43_kertas_R_2892.jpg,Kertas,dataset\Kertas\aug_43_kertas_R_2892.jpg,clean_balanced_dataset
aug_44_kertas_R_2849.jpg,Kertas,dataset\Kertas\aug_44_kertas_R_2849.jpg,clean_balanced_dataset
aug_45_kertas_R_2903.jpg,Kertas,dataset\Kertas\aug_45_kertas_R_2903.jpg,clean_balanced_dataset
aug_46_kertas_R_2941.jpg,Kertas,dataset\Kertas\aug_46_kertas_R_2941.jpg,clean_balanced_dataset
aug_47_kertas_R_2925.jpg,Kertas,dataset\Kertas\aug_47_kertas_R_2925.jpg,clean_balanced_dataset
aug_48_kertas_R_2890.jpg,Kertas,dataset\Kertas\aug_48_kertas_R_2890.jpg,clean_balanced_dataset
aug_49_kertas_R_2918.jpg,Kertas,dataset\Kertas\aug_49_kertas_R_2918.jpg,clean_balanced_dataset
aug_4_kertas_R_2934.jpg,Kertas,dataset\Kertas\aug_4_kertas_R_2934.jpg,clean_balanced_dataset
aug_50_kertas_R_2853.jpg,Kertas,dataset\Kertas\aug_50_kertas_R_2853.jpg,clean_balanced_dataset
aug_51_kertas_R_2904.jpg,Kertas,dataset\Kertas\aug_51_kertas_R_2904.jpg,clean_balanced_dataset
aug_52_kertas_R_2889.jpg,Kertas,dataset\Kertas\aug_52_kertas_R_2889.jpg,clean_balanced_dataset
aug_53_kertas_R_2928.jpg,Kertas,dataset\Kertas\aug_53_kertas_R_2928.jpg,clean_balanced_dataset
aug_54_kertas_R_2881.jpg,Kertas,dataset\Kertas\aug_54_kertas_R_2881.jpg,clean_balanced_dataset
aug_55_kertas_R_2932.jpg,Kertas,dataset\Kertas\aug_55_kertas_R_2932.jpg,clean_balanced_dataset
aug_56_kertas_R_2866.jpg,Kertas,dataset\Kertas\aug_56_kertas_R_2866.jpg,clean_balanced_dataset
aug_57_kertas_R_2870.jpg,Kertas,dataset\Kertas\aug_57_kertas_R_2870.jpg,clean_balanced_dataset
aug_58_kertas_R_2899.jpg,Kertas,dataset\Kertas\aug_58_kertas_R_2899.jpg,clean_balanced_dataset
aug_59_kertas_R_2896.jpg,Kertas,dataset\Kertas\aug_59_kertas_R_2896.jpg,clean_balanced_dataset
aug_5_kertas_R_2870.jpg,Kertas,dataset\Kertas\aug_5_kertas_R_2870.jpg,clean_balanced_dataset
aug_60_kertas_R_2854.jpg,Kertas,dataset\Kertas\aug_60_kertas_R_2854.jpg,clean_balanced_dataset
aug_61_kertas_R_2920.jpg,Kertas,dataset\Kertas\aug_61_kertas_R_2920.jpg,clean_balanced_dataset
aug_62_kertas_R_2910.jpg,Kertas,dataset\Kertas\aug_62_kertas_R_2910.jpg,clean_balanced_dataset
aug_63_kertas_R_2918.jpg,Kertas,dataset\Kertas\aug_63_kertas_R_2918.jpg,clean_balanced_dataset
aug_64_kertas_R_2879.jpg,Kertas,dataset\Kertas\aug_64_kertas_R_2879.jpg,clean_balanced_dataset
aug_65_kertas_R_2912.jpg,Kertas,dataset\Kertas\aug_65_kertas_R_2912.jpg,clean_balanced_dataset
aug_66_kertas_R_2897.jpg,Kertas,dataset\Kertas\aug_66_kertas_R_2897.jpg,clean_balanced_dataset
aug_67_kertas_R_2871.jpg,Kertas,dataset\Kertas\aug_67_kertas_R_2871.jpg,clean_balanced_dataset
aug_68_kertas_R_2887.jpg,Kertas,dataset\Kertas\aug_68_kertas_R_2887.jpg,clean_balanced_dataset
aug_69_kertas_R_2866.jpg,Kertas,dataset\Kertas\aug_69_kertas_R_2866.jpg,clean_balanced_dataset
aug_6_kertas_R_2888.jpg,Kertas,dataset\Kertas\aug_6_kertas_R_2888.jpg,clean_balanced_dataset
aug_70_kertas_R_2946.jpg,Kertas,dataset\Kertas\aug_70_kertas_R_2946.jpg,clean_balanced_dataset
aug_71_kertas_R_2921.jpg,Kertas,dataset\Kertas\aug_71_kertas_R_2921.jpg,clean_balanced_dataset
aug_72_kertas_R_2893.jpg,Kertas,dataset\Kertas\aug_72_kertas_R_2893.jpg,clean_balanced_dataset
aug_73_kertas_R_2917.jpg,Kertas,dataset\Kertas\aug_73_kertas_R_2917.jpg,clean_balanced_dataset
aug_74_kertas_R_2885.jpg,Kertas,dataset\Kertas\aug_74_kertas_R_2885.jpg,clean_balanced_dataset
aug_75_kertas_R_2868.jpg,Kertas,dataset\Kertas\aug_75_kertas_R_2868.jpg,clean_balanced_dataset
aug_76_kertas_R_2938.jpg,Kertas,dataset\Kertas\aug_76_kertas_R_2938.jpg,clean_balanced_dataset
aug_77_kertas_R_2928.jpg,Kertas,dataset\Kertas\aug_77_kertas_R_2928.jpg,clean_balanced_dataset
aug_78_kertas_R_2910.jpg,Kertas,dataset\Kertas\aug_78_kertas_R_2910.jpg,clean_balanced_dataset
aug_79_kertas_R_2943.jpg,Kertas,dataset\Kertas\aug_79_kertas_R_2943.jpg,clean_balanced_dataset
aug_7_kertas_R_2942.jpg,Kertas,dataset\Kertas\aug_7_kertas_R_2942.jpg,clean_balanced_dataset
aug_80_kertas_R_2897.jpg,Kertas,dataset\Kertas\aug_80_kertas_R_2897.jpg,clean_balanced_dataset
aug_81_kertas_R_2848.jpg,Kertas,dataset\Kertas\aug_81_kertas_R_2848.jpg,clean_balanced_dataset
aug_82_kertas_R_2946.jpg,Kertas,dataset\Kertas\aug_82_kertas_R_2946.jpg,clean_balanced_dataset
aug_83_kertas_R_2870.jpg,Kertas,dataset\Kertas\aug_83_kertas_R_2870.jpg,clean_balanced_dataset
aug_84_kertas_R_2859.jpg,Kertas,dataset\Kertas\aug_84_kertas_R_2859.jpg,clean_balanced_dataset
aug_85_kertas_R_2938.jpg,Kertas,dataset\Kertas\aug_85_kertas_R_2938.jpg,clean_balanced_dataset
aug_86_kertas_R_2865.jpg,Kertas,dataset\Kertas\aug_86_kertas_R_2865.jpg,clean_balanced_dataset
aug_87_kertas_R_2894.jpg,Kertas,dataset\Kertas\aug_87_kertas_R_2894.jpg,clean_balanced_dataset
aug_88_kertas_R_2919.jpg,Kertas,dataset\Kertas\aug_88_kertas_R_2919.jpg,clean_balanced_dataset
aug_89_kertas_R_2922.jpg,Kertas,dataset\Kertas\aug_89_kertas_R_2922.jpg,clean_balanced_dataset
aug_8_kertas_R_2852.jpg,Kertas,dataset\Kertas\aug_8_kertas_R_2852.jpg,clean_balanced_dataset
aug_90_kertas_R_2930.jpg,Kertas,dataset\Kertas\aug_90_kertas_R_2930.jpg,clean_balanced_dataset
aug_91_kertas_R_2892.jpg,Kertas,dataset\Kertas\aug_91_kertas_R_2892.jpg,clean_balanced_dataset
aug_92_kertas_R_2873.jpg,Kertas,dataset\Kertas\aug_92_kertas_R_2873.jpg,clean_balanced_dataset
aug_93_kertas_R_2916.jpg,Kertas,dataset\Kertas\aug_93_kertas_R_2916.jpg,clean_balanced_dataset
aug_94_kertas_R_2865.jpg,Kertas,dataset\Kertas\aug_94_kertas_R_2865.jpg,clean_balanced_dataset
aug_95_kertas_R_2856.jpg,Kertas,dataset\Kertas\aug_95_kertas_R_2856.jpg,clean_balanced_dataset
aug_96_kertas_R_2884.jpg,Kertas,dataset\Kertas\aug_96_kertas_R_2884.jpg,clean_balanced_dataset
aug_97_kertas_R_2865.jpg,Kertas,dataset\Kertas\aug_97_kertas_R_2865.jpg,clean_balanced_dataset
aug_98_kertas_R_2852.jpg,Kertas,dataset\Kertas\aug_98_kertas_R_2852.jpg,clean_balanced_dataset
aug_99_kertas_R_2908.jpg,Kertas,dataset\Kertas\aug_99_kertas_R_2908.jpg,clean_balanced_dataset
aug_9_kertas_R_2915.jpg,Kertas,dataset\Kertas\aug_9_kertas_R_2915.jpg,clean_balanced_dataset
kertas_R_2848.jpg,Kertas,dataset\Kertas\kertas_R_2848.jpg,clean_balanced_dataset
kertas_R_2849.jpg,Kertas,dataset\Kertas\kertas_R_2849.jpg,clean_balanced_dataset
kertas_R_2850.jpg,Kertas,dataset\Kertas\kertas_R_2850.jpg,clean_balanced_dataset
kertas_R_2851.jpg,Kertas,dataset\Kertas\kertas_R_2851.jpg,clean_balanced_dataset
kertas_R_2852.jpg,Kertas,dataset\Kertas\kertas_R_2852.jpg,clean_balanced_dataset
kertas_R_2853.jpg,Kertas,dataset\Kertas\kertas_R_2853.jpg,clean_balanced_dataset
kertas_R_2854.jpg,Kertas,dataset\Kertas\kertas_R_2854.jpg,clean_balanced_dataset
kertas_R_2855.jpg,Kertas,dataset\Kertas\kertas_R_2855.jpg,clean_balanced_dataset
kertas_R_2856.jpg,Kertas,dataset\Kertas\kertas_R_2856.jpg,clean_balanced_dataset
kertas_R_2857.jpg,Kertas,dataset\Kertas\kertas_R_2857.jpg,clean_balanced_dataset
kertas_R_2858.jpg,Kertas,dataset\Kertas\kertas_R_2858.jpg,clean_balanced_dataset
kertas_R_2859.jpg,Kertas,dataset\Kertas\kertas_R_2859.jpg,clean_balanced_dataset
kertas_R_2860.jpg,Kertas,dataset\Kertas\kertas_R_2860.jpg,clean_balanced_dataset
kertas_R_2861.jpg,Kertas,dataset\Kertas\kertas_R_2861.jpg,clean_balanced_dataset
kertas_R_2862.jpg,Kertas,dataset\Kertas\kertas_R_2862.jpg,clean_balanced_dataset
kertas_R_2863.jpg,Kertas,dataset\Kertas\kertas_R_2863.jpg,clean_balanced_dataset
kertas_R_2864.jpg,Kertas,dataset\Kertas\kertas_R_2864.jpg,clean_balanced_dataset
kertas_R_2865.jpg,Kertas,dataset\Kertas\kertas_R_2865.jpg,clean_balanced_dataset
kertas_R_2866.jpg,Kertas,dataset\Kertas\kertas_R_2866.jpg,clean_balanced_dataset
kertas_R_2867.jpg,Kertas,dataset\Kertas\kertas_R_2867.jpg,clean_balanced_dataset
kertas_R_2868.jpg,Kertas,dataset\Kertas\kertas_R_2868.jpg,clean_balanced_dataset
kertas_R_2869.jpg,Kertas,dataset\Kertas\kertas_R_2869.jpg,clean_balanced_dataset
kertas_R_2870.jpg,Kertas,dataset\Kertas\kertas_R_2870.jpg,clean_balanced_dataset
kertas_R_2871.jpg,Kertas,dataset\Kertas\kertas_R_2871.jpg,clean_balanced_dataset
kertas_R_2872.jpg,Kertas,dataset\Kertas\kertas_R_2872.jpg,clean_balanced_dataset
kertas_R_2873.jpg,Kertas,dataset\Kertas\kertas_R_2873.jpg,clean_balanced_dataset
kertas_R_2874.jpg,Kertas,dataset\Kertas\kertas_R_2874.jpg,clean_balanced_dataset
kertas_R_2875.jpg,Kertas,dataset\Kertas\kertas_R_2875.jpg,clean_balanced_dataset
kertas_R_2876.jpg,Kertas,dataset\Kertas\kertas_R_2876.jpg,clean_balanced_dataset
kertas_R_2877.jpg,Kertas,dataset\Kertas\kertas_R_2877.jpg,clean_balanced_dataset
kertas_R_2878.jpg,Kertas,dataset\Kertas\kertas_R_2878.jpg,clean_balanced_dataset
kertas_R_2879.jpg,Kertas,dataset\Kertas\kertas_R_2879.jpg,clean_balanced_dataset
kertas_R_2880.jpg,Kertas,dataset\Kertas\kertas_R_2880.jpg,clean_balanced_dataset
kertas_R_2881.jpg,Kertas,dataset\Kertas\kertas_R_2881.jpg,clean_balanced_dataset
kertas_R_2882.jpg,Kertas,dataset\Kertas\kertas_R_2882.jpg,clean_balanced_dataset
kertas_R_2883.jpg,Kertas,dataset\Kertas\kertas_R_2883.jpg,clean_balanced_dataset
kertas_R_2884.jpg,Kertas,dataset\Kertas\kertas_R_2884.jpg,clean_balanced_dataset
kertas_R_2885.jpg,Kertas,dataset\Kertas\kertas_R_2885.jpg,clean_balanced_dataset
kertas_R_2886.jpg,Kertas,dataset\Kertas\kertas_R_2886.jpg,clean_balanced_dataset
kertas_R_2887.jpg,Kertas,dataset\Kertas\kertas_R_2887.jpg,clean_balanced_dataset
kertas_R_2888.jpg,Kertas,dataset\Kertas\kertas_R_2888.jpg,clean_balanced_dataset
kertas_R_2889.jpg,Kertas,dataset\Kertas\kertas_R_2889.jpg,clean_balanced_dataset
kertas_R_2890.jpg,Kertas,dataset\Kertas\kertas_R_2890.jpg,clean_balanced_dataset
kertas_R_2891.jpg,Kertas,dataset\Kertas\kertas_R_2891.jpg,clean_balanced_dataset
kertas_R_2892.jpg,Kertas,dataset\Kertas\kertas_R_2892.jpg,clean_balanced_dataset
kertas_R_2893.jpg,Kertas,dataset\Kertas\kertas_R_2893.jpg,clean_balanced_dataset
kertas_R_2894.jpg,Kertas,dataset\Kertas\kertas_R_2894.jpg,clean_balanced_dataset
kertas_R_2895.jpg,Kertas,dataset\Kertas\kertas_R_2895.jpg,clean_balanced_dataset
kertas_R_2896.jpg,Kertas,dataset\Kertas\kertas_R_2896.jpg,clean_balanced_dataset
kertas_R_2897.jpg,Kertas,dataset\Kertas\kertas_R_2897.jpg,clean_balanced_dataset
kertas_R_2898.jpg,Kertas,dataset\Kertas\kertas_R_2898.jpg,clean_balanced_dataset
kertas_R_2899.jpg,Kertas,dataset\Kertas\kertas_R_2899.jpg,clean_balanced_dataset
kertas_R_2900.jpg,Kertas,dataset\Kertas\kertas_R_2900.jpg,clean_balanced_dataset
kertas_R_2901.jpg,Kertas,dataset\Kertas\kertas_R_2901.jpg,clean_balanced_dataset
kertas_R_2902.jpg,Kertas,dataset\Kertas\kertas_R_2902.jpg,clean_balanced_dataset
kertas_R_2903.jpg,Kertas,dataset\Kertas\kertas_R_2903.jpg,clean_balanced_dataset
kertas_R_2904.jpg,Kertas,dataset\Kertas\kertas_R_2904.jpg,clean_balanced_dataset
kertas_R_2905.jpg,Kertas,dataset\Kertas\kertas_R_2905.jpg,clean_balanced_dataset
kertas_R_2906.jpg,Kertas,dataset\Kertas\kertas_R_2906.jpg,clean_balanced_dataset
kertas_R_2907.jpg,Kertas,dataset\Kertas\kertas_R_2907.jpg,clean_balanced_dataset
kertas_R_2908.jpg,Kertas,dataset\Kertas\kertas_R_2908.jpg,clean_balanced_dataset
kertas_R_2909.jpg,Kertas,dataset\Kertas\kertas_R_2909.jpg,clean_balanced_dataset
kertas_R_2910.jpg,Kertas,dataset\Kertas\kertas_R_2910.jpg,clean_balanced_dataset
kertas_R_2911.jpg,Kertas,dataset\Kertas\kertas_R_2911.jpg,clean_balanced_dataset
kertas_R_2912.jpg,Kertas,dataset\Kertas\kertas_R_2912.jpg,clean_balanced_dataset
kertas_R_2913.jpg,Kertas,dataset\Kertas\kertas_R_2913.jpg,clean_balanced_dataset
kertas_R_2914.jpg,Kertas,dataset\Kertas\kertas_R_2914.jpg,clean_balanced_dataset
kertas_R_2915.jpg,Kertas,dataset\Kertas\kertas_R_2915.jpg,clean_balanced_dataset
kertas_R_2916.jpg,Kertas,dataset\Kertas\kertas_R_2916.jpg,clean_balanced_dataset
kertas_R_2917.jpg,Kertas,dataset\Kertas\kertas_R_2917.jpg,clean_balanced_dataset
kertas_R_2918.jpg,Kertas,dataset\Kertas\kertas_R_2918.jpg,clean_balanced_dataset
kertas_R_2919.jpg,Kertas,dataset\Kertas\kertas_R_2919.jpg,clean_balanced_dataset
kertas_R_2920.jpg,Kertas,dataset\Kertas\kertas_R_2920.jpg,clean_balanced_dataset
kertas_R_2921.jpg,Kertas,dataset\Kertas\kertas_R_2921.jpg,clean_balanced_dataset
kertas_R_2922.jpg,Kertas,dataset\Kertas\kertas_R_2922.jpg,clean_balanced_dataset
kertas_R_2923.jpg,Kertas,dataset\Kertas\kertas_R_2923.jpg,clean_balanced_dataset
kertas_R_2924.jpg,Kertas,dataset\Kertas\kertas_R_2924.jpg,clean_balanced_dataset
kertas_R_2925.jpg,Kertas,dataset\Kertas\kertas_R_2925.jpg,clean_balanced_dataset
kertas_R_2926.jpg,Kertas,dataset\Kertas\kertas_R_2926.jpg,clean_balanced_dataset
kertas_R_2927.jpg,Kertas,dataset\Kertas\kertas_R_2927.jpg,clean_balanced_dataset
kertas_R_2928.jpg,Kertas,dataset\Kertas\kertas_R_2928.jpg,clean_balanced_dataset
kertas_R_2929.jpg,Kertas,dataset\Kertas\kertas_R_2929.jpg,clean_balanced_dataset
kertas_R_2930.jpg,Kertas,dataset\Kertas\kertas_R_2930.jpg,clean_balanced_dataset
kertas_R_2931.jpg,Kertas,dataset\Kertas\kertas_R_2931.jpg,clean_balanced_dataset
kertas_R_2932.jpg,Kertas,dataset\Kertas\kertas_R_2932.jpg,clean_balanced_dataset
kertas_R_2933.jpg,Kertas,dataset\Kertas\kertas_R_2933.jpg,clean_balanced_dataset
kertas_R_2934.jpg,Kertas,dataset\Kertas\kertas_R_2934.jpg,clean_balanced_dataset
kertas_R_2935.jpg,Kertas,dataset\Kertas\kertas_R_2935.jpg,clean_balanced_dataset
kertas_R_2936.jpg,Kertas,dataset\Kertas\kertas_R_2936.jpg,clean_balanced_dataset
kertas_R_2937.jpg,Kertas,dataset\Kertas\kertas_R_2937.jpg,clean_balanced_dataset
kertas_R_2938.jpg,Kertas,dataset\Kertas\kertas_R_2938.jpg,clean_balanced_dataset
kertas_R_2939.jpg,Kertas,dataset\Kertas\kertas_R_2939.jpg,clean_balanced_dataset
kertas_R_2940.jpg,Kertas,dataset\Kertas\kertas_R_2940.jpg,clean_balanced_dataset
kertas_R_2941.jpg,Kertas,dataset\Kertas\kertas_R_2941.jpg,clean_balanced_dataset
kertas_R_2942.jpg,Kertas,dataset\Kertas\kertas_R_2942.jpg,clean_balanced_dataset
kertas_R_2943.jpg,Kertas,dataset\Kertas\kertas_R_2943.jpg,clean_balanced_dataset
kertas_R_2944.jpg,Kertas,dataset\Kertas\kertas_R_2944.jpg,clean_balanced_dataset
kertas_R_2945.jpg,Kertas,dataset\Kertas\kertas_R_2945.jpg,clean_balanced_dataset
kertas_R_2946.jpg,Kertas,dataset\Kertas\kertas_R_2946.jpg,clean_balanced_dataset
aug_0_logam_R_1627.jpg,Logam,dataset\Logam\aug_0_logam_R_1627.jpg,clean_balanced_dataset
aug_100_logam_R_1707.jpg,Logam,dataset\Logam\aug_100_logam_R_1707.jpg,clean_balanced_dataset
aug_10_logam_R_1670.jpg,Logam,dataset\Logam\aug_10_logam_R_1670.jpg,clean_balanced_dataset
aug_11_logam_R_1677.jpg,Logam,dataset\Logam\aug_11_logam_R_1677.jpg,clean_balanced_dataset
aug_12_logam_R_1651.jpg,Logam,dataset\Logam\aug_12_logam_R_1651.jpg,clean_balanced_dataset
aug_13_logam_R_1661.jpg,Logam,dataset\Logam\aug_13_logam_R_1661.jpg,clean_balanced_dataset
aug_14_logam_R_1707.jpg,Logam,dataset\Logam\aug_14_logam_R_1707.jpg,clean_balanced_dataset
aug_15_logam_R_1696.jpg,Logam,dataset\Logam\aug_15_logam_R_1696.jpg,clean_balanced_dataset
aug_16_logam_R_1652.jpg,Logam,dataset\Logam\aug_16_logam_R_1652.jpg,clean_balanced_dataset
aug_17_logam_R_1643.jpg,Logam,dataset\Logam\aug_17_logam_R_1643.jpg,clean_balanced_dataset
aug_18_logam_R_1629.jpg,Logam,dataset\Logam\aug_18_logam_R_1629.jpg,clean_balanced_dataset
aug_19_logam_R_1679.jpg,Logam,dataset\Logam\aug_19_logam_R_1679.jpg,clean_balanced_dataset
aug_1_logam_R_1693.jpg,Logam,dataset\Logam\aug_1_logam_R_1693.jpg,clean_balanced_dataset
aug_20_logam_R_1720.jpg,Logam,dataset\Logam\aug_20_logam_R_1720.jpg,clean_balanced_dataset
aug_21_logam_R_1670.jpg,Logam,dataset\Logam\aug_21_logam_R_1670.jpg,clean_balanced_dataset
aug_22_logam_R_1698.jpg,Logam,dataset\Logam\aug_22_logam_R_1698.jpg,clean_balanced_dataset
aug_23_logam_R_1671.jpg,Logam,dataset\Logam\aug_23_logam_R_1671.jpg,clean_balanced_dataset
aug_24_logam_R_1685.jpg,Logam,dataset\Logam\aug_24_logam_R_1685.jpg,clean_balanced_dataset
aug_25_logam_R_1719.jpg,Logam,dataset\Logam\aug_25_logam_R_1719.jpg,clean_balanced_dataset
aug_26_logam_R_1647.jpg,Logam,dataset\Logam\aug_26_logam_R_1647.jpg,clean_balanced_dataset
aug_27_logam_R_1718.jpg,Logam,dataset\Logam\aug_27_logam_R_1718.jpg,clean_balanced_dataset
aug_28_logam_R_1707.jpg,Logam,dataset\Logam\aug_28_logam_R_1707.jpg,clean_balanced_dataset
aug_29_logam_R_1680.jpg,Logam,dataset\Logam\aug_29_logam_R_1680.jpg,clean_balanced_dataset
aug_2_logam_R_1668.jpg,Logam,dataset\Logam\aug_2_logam_R_1668.jpg,clean_balanced_dataset
aug_30_logam_R_1666.jpg,Logam,dataset\Logam\aug_30_logam_R_1666.jpg,clean_balanced_dataset
aug_31_logam_R_1664.jpg,Logam,dataset\Logam\aug_31_logam_R_1664.jpg,clean_balanced_dataset
aug_32_logam_R_1671.jpg,Logam,dataset\Logam\aug_32_logam_R_1671.jpg,clean_balanced_dataset
aug_33_logam_R_1703.jpg,Logam,dataset\Logam\aug_33_logam_R_1703.jpg,clean_balanced_dataset
aug_34_logam_R_1647.jpg,Logam,dataset\Logam\aug_34_logam_R_1647.jpg,clean_balanced_dataset
aug_35_logam_R_1676.jpg,Logam,dataset\Logam\aug_35_logam_R_1676.jpg,clean_balanced_dataset
aug_36_logam_R_1719.jpg,Logam,dataset\Logam\aug_36_logam_R_1719.jpg,clean_balanced_dataset
aug_37_logam_R_1710.jpg,Logam,dataset\Logam\aug_37_logam_R_1710.jpg,clean_balanced_dataset
aug_38_logam_R_1707.jpg,Logam,dataset\Logam\aug_38_logam_R_1707.jpg,clean_balanced_dataset
aug_39_logam_R_1702.jpg,Logam,dataset\Logam\aug_39_logam_R_1702.jpg,clean_balanced_dataset
aug_3_logam_R_1718.jpg,Logam,dataset\Logam\aug_3_logam_R_1718.jpg,clean_balanced_dataset
aug_40_logam_R_1657.jpg,Logam,dataset\Logam\aug_40_logam_R_1657.jpg,clean_balanced_dataset
aug_41_logam_R_1676.jpg,Logam,dataset\Logam\aug_41_logam_R_1676.jpg,clean_balanced_dataset
aug_42_logam_R_1659.jpg,Logam,dataset\Logam\aug_42_logam_R_1659.jpg,clean_balanced_dataset
aug_43_logam_R_1687.jpg,Logam,dataset\Logam\aug_43_logam_R_1687.jpg,clean_balanced_dataset
aug_44_logam_R_1678.jpg,Logam,dataset\Logam\aug_44_logam_R_1678.jpg,clean_balanced_dataset
aug_45_logam_R_1664.jpg,Logam,dataset\Logam\aug_45_logam_R_1664.jpg,clean_balanced_dataset
aug_46_logam_R_1681.jpg,Logam,dataset\Logam\aug_46_logam_R_1681.jpg,clean_balanced_dataset
aug_47_logam_R_1651.jpg,Logam,dataset\Logam\aug_47_logam_R_1651.jpg,clean_balanced_dataset
aug_48_logam_R_1682.jpg,Logam,dataset\Logam\aug_48_logam_R_1682.jpg,clean_balanced_dataset
aug_49_logam_R_1676.jpg,Logam,dataset\Logam\aug_49_logam_R_1676.jpg,clean_balanced_dataset
aug_4_logam_R_1632.jpg,Logam,dataset\Logam\aug_4_logam_R_1632.jpg,clean_balanced_dataset
aug_50_logam_R_1690.jpg,Logam,dataset\Logam\aug_50_logam_R_1690.jpg,clean_balanced_dataset
aug_51_logam_R_1681.jpg,Logam,dataset\Logam\aug_51_logam_R_1681.jpg,clean_balanced_dataset
aug_52_logam_R_1631.jpg,Logam,dataset\Logam\aug_52_logam_R_1631.jpg,clean_balanced_dataset
aug_53_logam_R_1669.jpg,Logam,dataset\Logam\aug_53_logam_R_1669.jpg,clean_balanced_dataset
aug_54_logam_R_1700.jpg,Logam,dataset\Logam\aug_54_logam_R_1700.jpg,clean_balanced_dataset
aug_55_logam_R_1631.jpg,Logam,dataset\Logam\aug_55_logam_R_1631.jpg,clean_balanced_dataset
aug_56_logam_R_1674.jpg,Logam,dataset\Logam\aug_56_logam_R_1674.jpg,clean_balanced_dataset
aug_57_logam_R_1660.jpg,Logam,dataset\Logam\aug_57_logam_R_1660.jpg,clean_balanced_dataset
aug_58_logam_R_1663.jpg,Logam,dataset\Logam\aug_58_logam_R_1663.jpg,clean_balanced_dataset
aug_59_logam_R_1714.jpg,Logam,dataset\Logam\aug_59_logam_R_1714.jpg,clean_balanced_dataset
aug_5_logam_R_1702.jpg,Logam,dataset\Logam\aug_5_logam_R_1702.jpg,clean_balanced_dataset
aug_60_logam_R_1717.jpg,Logam,dataset\Logam\aug_60_logam_R_1717.jpg,clean_balanced_dataset
aug_61_logam_R_1714.jpg,Logam,dataset\Logam\aug_61_logam_R_1714.jpg,clean_balanced_dataset
aug_62_logam_R_1697.jpg,Logam,dataset\Logam\aug_62_logam_R_1697.jpg,clean_balanced_dataset
aug_63_logam_R_1656.jpg,Logam,dataset\Logam\aug_63_logam_R_1656.jpg,clean_balanced_dataset
aug_64_logam_R_1655.jpg,Logam,dataset\Logam\aug_64_logam_R_1655.jpg,clean_balanced_dataset
aug_65_logam_R_1643.jpg,Logam,dataset\Logam\aug_65_logam_R_1643.jpg,clean_balanced_dataset
aug_66_logam_R_1641.jpg,Logam,dataset\Logam\aug_66_logam_R_1641.jpg,clean_balanced_dataset
aug_67_logam_R_1707.jpg,Logam,dataset\Logam\aug_67_logam_R_1707.jpg,clean_balanced_dataset
aug_68_logam_R_1630.jpg,Logam,dataset\Logam\aug_68_logam_R_1630.jpg,clean_balanced_dataset
aug_69_logam_R_1650.jpg,Logam,dataset\Logam\aug_69_logam_R_1650.jpg,clean_balanced_dataset
aug_6_logam_R_1670.jpg,Logam,dataset\Logam\aug_6_logam_R_1670.jpg,clean_balanced_dataset
aug_70_logam_R_1695.jpg,Logam,dataset\Logam\aug_70_logam_R_1695.jpg,clean_balanced_dataset
aug_71_logam_R_1648.jpg,Logam,dataset\Logam\aug_71_logam_R_1648.jpg,clean_balanced_dataset
aug_72_logam_R_1671.jpg,Logam,dataset\Logam\aug_72_logam_R_1671.jpg,clean_balanced_dataset
aug_73_logam_R_1654.jpg,Logam,dataset\Logam\aug_73_logam_R_1654.jpg,clean_balanced_dataset
aug_74_logam_R_1675.jpg,Logam,dataset\Logam\aug_74_logam_R_1675.jpg,clean_balanced_dataset
aug_75_logam_R_1700.jpg,Logam,dataset\Logam\aug_75_logam_R_1700.jpg,clean_balanced_dataset
aug_76_logam_R_1699.jpg,Logam,dataset\Logam\aug_76_logam_R_1699.jpg,clean_balanced_dataset
aug_77_logam_R_1628.jpg,Logam,dataset\Logam\aug_77_logam_R_1628.jpg,clean_balanced_dataset
aug_78_logam_R_1635.jpg,Logam,dataset\Logam\aug_78_logam_R_1635.jpg,clean_balanced_dataset
aug_79_logam_R_1627.jpg,Logam,dataset\Logam\aug_79_logam_R_1627.jpg,clean_balanced_dataset
aug_7_logam_R_1699.jpg,Logam,dataset\Logam\aug_7_logam_R_1699.jpg,clean_balanced_dataset
aug_80_logam_R_1691.jpg,Logam,dataset\Logam\aug_80_logam_R_1691.jpg,clean_balanced_dataset
aug_81_logam_R_1688.jpg,Logam,dataset\Logam\aug_81_logam_R_1688.jpg,clean_balanced_dataset
aug_82_logam_R_1641.jpg,Logam,dataset\Logam\aug_82_logam_R_1641.jpg,clean_balanced_dataset
aug_83_logam_R_1718.jpg,Logam,dataset\Logam\aug_83_logam_R_1718.jpg,clean_balanced_dataset
aug_84_logam_R_1669.jpg,Logam,dataset\Logam\aug_84_logam_R_1669.jpg,clean_balanced_dataset
aug_85_logam_R_1658.jpg,Logam,dataset\Logam\aug_85_logam_R_1658.jpg,clean_balanced_dataset
aug_86_logam_R_1643.jpg,Logam,dataset\Logam\aug_86_logam_R_1643.jpg,clean_balanced_dataset
aug_87_logam_R_1672.jpg,Logam,dataset\Logam\aug_87_logam_R_1672.jpg,clean_balanced_dataset
aug_88_logam_R_1706.jpg,Logam,dataset\Logam\aug_88_logam_R_1706.jpg,clean_balanced_dataset
aug_89_logam_R_1690.jpg,Logam,dataset\Logam\aug_89_logam_R_1690.jpg,clean_balanced_dataset
aug_8_logam_R_1714.jpg,Logam,dataset\Logam\aug_8_logam_R_1714.jpg,clean_balanced_dataset
aug_90_logam_R_1721.jpg,Logam,dataset\Logam\aug_90_logam_R_1721.jpg,clean_balanced_dataset
aug_91_logam_R_1708.jpg,Logam,dataset\Logam\aug_91_logam_R_1708.jpg,clean_balanced_dataset
aug_92_logam_R_1667.jpg,Logam,dataset\Logam\aug_92_logam_R_1667.jpg,clean_balanced_dataset
aug_93_logam_R_1627.jpg,Logam,dataset\Logam\aug_93_logam_R_1627.jpg,clean_balanced_dataset
aug_94_logam_R_1705.jpg,Logam,dataset\Logam\aug_94_logam_R_1705.jpg,clean_balanced_dataset
aug_95_logam_R_1721.jpg,Logam,dataset\Logam\aug_95_logam_R_1721.jpg,clean_balanced_dataset
aug_96_logam_R_1681.jpg,Logam,dataset\Logam\aug_96_logam_R_1681.jpg,clean_balanced_dataset
aug_97_logam_R_1689.jpg,Logam,dataset\Logam\aug_97_logam_R_1689.jpg,clean_balanced_dataset
aug_98_logam_R_1673.jpg,Logam,dataset\Logam\aug_98_logam_R_1673.jpg,clean_balanced_dataset
aug_99_logam_R_1628.jpg,Logam,dataset\Logam\aug_99_logam_R_1628.jpg,clean_balanced_dataset
aug_9_logam_R_1653.jpg,Logam,dataset\Logam\aug_9_logam_R_1653.jpg,clean_balanced_dataset
logam_R_1623.jpg,Logam,dataset\Logam\logam_R_1623.jpg,clean_balanced_dataset
logam_R_1624.jpg,Logam,dataset\Logam\logam_R_1624.jpg,clean_balanced_dataset
logam_R_1625.jpg,Logam,dataset\Logam\logam_R_1625.jpg,clean_balanced_dataset
logam_R_1626.jpg,Logam,dataset\Logam\logam_R_1626.jpg,clean_balanced_dataset
logam_R_1627.jpg,Logam,dataset\Logam\logam_R_1627.jpg,clean_balanced_dataset
logam_R_1628.jpg,Logam,dataset\Logam\logam_R_1628.jpg,clean_balanced_dataset
logam_R_1629.jpg,Logam,dataset\Logam\logam_R_1629.jpg,clean_balanced_dataset
logam_R_1630.jpg,Logam,dataset\Logam\logam_R_1630.jpg,clean_balanced_dataset
logam_R_1631.jpg,Logam,dataset\Logam\logam_R_1631.jpg,clean_balanced_dataset
logam_R_1632.jpg,Logam,dataset\Logam\logam_R_1632.jpg,clean_balanced_dataset
logam_R_1633.jpg,Logam,dataset\Logam\logam_R_1633.jpg,clean_balanced_dataset
logam_R_1634.jpg,Logam,dataset\Logam\logam_R_1634.jpg,clean_balanced_dataset
logam_R_1635.jpg,Logam,dataset\Logam\logam_R_1635.jpg,clean_balanced_dataset
logam_R_1636.jpg,Logam,dataset\Logam\logam_R_1636.jpg,clean_balanced_dataset
logam_R_1637.jpg,Logam,dataset\Logam\logam_R_1637.jpg,clean_balanced_dataset
logam_R_1638.jpg,Logam,dataset\Logam\logam_R_1638.jpg,clean_balanced_dataset
logam_R_1639.jpg,Logam,dataset\Logam\logam_R_1639.jpg,clean_balanced_dataset
logam_R_1640.jpg,Logam,dataset\Logam\logam_R_1640.jpg,clean_balanced_dataset
logam_R_1641.jpg,Logam,dataset\Logam\logam_R_1641.jpg,clean_balanced_dataset
logam_R_1642.jpg,Logam,dataset\Logam\logam_R_1642.jpg,clean_balanced_dataset
logam_R_1643.jpg,Logam,dataset\Logam\logam_R_1643.jpg,clean_balanced_dataset
logam_R_1644.jpg,Logam,dataset\Logam\logam_R_1644.jpg,clean_balanced_dataset
logam_R_1645.jpg,Logam,dataset\Logam\logam_R_1645.jpg,clean_balanced_dataset
logam_R_1646.jpg,Logam,dataset\Logam\logam_R_1646.jpg,clean_balanced_dataset
logam_R_1647.jpg,Logam,dataset\Logam\logam_R_1647.jpg,clean_balanced_dataset
logam_R_1648.jpg,Logam,dataset\Logam\logam_R_1648.jpg,clean_balanced_dataset
logam_R_1649.jpg,Logam,dataset\Logam\logam_R_1649.jpg,clean_balanced_dataset
logam_R_1650.jpg,Logam,dataset\Logam\logam_R_1650.jpg,clean_balanced_dataset
logam_R_1651.jpg,Logam,dataset\Logam\logam_R_1651.jpg,clean_balanced_dataset
logam_R_1652.jpg,Logam,dataset\Logam\logam_R_1652.jpg,clean_balanced_dataset
logam_R_1653.jpg,Logam,dataset\Logam\logam_R_1653.jpg,clean_balanced_dataset
logam_R_1654.jpg,Logam,dataset\Logam\logam_R_1654.jpg,clean_balanced_dataset
logam_R_1655.jpg,Logam,dataset\Logam\logam_R_1655.jpg,clean_balanced_dataset
logam_R_1656.jpg,Logam,dataset\Logam\logam_R_1656.jpg,clean_balanced_dataset
logam_R_1657.jpg,Logam,dataset\Logam\logam_R_1657.jpg,clean_balanced_dataset
logam_R_1658.jpg,Logam,dataset\Logam\logam_R_1658.jpg,clean_balanced_dataset
logam_R_1659.jpg,Logam,dataset\Logam\logam_R_1659.jpg,clean_balanced_dataset
logam_R_1660.jpg,Logam,dataset\Logam\logam_R_1660.jpg,clean_balanced_dataset
logam_R_1661.jpg,Logam,dataset\Logam\logam_R_1661.jpg,clean_balanced_dataset
logam_R_1662.jpg,Logam,dataset\Logam\logam_R_1662.jpg,clean_balanced_dataset
logam_R_1663.jpg,Logam,dataset\Logam\logam_R_1663.jpg,clean_balanced_dataset
logam_R_1664.jpg,Logam,dataset\Logam\logam_R_1664.jpg,clean_balanced_dataset
logam_R_1665.jpg,Logam,dataset\Logam\logam_R_1665.jpg,clean_balanced_dataset
logam_R_1666.jpg,Logam,dataset\Logam\logam_R_1666.jpg,clean_balanced_dataset
logam_R_1667.jpg,Logam,dataset\Logam\logam_R_1667.jpg,clean_balanced_dataset
logam_R_1668.jpg,Logam,dataset\Logam\logam_R_1668.jpg,clean_balanced_dataset
logam_R_1669.jpg,Logam,dataset\Logam\logam_R_1669.jpg,clean_balanced_dataset
logam_R_1670.jpg,Logam,dataset\Logam\logam_R_1670.jpg,clean_balanced_dataset
logam_R_1671.jpg,Logam,dataset\Logam\logam_R_1671.jpg,clean_balanced_dataset
logam_R_1672.jpg,Logam,dataset\Logam\logam_R_1672.jpg,clean_balanced_dataset
logam_R_1673.jpg,Logam,dataset\Logam\logam_R_1673.jpg,clean_balanced_dataset
logam_R_1674.jpg,Logam,dataset\Logam\logam_R_1674.jpg,clean_balanced_dataset
logam_R_1675.jpg,Logam,dataset\Logam\logam_R_1675.jpg,clean_balanced_dataset
logam_R_1676.jpg,Logam,dataset\Logam\logam_R_1676.jpg,clean_balanced_dataset
logam_R_1677.jpg,Logam,dataset\Logam\logam_R_1677.jpg,clean_balanced_dataset
logam_R_1678.jpg,Logam,dataset\Logam\logam_R_1678.jpg,clean_balanced_dataset
logam_R_1679.jpg,Logam,dataset\Logam\logam_R_1679.jpg,clean_balanced_dataset
logam_R_1680.jpg,Logam,dataset\Logam\logam_R_1680.jpg,clean_balanced_dataset
logam_R_1681.jpg,Logam,dataset\Logam\logam_R_1681.jpg,clean_balanced_dataset
logam_R_1682.jpg,Logam,dataset\Logam\logam_R_1682.jpg,clean_balanced_dataset
logam_R_1683.jpg,Logam,dataset\Logam\logam_R_1683.jpg,clean_balanced_dataset
logam_R_1684.jpg,Logam,dataset\Logam\logam_R_1684.jpg,clean_balanced_dataset
logam_R_1685.jpg,Logam,dataset\Logam\logam_R_1685.jpg,clean_balanced_dataset
logam_R_1686.jpg,Logam,dataset\Logam\logam_R_1686.jpg,clean_balanced_dataset
logam_R_1687.jpg,Logam,dataset\Logam\logam_R_1687.jpg,clean_balanced_dataset
logam_R_1688.jpg,Logam,dataset\Logam\logam_R_1688.jpg,clean_balanced_dataset
logam_R_1689.jpg,Logam,dataset\Logam\logam_R_1689.jpg,clean_balanced_dataset
logam_R_1690.jpg,Logam,dataset\Logam\logam_R_1690.jpg,clean_balanced_dataset
logam_R_1691.jpg,Logam,dataset\Logam\logam_R_1691.jpg,clean_balanced_dataset
logam_R_1692.jpg,Logam,dataset\Logam\logam_R_1692.jpg,clean_balanced_dataset
logam_R_1693.jpg,Logam,dataset\Logam\logam_R_1693.jpg,clean_balanced_dataset
logam_R_1694.jpg,Logam,dataset\Logam\logam_R_1694.jpg,clean_balanced_dataset
logam_R_1695.jpg,Logam,dataset\Logam\logam_R_1695.jpg,clean_balanced_dataset
logam_R_1696.jpg,Logam,dataset\Logam\logam_R_1696.jpg,clean_balanced_dataset
logam_R_1697.jpg,Logam,dataset\Logam\logam_R_1697.jpg,clean_balanced_dataset
logam_R_1698.jpg,Logam,dataset\Logam\logam_R_1698.jpg,clean_balanced_dataset
logam_R_1699.jpg,Logam,dataset\Logam\logam_R_1699.jpg,clean_balanced_dataset
logam_R_1700.jpg,Logam,dataset\Logam\logam_R_1700.jpg,clean_balanced_dataset
logam_R_1701.jpg,Logam,dataset\Logam\logam_R_1701.jpg,clean_balanced_dataset
logam_R_1702.jpg,Logam,dataset\Logam\logam_R_1702.jpg,clean_balanced_dataset
logam_R_1703.jpg,Logam,dataset\Logam\logam_R_1703.jpg,clean_balanced_dataset
logam_R_1704.jpg,Logam,dataset\Logam\logam_R_1704.jpg,clean_balanced_dataset
logam_R_1705.jpg,Logam,dataset\Logam\logam_R_1705.jpg,clean_balanced_dataset
logam_R_1706.jpg,Logam,dataset\Logam\logam_R_1706.jpg,clean_balanced_dataset
logam_R_1707.jpg,Logam,dataset\Logam\logam_R_1707.jpg,clean_balanced_dataset
logam_R_1708.jpg,Logam,dataset\Logam\logam_R_1708.jpg,clean_balanced_dataset
logam_R_1709.jpg,Logam,dataset\Logam\logam_R_1709.jpg,clean_balanced_dataset
logam_R_1710.jpg,Logam,dataset\Logam\logam_R_1710.jpg,clean_balanced_dataset
logam_R_1711.jpg,Logam,dataset\Logam\logam_R_1711.jpg,clean_balanced_dataset
logam_R_1712.jpg,Logam,dataset\Logam\logam_R_1712.jpg,clean_balanced_dataset
logam_R_1713.jpg,Logam,dataset\Logam\logam_R_1713.jpg,clean_balanced_dataset
logam_R_1714.jpg,Logam,dataset\Logam\logam_R_1714.jpg,clean_balanced_dataset
logam_R_1715.jpg,Logam,dataset\Logam\logam_R_1715.jpg,clean_balanced_dataset
logam_R_1716.jpg,Logam,dataset\Logam\logam_R_1716.jpg,clean_balanced_dataset
logam_R_1717.jpg,Logam,dataset\Logam\logam_R_1717.jpg,clean_balanced_dataset
logam_R_1718.jpg,Logam,dataset\Logam\logam_R_1718.jpg,clean_balanced_dataset
logam_R_1719.jpg,Logam,dataset\Logam\logam_R_1719.jpg,clean_balanced_dataset
logam_R_1720.jpg,Logam,dataset\Logam\logam_R_1720.jpg,clean_balanced_dataset
logam_R_1721.jpg,Logam,dataset\Logam\logam_R_1721.jpg,clean_balanced_dataset
aug_0_organic_food-waste-18_aug1784.jpg,organic,dataset\organic\aug_0_organic_food-waste-18_aug1784.jpg,clean_balanced_dataset
aug_100_organic_food-waste-6_aug2389.jpg,organic,dataset\organic\aug_100_organic_food-waste-6_aug2389.jpg,clean_balanced_dataset
aug_10_organic_food-waste-21_aug2376.jpg,organic,dataset\organic\aug_10_organic_food-waste-21_aug2376.jpg,clean_balanced_dataset
aug_11_organic_food-waste-23_aug791.jpg,organic,dataset\organic\aug_11_organic_food-waste-23_aug791.jpg,clean_balanced_dataset
aug_12_organic_food-waste-8_aug1637.jpg,organic,dataset\organic\aug_12_organic_food-waste-8_aug1637.jpg,clean_balanced_dataset
aug_13_organic_food-waste-11_aug464.jpg,organic,dataset\organic\aug_13_organic_food-waste-11_aug464.jpg,clean_balanced_dataset
aug_14_organic_food-waste-6_aug2389.jpg,organic,dataset\organic\aug_14_organic_food-waste-6_aug2389.jpg,clean_balanced_dataset
aug_15_organic_food-waste-3_aug1991.jpg,organic,dataset\organic\aug_15_organic_food-waste-3_aug1991.jpg,clean_balanced_dataset
aug_16_organic_food-waste-11_aug464.jpg,organic,dataset\organic\aug_16_organic_food-waste-11_aug464.jpg,clean_balanced_dataset
aug_17_organic_food-waste-25_aug473.jpg,organic,dataset\organic\aug_17_organic_food-waste-25_aug473.jpg,clean_balanced_dataset
aug_18_organic_food-waste-6_aug2389.jpg,organic,dataset\organic\aug_18_organic_food-waste-6_aug2389.jpg,clean_balanced_dataset
aug_19_organic_food-waste-15_aug2428.jpg,organic,dataset\organic\aug_19_organic_food-waste-15_aug2428.jpg,clean_balanced_dataset
aug_1_organic_food-waste-25_aug1253.jpg,organic,dataset\organic\aug_1_organic_food-waste-25_aug1253.jpg,clean_balanced_dataset
aug_20_organic_food-waste-25_aug473.jpg,organic,dataset\organic\aug_20_organic_food-waste-25_aug473.jpg,clean_balanced_dataset
aug_21_organic_food-waste-3_aug1580.jpg,organic,dataset\organic\aug_21_organic_food-waste-3_aug1580.jpg,clean_balanced_dataset
aug_22_organic_food-waste-6_aug2496.jpg,organic,dataset\organic\aug_22_organic_food-waste-6_aug2496.jpg,clean_balanced_dataset
aug_23_organic_food-waste-8_aug1637.jpg,organic,dataset\organic\aug_23_organic_food-waste-8_aug1637.jpg,clean_balanced_dataset
aug_24_organic_food-waste-19_aug1875.jpg,organic,dataset\organic\aug_24_organic_food-waste-19_aug1875.jpg,clean_balanced_dataset
aug_25_organic_food-waste-6_aug2496.jpg,organic,dataset\organic\aug_25_organic_food-waste-6_aug2496.jpg,clean_balanced_dataset
aug_26_organic_food-waste-8_aug1976.jpg,organic,dataset\organic\aug_26_organic_food-waste-8_aug1976.jpg,clean_balanced_dataset
aug_27_organic_food-waste-15_aug26.jpg,organic,dataset\organic\aug_27_organic_food-waste-15_aug26.jpg,clean_balanced_dataset
aug_28_organic_food-waste-18_aug394.jpg,organic,dataset\organic\aug_28_organic_food-waste-18_aug394.jpg,clean_balanced_dataset
aug_29_organic_food-waste-20_aug2655.jpg,organic,dataset\organic\aug_29_organic_food-waste-20_aug2655.jpg,clean_balanced_dataset
aug_2_organic_food-waste-24_aug943.jpg,organic,dataset\organic\aug_2_organic_food-waste-24_aug943.jpg,clean_balanced_dataset
aug_30_organic_food-waste-18_aug1784.jpg,organic,dataset\organic\aug_30_organic_food-waste-18_aug1784.jpg,clean_balanced_dataset
aug_31_organic_food-waste-15_aug714.jpg,organic,dataset\organic\aug_31_organic_food-waste-15_aug714.jpg,clean_balanced_dataset
aug_32_organic_food-waste-25_aug260.jpg,organic,dataset\organic\aug_32_organic_food-waste-25_aug260.jpg,clean_balanced_dataset
aug_33_organic_food-waste-23_aug791.jpg,organic,dataset\organic\aug_33_organic_food-waste-23_aug791.jpg,clean_balanced_dataset
aug_34_organic_food-waste-18_aug1784.jpg,organic,dataset\organic\aug_34_organic_food-waste-18_aug1784.jpg,clean_balanced_dataset
aug_35_organic_food-waste-12_aug1765.jpg,organic,dataset\organic\aug_35_organic_food-waste-12_aug1765.jpg,clean_balanced_dataset
aug_36_organic_food-waste-8_aug1744.jpg,organic,dataset\organic\aug_36_organic_food-waste-8_aug1744.jpg,clean_balanced_dataset
aug_37_organic_food-waste-18_aug2370.jpg,organic,dataset\organic\aug_37_organic_food-waste-18_aug2370.jpg,clean_balanced_dataset
aug_38_organic_food-waste-2_aug1853.jpg,organic,dataset\organic\aug_38_organic_food-waste-2_aug1853.jpg,clean_balanced_dataset
aug_39_organic_food-waste-8_aug868.jpg,organic,dataset\organic\aug_39_organic_food-waste-8_aug868.jpg,clean_balanced_dataset
aug_3_organic_food-waste-6_aug478.jpg,organic,dataset\organic\aug_3_organic_food-waste-6_aug478.jpg,clean_balanced_dataset
aug_40_organic_food-waste-4_aug1622.jpg,organic,dataset\organic\aug_40_organic_food-waste-4_aug1622.jpg,clean_balanced_dataset
aug_41_organic_food-waste-3_aug1137.jpg,organic,dataset\organic\aug_41_organic_food-waste-3_aug1137.jpg,clean_balanced_dataset
aug_42_organic_food-waste-14_aug2592.jpg,organic,dataset\organic\aug_42_organic_food-waste-14_aug2592.jpg,clean_balanced_dataset
aug_43_organic_food-waste-24_aug914.jpg,organic,dataset\organic\aug_43_organic_food-waste-24_aug914.jpg,clean_balanced_dataset
aug_44_organic_food-waste-24_aug943.jpg,organic,dataset\organic\aug_44_organic_food-waste-24_aug943.jpg,clean_balanced_dataset
aug_45_organic_food-waste-19_aug2690.jpg,organic,dataset\organic\aug_45_organic_food-waste-19_aug2690.jpg,clean_balanced_dataset
aug_46_organic_food-waste-7_aug1509.jpg,organic,dataset\organic\aug_46_organic_food-waste-7_aug1509.jpg,clean_balanced_dataset
aug_47_organic_food-waste-12_aug303.jpg,organic,dataset\organic\aug_47_organic_food-waste-12_aug303.jpg,clean_balanced_dataset
aug_48_organic_food-waste-14_aug969.jpg,organic,dataset\organic\aug_48_organic_food-waste-14_aug969.jpg,clean_balanced_dataset
aug_49_organic_food-waste-14_aug163.jpg,organic,dataset\organic\aug_49_organic_food-waste-14_aug163.jpg,clean_balanced_dataset
aug_4_organic_food-waste-18_aug2370.jpg,organic,dataset\organic\aug_4_organic_food-waste-18_aug2370.jpg,clean_balanced_dataset
aug_50_organic_food-waste-3_aug1137.jpg,organic,dataset\organic\aug_50_organic_food-waste-3_aug1137.jpg,clean_balanced_dataset
aug_51_organic_food-waste-25_aug260.jpg,organic,dataset\organic\aug_51_organic_food-waste-25_aug260.jpg,clean_balanced_dataset
aug_52_organic_food-waste-20_aug1955.jpg,organic,dataset\organic\aug_52_organic_food-waste-20_aug1955.jpg,clean_balanced_dataset
aug_53_organic_food-waste-1_aug666.jpg,organic,dataset\organic\aug_53_organic_food-waste-1_aug666.jpg,clean_balanced_dataset
aug_54_organic_food-waste-10_aug1335.jpg,organic,dataset\organic\aug_54_organic_food-waste-10_aug1335.jpg,clean_balanced_dataset
aug_55_organic_food-waste-14_aug1897.jpg,organic,dataset\organic\aug_55_organic_food-waste-14_aug1897.jpg,clean_balanced_dataset
aug_56_organic_food-waste-19_aug1726.jpg,organic,dataset\organic\aug_56_organic_food-waste-19_aug1726.jpg,clean_balanced_dataset
aug_57_organic_food-waste-23_aug791.jpg,organic,dataset\organic\aug_57_organic_food-waste-23_aug791.jpg,clean_balanced_dataset
aug_58_organic_food-waste-14_aug969.jpg,organic,dataset\organic\aug_58_organic_food-waste-14_aug969.jpg,clean_balanced_dataset
aug_59_organic_food-waste-20_aug2655.jpg,organic,dataset\organic\aug_59_organic_food-waste-20_aug2655.jpg,clean_balanced_dataset
aug_5_organic_food-waste-14_aug1866.jpg,organic,dataset\organic\aug_5_organic_food-waste-14_aug1866.jpg,clean_balanced_dataset
aug_60_organic_food-waste-17_aug1036.jpg,organic,dataset\organic\aug_60_organic_food-waste-17_aug1036.jpg,clean_balanced_dataset
aug_61_organic_food-waste-8_aug1637.jpg,organic,dataset\organic\aug_61_organic_food-waste-8_aug1637.jpg,clean_balanced_dataset
aug_62_organic_food-waste-6_aug1569.jpg,organic,dataset\organic\aug_62_organic_food-waste-6_aug1569.jpg,clean_balanced_dataset
aug_63_organic_food-waste-2_aug1853.jpg,organic,dataset\organic\aug_63_organic_food-waste-2_aug1853.jpg,clean_balanced_dataset
aug_64_organic_food-waste-10_aug777.jpg,organic,dataset\organic\aug_64_organic_food-waste-10_aug777.jpg,clean_balanced_dataset
aug_65_organic_food-waste-7_aug1509.jpg,organic,dataset\organic\aug_65_organic_food-waste-7_aug1509.jpg,clean_balanced_dataset
aug_66_organic_food-waste-12_aug1765.jpg,organic,dataset\organic\aug_66_organic_food-waste-12_aug1765.jpg,clean_balanced_dataset
aug_67_organic_food-waste-19_aug2690.jpg,organic,dataset\organic\aug_67_organic_food-waste-19_aug2690.jpg,clean_balanced_dataset
aug_68_organic_food-waste-9_aug1277.jpg,organic,dataset\organic\aug_68_organic_food-waste-9_aug1277.jpg,clean_balanced_dataset
aug_69_organic_food-waste-23_aug2654.jpg,organic,dataset\organic\aug_69_organic_food-waste-23_aug2654.jpg,clean_balanced_dataset
aug_6_organic_food-waste-12_aug1003.jpg,organic,dataset\organic\aug_6_organic_food-waste-12_aug1003.jpg,clean_balanced_dataset
aug_70_organic_food-waste-7_aug1509.jpg,organic,dataset\organic\aug_70_organic_food-waste-7_aug1509.jpg,clean_balanced_dataset
aug_71_organic_food-waste-20_aug2655.jpg,organic,dataset\organic\aug_71_organic_food-waste-20_aug2655.jpg,clean_balanced_dataset
aug_72_organic_food-waste-6.jpg,organic,dataset\organic\aug_72_organic_food-waste-6.jpg,clean_balanced_dataset
aug_73_organic_food-waste-9_aug1277.jpg,organic,dataset\organic\aug_73_organic_food-waste-9_aug1277.jpg,clean_balanced_dataset
aug_74_organic_food-waste-14_aug2592.jpg,organic,dataset\organic\aug_74_organic_food-waste-14_aug2592.jpg,clean_balanced_dataset
aug_75_organic_food-waste-14_aug2592.jpg,organic,dataset\organic\aug_75_organic_food-waste-14_aug2592.jpg,clean_balanced_dataset
aug_76_organic_food-waste-11_aug464.jpg,organic,dataset\organic\aug_76_organic_food-waste-11_aug464.jpg,clean_balanced_dataset
aug_77_organic_food-waste-8_aug1744.jpg,organic,dataset\organic\aug_77_organic_food-waste-8_aug1744.jpg,clean_balanced_dataset
aug_78_organic_food-waste-19_aug1875.jpg,organic,dataset\organic\aug_78_organic_food-waste-19_aug1875.jpg,clean_balanced_dataset
aug_79_organic_food-waste-22_aug938.jpg,organic,dataset\organic\aug_79_organic_food-waste-22_aug938.jpg,clean_balanced_dataset
aug_7_organic_food-waste-14_aug1540.jpg,organic,dataset\organic\aug_7_organic_food-waste-14_aug1540.jpg,clean_balanced_dataset
aug_80_organic_food-waste-12_aug1765.jpg,organic,dataset\organic\aug_80_organic_food-waste-12_aug1765.jpg,clean_balanced_dataset
aug_81_organic_food-waste-22_aug2719.jpg,organic,dataset\organic\aug_81_organic_food-waste-22_aug2719.jpg,clean_balanced_dataset
aug_82_organic_food-waste-4_aug284.jpg,organic,dataset\organic\aug_82_organic_food-waste-4_aug284.jpg,clean_balanced_dataset
aug_83_organic_food-waste-7_aug1426.jpg,organic,dataset\organic\aug_83_organic_food-waste-7_aug1426.jpg,clean_balanced_dataset
aug_84_organic_food-waste-23_aug791.jpg,organic,dataset\organic\aug_84_organic_food-waste-23_aug791.jpg,clean_balanced_dataset
aug_85_organic_food-waste-25_aug260.jpg,organic,dataset\organic\aug_85_organic_food-waste-25_aug260.jpg,clean_balanced_dataset
aug_86_organic_food-waste-18_aug1069.jpg,organic,dataset\organic\aug_86_organic_food-waste-18_aug1069.jpg,clean_balanced_dataset
aug_87_organic_food-waste-10_aug2265.jpg,organic,dataset\organic\aug_87_organic_food-waste-10_aug2265.jpg,clean_balanced_dataset
aug_88_organic_food-waste-10_aug2265.jpg,organic,dataset\organic\aug_88_organic_food-waste-10_aug2265.jpg,clean_balanced_dataset
aug_89_organic_food-waste-19_aug2690.jpg,organic,dataset\organic\aug_89_organic_food-waste-19_aug2690.jpg,clean_balanced_dataset
aug_8_organic_food-waste-12.jpg,organic,dataset\organic\aug_8_organic_food-waste-12.jpg,clean_balanced_dataset
aug_90_organic_food-waste-18_aug1784.jpg,organic,dataset\organic\aug_90_organic_food-waste-18_aug1784.jpg,clean_balanced_dataset
aug_91_organic_food-waste-10_aug1335.jpg,organic,dataset\organic\aug_91_organic_food-waste-10_aug1335.jpg,clean_balanced_dataset
aug_92_organic_food-waste-14_aug2592.jpg,organic,dataset\organic\aug_92_organic_food-waste-14_aug2592.jpg,clean_balanced_dataset
aug_93_organic_food-waste-7_aug175.jpg,organic,dataset\organic\aug_93_organic_food-waste-7_aug175.jpg,clean_balanced_dataset
aug_94_organic_food-waste-14_aug1897.jpg,organic,dataset\organic\aug_94_organic_food-waste-14_aug1897.jpg,clean_balanced_dataset
aug_95_organic_food-waste-17_aug1206.jpg,organic,dataset\organic\aug_95_organic_food-waste-17_aug1206.jpg,clean_balanced_dataset
aug_96_organic_food-waste-23_aug2654.jpg,organic,dataset\organic\aug_96_organic_food-waste-23_aug2654.jpg,clean_balanced_dataset
aug_97_organic_food-waste-14_aug1866.jpg,organic,dataset\organic\aug_97_organic_food-waste-14_aug1866.jpg,clean_balanced_dataset
aug_98_organic_food-waste-7_aug1520.jpg,organic,dataset\organic\aug_98_organic_food-waste-7_aug1520.jpg,clean_balanced_dataset
aug_99_organic_food-waste-2_aug2824.jpg,organic,dataset\organic\aug_99_organic_food-waste-2_aug2824.jpg,clean_balanced_dataset
aug_9_organic_food-waste-17_aug1036.jpg,organic,dataset\organic\aug_9_organic_food-waste-17_aug1036.jpg,clean_balanced_dataset
organic_food-waste-10.jpg,organic,dataset\organic\organic_food-waste-10.jpg,clean_balanced_dataset
organic_food-waste-10_aug1335.jpg,organic,dataset\organic\organic_food-waste-10_aug1335.jpg,clean_balanced_dataset
organic_food-waste-10_aug2265.jpg,organic,dataset\organic\organic_food-waste-10_aug2265.jpg,clean_balanced_dataset
organic_food-waste-10_aug777.jpg,organic,dataset\organic\organic_food-waste-10_aug777.jpg,clean_balanced_dataset
organic_food-waste-11_aug464.jpg,organic,dataset\organic\organic_food-waste-11_aug464.jpg,clean_balanced_dataset
organic_food-waste-12.jpg,organic,dataset\organic\organic_food-waste-12.jpg,clean_balanced_dataset
organic_food-waste-12_aug1003.jpg,organic,dataset\organic\organic_food-waste-12_aug1003.jpg,clean_balanced_dataset
organic_food-waste-12_aug1765.jpg,organic,dataset\organic\organic_food-waste-12_aug1765.jpg,clean_balanced_dataset
organic_food-waste-12_aug303.jpg,organic,dataset\organic\organic_food-waste-12_aug303.jpg,clean_balanced_dataset
organic_food-waste-13_aug1071.jpg,organic,dataset\organic\organic_food-waste-13_aug1071.jpg,clean_balanced_dataset
organic_food-waste-13_aug140.jpg,organic,dataset\organic\organic_food-waste-13_aug140.jpg,clean_balanced_dataset
organic_food-waste-13_aug2716.jpg,organic,dataset\organic\organic_food-waste-13_aug2716.jpg,clean_balanced_dataset
organic_food-waste-13_aug43.jpg,organic,dataset\organic\organic_food-waste-13_aug43.jpg,clean_balanced_dataset
organic_food-waste-13_aug824.jpg,organic,dataset\organic\organic_food-waste-13_aug824.jpg,clean_balanced_dataset
organic_food-waste-14_aug1540.jpg,organic,dataset\organic\organic_food-waste-14_aug1540.jpg,clean_balanced_dataset
organic_food-waste-14_aug1554.jpg,organic,dataset\organic\organic_food-waste-14_aug1554.jpg,clean_balanced_dataset
organic_food-waste-14_aug163.jpg,organic,dataset\organic\organic_food-waste-14_aug163.jpg,clean_balanced_dataset
organic_food-waste-14_aug1866.jpg,organic,dataset\organic\organic_food-waste-14_aug1866.jpg,clean_balanced_dataset
organic_food-waste-14_aug1897.jpg,organic,dataset\organic\organic_food-waste-14_aug1897.jpg,clean_balanced_dataset
organic_food-waste-14_aug2592.jpg,organic,dataset\organic\organic_food-waste-14_aug2592.jpg,clean_balanced_dataset
organic_food-waste-14_aug969.jpg,organic,dataset\organic\organic_food-waste-14_aug969.jpg,clean_balanced_dataset
organic_food-waste-15_aug2428.jpg,organic,dataset\organic\organic_food-waste-15_aug2428.jpg,clean_balanced_dataset
organic_food-waste-15_aug26.jpg,organic,dataset\organic\organic_food-waste-15_aug26.jpg,clean_balanced_dataset
organic_food-waste-15_aug412.jpg,organic,dataset\organic\organic_food-waste-15_aug412.jpg,clean_balanced_dataset
organic_food-waste-15_aug714.jpg,organic,dataset\organic\organic_food-waste-15_aug714.jpg,clean_balanced_dataset
organic_food-waste-16_aug162.jpg,organic,dataset\organic\organic_food-waste-16_aug162.jpg,clean_balanced_dataset
organic_food-waste-16_aug2239.jpg,organic,dataset\organic\organic_food-waste-16_aug2239.jpg,clean_balanced_dataset
organic_food-waste-16_aug2478.jpg,organic,dataset\organic\organic_food-waste-16_aug2478.jpg,clean_balanced_dataset
organic_food-waste-17_aug1036.jpg,organic,dataset\organic\organic_food-waste-17_aug1036.jpg,clean_balanced_dataset
organic_food-waste-17_aug1206.jpg,organic,dataset\organic\organic_food-waste-17_aug1206.jpg,clean_balanced_dataset
organic_food-waste-17_aug1785.jpg,organic,dataset\organic\organic_food-waste-17_aug1785.jpg,clean_balanced_dataset
organic_food-waste-18_aug1027.jpg,organic,dataset\organic\organic_food-waste-18_aug1027.jpg,clean_balanced_dataset
organic_food-waste-18_aug1069.jpg,organic,dataset\organic\organic_food-waste-18_aug1069.jpg,clean_balanced_dataset
organic_food-waste-18_aug1784.jpg,organic,dataset\organic\organic_food-waste-18_aug1784.jpg,clean_balanced_dataset
organic_food-waste-18_aug2370.jpg,organic,dataset\organic\organic_food-waste-18_aug2370.jpg,clean_balanced_dataset
organic_food-waste-18_aug394.jpg,organic,dataset\organic\organic_food-waste-18_aug394.jpg,clean_balanced_dataset
organic_food-waste-19_aug1726.jpg,organic,dataset\organic\organic_food-waste-19_aug1726.jpg,clean_balanced_dataset
organic_food-waste-19_aug1875.jpg,organic,dataset\organic\organic_food-waste-19_aug1875.jpg,clean_balanced_dataset
organic_food-waste-19_aug2386.jpg,organic,dataset\organic\organic_food-waste-19_aug2386.jpg,clean_balanced_dataset
organic_food-waste-19_aug2690.jpg,organic,dataset\organic\organic_food-waste-19_aug2690.jpg,clean_balanced_dataset
organic_food-waste-19_aug385.jpg,organic,dataset\organic\organic_food-waste-19_aug385.jpg,clean_balanced_dataset
organic_food-waste-19_aug77.jpg,organic,dataset\organic\organic_food-waste-19_aug77.jpg,clean_balanced_dataset
organic_food-waste-1_aug107.jpg,organic,dataset\organic\organic_food-waste-1_aug107.jpg,clean_balanced_dataset
organic_food-waste-1_aug1950.jpg,organic,dataset\organic\organic_food-waste-1_aug1950.jpg,clean_balanced_dataset
organic_food-waste-1_aug666.jpg,organic,dataset\organic\organic_food-waste-1_aug666.jpg,clean_balanced_dataset
organic_food-waste-1_aug744.jpg,organic,dataset\organic\organic_food-waste-1_aug744.jpg,clean_balanced_dataset
organic_food-waste-1_aug816.jpg,organic,dataset\organic\organic_food-waste-1_aug816.jpg,clean_balanced_dataset
organic_food-waste-20_aug1955.jpg,organic,dataset\organic\organic_food-waste-20_aug1955.jpg,clean_balanced_dataset
organic_food-waste-20_aug2567.jpg,organic,dataset\organic\organic_food-waste-20_aug2567.jpg,clean_balanced_dataset
organic_food-waste-20_aug2655.jpg,organic,dataset\organic\organic_food-waste-20_aug2655.jpg,clean_balanced_dataset
organic_food-waste-20_aug643.jpg,organic,dataset\organic\organic_food-waste-20_aug643.jpg,clean_balanced_dataset
organic_food-waste-21_aug2376.jpg,organic,dataset\organic\organic_food-waste-21_aug2376.jpg,clean_balanced_dataset
organic_food-waste-21_aug413.jpg,organic,dataset\organic\organic_food-waste-21_aug413.jpg,clean_balanced_dataset
organic_food-waste-22_aug2423.jpg,organic,dataset\organic\organic_food-waste-22_aug2423.jpg,clean_balanced_dataset
organic_food-waste-22_aug2719.jpg,organic,dataset\organic\organic_food-waste-22_aug2719.jpg,clean_balanced_dataset
organic_food-waste-22_aug863.jpg,organic,dataset\organic\organic_food-waste-22_aug863.jpg,clean_balanced_dataset
organic_food-waste-22_aug938.jpg,organic,dataset\organic\organic_food-waste-22_aug938.jpg,clean_balanced_dataset
organic_food-waste-23_aug2522.jpg,organic,dataset\organic\organic_food-waste-23_aug2522.jpg,clean_balanced_dataset
organic_food-waste-23_aug2654.jpg,organic,dataset\organic\organic_food-waste-23_aug2654.jpg,clean_balanced_dataset
organic_food-waste-23_aug791.jpg,organic,dataset\organic\organic_food-waste-23_aug791.jpg,clean_balanced_dataset
organic_food-waste-24_aug914.jpg,organic,dataset\organic\organic_food-waste-24_aug914.jpg,clean_balanced_dataset
organic_food-waste-24_aug943.jpg,organic,dataset\organic\organic_food-waste-24_aug943.jpg,clean_balanced_dataset
organic_food-waste-24_aug985.jpg,organic,dataset\organic\organic_food-waste-24_aug985.jpg,clean_balanced_dataset
organic_food-waste-25_aug1253.jpg,organic,dataset\organic\organic_food-waste-25_aug1253.jpg,clean_balanced_dataset
organic_food-waste-25_aug260.jpg,organic,dataset\organic\organic_food-waste-25_aug260.jpg,clean_balanced_dataset
organic_food-waste-25_aug473.jpg,organic,dataset\organic\organic_food-waste-25_aug473.jpg,clean_balanced_dataset
organic_food-waste-25_aug801.jpg,organic,dataset\organic\organic_food-waste-25_aug801.jpg,clean_balanced_dataset
organic_food-waste-2_aug1853.jpg,organic,dataset\organic\organic_food-waste-2_aug1853.jpg,clean_balanced_dataset
organic_food-waste-2_aug2032.jpg,organic,dataset\organic\organic_food-waste-2_aug2032.jpg,clean_balanced_dataset
organic_food-waste-2_aug2824.jpg,organic,dataset\organic\organic_food-waste-2_aug2824.jpg,clean_balanced_dataset
organic_food-waste-3_aug1137.jpg,organic,dataset\organic\organic_food-waste-3_aug1137.jpg,clean_balanced_dataset
organic_food-waste-3_aug1580.jpg,organic,dataset\organic\organic_food-waste-3_aug1580.jpg,clean_balanced_dataset
organic_food-waste-3_aug1991.jpg,organic,dataset\organic\organic_food-waste-3_aug1991.jpg,clean_balanced_dataset
organic_food-waste-4_aug1622.jpg,organic,dataset\organic\organic_food-waste-4_aug1622.jpg,clean_balanced_dataset
organic_food-waste-4_aug1882.jpg,organic,dataset\organic\organic_food-waste-4_aug1882.jpg,clean_balanced_dataset
organic_food-waste-4_aug2118.jpg,organic,dataset\organic\organic_food-waste-4_aug2118.jpg,clean_balanced_dataset
organic_food-waste-4_aug2381.jpg,organic,dataset\organic\organic_food-waste-4_aug2381.jpg,clean_balanced_dataset
organic_food-waste-4_aug284.jpg,organic,dataset\organic\organic_food-waste-4_aug284.jpg,clean_balanced_dataset
organic_food-waste-5_aug1406.jpg,organic,dataset\organic\organic_food-waste-5_aug1406.jpg,clean_balanced_dataset
organic_food-waste-5_aug2791.jpg,organic,dataset\organic\organic_food-waste-5_aug2791.jpg,clean_balanced_dataset
organic_food-waste-6.jpg,organic,dataset\organic\organic_food-waste-6.jpg,clean_balanced_dataset
organic_food-waste-6_aug1569.jpg,organic,dataset\organic\organic_food-waste-6_aug1569.jpg,clean_balanced_dataset
organic_food-waste-6_aug2389.jpg,organic,dataset\organic\organic_food-waste-6_aug2389.jpg,clean_balanced_dataset
organic_food-waste-6_aug2496.jpg,organic,dataset\organic\organic_food-waste-6_aug2496.jpg,clean_balanced_dataset
organic_food-waste-6_aug478.jpg,organic,dataset\organic\organic_food-waste-6_aug478.jpg,clean_balanced_dataset
organic_food-waste-6_aug827.jpg,organic,dataset\organic\organic_food-waste-6_aug827.jpg,clean_balanced_dataset
organic_food-waste-7_aug1426.jpg,organic,dataset\organic\organic_food-waste-7_aug1426.jpg,clean_balanced_dataset
organic_food-waste-7_aug1509.jpg,organic,dataset\organic\organic_food-waste-7_aug1509.jpg,clean_balanced_dataset
organic_food-waste-7_aug1520.jpg,organic,dataset\organic\organic_food-waste-7_aug1520.jpg,clean_balanced_dataset
organic_food-waste-7_aug175.jpg,organic,dataset\organic\organic_food-waste-7_aug175.jpg,clean_balanced_dataset
organic_food-waste-8_aug1637.jpg,organic,dataset\organic\organic_food-waste-8_aug1637.jpg,clean_balanced_dataset
organic_food-waste-8_aug1744.jpg,organic,dataset\organic\organic_food-waste-8_aug1744.jpg,clean_balanced_dataset
organic_food-waste-8_aug1763.jpg,organic,dataset\organic\organic_food-waste-8_aug1763.jpg,clean_balanced_dataset
organic_food-waste-8_aug1976.jpg,organic,dataset\organic\organic_food-waste-8_aug1976.jpg,clean_balanced_dataset
organic_food-waste-8_aug2614.jpg,organic,dataset\organic\organic_food-waste-8_aug2614.jpg,clean_balanced_dataset
organic_food-waste-8_aug868.jpg,organic,dataset\organic\organic_food-waste-8_aug868.jpg,clean_balanced_dataset
organic_food-waste-9.jpg,organic,dataset\organic\organic_food-waste-9.jpg,clean_balanced_dataset
organic_food-waste-9_aug1277.jpg,organic,dataset\organic\organic_food-waste-9_aug1277.jpg,clean_balanced_dataset
organic_food-waste-9_aug2137.jpg,organic,dataset\organic\organic_food-waste-9_aug2137.jpg,clean_balanced_dataset
aug_0_plastik_Image_58.jpg,Plastik,dataset\Plastik\aug_0_plastik_Image_58.jpg,clean_balanced_dataset
aug_100_plastik_R_56.jpg,Plastik,dataset\Plastik\aug_100_plastik_R_56.jpg,clean_balanced_dataset
aug_10_plastik_R_35.jpg,Plastik,dataset\Plastik\aug_10_plastik_R_35.jpg,clean_balanced_dataset
aug_11_plastik_Image_1.jpg,Plastik,dataset\Plastik\aug_11_plastik_Image_1.jpg,clean_balanced_dataset
aug_12_plastik_R_47.jpg,Plastik,dataset\Plastik\aug_12_plastik_R_47.jpg,clean_balanced_dataset
aug_13_plastik_Image_56.jpg,Plastik,dataset\Plastik\aug_13_plastik_Image_56.jpg,clean_balanced_dataset
aug_14_plastik_plastik_5.jpg,Plastik,dataset\Plastik\aug_14_plastik_plastik_5.jpg,clean_balanced_dataset
aug_15_plastik_Image_59.jpg,Plastik,dataset\Plastik\aug_15_plastik_Image_59.jpg,clean_balanced_dataset
aug_16_plastik_Image_56.jpg,Plastik,dataset\Plastik\aug_16_plastik_Image_56.jpg,clean_balanced_dataset
aug_17_plastik_R_53.jpg,Plastik,dataset\Plastik\aug_17_plastik_R_53.jpg,clean_balanced_dataset
aug_18_plastik_R_20.jpg,Plastik,dataset\Plastik\aug_18_plastik_R_20.jpg,clean_balanced_dataset
aug_19_plastik_R_40.jpg,Plastik,dataset\Plastik\aug_19_plastik_R_40.jpg,clean_balanced_dataset
aug_1_plastik_Image_47.JPG,Plastik,dataset\Plastik\aug_1_plastik_Image_47.JPG,clean_balanced_dataset
aug_20_plastik_Image_37.jpg,Plastik,dataset\Plastik\aug_20_plastik_Image_37.jpg,clean_balanced_dataset
aug_21_plastik_Image_2.jpg,Plastik,dataset\Plastik\aug_21_plastik_Image_2.jpg,clean_balanced_dataset
aug_22_plastik_R_49.jpg,Plastik,dataset\Plastik\aug_22_plastik_R_49.jpg,clean_balanced_dataset
aug_23_plastik_R_52.jpg,Plastik,dataset\Plastik\aug_23_plastik_R_52.jpg,clean_balanced_dataset
aug_24_plastik_Image_20.jpg,Plastik,dataset\Plastik\aug_24_plastik_Image_20.jpg,clean_balanced_dataset
aug_25_plastik_Image_94.jpg,Plastik,dataset\Plastik\aug_25_plastik_Image_94.jpg,clean_balanced_dataset
aug_26_plastik_plastik_2.jpg,Plastik,dataset\Plastik\aug_26_plastik_plastik_2.jpg,clean_balanced_dataset
aug_27_plastik_R_37.jpg,Plastik,dataset\Plastik\aug_27_plastik_R_37.jpg,clean_balanced_dataset
aug_28_plastik_Image_49.jpg,Plastik,dataset\Plastik\aug_28_plastik_Image_49.jpg,clean_balanced_dataset
aug_29_plastik_Image_56.jpg,Plastik,dataset\Plastik\aug_29_plastik_Image_56.jpg,clean_balanced_dataset
aug_2_plastik_R_42.jpg,Plastik,dataset\Plastik\aug_2_plastik_R_42.jpg,clean_balanced_dataset
aug_30_plastik_R_24.jpg,Plastik,dataset\Plastik\aug_30_plastik_R_24.jpg,clean_balanced_dataset
aug_31_plastik_Image_63.jpg,Plastik,dataset\Plastik\aug_31_plastik_Image_63.jpg,clean_balanced_dataset
aug_32_plastik_Image_27.jpg,Plastik,dataset\Plastik\aug_32_plastik_Image_27.jpg,clean_balanced_dataset
aug_33_plastik_R_45.jpg,Plastik,dataset\Plastik\aug_33_plastik_R_45.jpg,clean_balanced_dataset
aug_34_plastik_R_16.jpg,Plastik,dataset\Plastik\aug_34_plastik_R_16.jpg,clean_balanced_dataset
aug_35_plastik_R_54.jpg,Plastik,dataset\Plastik\aug_35_plastik_R_54.jpg,clean_balanced_dataset
aug_36_plastik_Image_7.jpg,Plastik,dataset\Plastik\aug_36_plastik_Image_7.jpg,clean_balanced_dataset
aug_37_plastik_Image_20.jpg,Plastik,dataset\Plastik\aug_37_plastik_Image_20.jpg,clean_balanced_dataset
aug_38_plastik_R_34.jpg,Plastik,dataset\Plastik\aug_38_plastik_R_34.jpg,clean_balanced_dataset
aug_39_plastik_Image_8.jpg,Plastik,dataset\Plastik\aug_39_plastik_Image_8.jpg,clean_balanced_dataset
aug_3_plastik_Image_94.jpg,Plastik,dataset\Plastik\aug_3_plastik_Image_94.jpg,clean_balanced_dataset
aug_40_plastik_Image_36.jpg,Plastik,dataset\Plastik\aug_40_plastik_Image_36.jpg,clean_balanced_dataset
aug_41_plastik_R_54.jpg,Plastik,dataset\Plastik\aug_41_plastik_R_54.jpg,clean_balanced_dataset
aug_42_plastik_Image_43.jpg,Plastik,dataset\Plastik\aug_42_plastik_Image_43.jpg,clean_balanced_dataset
aug_43_plastik_Image_20.jpg,Plastik,dataset\Plastik\aug_43_plastik_Image_20.jpg,clean_balanced_dataset
aug_44_plastik_Image_5.jpg,Plastik,dataset\Plastik\aug_44_plastik_Image_5.jpg,clean_balanced_dataset
aug_45_plastik_R_43.jpg,Plastik,dataset\Plastik\aug_45_plastik_R_43.jpg,clean_balanced_dataset
aug_46_plastik_Image_84.jpg,Plastik,dataset\Plastik\aug_46_plastik_Image_84.jpg,clean_balanced_dataset
aug_47_plastik_plastik_3.jpg,Plastik,dataset\Plastik\aug_47_plastik_plastik_3.jpg,clean_balanced_dataset
aug_48_plastik_R_54.jpg,Plastik,dataset\Plastik\aug_48_plastik_R_54.jpg,clean_balanced_dataset
aug_49_plastik_R_55.jpg,Plastik,dataset\Plastik\aug_49_plastik_R_55.jpg,clean_balanced_dataset
aug_4_plastik_R_32.jpg,Plastik,dataset\Plastik\aug_4_plastik_R_32.jpg,clean_balanced_dataset
aug_50_plastik_Image_97.jpg,Plastik,dataset\Plastik\aug_50_plastik_Image_97.jpg,clean_balanced_dataset
aug_51_plastik_R_4.jpg,Plastik,dataset\Plastik\aug_51_plastik_R_4.jpg,clean_balanced_dataset
aug_52_plastik_R_44.jpg,Plastik,dataset\Plastik\aug_52_plastik_R_44.jpg,clean_balanced_dataset
aug_53_plastik_R_32.jpg,Plastik,dataset\Plastik\aug_53_plastik_R_32.jpg,clean_balanced_dataset
aug_54_plastik_Image_7.jpg,Plastik,dataset\Plastik\aug_54_plastik_Image_7.jpg,clean_balanced_dataset
aug_55_plastik_Image_30.jpg,Plastik,dataset\Plastik\aug_55_plastik_Image_30.jpg,clean_balanced_dataset
aug_56_plastik_plastik_1.jpg,Plastik,dataset\Plastik\aug_56_plastik_plastik_1.jpg,clean_balanced_dataset
aug_57_plastik_R_55.jpg,Plastik,dataset\Plastik\aug_57_plastik_R_55.jpg,clean_balanced_dataset
aug_58_plastik_R_29.jpg,Plastik,dataset\Plastik\aug_58_plastik_R_29.jpg,clean_balanced_dataset
aug_59_plastik_Image_40.jpg,Plastik,dataset\Plastik\aug_59_plastik_Image_40.jpg,clean_balanced_dataset
aug_5_plastik_R_3.jpg,Plastik,dataset\Plastik\aug_5_plastik_R_3.jpg,clean_balanced_dataset
aug_60_plastik_R_42.jpg,Plastik,dataset\Plastik\aug_60_plastik_R_42.jpg,clean_balanced_dataset
aug_61_plastik_R_54.jpg,Plastik,dataset\Plastik\aug_61_plastik_R_54.jpg,clean_balanced_dataset
aug_62_plastik_Image_84.jpg,Plastik,dataset\Plastik\aug_62_plastik_Image_84.jpg,clean_balanced_dataset
aug_63_plastik_Image_59.jpg,Plastik,dataset\Plastik\aug_63_plastik_Image_59.jpg,clean_balanced_dataset
aug_64_plastik_R_51.jpg,Plastik,dataset\Plastik\aug_64_plastik_R_51.jpg,clean_balanced_dataset
aug_65_plastik_R_58.jpg,Plastik,dataset\Plastik\aug_65_plastik_R_58.jpg,clean_balanced_dataset
aug_66_plastik_R_45.jpg,Plastik,dataset\Plastik\aug_66_plastik_R_45.jpg,clean_balanced_dataset
aug_67_plastik_R_58.jpg,Plastik,dataset\Plastik\aug_67_plastik_R_58.jpg,clean_balanced_dataset
aug_68_plastik_Image_39.jpg,Plastik,dataset\Plastik\aug_68_plastik_Image_39.jpg,clean_balanced_dataset
aug_69_plastik_Image_53.jpg,Plastik,dataset\Plastik\aug_69_plastik_Image_53.jpg,clean_balanced_dataset
aug_6_plastik_R_14.jpg,Plastik,dataset\Plastik\aug_6_plastik_R_14.jpg,clean_balanced_dataset
aug_70_plastik_Image_11.jpg,Plastik,dataset\Plastik\aug_70_plastik_Image_11.jpg,clean_balanced_dataset
aug_71_plastik_R_33.jpg,Plastik,dataset\Plastik\aug_71_plastik_R_33.jpg,clean_balanced_dataset
aug_72_plastik_R_11.jpg,Plastik,dataset\Plastik\aug_72_plastik_R_11.jpg,clean_balanced_dataset
aug_73_plastik_Image_2.jpg,Plastik,dataset\Plastik\aug_73_plastik_Image_2.jpg,clean_balanced_dataset
aug_74_plastik_R_24.jpg,Plastik,dataset\Plastik\aug_74_plastik_R_24.jpg,clean_balanced_dataset
aug_75_plastik_R_52.jpg,Plastik,dataset\Plastik\aug_75_plastik_R_52.jpg,clean_balanced_dataset
aug_76_plastik_R_5.jpg,Plastik,dataset\Plastik\aug_76_plastik_R_5.jpg,clean_balanced_dataset
aug_77_plastik_R_21.jpg,Plastik,dataset\Plastik\aug_77_plastik_R_21.jpg,clean_balanced_dataset
aug_78_plastik_R_23.jpg,Plastik,dataset\Plastik\aug_78_plastik_R_23.jpg,clean_balanced_dataset
aug_79_plastik_R_16.jpg,Plastik,dataset\Plastik\aug_79_plastik_R_16.jpg,clean_balanced_dataset
aug_7_plastik_R_10.jpg,Plastik,dataset\Plastik\aug_7_plastik_R_10.jpg,clean_balanced_dataset
aug_80_plastik_Image_7.jpg,Plastik,dataset\Plastik\aug_80_plastik_Image_7.jpg,clean_balanced_dataset
aug_81_plastik_Image_1.jpg,Plastik,dataset\Plastik\aug_81_plastik_Image_1.jpg,clean_balanced_dataset
aug_82_plastik_R_57.jpg,Plastik,dataset\Plastik\aug_82_plastik_R_57.jpg,clean_balanced_dataset
aug_83_plastik_Image_7.jpg,Plastik,dataset\Plastik\aug_83_plastik_Image_7.jpg,clean_balanced_dataset
aug_84_plastik_R_27.jpg,Plastik,dataset\Plastik\aug_84_plastik_R_27.jpg,clean_balanced_dataset
aug_85_plastik_R_27.jpg,Plastik,dataset\Plastik\aug_85_plastik_R_27.jpg,clean_balanced_dataset
aug_86_plastik_Image_1.jpg,Plastik,dataset\Plastik\aug_86_plastik_Image_1.jpg,clean_balanced_dataset
aug_87_plastik_R_15.jpg,Plastik,dataset\Plastik\aug_87_plastik_R_15.jpg,clean_balanced_dataset
aug_88_plastik_plastik_4.jpg,Plastik,dataset\Plastik\aug_88_plastik_plastik_4.jpg,clean_balanced_dataset
aug_89_plastik_Image_76.jpg,Plastik,dataset\Plastik\aug_89_plastik_Image_76.jpg,clean_balanced_dataset
aug_8_plastik_R_49.jpg,Plastik,dataset\Plastik\aug_8_plastik_R_49.jpg,clean_balanced_dataset
aug_90_plastik_R_27.jpg,Plastik,dataset\Plastik\aug_90_plastik_R_27.jpg,clean_balanced_dataset
aug_91_plastik_Image_72.jpg,Plastik,dataset\Plastik\aug_91_plastik_Image_72.jpg,clean_balanced_dataset
aug_92_plastik_R_56.jpg,Plastik,dataset\Plastik\aug_92_plastik_R_56.jpg,clean_balanced_dataset
aug_93_plastik_Image_7.jpg,Plastik,dataset\Plastik\aug_93_plastik_Image_7.jpg,clean_balanced_dataset
aug_94_plastik_Image_34.jpg,Plastik,dataset\Plastik\aug_94_plastik_Image_34.jpg,clean_balanced_dataset
aug_95_plastik_Image_18.jpg,Plastik,dataset\Plastik\aug_95_plastik_Image_18.jpg,clean_balanced_dataset
aug_96_plastik_R_3.jpg,Plastik,dataset\Plastik\aug_96_plastik_R_3.jpg,clean_balanced_dataset
aug_97_plastik_Image_14.jpg,Plastik,dataset\Plastik\aug_97_plastik_Image_14.jpg,clean_balanced_dataset
aug_98_plastik_R_54.jpg,Plastik,dataset\Plastik\aug_98_plastik_R_54.jpg,clean_balanced_dataset
aug_99_plastik_R_39.jpg,Plastik,dataset\Plastik\aug_99_plastik_R_39.jpg,clean_balanced_dataset
aug_9_plastik_R_30.jpg,Plastik,dataset\Plastik\aug_9_plastik_R_30.jpg,clean_balanced_dataset
plastik_Image_1.jpg,Plastik,dataset\Plastik\plastik_Image_1.jpg,clean_balanced_dataset
plastik_Image_11.jpg,Plastik,dataset\Plastik\plastik_Image_11.jpg,clean_balanced_dataset
plastik_Image_14.jpg,Plastik,dataset\Plastik\plastik_Image_14.jpg,clean_balanced_dataset
plastik_Image_16.jpg,Plastik,dataset\Plastik\plastik_Image_16.jpg,clean_balanced_dataset
plastik_Image_18.jpg,Plastik,dataset\Plastik\plastik_Image_18.jpg,clean_balanced_dataset
plastik_Image_2.jpg,Plastik,dataset\Plastik\plastik_Image_2.jpg,clean_balanced_dataset
plastik_Image_20.jpg,Plastik,dataset\Plastik\plastik_Image_20.jpg,clean_balanced_dataset
plastik_Image_24.jpg,Plastik,dataset\Plastik\plastik_Image_24.jpg,clean_balanced_dataset
plastik_Image_27.jpg,Plastik,dataset\Plastik\plastik_Image_27.jpg,clean_balanced_dataset
plastik_Image_28.jpg,Plastik,dataset\Plastik\plastik_Image_28.jpg,clean_balanced_dataset
plastik_Image_30.jpg,Plastik,dataset\Plastik\plastik_Image_30.jpg,clean_balanced_dataset
plastik_Image_31.jpg,Plastik,dataset\Plastik\plastik_Image_31.jpg,clean_balanced_dataset
plastik_Image_34.jpg,Plastik,dataset\Plastik\plastik_Image_34.jpg,clean_balanced_dataset
plastik_Image_36.jpg,Plastik,dataset\Plastik\plastik_Image_36.jpg,clean_balanced_dataset
plastik_Image_37.jpg,Plastik,dataset\Plastik\plastik_Image_37.jpg,clean_balanced_dataset
plastik_Image_39.jpg,Plastik,dataset\Plastik\plastik_Image_39.jpg,clean_balanced_dataset
plastik_Image_4.jpg,Plastik,dataset\Plastik\plastik_Image_4.jpg,clean_balanced_dataset
plastik_Image_40.jpg,Plastik,dataset\Plastik\plastik_Image_40.jpg,clean_balanced_dataset
plastik_Image_43.jpg,Plastik,dataset\Plastik\plastik_Image_43.jpg,clean_balanced_dataset
plastik_Image_47.JPG,Plastik,dataset\Plastik\plastik_Image_47.JPG,clean_balanced_dataset
plastik_Image_49.jpg,Plastik,dataset\Plastik\plastik_Image_49.jpg,clean_balanced_dataset
plastik_Image_5.jpg,Plastik,dataset\Plastik\plastik_Image_5.jpg,clean_balanced_dataset
plastik_Image_50.jpg,Plastik,dataset\Plastik\plastik_Image_50.jpg,clean_balanced_dataset
plastik_Image_53.jpg,Plastik,dataset\Plastik\plastik_Image_53.jpg,clean_balanced_dataset
plastik_Image_56.jpg,Plastik,dataset\Plastik\plastik_Image_56.jpg,clean_balanced_dataset
plastik_Image_58.jpg,Plastik,dataset\Plastik\plastik_Image_58.jpg,clean_balanced_dataset
plastik_Image_59.jpg,Plastik,dataset\Plastik\plastik_Image_59.jpg,clean_balanced_dataset
plastik_Image_6.jpg,Plastik,dataset\Plastik\plastik_Image_6.jpg,clean_balanced_dataset
plastik_Image_63.jpg,Plastik,dataset\Plastik\plastik_Image_63.jpg,clean_balanced_dataset
plastik_Image_7.jpg,Plastik,dataset\Plastik\plastik_Image_7.jpg,clean_balanced_dataset
plastik_Image_72.jpg,Plastik,dataset\Plastik\plastik_Image_72.jpg,clean_balanced_dataset
plastik_Image_76.jpg,Plastik,dataset\Plastik\plastik_Image_76.jpg,clean_balanced_dataset
plastik_Image_8.jpg,Plastik,dataset\Plastik\plastik_Image_8.jpg,clean_balanced_dataset
plastik_Image_84.jpg,Plastik,dataset\Plastik\plastik_Image_84.jpg,clean_balanced_dataset
plastik_Image_9.jpg,Plastik,dataset\Plastik\plastik_Image_9.jpg,clean_balanced_dataset
plastik_Image_94.jpg,Plastik,dataset\Plastik\plastik_Image_94.jpg,clean_balanced_dataset
plastik_Image_97.jpg,Plastik,dataset\Plastik\plastik_Image_97.jpg,clean_balanced_dataset
plastik_plastik_1.jpg,Plastik,dataset\Plastik\plastik_plastik_1.jpg,clean_balanced_dataset
plastik_plastik_2.jpg,Plastik,dataset\Plastik\plastik_plastik_2.jpg,clean_balanced_dataset
plastik_plastik_3.jpg,Plastik,dataset\Plastik\plastik_plastik_3.jpg,clean_balanced_dataset
plastik_plastik_4.jpg,Plastik,dataset\Plastik\plastik_plastik_4.jpg,clean_balanced_dataset
plastik_plastik_5.jpg,Plastik,dataset\Plastik\plastik_plastik_5.jpg,clean_balanced_dataset
plastik_R_1.jpg,Plastik,dataset\Plastik\plastik_R_1.jpg,clean_balanced_dataset
plastik_R_10.jpg,Plastik,dataset\Plastik\plastik_R_10.jpg,clean_balanced_dataset
plastik_R_11.jpg,Plastik,dataset\Plastik\plastik_R_11.jpg,clean_balanced_dataset
plastik_R_12.jpg,Plastik,dataset\Plastik\plastik_R_12.jpg,clean_balanced_dataset
plastik_R_13.jpg,Plastik,dataset\Plastik\plastik_R_13.jpg,clean_balanced_dataset
plastik_R_14.jpg,Plastik,dataset\Plastik\plastik_R_14.jpg,clean_balanced_dataset
plastik_R_15.jpg,Plastik,dataset\Plastik\plastik_R_15.jpg,clean_balanced_dataset
plastik_R_16.jpg,Plastik,dataset\Plastik\plastik_R_16.jpg,clean_balanced_dataset
plastik_R_17.jpg,Plastik,dataset\Plastik\plastik_R_17.jpg,clean_balanced_dataset
plastik_R_18.jpg,Plastik,dataset\Plastik\plastik_R_18.jpg,clean_balanced_dataset
plastik_R_19.jpg,Plastik,dataset\Plastik\plastik_R_19.jpg,clean_balanced_dataset
plastik_R_2.jpg,Plastik,dataset\Plastik\plastik_R_2.jpg,clean_balanced_dataset
plastik_R_20.jpg,Plastik,dataset\Plastik\plastik_R_20.jpg,clean_balanced_dataset
plastik_R_21.jpg,Plastik,dataset\Plastik\plastik_R_21.jpg,clean_balanced_dataset
plastik_R_22.jpg,Plastik,dataset\Plastik\plastik_R_22.jpg,clean_balanced_dataset
plastik_R_23.jpg,Plastik,dataset\Plastik\plastik_R_23.jpg,clean_balanced_dataset
plastik_R_24.jpg,Plastik,dataset\Plastik\plastik_R_24.jpg,clean_balanced_dataset
plastik_R_25.jpg,Plastik,dataset\Plastik\plastik_R_25.jpg,clean_balanced_dataset
plastik_R_26.jpg,Plastik,dataset\Plastik\plastik_R_26.jpg,clean_balanced_dataset
plastik_R_27.jpg,Plastik,dataset\Plastik\plastik_R_27.jpg,clean_balanced_dataset
plastik_R_28.jpg,Plastik,dataset\Plastik\plastik_R_28.jpg,clean_balanced_dataset
plastik_R_29.jpg,Plastik,dataset\Plastik\plastik_R_29.jpg,clean_balanced_dataset
plastik_R_3.jpg,Plastik,dataset\Plastik\plastik_R_3.jpg,clean_balanced_dataset
plastik_R_30.jpg,Plastik,dataset\Plastik\plastik_R_30.jpg,clean_balanced_dataset
plastik_R_31.jpg,Plastik,dataset\Plastik\plastik_R_31.jpg,clean_balanced_dataset
plastik_R_32.jpg,Plastik,dataset\Plastik\plastik_R_32.jpg,clean_balanced_dataset
plastik_R_33.jpg,Plastik,dataset\Plastik\plastik_R_33.jpg,clean_balanced_dataset
plastik_R_34.jpg,Plastik,dataset\Plastik\plastik_R_34.jpg,clean_balanced_dataset
plastik_R_35.jpg,Plastik,dataset\Plastik\plastik_R_35.jpg,clean_balanced_dataset
plastik_R_36.jpg,Plastik,dataset\Plastik\plastik_R_36.jpg,clean_balanced_dataset
plastik_R_37.jpg,Plastik,dataset\Plastik\plastik_R_37.jpg,clean_balanced_dataset
plastik_R_39.jpg,Plastik,dataset\Plastik\plastik_R_39.jpg,clean_balanced_dataset
plastik_R_4.jpg,Plastik,dataset\Plastik\plastik_R_4.jpg,clean_balanced_dataset
plastik_R_40.jpg,Plastik,dataset\Plastik\plastik_R_40.jpg,clean_balanced_dataset
plastik_R_41.jpg,Plastik,dataset\Plastik\plastik_R_41.jpg,clean_balanced_dataset
plastik_R_42.jpg,Plastik,dataset\Plastik\plastik_R_42.jpg,clean_balanced_dataset
plastik_R_43.jpg,Plastik,dataset\Plastik\plastik_R_43.jpg,clean_balanced_dataset
plastik_R_44.jpg,Plastik,dataset\Plastik\plastik_R_44.jpg,clean_balanced_dataset
plastik_R_45.jpg,Plastik,dataset\Plastik\plastik_R_45.jpg,clean_balanced_dataset
plastik_R_46.jpg,Plastik,dataset\Plastik\plastik_R_46.jpg,clean_balanced_dataset
plastik_R_47.jpg,Plastik,dataset\Plastik\plastik_R_47.jpg,clean_balanced_dataset
plastik_R_48.jpg,Plastik,dataset\Plastik\plastik_R_48.jpg,clean_balanced_dataset
plastik_R_49.jpg,Plastik,dataset\Plastik\plastik_R_49.jpg,clean_balanced_dataset
plastik_R_5.jpg,Plastik,dataset\Plastik\plastik_R_5.jpg,clean_balanced_dataset
plastik_R_50.jpg,Plastik,dataset\Plastik\plastik_R_50.jpg,clean_balanced_dataset
plastik_R_51.jpg,Plastik,dataset\Plastik\plastik_R_51.jpg,clean_balanced_dataset
plastik_R_52.jpg,Plastik,dataset\Plastik\plastik_R_52.jpg,clean_balanced_dataset
plastik_R_53.jpg,Plastik,dataset\Plastik\plastik_R_53.jpg,clean_balanced_dataset
plastik_R_54.jpg,Plastik,dataset\Plastik\plastik_R_54.jpg,clean_balanced_dataset
plastik_R_55.jpg,Plastik,dataset\Plastik\plastik_R_55.jpg,clean_balanced_dataset
plastik_R_56.jpg,Plastik,dataset\Plastik\plastik_R_56.jpg,clean_balanced_dataset
plastik_R_57.jpg,Plastik,dataset\Plastik\plastik_R_57.jpg,clean_balanced_dataset
plastik_R_58.jpg,Plastik,dataset\Plastik\plastik_R_58.jpg,clean_balanced_dataset
plastik_R_6.jpg,Plastik,dataset\Plastik\plastik_R_6.jpg,clean_balanced_dataset
plastik_R_7.jpg,Plastik,dataset\Plastik\plastik_R_7.jpg,clean_balanced_dataset
plastik_R_8.jpg,Plastik,dataset\Plastik\plastik_R_8.jpg,clean_balanced_dataset
plastik_R_9.jpg,Plastik,dataset\Plastik\plastik_R_9.jpg,clean_balanced_dataset
aug_0_residu_20200104172423picsart01-04-051831.jpg,Residu,dataset\Residu\aug_0_residu_20200104172423picsart01-04-051831.jpg,clean_balanced_dataset
aug_100_residu__221110100921_missy-2_ori.jpg,Residu,dataset\Residu\aug_100_residu__221110100921_missy-2_ori.jpg,clean_balanced_dataset
aug_10_residu_DpjFFYHVAAACihB.jpg,Residu,dataset\Residu\aug_10_residu_DpjFFYHVAAACihB.jpg,clean_balanced_dataset
aug_11_residu__221110100921_missy-2_ori.jpg,Residu,dataset\Residu\aug_11_residu__221110100921_missy-2_ori.jpg,clean_balanced_dataset
aug_12_residu_Image_15.jpg,Residu,dataset\Residu\aug_12_residu_Image_15.jpg,clean_balanced_dataset
aug_13_residu_2449017228.jpg,Residu,dataset\Residu\aug_13_residu_2449017228.jpg,clean_balanced_dataset
aug_14_residu_ilustrasi-pembalut-wanita--1-istockphoto-getty-images-istockphoto.jpg,Residu,dataset\Residu\aug_14_residu_ilustrasi-pembalut-wanita--1-istockphoto-getty-images-istockphoto.jpg,clean_balanced_dataset
aug_15_residu_20191129121214-58e2f.jpg,Residu,dataset\Residu\aug_15_residu_20191129121214-58e2f.jpg,clean_balanced_dataset
aug_16_residu_Image_2.jpg,Residu,dataset\Residu\aug_16_residu_Image_2.jpg,clean_balanced_dataset
aug_17_residu_2656123227.jpg,Residu,dataset\Residu\aug_17_residu_2656123227.jpg,clean_balanced_dataset
aug_18_residu_172057-rekomendasi-pembalut-kain-terbaik-webp-large.jpg,Residu,dataset\Residu\aug_18_residu_172057-rekomendasi-pembalut-kain-terbaik-webp-large.jpg,clean_balanced_dataset
aug_19_residu_20210224113911img20210223130307.jpg,Residu,dataset\Residu\aug_19_residu_20210224113911img20210223130307.jpg,clean_balanced_dataset
aug_1_residu_Image_13.jpg,Residu,dataset\Residu\aug_1_residu_Image_13.jpg,clean_balanced_dataset
aug_20_residu_Ecoton-Pemerintah-Diminta-Segera-Tangani-Sampah-Popok-Sekali-Pakai.jpg,Residu,dataset\Residu\aug_20_residu_Ecoton-Pemerintah-Diminta-Segera-Tangani-Sampah-Popok-Sekali-Pakai.jpg,clean_balanced_dataset
aug_21_residu_c3be3e283cad39905a430ac7153c56a2.jpg,Residu,dataset\Residu\aug_21_residu_c3be3e283cad39905a430ac7153c56a2.jpg,clean_balanced_dataset
aug_22_residu_hipwee-Sampah-Popok-yang-berhasil-dikumpul-oleh-tim-Ecoton-750x422.jpg,Residu,dataset\Residu\aug_22_residu_hipwee-Sampah-Popok-yang-berhasil-dikumpul-oleh-tim-Ecoton-750x422.jpg,clean_balanced_dataset
aug_23_residu_680174717.jpg,Residu,dataset\Residu\aug_23_residu_680174717.jpg,clean_balanced_dataset
aug_24_residu_Image_8.jpg,Residu,dataset\Residu\aug_24_residu_Image_8.jpg,clean_balanced_dataset
aug_25_residu_1187421600.jpg,Residu,dataset\Residu\aug_25_residu_1187421600.jpg,clean_balanced_dataset
aug_26_residu_3075349_cb828446-860c-4d8a-a213-8b50a1a31b74_800_800.jpg,Residu,dataset\Residu\aug_26_residu_3075349_cb828446-860c-4d8a-a213-8b50a1a31b74_800_800.jpg,clean_balanced_dataset
aug_27_residu_DdfKUrgVwAAcAKw.jpg,Residu,dataset\Residu\aug_27_residu_DdfKUrgVwAAcAKw.jpg,clean_balanced_dataset
aug_28_residu_20200104172423picsart01-04-051831.jpg,Residu,dataset\Residu\aug_28_residu_20200104172423picsart01-04-051831.jpg,clean_balanced_dataset
aug_29_residu__221110100921_missy-2_ori.jpg,Residu,dataset\Residu\aug_29_residu__221110100921_missy-2_ori.jpg,clean_balanced_dataset
aug_2_residu_58740091323-img_20200121_152520.jpg,Residu,dataset\Residu\aug_2_residu_58740091323-img_20200121_152520.jpg,clean_balanced_dataset
aug_30_residu_Image_10.jpg,Residu,dataset\Residu\aug_30_residu_Image_10.jpg,clean_balanced_dataset
aug_31_residu_624f89d0cd1f9-flek-menstruasi-perdarahan-haid-pembalut_665_374.jpg,Residu,dataset\Residu\aug_31_residu_624f89d0cd1f9-flek-menstruasi-perdarahan-haid-pembalut_665_374.jpg,clean_balanced_dataset
aug_32_residu_Image_3.jpg,Residu,dataset\Residu\aug_32_residu_Image_3.jpg,clean_balanced_dataset
aug_33_residu_58740091323-img_20200121_152520.jpg,Residu,dataset\Residu\aug_33_residu_58740091323-img_20200121_152520.jpg,clean_balanced_dataset
aug_34_residu_Image_3.jpg,Residu,dataset\Residu\aug_34_residu_Image_3.jpg,clean_balanced_dataset
aug_35_residu_01_clodispo.jpg,Residu,dataset\Residu\aug_35_residu_01_clodispo.jpg,clean_balanced_dataset
aug_36_residu_f426f88215b4574902afb2fb080219bb.jpg,Residu,dataset\Residu\aug_36_residu_f426f88215b4574902afb2fb080219bb.jpg,clean_balanced_dataset
aug_37_residu_Image_10.jpg,Residu,dataset\Residu\aug_37_residu_Image_10.jpg,clean_balanced_dataset
aug_38_residu_cara-membersihkan-noda-darah-menstruasi-720x519.jpg,Residu,dataset\Residu\aug_38_residu_cara-membersihkan-noda-darah-menstruasi-720x519.jpg,clean_balanced_dataset
aug_39_residu_DpjFsVFUwAAsgbk.jpg,Residu,dataset\Residu\aug_39_residu_DpjFsVFUwAAsgbk.jpg,clean_balanced_dataset
aug_3_residu_Ilustrasi-net1d64bcd6b926aa9576da0a76826c6faa.md.jpg,Residu,dataset\Residu\aug_3_residu_Ilustrasi-net1d64bcd6b926aa9576da0a76826c6faa.md.jpg,clean_balanced_dataset
aug_40_residu_diaper-bekas_20161028_163535.jpg,Residu,dataset\Residu\aug_40_residu_diaper-bekas_20161028_163535.jpg,clean_balanced_dataset
aug_41_residu_Image_16.jpg,Residu,dataset\Residu\aug_41_residu_Image_16.jpg,clean_balanced_dataset
aug_42_residu_cara-membersihkan-noda-darah-menstruasi-720x519.jpg,Residu,dataset\Residu\aug_42_residu_cara-membersihkan-noda-darah-menstruasi-720x519.jpg,clean_balanced_dataset
aug_43_residu_Image_10.jpg,Residu,dataset\Residu\aug_43_residu_Image_10.jpg,clean_balanced_dataset
aug_44_residu_daur-ulang-popok-bekas-pakai-ntue-dom.jpg,Residu,dataset\Residu\aug_44_residu_daur-ulang-popok-bekas-pakai-ntue-dom.jpg,clean_balanced_dataset
aug_45_residu_101257294_7debccb8-cd52-4780-8206-83bbb6b2fc18_674_674.jpg,Residu,dataset\Residu\aug_45_residu_101257294_7debccb8-cd52-4780-8206-83bbb6b2fc18_674_674.jpg,clean_balanced_dataset
aug_46_residu_Image_16.jpg,Residu,dataset\Residu\aug_46_residu_Image_16.jpg,clean_balanced_dataset
aug_47_residu_diaper-bekas_20161028_163535.jpg,Residu,dataset\Residu\aug_47_residu_diaper-bekas_20161028_163535.jpg,clean_balanced_dataset
aug_48_residu_DpjFLdAV4AEgosR.jpg,Residu,dataset\Residu\aug_48_residu_DpjFLdAV4AEgosR.jpg,clean_balanced_dataset
aug_49_residu_20191129121214-58e2f.jpg,Residu,dataset\Residu\aug_49_residu_20191129121214-58e2f.jpg,clean_balanced_dataset
aug_4_residu_DYzQmVQUMAAY9py.jpg,Residu,dataset\Residu\aug_4_residu_DYzQmVQUMAAY9py.jpg,clean_balanced_dataset
aug_50_residu_277da6a41ccc91c3624f735d7cce66d7.jpg,Residu,dataset\Residu\aug_50_residu_277da6a41ccc91c3624f735d7cce66d7.jpg,clean_balanced_dataset
aug_51_residu_Image_1.jpg,Residu,dataset\Residu\aug_51_residu_Image_1.jpg,clean_balanced_dataset
aug_52_residu_C-geAx0V0AASZ5h.jpg,Residu,dataset\Residu\aug_52_residu_C-geAx0V0AASZ5h.jpg,clean_balanced_dataset
aug_53_residu_FI-Mabuk-karena-pembalut.jpg,Residu,dataset\Residu\aug_53_residu_FI-Mabuk-karena-pembalut.jpg,clean_balanced_dataset
aug_54_residu_1584457142950-popok-bekas-banyuwangi3.jpg,Residu,dataset\Residu\aug_54_residu_1584457142950-popok-bekas-banyuwangi3.jpg,clean_balanced_dataset
aug_55_residu_2657639953.jpg,Residu,dataset\Residu\aug_55_residu_2657639953.jpg,clean_balanced_dataset
aug_56_residu_58740091323-img_20200121_152520.jpg,Residu,dataset\Residu\aug_56_residu_58740091323-img_20200121_152520.jpg,clean_balanced_dataset
aug_57_residu_3075349_cb828446-860c-4d8a-a213-8b50a1a31b74_800_800.jpg,Residu,dataset\Residu\aug_57_residu_3075349_cb828446-860c-4d8a-a213-8b50a1a31b74_800_800.jpg,clean_balanced_dataset
aug_58_residu_DYzQmVQUMAAY9py.jpg,Residu,dataset\Residu\aug_58_residu_DYzQmVQUMAAY9py.jpg,clean_balanced_dataset
aug_59_residu_Image_13.jpg,Residu,dataset\Residu\aug_59_residu_Image_13.jpg,clean_balanced_dataset
aug_5_residu_hqdefault2.jpg,Residu,dataset\Residu\aug_5_residu_hqdefault2.jpg,clean_balanced_dataset
aug_60_residu_2628986452.jpg,Residu,dataset\Residu\aug_60_residu_2628986452.jpg,clean_balanced_dataset
aug_61_residu_92821-ilustrasi-popok-bayi-envato.jpg,Residu,dataset\Residu\aug_61_residu_92821-ilustrasi-popok-bayi-envato.jpg,clean_balanced_dataset
aug_62_residu_Image_9.jpg,Residu,dataset\Residu\aug_62_residu_Image_9.jpg,clean_balanced_dataset
aug_63_residu_daur-ulang-popok-bekas-pakai-ntuk-dom.jpg,Residu,dataset\Residu\aug_63_residu_daur-ulang-popok-bekas-pakai-ntuk-dom.jpg,clean_balanced_dataset
aug_64_residu_5140049_fdcfabe0-587f-48cd-b4d1-358ebcafb2fb_700_459.jpg,Residu,dataset\Residu\aug_64_residu_5140049_fdcfabe0-587f-48cd-b4d1-358ebcafb2fb_700_459.jpg,clean_balanced_dataset
aug_65_residu_Image_12.jpg,Residu,dataset\Residu\aug_65_residu_Image_12.jpg,clean_balanced_dataset
aug_66_residu_929888076.jpg,Residu,dataset\Residu\aug_66_residu_929888076.jpg,clean_balanced_dataset
aug_67_residu_Image_10.jpg,Residu,dataset\Residu\aug_67_residu_Image_10.jpg,clean_balanced_dataset
aug_68_residu_1_1.jpg,Residu,dataset\Residu\aug_68_residu_1_1.jpg,clean_balanced_dataset
aug_69_residu_cara-membersihkan-noda-darah-menstruasi-720x519.jpg,Residu,dataset\Residu\aug_69_residu_cara-membersihkan-noda-darah-menstruasi-720x519.jpg,clean_balanced_dataset
aug_6_residu_absorbent-3509508_1920.jpg,Residu,dataset\Residu\aug_6_residu_absorbent-3509508_1920.jpg,clean_balanced_dataset
aug_70_residu_Image_18.jpg,Residu,dataset\Residu\aug_70_residu_Image_18.jpg,clean_balanced_dataset
aug_71_residu_-dengan-Sidoarjo-banyak-ditemukan-sampah-popok-dan-plastik-foto-Petrus-Riski.jpg,Residu,dataset\Residu\aug_71_residu_-dengan-Sidoarjo-banyak-ditemukan-sampah-popok-dan-plastik-foto-Petrus-Riski.jpg,clean_balanced_dataset
aug_72_residu_Image_5.jpg,Residu,dataset\Residu\aug_72_residu_Image_5.jpg,clean_balanced_dataset
aug_73_residu_DpjFsVFUwAAsgbk.jpg,Residu,dataset\Residu\aug_73_residu_DpjFsVFUwAAsgbk.jpg,clean_balanced_dataset
aug_74_residu_EzqwKg6VUAA-7AH.jpg,Residu,dataset\Residu\aug_74_residu_EzqwKg6VUAA-7AH.jpg,clean_balanced_dataset
aug_75_residu_Image_5.jpg,Residu,dataset\Residu\aug_75_residu_Image_5.jpg,clean_balanced_dataset
aug_76_residu_Ecoton-Pemerintah-Diminta-Segera-Tangani-Sampah-Popok-Sekali-Pakai.jpg,Residu,dataset\Residu\aug_76_residu_Ecoton-Pemerintah-Diminta-Segera-Tangani-Sampah-Popok-Sekali-Pakai.jpg,clean_balanced_dataset
aug_77_residu_Image_15.jpg,Residu,dataset\Residu\aug_77_residu_Image_15.jpg,clean_balanced_dataset
aug_78_residu_624f89d0cd1f9-flek-menstruasi-perdarahan-haid-pembalut_665_374.jpg,Residu,dataset\Residu\aug_78_residu_624f89d0cd1f9-flek-menstruasi-perdarahan-haid-pembalut_665_374.jpg,clean_balanced_dataset
aug_79_residu_c3be3e283cad39905a430ac7153c56a2.jpg,Residu,dataset\Residu\aug_79_residu_c3be3e283cad39905a430ac7153c56a2.jpg,clean_balanced_dataset
aug_7_residu_DpjFFYHVAAACihB.jpg,Residu,dataset\Residu\aug_7_residu_DpjFFYHVAAACihB.jpg,clean_balanced_dataset
aug_80_residu_2628986452.jpg,Residu,dataset\Residu\aug_80_residu_2628986452.jpg,clean_balanced_dataset
aug_81_residu_Ilustrasi-net1d64bcd6b926aa9576da0a76826c6faa.md.jpg,Residu,dataset\Residu\aug_81_residu_Ilustrasi-net1d64bcd6b926aa9576da0a76826c6faa.md.jpg,clean_balanced_dataset
aug_82_residu_absorbent-3509508_1920.jpg,Residu,dataset\Residu\aug_82_residu_absorbent-3509508_1920.jpg,clean_balanced_dataset
aug_83_residu_DpjFqfMVsAI_b8A.jpg,Residu,dataset\Residu\aug_83_residu_DpjFqfMVsAI_b8A.jpg,clean_balanced_dataset
aug_84_residu_2449017228.jpg,Residu,dataset\Residu\aug_84_residu_2449017228.jpg,clean_balanced_dataset
aug_85_residu_261436245197.jpg,Residu,dataset\Residu\aug_85_residu_261436245197.jpg,clean_balanced_dataset
aug_86_residu__221110100921_missy-2_ori.jpg,Residu,dataset\Residu\aug_86_residu__221110100921_missy-2_ori.jpg,clean_balanced_dataset
aug_87_residu_DpjFsVFUwAAsgbk.jpg,Residu,dataset\Residu\aug_87_residu_DpjFsVFUwAAsgbk.jpg,clean_balanced_dataset
aug_88_residu_101257294_7debccb8-cd52-4780-8206-83bbb6b2fc18_674_674.jpg,Residu,dataset\Residu\aug_88_residu_101257294_7debccb8-cd52-4780-8206-83bbb6b2fc18_674_674.jpg,clean_balanced_dataset
aug_89_residu_C-gd-BSVwAAYseb.jpg,Residu,dataset\Residu\aug_89_residu_C-gd-BSVwAAYseb.jpg,clean_balanced_dataset
aug_8_residu_1_1.jpg,Residu,dataset\Residu\aug_8_residu_1_1.jpg,clean_balanced_dataset
aug_90_residu_172057-rekomendasi-pembalut-kain-terbaik-webp-large.jpg,Residu,dataset\Residu\aug_90_residu_172057-rekomendasi-pembalut-kain-terbaik-webp-large.jpg,clean_balanced_dataset
aug_91_residu_Image_1.jpg,Residu,dataset\Residu\aug_91_residu_Image_1.jpg,clean_balanced_dataset
aug_92_residu_DYzQmVQUMAAY9py.jpg,Residu,dataset\Residu\aug_92_residu_DYzQmVQUMAAY9py.jpg,clean_balanced_dataset
aug_93_residu_027588700_1499681855-TopYaps.jpg,Residu,dataset\Residu\aug_93_residu_027588700_1499681855-TopYaps.jpg,clean_balanced_dataset
aug_94_residu_1187421600.jpg,Residu,dataset\Residu\aug_94_residu_1187421600.jpg,clean_balanced_dataset
aug_95_residu_20200104172423picsart01-04-051831.jpg,Residu,dataset\Residu\aug_95_residu_20200104172423picsart01-04-051831.jpg,clean_balanced_dataset
aug_96_residu_C-gd-BSVwAAYseb.jpg,Residu,dataset\Residu\aug_96_residu_C-gd-BSVwAAYseb.jpg,clean_balanced_dataset
aug_97_residu_hqdefault2.jpg,Residu,dataset\Residu\aug_97_residu_hqdefault2.jpg,clean_balanced_dataset
aug_98_residu_hqdefault3.jpg,Residu,dataset\Residu\aug_98_residu_hqdefault3.jpg,clean_balanced_dataset
aug_99_residu_F-BOKS.jpg,Residu,dataset\Residu\aug_99_residu_F-BOKS.jpg,clean_balanced_dataset
aug_9_residu_1_1.jpg,Residu,dataset\Residu\aug_9_residu_1_1.jpg,clean_balanced_dataset
residu_-dengan-Sidoarjo-banyak-ditemukan-sampah-popok-dan-plastik-foto-Petrus-Riski.jpg,Residu,dataset\Residu\residu_-dengan-Sidoarjo-banyak-ditemukan-sampah-popok-dan-plastik-foto-Petrus-Riski.jpg,clean_balanced_dataset
residu_01_clodispo.jpg,Residu,dataset\Residu\residu_01_clodispo.jpg,clean_balanced_dataset
residu_027588700_1499681855-TopYaps.jpg,Residu,dataset\Residu\residu_027588700_1499681855-TopYaps.jpg,clean_balanced_dataset
residu_042217_781488_pembalut_d.jpg,Residu,dataset\Residu\residu_042217_781488_pembalut_d.jpg,clean_balanced_dataset
residu_0YvaixsHHrSFSQGpDb6Rer2LTCfRAmoZhHGAkciQ.jpg,Residu,dataset\Residu\residu_0YvaixsHHrSFSQGpDb6Rer2LTCfRAmoZhHGAkciQ.jpg,clean_balanced_dataset
residu_101257294_7debccb8-cd52-4780-8206-83bbb6b2fc18_674_674.jpg,Residu,dataset\Residu\residu_101257294_7debccb8-cd52-4780-8206-83bbb6b2fc18_674_674.jpg,clean_balanced_dataset
residu_1187421600.jpg,Residu,dataset\Residu\residu_1187421600.jpg,clean_balanced_dataset
residu_1579162417.jpg,Residu,dataset\Residu\residu_1579162417.jpg,clean_balanced_dataset
residu_1584457142950-popok-bekas-banyuwangi3.jpg,Residu,dataset\Residu\residu_1584457142950-popok-bekas-banyuwangi3.jpg,clean_balanced_dataset
residu_17-07-2017-popok-jadi.jpg,Residu,dataset\Residu\residu_17-07-2017-popok-jadi.jpg,clean_balanced_dataset
residu_172057-rekomendasi-pembalut-kain-terbaik-webp-large.jpg,Residu,dataset\Residu\residu_172057-rekomendasi-pembalut-kain-terbaik-webp-large.jpg,clean_balanced_dataset
residu_1_1.jpg,Residu,dataset\Residu\residu_1_1.jpg,clean_balanced_dataset
residu_20191129121214-58e2f.jpg,Residu,dataset\Residu\residu_20191129121214-58e2f.jpg,clean_balanced_dataset
residu_20200104172423picsart01-04-051831.jpg,Residu,dataset\Residu\residu_20200104172423picsart01-04-051831.jpg,clean_balanced_dataset
residu_20210224113911img20210223130307.jpg,Residu,dataset\Residu\residu_20210224113911img20210223130307.jpg,clean_balanced_dataset
residu_2115746344.jpg,Residu,dataset\Residu\residu_2115746344.jpg,clean_balanced_dataset
residu_2449017228.jpg,Residu,dataset\Residu\residu_2449017228.jpg,clean_balanced_dataset
residu_261436245197.jpg,Residu,dataset\Residu\residu_261436245197.jpg,clean_balanced_dataset
residu_2628986452.jpg,Residu,dataset\Residu\residu_2628986452.jpg,clean_balanced_dataset
residu_2656123227.jpg,Residu,dataset\Residu\residu_2656123227.jpg,clean_balanced_dataset
residu_2657639953.jpg,Residu,dataset\Residu\residu_2657639953.jpg,clean_balanced_dataset
residu_277da6a41ccc91c3624f735d7cce66d7.jpg,Residu,dataset\Residu\residu_277da6a41ccc91c3624f735d7cce66d7.jpg,clean_balanced_dataset
residu_3075349_cb828446-860c-4d8a-a213-8b50a1a31b74_800_800.jpg,Residu,dataset\Residu\residu_3075349_cb828446-860c-4d8a-a213-8b50a1a31b74_800_800.jpg,clean_balanced_dataset
residu_3332033820.jpg,Residu,dataset\Residu\residu_3332033820.jpg,clean_balanced_dataset
residu_3982130445.jpg,Residu,dataset\Residu\residu_3982130445.jpg,clean_balanced_dataset
residu_5140049_fdcfabe0-587f-48cd-b4d1-358ebcafb2fb_700_459.jpg,Residu,dataset\Residu\residu_5140049_fdcfabe0-587f-48cd-b4d1-358ebcafb2fb_700_459.jpg,clean_balanced_dataset
residu_58740091323-img_20200121_152520.jpg,Residu,dataset\Residu\residu_58740091323-img_20200121_152520.jpg,clean_balanced_dataset
residu_624f89d0cd1f9-flek-menstruasi-perdarahan-haid-pembalut_665_374.jpg,Residu,dataset\Residu\residu_624f89d0cd1f9-flek-menstruasi-perdarahan-haid-pembalut_665_374.jpg,clean_balanced_dataset
residu_680174717.jpg,Residu,dataset\Residu\residu_680174717.jpg,clean_balanced_dataset
residu_6bb06035a38a75056a85fa4fbb776b2a.jpg,Residu,dataset\Residu\residu_6bb06035a38a75056a85fa4fbb776b2a.jpg,clean_balanced_dataset
residu_6_Fakta_Pembalut_Wanita.jpg,Residu,dataset\Residu\residu_6_Fakta_Pembalut_Wanita.jpg,clean_balanced_dataset
residu_71800-ilustrasi-popok-bayi.jpg,Residu,dataset\Residu\residu_71800-ilustrasi-popok-bayi.jpg,clean_balanced_dataset
residu_730x480-img-73626-ilustrasi-pembalut-shutterstock.jpg,Residu,dataset\Residu\residu_730x480-img-73626-ilustrasi-pembalut-shutterstock.jpg,clean_balanced_dataset
residu_92821-ilustrasi-popok-bayi-envato.jpg,Residu,dataset\Residu\residu_92821-ilustrasi-popok-bayi-envato.jpg,clean_balanced_dataset
residu_929888076.jpg,Residu,dataset\Residu\residu_929888076.jpg,clean_balanced_dataset
residu_9620491_20170320121907.jpg,Residu,dataset\Residu\residu_9620491_20170320121907.jpg,clean_balanced_dataset
residu_absorbent-3509508_1920.jpg,Residu,dataset\Residu\residu_absorbent-3509508_1920.jpg,clean_balanced_dataset
residu_antarafoto-daur-ulang-popok-bekas-pakai-160120-agr-3_1.jpg,Residu,dataset\Residu\residu_antarafoto-daur-ulang-popok-bekas-pakai-160120-agr-3_1.jpg,clean_balanced_dataset
residu_antarafoto-evakuasi-popok-bayi-dari-sungai-250917-pf-2_ratio-16x9.JPG.jpg,Residu,dataset\Residu\residu_antarafoto-evakuasi-popok-bayi-dari-sungai-250917-pf-2_ratio-16x9.JPG.jpg,clean_balanced_dataset
residu_Apa-itu-Alergi-Pembalut-Bagaimana-Mengatasinya-700x467.jpg,Residu,dataset\Residu\residu_Apa-itu-Alergi-Pembalut-Bagaimana-Mengatasinya-700x467.jpg,clean_balanced_dataset
residu_astaga-pria-ini-cuci-pembalut-bekas-pacarnya-sangkin-bucinnya-banjir-kecaman-netizen44_700.jpg,Residu,dataset\Residu\residu_astaga-pria-ini-cuci-pembalut-bekas-pacarnya-sangkin-bucinnya-banjir-kecaman-netizen44_700.jpg,clean_balanced_dataset
residu_bantal_20170629_141656.jpg,Residu,dataset\Residu\residu_bantal_20170629_141656.jpg,clean_balanced_dataset
residu_bekas-popok-sekali-pakai-yang-dibuang-di-sungai.jpg,Residu,dataset\Residu\residu_bekas-popok-sekali-pakai-yang-dibuang-di-sungai.jpg,clean_balanced_dataset
residu_bocah-australia-disekap-ibunya-di-kamar-penuh-popok-bekas.jpg,Residu,dataset\Residu\residu_bocah-australia-disekap-ibunya-di-kamar-penuh-popok-bekas.jpg,clean_balanced_dataset
residu_body_a7d45a7fc0aa47789c6f6fedbcce453d.jpg,Residu,dataset\Residu\residu_body_a7d45a7fc0aa47789c6f6fedbcce453d.jpg,clean_balanced_dataset
residu_bukan-untuk-mabuk-ini-11-manfaat-baik-pembalut-nomor-5-6-9-penting-banget-NfeZtQqIQ6.jpg,Residu,dataset\Residu\residu_bukan-untuk-mabuk-ini-11-manfaat-baik-pembalut-nomor-5-6-9-penting-banget-NfeZtQqIQ6.jpg,clean_balanced_dataset
residu_C-gd-BSVwAAYseb.jpg,Residu,dataset\Residu\residu_C-gd-BSVwAAYseb.jpg,clean_balanced_dataset
residu_C-gdaltUwAEo2P-.jpg,Residu,dataset\Residu\residu_C-gdaltUwAEo2P-.jpg,clean_balanced_dataset
residu_C-geAx0V0AASZ5h.jpg,Residu,dataset\Residu\residu_C-geAx0V0AASZ5h.jpg,clean_balanced_dataset
residu_C-geFfnV0AArEV6.jpg,Residu,dataset\Residu\residu_C-geFfnV0AArEV6.jpg,clean_balanced_dataset
residu_c3be3e283cad39905a430ac7153c56a2.jpg,Residu,dataset\Residu\residu_c3be3e283cad39905a430ac7153c56a2.jpg,clean_balanced_dataset
residu_cara-membersihkan-noda-darah-menstruasi-720x519.jpg,Residu,dataset\Residu\residu_cara-membersihkan-noda-darah-menstruasi-720x519.jpg,clean_balanced_dataset
residu_Cara-membuang-popok-bekas-yang-kotor.jpg,Residu,dataset\Residu\residu_Cara-membuang-popok-bekas-yang-kotor.jpg,clean_balanced_dataset
residu_CSMyAeU1P_natracare-r7UjnJHJxmY-unsplash.jpg,Residu,dataset\Residu\residu_CSMyAeU1P_natracare-r7UjnJHJxmY-unsplash.jpg,clean_balanced_dataset
residu_Daur-Ulang-Popok-Bekas-Pakai-160120-agr-6.jpg,Residu,dataset\Residu\residu_Daur-Ulang-Popok-Bekas-Pakai-160120-agr-6.jpg,clean_balanced_dataset
residu_daur-ulang-popok-bekas-pakai-ntue-dom.jpg,Residu,dataset\Residu\residu_daur-ulang-popok-bekas-pakai-ntue-dom.jpg,clean_balanced_dataset
residu_daur-ulang-popok-bekas-pakai-ntuk-dom.jpg,Residu,dataset\Residu\residu_daur-ulang-popok-bekas-pakai-ntuk-dom.jpg,clean_balanced_dataset
residu_daur-ulang-popok-bekas-pakai-q46tnd-prv.jpg,Residu,dataset\Residu\residu_daur-ulang-popok-bekas-pakai-q46tnd-prv.jpg,clean_balanced_dataset
residu_DdfKUrgVwAAcAKw.jpg,Residu,dataset\Residu\residu_DdfKUrgVwAAcAKw.jpg,clean_balanced_dataset
residu_diaper-bekas_20161028_163535.jpg,Residu,dataset\Residu\residu_diaper-bekas_20161028_163535.jpg,clean_balanced_dataset
residu_DM-oF7NVQAATK7v.jpg,Residu,dataset\Residu\residu_DM-oF7NVQAATK7v.jpg,clean_balanced_dataset
residu_DpjFAYxUcAAt3Pj.jpg,Residu,dataset\Residu\residu_DpjFAYxUcAAt3Pj.jpg,clean_balanced_dataset
residu_DpjFDgmUwAA3uH_.jpg,Residu,dataset\Residu\residu_DpjFDgmUwAA3uH_.jpg,clean_balanced_dataset
residu_DpjFFYHVAAACihB.jpg,Residu,dataset\Residu\residu_DpjFFYHVAAACihB.jpg,clean_balanced_dataset
residu_DpjFLdAV4AEgosR.jpg,Residu,dataset\Residu\residu_DpjFLdAV4AEgosR.jpg,clean_balanced_dataset
residu_DpjFqfMVsAI_b8A.jpg,Residu,dataset\Residu\residu_DpjFqfMVsAI_b8A.jpg,clean_balanced_dataset
residu_DpjFsVFUwAAsgbk.jpg,Residu,dataset\Residu\residu_DpjFsVFUwAAsgbk.jpg,clean_balanced_dataset
residu_DYzQmVQUMAAY9py.jpg,Residu,dataset\Residu\residu_DYzQmVQUMAAY9py.jpg,clean_balanced_dataset
residu_Ecoton-Pemerintah-Diminta-Segera-Tangani-Sampah-Popok-Sekali-Pakai.jpg,Residu,dataset\Residu\residu_Ecoton-Pemerintah-Diminta-Segera-Tangani-Sampah-Popok-Sekali-Pakai.jpg,clean_balanced_dataset
residu_EzqwKg6VUAA-7AH.jpg,Residu,dataset\Residu\residu_EzqwKg6VUAA-7AH.jpg,clean_balanced_dataset
residu_F-BOKS.jpg,Residu,dataset\Residu\residu_F-BOKS.jpg,clean_balanced_dataset
residu_f426f88215b4574902afb2fb080219bb.jpg,Residu,dataset\Residu\residu_f426f88215b4574902afb2fb080219bb.jpg,clean_balanced_dataset
residu_FI-Mabuk-karena-pembalut.jpg,Residu,dataset\Residu\residu_FI-Mabuk-karena-pembalut.jpg,clean_balanced_dataset
residu_hipwee-absorbent-nappy-3509508-640x346.jpg,Residu,dataset\Residu\residu_hipwee-absorbent-nappy-3509508-640x346.jpg,clean_balanced_dataset
residu_hipwee-KAO-Indonesia-750x422.jpg,Residu,dataset\Residu\residu_hipwee-KAO-Indonesia-750x422.jpg,clean_balanced_dataset
residu_hipwee-Sampah-Popok-yang-berhasil-dikumpul-oleh-tim-Ecoton-750x422.jpg,Residu,dataset\Residu\residu_hipwee-Sampah-Popok-yang-berhasil-dikumpul-oleh-tim-Ecoton-750x422.jpg,clean_balanced_dataset
residu_hqdefault2.jpg,Residu,dataset\Residu\residu_hqdefault2.jpg,clean_balanced_dataset
residu_hqdefault3.jpg,Residu,dataset\Residu\residu_hqdefault3.jpg,clean_balanced_dataset
residu_Ide-Kreatif-IRT-di-Makassar-Sulap-Sampah-Popok-Bekas-Jadi-Pot-Bunga.jpg,Residu,dataset\Residu\residu_Ide-Kreatif-IRT-di-Makassar-Sulap-Sampah-Popok-Bekas-Jadi-Pot-Bunga.jpg,clean_balanced_dataset
residu_ihkan-aliran-Sungai-Brantas-dari-sampah-popok-Foto-KBR-Zainul-Arifin_810x450.jpg,Residu,dataset\Residu\residu_ihkan-aliran-Sungai-Brantas-dari-sampah-popok-Foto-KBR-Zainul-Arifin_810x450.jpg,clean_balanced_dataset
residu_Ilustrasi-net1d64bcd6b926aa9576da0a76826c6faa.md.jpg,Residu,dataset\Residu\residu_Ilustrasi-net1d64bcd6b926aa9576da0a76826c6faa.md.jpg,clean_balanced_dataset
residu_ilustrasi-pembalut-wanita--1-istockphoto-getty-images-istockphoto.jpg,Residu,dataset\Residu\residu_ilustrasi-pembalut-wanita--1-istockphoto-getty-images-istockphoto.jpg,clean_balanced_dataset
residu_Image_1.jpg,Residu,dataset\Residu\residu_Image_1.jpg,clean_balanced_dataset
residu_Image_10.jpg,Residu,dataset\Residu\residu_Image_10.jpg,clean_balanced_dataset
residu_Image_11.jpg,Residu,dataset\Residu\residu_Image_11.jpg,clean_balanced_dataset
residu_Image_12.jpg,Residu,dataset\Residu\residu_Image_12.jpg,clean_balanced_dataset
residu_Image_13.jpg,Residu,dataset\Residu\residu_Image_13.jpg,clean_balanced_dataset
residu_Image_14.jpg,Residu,dataset\Residu\residu_Image_14.jpg,clean_balanced_dataset
residu_Image_15.jpg,Residu,dataset\Residu\residu_Image_15.jpg,clean_balanced_dataset
residu_Image_16.jpg,Residu,dataset\Residu\residu_Image_16.jpg,clean_balanced_dataset
residu_Image_17.jpg,Residu,dataset\Residu\residu_Image_17.jpg,clean_balanced_dataset
residu_Image_18.jpg,Residu,dataset\Residu\residu_Image_18.jpg,clean_balanced_dataset
residu_Image_2.jpg,Residu,dataset\Residu\residu_Image_2.jpg,clean_balanced_dataset
residu_Image_3.jpg,Residu,dataset\Residu\residu_Image_3.jpg,clean_balanced_dataset
residu_Image_5.jpg,Residu,dataset\Residu\residu_Image_5.jpg,clean_balanced_dataset
residu_Image_7.jpg,Residu,dataset\Residu\residu_Image_7.jpg,clean_balanced_dataset
residu_Image_8.jpg,Residu,dataset\Residu\residu_Image_8.jpg,clean_balanced_dataset
residu_Image_9.jpg,Residu,dataset\Residu\residu_Image_9.jpg,clean_balanced_dataset
residu__221110100921_missy-2_ori.jpg,Residu,dataset\Residu\residu__221110100921_missy-2_ori.jpg,clean_balanced_dataset
