class,filename,extension,width,height,mode,file_size_kb
hazardous,hazardous_hazardous_hazardous_hazardous_battery-10.jpg,.jpg,224,224,RGB,13.84
hazardous,hazardous_hazardous_hazardous_hazardous_battery-10_aug1462.jpg,.jpg,224,224,RGB,13.83
hazardous,hazardous_hazardous_hazardous_hazardous_battery-10_aug596.jpg,.jpg,224,224,RGB,12.78
hazardous,hazardous_hazardous_hazardous_hazardous_battery-10_aug895.jpg,.jpg,224,224,RGB,14.76
hazardous,hazardous_hazardous_hazardous_hazardous_battery-11_aug2135.jpg,.jpg,224,224,RGB,15.88
hazardous,hazardous_hazardous_hazardous_hazardous_battery-11_aug2493.jpg,.jpg,224,224,RGB,15.87
hazardous,hazardous_hazardous_hazardous_hazardous_battery-11_aug40.jpg,.jpg,224,224,RGB,15.65
hazardous,hazardous_hazardous_hazardous_hazardous_battery-11_aug640.jpg,.jpg,224,224,RGB,15.2
hazardous,hazardous_hazardous_hazardous_hazardous_battery-12_aug1083.jpg,.jpg,224,224,RGB,16.57
hazardous,hazardous_hazardous_hazardous_hazardous_battery-12_aug1305.jpg,.jpg,224,224,RGB,16.25
hazardous,hazardous_hazardous_hazardous_hazardous_battery-12_aug2295.jpg,.jpg,224,224,RGB,16.26
hazardous,hazardous_hazardous_hazardous_hazardous_battery-12_aug2473.jpg,.jpg,224,224,RGB,16.26
hazardous,hazardous_hazardous_hazardous_hazardous_battery-13.jpg,.jpg,224,224,RGB,11.64
hazardous,hazardous_hazardous_hazardous_hazardous_battery-13_aug1759.jpg,.jpg,224,224,RGB,7.27
hazardous,hazardous_hazardous_hazardous_hazardous_battery-13_aug242.jpg,.jpg,224,224,RGB,11.63
hazardous,hazardous_hazardous_hazardous_hazardous_battery-14.jpg,.jpg,224,224,RGB,15.22
hazardous,hazardous_hazardous_hazardous_hazardous_battery-14_aug1287.jpg,.jpg,224,224,RGB,14.1
hazardous,hazardous_hazardous_hazardous_hazardous_battery-14_aug1527.jpg,.jpg,224,224,RGB,15.82
hazardous,hazardous_hazardous_hazardous_hazardous_battery-14_aug190.jpg,.jpg,224,224,RGB,15.2
hazardous,hazardous_hazardous_hazardous_hazardous_battery-14_aug978.jpg,.jpg,224,224,RGB,14.91
hazardous,hazardous_hazardous_hazardous_hazardous_battery-15_aug1445.jpg,.jpg,224,224,RGB,14.18
hazardous,hazardous_hazardous_hazardous_hazardous_battery-15_aug1942.jpg,.jpg,224,224,RGB,14.8
hazardous,hazardous_hazardous_hazardous_hazardous_battery-15_aug2353.jpg,.jpg,224,224,RGB,13.54
hazardous,hazardous_hazardous_hazardous_hazardous_battery-15_aug2567.jpg,.jpg,224,224,RGB,15.03
hazardous,hazardous_hazardous_hazardous_hazardous_battery-15_aug2670.jpg,.jpg,224,224,RGB,13.78
hazardous,hazardous_hazardous_hazardous_hazardous_battery-16_aug1304.jpg,.jpg,224,224,RGB,13.53
hazardous,hazardous_hazardous_hazardous_hazardous_battery-16_aug2061.jpg,.jpg,224,224,RGB,13.42
hazardous,hazardous_hazardous_hazardous_hazardous_battery-16_aug2316.jpg,.jpg,224,224,RGB,13.55
hazardous,hazardous_hazardous_hazardous_hazardous_battery-17_aug1505.jpg,.jpg,224,224,RGB,13.47
hazardous,hazardous_hazardous_hazardous_hazardous_battery-17_aug1697.jpg,.jpg,224,224,RGB,13.98
hazardous,hazardous_hazardous_hazardous_hazardous_battery-17_aug843.jpg,.jpg,224,224,RGB,13.48
hazardous,hazardous_hazardous_hazardous_hazardous_battery-18_aug1737.jpg,.jpg,224,224,RGB,13.58
hazardous,hazardous_hazardous_hazardous_hazardous_battery-18_aug2733.jpg,.jpg,224,224,RGB,12.48
hazardous,hazardous_hazardous_hazardous_hazardous_battery-19_aug1335.jpg,.jpg,224,224,RGB,14.41
hazardous,hazardous_hazardous_hazardous_hazardous_battery-19_aug1501.jpg,.jpg,224,224,RGB,14.42
hazardous,hazardous_hazardous_hazardous_hazardous_battery-1_aug1274.jpg,.jpg,224,224,RGB,11.21
hazardous,hazardous_hazardous_hazardous_hazardous_battery-1_aug2041.jpg,.jpg,224,224,RGB,11.27
hazardous,hazardous_hazardous_hazardous_hazardous_battery-1_aug2622.jpg,.jpg,224,224,RGB,10.59
hazardous,hazardous_hazardous_hazardous_hazardous_battery-1_aug498.jpg,.jpg,224,224,RGB,12.61
hazardous,hazardous_hazardous_hazardous_hazardous_battery-1_aug665.jpg,.jpg,224,224,RGB,11.32
hazardous,hazardous_hazardous_hazardous_hazardous_battery-20_aug166.jpg,.jpg,224,224,RGB,13.79
hazardous,hazardous_hazardous_hazardous_hazardous_battery-20_aug2015.jpg,.jpg,224,224,RGB,13.28
hazardous,hazardous_hazardous_hazardous_hazardous_battery-20_aug2224.jpg,.jpg,224,224,RGB,13.29
hazardous,hazardous_hazardous_hazardous_hazardous_battery-20_aug2510.jpg,.jpg,224,224,RGB,15.17
hazardous,hazardous_hazardous_hazardous_hazardous_battery-21.jpg,.jpg,224,224,RGB,11.13
hazardous,hazardous_hazardous_hazardous_hazardous_battery-21_aug1919.jpg,.jpg,224,224,RGB,10.86
hazardous,hazardous_hazardous_hazardous_hazardous_battery-21_aug2211.jpg,.jpg,224,224,RGB,11.36
hazardous,hazardous_hazardous_hazardous_hazardous_battery-21_aug245.jpg,.jpg,224,224,RGB,11.43
hazardous,hazardous_hazardous_hazardous_hazardous_battery-21_aug608.jpg,.jpg,224,224,RGB,12.46
hazardous,hazardous_hazardous_hazardous_hazardous_battery-21_aug615.jpg,.jpg,224,224,RGB,11.45
hazardous,hazardous_hazardous_hazardous_hazardous_battery-22_aug639.jpg,.jpg,224,224,RGB,11.78
hazardous,hazardous_hazardous_hazardous_hazardous_battery-23_aug304.jpg,.jpg,224,224,RGB,11.7
hazardous,hazardous_hazardous_hazardous_hazardous_battery-23_aug390.jpg,.jpg,224,224,RGB,13.14
hazardous,hazardous_hazardous_hazardous_hazardous_battery-23_aug721.jpg,.jpg,224,224,RGB,12.52
hazardous,hazardous_hazardous_hazardous_hazardous_battery-24_aug107.jpg,.jpg,224,224,RGB,13.34
hazardous,hazardous_hazardous_hazardous_hazardous_battery-24_aug1435.jpg,.jpg,224,224,RGB,12.65
hazardous,hazardous_hazardous_hazardous_hazardous_battery-24_aug2562.jpg,.jpg,224,224,RGB,12.99
hazardous,hazardous_hazardous_hazardous_hazardous_battery-24_aug383.jpg,.jpg,224,224,RGB,12.63
hazardous,hazardous_hazardous_hazardous_hazardous_battery-24_aug922.jpg,.jpg,224,224,RGB,11.79
hazardous,hazardous_hazardous_hazardous_hazardous_battery-25_aug1650.jpg,.jpg,224,224,RGB,14.49
hazardous,hazardous_hazardous_hazardous_hazardous_battery-25_aug211.jpg,.jpg,224,224,RGB,13.15
hazardous,hazardous_hazardous_hazardous_hazardous_battery-25_aug2210.jpg,.jpg,224,224,RGB,13.93
hazardous,hazardous_hazardous_hazardous_hazardous_battery-25_aug2672.jpg,.jpg,224,224,RGB,13.8
hazardous,hazardous_hazardous_hazardous_hazardous_battery-25_aug2687.jpg,.jpg,224,224,RGB,14.22
hazardous,hazardous_hazardous_hazardous_hazardous_battery-25_aug413.jpg,.jpg,224,224,RGB,12.96
hazardous,hazardous_hazardous_hazardous_hazardous_battery-25_aug839.jpg,.jpg,224,224,RGB,13.39
hazardous,hazardous_hazardous_hazardous_hazardous_battery-26.jpg,.jpg,224,224,RGB,12.54
hazardous,hazardous_hazardous_hazardous_hazardous_battery-26_aug1225.jpg,.jpg,224,224,RGB,12.57
hazardous,hazardous_hazardous_hazardous_hazardous_battery-26_aug1719.jpg,.jpg,224,224,RGB,13.19
hazardous,hazardous_hazardous_hazardous_hazardous_battery-26_aug268.jpg,.jpg,224,224,RGB,13.27
hazardous,hazardous_hazardous_hazardous_hazardous_battery-27_aug1096.jpg,.jpg,224,224,RGB,12.13
hazardous,hazardous_hazardous_hazardous_hazardous_battery-27_aug1279.jpg,.jpg,224,224,RGB,11.96
hazardous,hazardous_hazardous_hazardous_hazardous_battery-27_aug1687.jpg,.jpg,224,224,RGB,13.39
hazardous,hazardous_hazardous_hazardous_hazardous_battery-28_aug1797.jpg,.jpg,224,224,RGB,14.11
hazardous,hazardous_hazardous_hazardous_hazardous_battery-28_aug1851.jpg,.jpg,224,224,RGB,14.79
hazardous,hazardous_hazardous_hazardous_hazardous_battery-28_aug273.jpg,.jpg,224,224,RGB,15.01
hazardous,hazardous_hazardous_hazardous_hazardous_battery-2_aug2049.jpg,.jpg,224,224,RGB,13.22
hazardous,hazardous_hazardous_hazardous_hazardous_battery-2_aug845.jpg,.jpg,224,224,RGB,13.92
hazardous,hazardous_hazardous_hazardous_hazardous_battery-3_aug1837.jpg,.jpg,224,224,RGB,11.35
hazardous,hazardous_hazardous_hazardous_hazardous_battery-3_aug346.jpg,.jpg,224,224,RGB,11.19
hazardous,hazardous_hazardous_hazardous_hazardous_battery-3_aug770.jpg,.jpg,224,224,RGB,10.59
hazardous,hazardous_hazardous_hazardous_hazardous_battery-3_aug974.jpg,.jpg,224,224,RGB,10.59
hazardous,hazardous_hazardous_hazardous_hazardous_battery-47_aug2402.jpg,.jpg,224,224,RGB,16.05
hazardous,hazardous_hazardous_hazardous_hazardous_battery-48_aug1141.jpg,.jpg,224,224,RGB,17.05
hazardous,hazardous_hazardous_hazardous_hazardous_battery-48_aug1179.jpg,.jpg,224,224,RGB,17.13
hazardous,hazardous_hazardous_hazardous_hazardous_battery-48_aug1842.jpg,.jpg,224,224,RGB,10.31
hazardous,hazardous_hazardous_hazardous_hazardous_battery-48_aug1894.jpg,.jpg,224,224,RGB,15.98
hazardous,hazardous_hazardous_hazardous_hazardous_battery-48_aug2082.jpg,.jpg,224,224,RGB,17.08
hazardous,hazardous_hazardous_hazardous_hazardous_battery-48_aug2312.jpg,.jpg,224,224,RGB,15.14
hazardous,hazardous_hazardous_hazardous_hazardous_battery-48_aug624.jpg,.jpg,224,224,RGB,15.05
hazardous,hazardous_hazardous_hazardous_hazardous_battery-48_aug762.jpg,.jpg,224,224,RGB,16.59
hazardous,hazardous_hazardous_hazardous_hazardous_battery-48_aug818.jpg,.jpg,224,224,RGB,16.03
hazardous,hazardous_hazardous_hazardous_hazardous_battery-49_aug1.jpg,.jpg,224,224,RGB,17.68
hazardous,hazardous_hazardous_hazardous_hazardous_battery-49_aug2690.jpg,.jpg,224,224,RGB,16.88
hazardous,hazardous_hazardous_hazardous_hazardous_battery-49_aug691.jpg,.jpg,224,224,RGB,17.62
hazardous,hazardous_hazardous_hazardous_hazardous_battery-49_aug857.jpg,.jpg,224,224,RGB,17.25
hazardous,hazardous_hazardous_hazardous_hazardous_battery-4_aug1076.jpg,.jpg,224,224,RGB,10.97
hazardous,hazardous_hazardous_hazardous_hazardous_battery-4_aug1446.jpg,.jpg,224,224,RGB,11.71
hazardous,hazardous_hazardous_hazardous_hazardous_battery-5.jpg,.jpg,224,224,RGB,12.04
hazardous,hazardous_hazardous_hazardous_hazardous_battery-50_aug2325.jpg,.jpg,224,224,RGB,15.86
hazardous,hazardous_hazardous_hazardous_hazardous_battery-50_aug237.jpg,.jpg,224,224,RGB,16.46
hazardous,hazardous_hazardous_hazardous_hazardous_battery-50_aug416.jpg,.jpg,224,224,RGB,15.28
hazardous,hazardous_hazardous_hazardous_hazardous_battery-50_aug546.jpg,.jpg,224,224,RGB,15.9
hazardous,hazardous_hazardous_hazardous_hazardous_battery-50_aug846.jpg,.jpg,224,224,RGB,16.08
hazardous,hazardous_hazardous_hazardous_hazardous_battery-50_aug951.jpg,.jpg,224,224,RGB,16.81
hazardous,hazardous_hazardous_hazardous_hazardous_battery-51.jpg,.jpg,224,224,RGB,16.72
hazardous,hazardous_hazardous_hazardous_hazardous_battery-51_aug174.jpg,.jpg,224,224,RGB,16.8
hazardous,hazardous_hazardous_hazardous_hazardous_battery-51_aug253.jpg,.jpg,224,224,RGB,17.64
hazardous,hazardous_hazardous_hazardous_hazardous_battery-51_aug347.jpg,.jpg,224,224,RGB,17.69
hazardous,hazardous_hazardous_hazardous_hazardous_battery-51_aug440.jpg,.jpg,224,224,RGB,16.78
hazardous,hazardous_hazardous_hazardous_hazardous_battery-52_aug1026.jpg,.jpg,224,224,RGB,14.77
hazardous,hazardous_hazardous_hazardous_hazardous_battery-52_aug191.jpg,.jpg,224,224,RGB,15.83
hazardous,hazardous_hazardous_hazardous_hazardous_battery-52_aug2280.jpg,.jpg,224,224,RGB,15.38
hazardous,hazardous_hazardous_hazardous_hazardous_battery-52_aug229.jpg,.jpg,224,224,RGB,13.49
hazardous,hazardous_hazardous_hazardous_hazardous_battery-52_aug679.jpg,.jpg,224,224,RGB,16.26
hazardous,hazardous_hazardous_hazardous_hazardous_battery-53_aug1065.jpg,.jpg,224,224,RGB,15.51
hazardous,hazardous_hazardous_hazardous_hazardous_battery-53_aug1167.jpg,.jpg,224,224,RGB,15.55
hazardous,hazardous_hazardous_hazardous_hazardous_battery-53_aug143.jpg,.jpg,224,224,RGB,15.56
hazardous,hazardous_hazardous_hazardous_hazardous_battery-54_aug1317.jpg,.jpg,224,224,RGB,16.29
hazardous,hazardous_hazardous_hazardous_hazardous_battery-54_aug1932.jpg,.jpg,224,224,RGB,16.33
hazardous,hazardous_hazardous_hazardous_hazardous_battery-54_aug1949.jpg,.jpg,224,224,RGB,15.32
hazardous,hazardous_hazardous_hazardous_hazardous_battery-54_aug2230.jpg,.jpg,224,224,RGB,16.27
hazardous,hazardous_hazardous_hazardous_hazardous_battery-54_aug2345.jpg,.jpg,224,224,RGB,16.28
hazardous,hazardous_hazardous_hazardous_hazardous_battery-54_aug2595.jpg,.jpg,224,224,RGB,16.05
hazardous,hazardous_hazardous_hazardous_hazardous_battery-54_aug279.jpg,.jpg,224,224,RGB,15.84
hazardous,hazardous_hazardous_hazardous_hazardous_battery-54_aug405.jpg,.jpg,224,224,RGB,16.32
hazardous,hazardous_hazardous_hazardous_hazardous_battery-55_aug1631.jpg,.jpg,224,224,RGB,14.51
hazardous,hazardous_hazardous_hazardous_hazardous_battery-55_aug1789.jpg,.jpg,224,224,RGB,16.59
hazardous,hazardous_hazardous_hazardous_hazardous_battery-55_aug1923.jpg,.jpg,224,224,RGB,16.55
hazardous,hazardous_hazardous_hazardous_hazardous_battery-55_aug202.jpg,.jpg,224,224,RGB,16.51
hazardous,hazardous_hazardous_hazardous_hazardous_battery-56.jpg,.jpg,224,224,RGB,15.03
hazardous,hazardous_hazardous_hazardous_hazardous_battery-56_aug1589.jpg,.jpg,224,224,RGB,15.29
hazardous,hazardous_hazardous_hazardous_hazardous_battery-56_aug1665.jpg,.jpg,224,224,RGB,14.56
hazardous,hazardous_hazardous_hazardous_hazardous_battery-56_aug1999.jpg,.jpg,224,224,RGB,15.07
hazardous,hazardous_hazardous_hazardous_hazardous_battery-56_aug594.jpg,.jpg,224,224,RGB,15.63
hazardous,hazardous_hazardous_hazardous_hazardous_battery-56_aug731.jpg,.jpg,224,224,RGB,14.34
hazardous,hazardous_hazardous_hazardous_hazardous_battery-56_aug790.jpg,.jpg,224,224,RGB,14.03
hazardous,hazardous_hazardous_hazardous_hazardous_battery-57_aug1185.jpg,.jpg,224,224,RGB,15.99
hazardous,hazardous_hazardous_hazardous_hazardous_battery-57_aug15.jpg,.jpg,224,224,RGB,17.91
hazardous,hazardous_hazardous_hazardous_hazardous_battery-57_aug1971.jpg,.jpg,224,224,RGB,14.86
hazardous,hazardous_hazardous_hazardous_hazardous_battery-57_aug2276.jpg,.jpg,224,224,RGB,15.02
hazardous,hazardous_hazardous_hazardous_hazardous_battery-58.jpg,.jpg,224,224,RGB,16.7
hazardous,hazardous_hazardous_hazardous_hazardous_battery-58_aug1211.jpg,.jpg,224,224,RGB,16.77
hazardous,hazardous_hazardous_hazardous_hazardous_battery-58_aug1668.jpg,.jpg,224,224,RGB,15.39
hazardous,hazardous_hazardous_hazardous_hazardous_battery-58_aug1863.jpg,.jpg,224,224,RGB,16.63
hazardous,hazardous_hazardous_hazardous_hazardous_battery-58_aug2105.jpg,.jpg,224,224,RGB,15.23
hazardous,hazardous_hazardous_hazardous_hazardous_battery-58_aug2132.jpg,.jpg,224,224,RGB,16.8
hazardous,hazardous_hazardous_hazardous_hazardous_battery-58_aug284.jpg,.jpg,224,224,RGB,17.64
hazardous,hazardous_hazardous_hazardous_hazardous_battery-58_aug950.jpg,.jpg,224,224,RGB,16.7
hazardous,hazardous_hazardous_hazardous_hazardous_battery-59_aug27.jpg,.jpg,224,224,RGB,15.58
hazardous,hazardous_hazardous_hazardous_hazardous_battery-59_aug808.jpg,.jpg,224,224,RGB,15.8
hazardous,hazardous_hazardous_hazardous_hazardous_battery-5_aug194.jpg,.jpg,224,224,RGB,12.89
hazardous,hazardous_hazardous_hazardous_hazardous_battery-60_aug1325.jpg,.jpg,224,224,RGB,17.45
hazardous,hazardous_hazardous_hazardous_hazardous_battery-60_aug1366.jpg,.jpg,224,224,RGB,17.07
hazardous,hazardous_hazardous_hazardous_hazardous_battery-60_aug2262.jpg,.jpg,224,224,RGB,14.98
hazardous,hazardous_hazardous_hazardous_hazardous_battery-61_aug1007.jpg,.jpg,224,224,RGB,17.03
hazardous,hazardous_hazardous_hazardous_hazardous_battery-61_aug1560.jpg,.jpg,224,224,RGB,17.2
hazardous,hazardous_hazardous_hazardous_hazardous_battery-62_aug1535.jpg,.jpg,224,224,RGB,14.75
hazardous,hazardous_hazardous_hazardous_hazardous_battery-62_aug485.jpg,.jpg,224,224,RGB,15.14
hazardous,hazardous_hazardous_hazardous_hazardous_battery-62_aug598.jpg,.jpg,224,224,RGB,13.97
hazardous,hazardous_hazardous_hazardous_hazardous_battery-62_aug897.jpg,.jpg,224,224,RGB,15.44
hazardous,hazardous_hazardous_hazardous_hazardous_battery-63_aug1716.jpg,.jpg,224,224,RGB,13.36
hazardous,hazardous_hazardous_hazardous_hazardous_battery-63_aug2013.jpg,.jpg,224,224,RGB,14.16
hazardous,hazardous_hazardous_hazardous_hazardous_battery-63_aug2492.jpg,.jpg,224,224,RGB,14.68
hazardous,hazardous_hazardous_hazardous_hazardous_battery-64_aug1097.jpg,.jpg,224,224,RGB,16.03
hazardous,hazardous_hazardous_hazardous_hazardous_battery-64_aug1818.jpg,.jpg,224,224,RGB,16.02
hazardous,hazardous_hazardous_hazardous_hazardous_battery-64_aug1879.jpg,.jpg,224,224,RGB,13.6
hazardous,hazardous_hazardous_hazardous_hazardous_battery-64_aug2665.jpg,.jpg,224,224,RGB,16.51
hazardous,hazardous_hazardous_hazardous_hazardous_battery-64_aug2719.jpg,.jpg,224,224,RGB,16.94
hazardous,hazardous_hazardous_hazardous_hazardous_battery-64_aug76.jpg,.jpg,224,224,RGB,16.01
hazardous,hazardous_hazardous_hazardous_hazardous_battery-65_aug1271.jpg,.jpg,224,224,RGB,13.43
hazardous,hazardous_hazardous_hazardous_hazardous_battery-65_aug1330.jpg,.jpg,224,224,RGB,14.08
hazardous,hazardous_hazardous_hazardous_hazardous_battery-65_aug188.jpg,.jpg,224,224,RGB,14.46
hazardous,hazardous_hazardous_hazardous_hazardous_battery-65_aug759.jpg,.jpg,224,224,RGB,13.45
hazardous,hazardous_hazardous_hazardous_hazardous_battery-6_aug1380.jpg,.jpg,224,224,RGB,15.16
hazardous,hazardous_hazardous_hazardous_hazardous_battery-6_aug17.jpg,.jpg,224,224,RGB,15.48
hazardous,hazardous_hazardous_hazardous_hazardous_battery-6_aug1760.jpg,.jpg,224,224,RGB,15.1
hazardous,hazardous_hazardous_hazardous_hazardous_battery-6_aug1808.jpg,.jpg,224,224,RGB,14.1
hazardous,hazardous_hazardous_hazardous_hazardous_battery-6_aug2016.jpg,.jpg,224,224,RGB,15.1
hazardous,hazardous_hazardous_hazardous_hazardous_battery-6_aug2035.jpg,.jpg,224,224,RGB,15.15
hazardous,hazardous_hazardous_hazardous_hazardous_battery-8.jpg,.jpg,224,224,RGB,12.76
hazardous,hazardous_hazardous_hazardous_hazardous_battery-8_aug1738.jpg,.jpg,224,224,RGB,14.9
hazardous,hazardous_hazardous_hazardous_hazardous_battery-8_aug619.jpg,.jpg,224,224,RGB,14.13
hazardous,hazardous_hazardous_hazardous_hazardous_battery-9.jpg,.jpg,224,224,RGB,12.47
hazardous,hazardous_hazardous_hazardous_hazardous_battery-9_aug329.jpg,.jpg,224,224,RGB,13.26
hazardous,hazardous_hazardous_hazardous_hazardous_battery-9_aug525.jpg,.jpg,224,224,RGB,12.44
hazardous,hazardous_hazardous_hazardous_hazardous_battery-9_aug590.jpg,.jpg,224,224,RGB,14.04
hazardous,hazardous_hazardous_hazardous_hazardous_e-waste-10.jpg,.jpg,224,224,RGB,14.55
hazardous,hazardous_hazardous_hazardous_hazardous_e-waste-10_aug1593.jpg,.jpg,224,224,RGB,15.69
hazardous,hazardous_hazardous_hazardous_hazardous_e-waste-10_aug201.jpg,.jpg,224,224,RGB,14.52
hazardous,hazardous_hazardous_hazardous_hazardous_e-waste-10_aug2167.jpg,.jpg,224,224,RGB,15.83
hazardous,hazardous_hazardous_hazardous_hazardous_e-waste-12_aug584.jpg,.jpg,224,224,RGB,15.83
hazardous,hazardous_hazardous_hazardous_hazardous_e-waste-13.jpg,.jpg,224,224,RGB,16.7
hazardous,hazardous_hazardous_hazardous_hazardous_e-waste-13_aug1215.jpg,.jpg,224,224,RGB,16.84
hazardous,hazardous_hazardous_hazardous_hazardous_e-waste-13_aug874.jpg,.jpg,224,224,RGB,15.07
hazardous,hazardous_hazardous_hazardous_hazardous_e-waste-14_aug1666.jpg,.jpg,224,224,RGB,14.8
hazardous,hazardous_hazardous_hazardous_hazardous_e-waste-14_aug1904.jpg,.jpg,224,224,RGB,14.9
hazardous,hazardous_hazardous_hazardous_hazardous_e-waste-14_aug2527.jpg,.jpg,224,224,RGB,15.65
hazardous,hazardous_hazardous_hazardous_hazardous_e-waste-15.jpg,.jpg,224,224,RGB,12.1
hazardous,hazardous_hazardous_hazardous_hazardous_e-waste-15_aug1158.jpg,.jpg,224,224,RGB,11.99
hazardous,hazardous_hazardous_hazardous_hazardous_e-waste-15_aug2134.jpg,.jpg,224,224,RGB,12.77
hazardous,hazardous_hazardous_hazardous_hazardous_e-waste-15_aug97.jpg,.jpg,224,224,RGB,14.59
hazardous,hazardous_hazardous_hazardous_hazardous_e-waste-16_aug1260.jpg,.jpg,224,224,RGB,13.56
hazardous,hazardous_hazardous_hazardous_hazardous_e-waste-16_aug2644.jpg,.jpg,224,224,RGB,13.99
hazardous,hazardous_hazardous_hazardous_hazardous_e-waste-16_aug70.jpg,.jpg,224,224,RGB,13.09
hazardous,hazardous_hazardous_hazardous_hazardous_e-waste-16_aug799.jpg,.jpg,224,224,RGB,13.35
hazardous,hazardous_hazardous_hazardous_hazardous_e-waste-17_aug1577.jpg,.jpg,224,224,RGB,11.1
hazardous,hazardous_hazardous_hazardous_hazardous_e-waste-17_aug1959.jpg,.jpg,224,224,RGB,11.69
hazardous,hazardous_hazardous_hazardous_hazardous_e-waste-17_aug2459.jpg,.jpg,224,224,RGB,11.09
hazardous,hazardous_hazardous_hazardous_hazardous_e-waste-18.jpg,.jpg,224,224,RGB,13.84
hazardous,hazardous_hazardous_hazardous_hazardous_e-waste-18_aug1244.jpg,.jpg,224,224,RGB,14.09
hazardous,hazardous_hazardous_hazardous_hazardous_e-waste-18_aug1957.jpg,.jpg,224,224,RGB,12.43
hazardous,hazardous_hazardous_hazardous_hazardous_e-waste-18_aug2130.jpg,.jpg,224,224,RGB,13.9
hazardous,hazardous_hazardous_hazardous_hazardous_e-waste-18_aug233.jpg,.jpg,224,224,RGB,14.33
hazardous,hazardous_hazardous_hazardous_hazardous_e-waste-18_aug50.jpg,.jpg,224,224,RGB,14.48
hazardous,hazardous_hazardous_hazardous_hazardous_e-waste-19_aug1742.jpg,.jpg,224,224,RGB,10.86
hazardous,hazardous_hazardous_hazardous_hazardous_e-waste-20_aug825.jpg,.jpg,224,224,RGB,13.22
hazardous,hazardous_hazardous_hazardous_hazardous_e-waste-21_aug1327.jpg,.jpg,224,224,RGB,15.15
hazardous,hazardous_hazardous_hazardous_hazardous_e-waste-21_aug168.jpg,.jpg,224,224,RGB,14.37
hazardous,hazardous_hazardous_hazardous_hazardous_e-waste-21_aug1816.jpg,.jpg,224,224,RGB,13.05
hazardous,hazardous_hazardous_hazardous_hazardous_e-waste-21_aug921.jpg,.jpg,224,224,RGB,13.7
hazardous,hazardous_hazardous_hazardous_hazardous_e-waste-22_aug1925.jpg,.jpg,224,224,RGB,12.06
hazardous,hazardous_hazardous_hazardous_hazardous_e-waste-22_aug193.jpg,.jpg,224,224,RGB,13.46
hazardous,hazardous_hazardous_hazardous_hazardous_e-waste-22_aug850.jpg,.jpg,224,224,RGB,12.11
hazardous,hazardous_hazardous_hazardous_hazardous_e-waste-23_aug1395.jpg,.jpg,224,224,RGB,14.71
hazardous,hazardous_hazardous_hazardous_hazardous_e-waste-23_aug1494.jpg,.jpg,224,224,RGB,13.34
hazardous,hazardous_hazardous_hazardous_hazardous_e-waste-23_aug1496.jpg,.jpg,224,224,RGB,13.34
hazardous,hazardous_hazardous_hazardous_hazardous_e-waste-23_aug293.jpg,.jpg,224,224,RGB,14.64
hazardous,hazardous_hazardous_hazardous_hazardous_e-waste-24_aug1714.jpg,.jpg,224,224,RGB,14.13
hazardous,hazardous_hazardous_hazardous_hazardous_e-waste-24_aug1991.jpg,.jpg,224,224,RGB,15.17
hazardous,hazardous_hazardous_hazardous_hazardous_e-waste-24_aug452.jpg,.jpg,224,224,RGB,14.97
hazardous,hazardous_hazardous_hazardous_hazardous_e-waste-24_aug794.jpg,.jpg,224,224,RGB,14.92
hazardous,hazardous_hazardous_hazardous_hazardous_e-waste-25_aug1020.jpg,.jpg,224,224,RGB,11.98
hazardous,hazardous_hazardous_hazardous_hazardous_e-waste-25_aug1562.jpg,.jpg,224,224,RGB,12.48
hazardous,hazardous_hazardous_hazardous_hazardous_e-waste-25_aug2583.jpg,.jpg,224,224,RGB,14.0
hazardous,hazardous_hazardous_hazardous_hazardous_e-waste-25_aug678.jpg,.jpg,224,224,RGB,12.21
hazardous,hazardous_hazardous_hazardous_hazardous_e-waste-25_aug777.jpg,.jpg,224,224,RGB,11.9
hazardous,hazardous_hazardous_hazardous_hazardous_e-waste-26_aug54.jpg,.jpg,224,224,RGB,14.24
hazardous,hazardous_hazardous_hazardous_hazardous_e-waste-26_aug807.jpg,.jpg,224,224,RGB,15.89
hazardous,hazardous_hazardous_hazardous_hazardous_e-waste-27_aug277.jpg,.jpg,224,224,RGB,14.51
hazardous,hazardous_hazardous_hazardous_hazardous_e-waste-5_aug1389.jpg,.jpg,224,224,RGB,20.84
hazardous,hazardous_hazardous_hazardous_hazardous_e-waste-5_aug1511.jpg,.jpg,224,224,RGB,17.7
hazardous,hazardous_hazardous_hazardous_hazardous_e-waste-5_aug1943.jpg,.jpg,224,224,RGB,19.79
hazardous,hazardous_hazardous_hazardous_hazardous_e-waste-5_aug2544.jpg,.jpg,224,224,RGB,21.21
hazardous,hazardous_hazardous_hazardous_hazardous_e-waste-5_aug734.jpg,.jpg,224,224,RGB,21.17
hazardous,hazardous_hazardous_hazardous_hazardous_e-waste-6.jpg,.jpg,224,224,RGB,20.32
hazardous,hazardous_hazardous_hazardous_hazardous_e-waste-6_aug1248.jpg,.jpg,224,224,RGB,20.8
hazardous,hazardous_hazardous_hazardous_hazardous_e-waste-6_aug1509.jpg,.jpg,224,224,RGB,20.48
hazardous,hazardous_hazardous_hazardous_hazardous_e-waste-7_aug2269.jpg,.jpg,224,224,RGB,20.64
hazardous,hazardous_hazardous_hazardous_hazardous_e-waste-7_aug474.jpg,.jpg,224,224,RGB,20.01
hazardous,hazardous_hazardous_hazardous_hazardous_e-waste-8_aug1606.jpg,.jpg,224,224,RGB,16.83
hazardous,hazardous_hazardous_hazardous_hazardous_e-waste-8_aug83.jpg,.jpg,224,224,RGB,17.29
hazardous,hazardous_hazardous_hazardous_hazardous_e-waste-9_aug1191.jpg,.jpg,224,224,RGB,12.86
hazardous,hazardous_hazardous_hazardous_hazardous_e-waste-9_aug2406.jpg,.jpg,224,224,RGB,13.53
hazardous,hazardous_hazardous_hazardous_hazardous_e-waste-9_aug953.jpg,.jpg,224,224,RGB,15.68
Kaca,kaca_kaca_kaca_kaca_R_3850.jpg,.jpg,224,224,RGB,5.67
Kaca,kaca_kaca_kaca_kaca_R_3851.jpg,.jpg,224,224,RGB,7.77
Kaca,kaca_kaca_kaca_kaca_R_3852.jpg,.jpg,224,224,RGB,5.69
Kaca,kaca_kaca_kaca_kaca_R_3853.jpg,.jpg,224,224,RGB,8.73
Kaca,kaca_kaca_kaca_kaca_R_3854.jpg,.jpg,224,224,RGB,7.16
Kaca,kaca_kaca_kaca_kaca_R_3855.jpg,.jpg,224,224,RGB,5.64
Kaca,kaca_kaca_kaca_kaca_R_3856.jpg,.jpg,224,224,RGB,4.98
Kaca,kaca_kaca_kaca_kaca_R_3857.jpg,.jpg,224,224,RGB,5.6
Kaca,kaca_kaca_kaca_kaca_R_3858.jpg,.jpg,224,224,RGB,5.11
Kaca,kaca_kaca_kaca_kaca_R_3859.jpg,.jpg,224,224,RGB,7.14
Kaca,kaca_kaca_kaca_kaca_R_3860.jpg,.jpg,224,224,RGB,11.21
Kaca,kaca_kaca_kaca_kaca_R_3861.jpg,.jpg,224,224,RGB,9.58
Kaca,kaca_kaca_kaca_kaca_R_3862.jpg,.jpg,224,224,RGB,9.22
Kaca,kaca_kaca_kaca_kaca_R_3863.jpg,.jpg,224,224,RGB,7.67
Kaca,kaca_kaca_kaca_kaca_R_3864.jpg,.jpg,224,224,RGB,9.81
Kaca,kaca_kaca_kaca_kaca_R_3865.jpg,.jpg,224,224,RGB,11.0
Kaca,kaca_kaca_kaca_kaca_R_3866.jpg,.jpg,224,224,RGB,6.13
Kaca,kaca_kaca_kaca_kaca_R_3867.jpg,.jpg,224,224,RGB,8.95
Kaca,kaca_kaca_kaca_kaca_R_3868.jpg,.jpg,224,224,RGB,5.99
Kaca,kaca_kaca_kaca_kaca_R_3869.jpg,.jpg,224,224,RGB,10.84
Kaca,kaca_kaca_kaca_kaca_R_3870.jpg,.jpg,224,224,RGB,19.91
Kaca,kaca_kaca_kaca_kaca_R_3871.jpg,.jpg,224,224,RGB,8.42
Kaca,kaca_kaca_kaca_kaca_R_3872.jpg,.jpg,224,224,RGB,10.1
Kaca,kaca_kaca_kaca_kaca_R_3873.jpg,.jpg,224,224,RGB,10.65
Kaca,kaca_kaca_kaca_kaca_R_3874.jpg,.jpg,224,224,RGB,9.12
Kaca,kaca_kaca_kaca_kaca_R_3875.jpg,.jpg,224,224,RGB,9.45
Kaca,kaca_kaca_kaca_kaca_R_3876.jpg,.jpg,224,224,RGB,14.47
Kaca,kaca_kaca_kaca_kaca_R_3877.jpg,.jpg,224,224,RGB,9.13
Kaca,kaca_kaca_kaca_kaca_R_3878.jpg,.jpg,224,224,RGB,22.82
Kaca,kaca_kaca_kaca_kaca_R_3879.jpg,.jpg,224,224,RGB,26.84
Kaca,kaca_kaca_kaca_kaca_R_3880.jpg,.jpg,224,224,RGB,9.07
Kaca,kaca_kaca_kaca_kaca_R_3881.jpg,.jpg,224,224,RGB,8.91
Kaca,kaca_kaca_kaca_kaca_R_3882.jpg,.jpg,224,224,RGB,5.15
Kaca,kaca_kaca_kaca_kaca_R_3883.jpg,.jpg,224,224,RGB,14.54
Kaca,kaca_kaca_kaca_kaca_R_3884.jpg,.jpg,224,224,RGB,14.89
Kaca,kaca_kaca_kaca_kaca_R_3885.jpg,.jpg,224,224,RGB,11.8
Kaca,kaca_kaca_kaca_kaca_R_3886.jpg,.jpg,224,224,RGB,8.73
Kaca,kaca_kaca_kaca_kaca_R_3887.jpg,.jpg,224,224,RGB,10.3
Kaca,kaca_kaca_kaca_kaca_R_3888.jpg,.jpg,224,224,RGB,20.76
Kaca,kaca_kaca_kaca_kaca_R_3889.jpg,.jpg,224,224,RGB,11.6
Kaca,kaca_kaca_kaca_kaca_R_3890.jpg,.jpg,224,224,RGB,6.46
Kaca,kaca_kaca_kaca_kaca_R_3891.jpg,.jpg,224,224,RGB,28.62
Kaca,kaca_kaca_kaca_kaca_R_3892.jpg,.jpg,224,224,RGB,10.17
Kaca,kaca_kaca_kaca_kaca_R_3893.jpg,.jpg,224,224,RGB,8.03
Kaca,kaca_kaca_kaca_kaca_R_3894.jpg,.jpg,224,224,RGB,10.02
Kaca,kaca_kaca_kaca_kaca_R_3895.jpg,.jpg,224,224,RGB,6.02
Kaca,kaca_kaca_kaca_kaca_R_3896.jpg,.jpg,224,224,RGB,7.86
Kaca,kaca_kaca_kaca_kaca_R_3897.jpg,.jpg,224,224,RGB,7.37
Kaca,kaca_kaca_kaca_kaca_R_3898.jpg,.jpg,224,224,RGB,16.54
Kaca,kaca_kaca_kaca_kaca_R_3899.jpg,.jpg,224,224,RGB,10.75
Kaca,kaca_kaca_kaca_kaca_R_3900.jpg,.jpg,224,224,RGB,9.98
Kaca,kaca_kaca_kaca_kaca_R_3901.jpg,.jpg,224,224,RGB,4.85
Kaca,kaca_kaca_kaca_kaca_R_3902.jpg,.jpg,224,224,RGB,12.5
Kaca,kaca_kaca_kaca_kaca_R_3903.jpg,.jpg,224,224,RGB,5.74
Kaca,kaca_kaca_kaca_kaca_R_3904.jpg,.jpg,224,224,RGB,9.37
Kaca,kaca_kaca_kaca_kaca_R_3905.jpg,.jpg,224,224,RGB,15.27
Kaca,kaca_kaca_kaca_kaca_R_3906.jpg,.jpg,224,224,RGB,25.59
Kaca,kaca_kaca_kaca_kaca_R_3908.jpg,.jpg,224,224,RGB,19.77
Kaca,kaca_kaca_kaca_kaca_R_3909.jpg,.jpg,224,224,RGB,5.38
Kaca,kaca_kaca_kaca_kaca_R_3910.jpg,.jpg,224,224,RGB,17.83
Kaca,kaca_kaca_kaca_kaca_R_3911.jpg,.jpg,224,224,RGB,17.03
Kaca,kaca_kaca_kaca_kaca_R_3912.jpg,.jpg,224,224,RGB,18.75
Kaca,kaca_kaca_kaca_kaca_R_3913.jpg,.jpg,224,224,RGB,6.95
Kaca,kaca_kaca_kaca_kaca_R_3914.jpg,.jpg,224,224,RGB,6.49
Kaca,kaca_kaca_kaca_kaca_R_3915.jpg,.jpg,224,224,RGB,20.98
Kaca,kaca_kaca_kaca_kaca_R_3916.jpg,.jpg,224,224,RGB,8.58
Kaca,kaca_kaca_kaca_kaca_R_3917.jpg,.jpg,224,224,RGB,4.31
Kaca,kaca_kaca_kaca_kaca_R_3918.jpg,.jpg,224,224,RGB,5.32
Kaca,kaca_kaca_kaca_kaca_R_3919.jpg,.jpg,224,224,RGB,7.13
Kaca,kaca_kaca_kaca_kaca_R_3920.jpg,.jpg,224,224,RGB,34.52
Kaca,kaca_kaca_kaca_kaca_R_3921.jpg,.jpg,224,224,RGB,5.97
Kaca,kaca_kaca_kaca_kaca_R_3922.jpg,.jpg,224,224,RGB,4.63
Kaca,kaca_kaca_kaca_kaca_R_3923.jpg,.jpg,224,224,RGB,11.47
Kaca,kaca_kaca_kaca_kaca_R_3924.jpg,.jpg,224,224,RGB,18.32
Kaca,kaca_kaca_kaca_kaca_R_3925.jpg,.jpg,224,224,RGB,11.86
Kaca,kaca_kaca_kaca_kaca_R_3926.jpg,.jpg,224,224,RGB,19.18
Kaca,kaca_kaca_kaca_kaca_R_3927.jpg,.jpg,224,224,RGB,7.14
Kaca,kaca_kaca_kaca_kaca_R_3928.jpg,.jpg,224,224,RGB,14.85
Kaca,kaca_kaca_kaca_kaca_R_3929.jpg,.jpg,224,224,RGB,6.14
Kaca,kaca_kaca_kaca_kaca_R_3930.jpg,.jpg,224,224,RGB,16.59
Kaca,kaca_kaca_kaca_kaca_R_3931.jpg,.jpg,224,224,RGB,12.86
Kaca,kaca_kaca_kaca_kaca_R_3932.jpg,.jpg,224,224,RGB,9.87
Kaca,kaca_kaca_kaca_kaca_R_3933.jpg,.jpg,224,224,RGB,4.17
Kaca,kaca_kaca_kaca_kaca_R_3934.jpg,.jpg,224,224,RGB,5.9
Kaca,kaca_kaca_kaca_kaca_R_3935.jpg,.jpg,224,224,RGB,17.25
Kaca,kaca_kaca_kaca_kaca_R_3936.jpg,.jpg,224,224,RGB,13.74
Kaca,kaca_kaca_kaca_kaca_R_3937.jpg,.jpg,224,224,RGB,13.94
Kaca,kaca_kaca_kaca_kaca_R_3939.jpg,.jpg,224,224,RGB,9.09
Kaca,kaca_kaca_kaca_kaca_R_3940.jpg,.jpg,224,224,RGB,7.12
Kaca,kaca_kaca_kaca_kaca_R_3941.jpg,.jpg,224,224,RGB,29.51
Kaca,kaca_kaca_kaca_kaca_R_3942.jpg,.jpg,224,224,RGB,21.29
Kaca,kaca_kaca_kaca_kaca_R_3943.jpg,.jpg,224,224,RGB,7.77
Kaca,kaca_kaca_kaca_kaca_R_3944.jpg,.jpg,224,224,RGB,10.48
Kaca,kaca_kaca_kaca_kaca_R_3945.jpg,.jpg,224,224,RGB,9.65
Kaca,kaca_kaca_kaca_kaca_R_3946.jpg,.jpg,224,224,RGB,7.82
Kaca,kaca_kaca_kaca_kaca_R_3947.jpg,.jpg,224,224,RGB,4.97
Kaca,kaca_kaca_kaca_kaca_R_3948.jpg,.jpg,224,224,RGB,13.3
Kaca,kaca_kaca_kaca_kaca_R_3949.jpg,.jpg,224,224,RGB,8.31
Kaca,kaca_kaca_kaca_kaca_R_3950.jpg,.jpg,224,224,RGB,8.02
Kaca,kaca_kaca_kaca_kaca_R_3951.jpg,.jpg,224,224,RGB,8.55
Kaca,kaca_kaca_kaca_kaca_R_4037.jpg,.jpg,224,224,RGB,26.44
Kaca,kaca_kaca_kaca_kaca_R_4038.jpg,.jpg,224,224,RGB,17.54
Kaca,kaca_kaca_kaca_kaca_R_4039.jpg,.jpg,224,224,RGB,8.29
Kaca,kaca_kaca_kaca_kaca_R_4040.jpg,.jpg,224,224,RGB,31.39
Kaca,kaca_kaca_kaca_kaca_R_4041.jpg,.jpg,224,224,RGB,18.71
Kaca,kaca_kaca_kaca_kaca_R_4042.jpg,.jpg,224,224,RGB,8.09
Kaca,kaca_kaca_kaca_kaca_R_4043.jpg,.jpg,224,224,RGB,7.72
Kaca,kaca_kaca_kaca_kaca_R_4044.jpg,.jpg,224,224,RGB,18.11
Kaca,kaca_kaca_kaca_kaca_R_4045.jpg,.jpg,224,224,RGB,14.67
Kaca,kaca_kaca_kaca_kaca_R_4047.jpg,.jpg,224,224,RGB,36.76
Kaca,kaca_kaca_kaca_kaca_R_4048.jpg,.jpg,224,224,RGB,24.95
Kaca,kaca_kaca_kaca_kaca_R_4049.jpg,.jpg,224,224,RGB,9.3
Kaca,kaca_kaca_kaca_kaca_R_4050.jpg,.jpg,224,224,RGB,10.58
Kaca,kaca_kaca_kaca_kaca_R_4051.jpg,.jpg,224,224,RGB,23.52
Kaca,kaca_kaca_kaca_kaca_R_4052.jpg,.jpg,224,224,RGB,14.69
Kaca,kaca_kaca_kaca_kaca_R_4053.jpg,.jpg,224,224,RGB,5.2
Kaca,kaca_kaca_kaca_kaca_R_4054.jpg,.jpg,224,224,RGB,15.88
Kaca,kaca_kaca_kaca_kaca_R_4055.jpg,.jpg,224,224,RGB,14.05
Kaca,kaca_kaca_kaca_kaca_R_4056.jpg,.jpg,224,224,RGB,7.48
Kaca,kaca_kaca_kaca_kaca_R_4057.jpg,.jpg,224,224,RGB,18.4
Kaca,kaca_kaca_kaca_kaca_R_4058.jpg,.jpg,224,224,RGB,26.59
Kaca,kaca_kaca_kaca_kaca_R_4059.jpg,.jpg,224,224,RGB,11.4
Kaca,kaca_kaca_kaca_kaca_R_4060.jpg,.jpg,224,224,RGB,8.49
Kaca,kaca_kaca_kaca_kaca_R_4061.jpg,.jpg,224,224,RGB,13.41
Kaca,kaca_kaca_kaca_kaca_R_4062.jpg,.jpg,224,224,RGB,20.22
Kaca,kaca_kaca_kaca_kaca_R_4063.jpg,.jpg,224,224,RGB,8.76
Kaca,kaca_kaca_kaca_kaca_R_4064.jpg,.jpg,224,224,RGB,4.84
Kaca,kaca_kaca_kaca_kaca_R_4066.jpg,.jpg,224,224,RGB,7.08
Kaca,kaca_kaca_kaca_kaca_R_4067.jpg,.jpg,224,224,RGB,9.34
Kaca,kaca_kaca_kaca_kaca_R_4068.jpg,.jpg,224,224,RGB,9.72
Kaca,kaca_kaca_kaca_kaca_R_4069.jpg,.jpg,224,224,RGB,8.72
Kaca,kaca_kaca_kaca_kaca_R_4070.jpg,.jpg,224,224,RGB,26.34
Kaca,kaca_kaca_kaca_kaca_R_4071.jpg,.jpg,224,224,RGB,10.65
Kaca,kaca_kaca_kaca_kaca_R_4072.jpg,.jpg,224,224,RGB,18.29
Kaca,kaca_kaca_kaca_kaca_R_4073.jpg,.jpg,224,224,RGB,13.71
Kaca,kaca_kaca_kaca_kaca_R_4074.jpg,.jpg,224,224,RGB,16.24
Kaca,kaca_kaca_kaca_kaca_R_4075.jpg,.jpg,224,224,RGB,5.66
Kaca,kaca_kaca_kaca_kaca_R_4076.jpg,.jpg,224,224,RGB,16.58
Kaca,kaca_kaca_kaca_kaca_R_4077.jpg,.jpg,224,224,RGB,21.98
Kaca,kaca_kaca_kaca_kaca_R_4078.jpg,.jpg,224,224,RGB,8.29
Kaca,kaca_kaca_kaca_kaca_R_4079.jpg,.jpg,224,224,RGB,13.87
Kaca,kaca_kaca_kaca_kaca_R_4080.jpg,.jpg,224,224,RGB,19.94
Kaca,kaca_kaca_kaca_kaca_R_4081.jpg,.jpg,224,224,RGB,19.4
Kaca,kaca_kaca_kaca_kaca_R_4082.jpg,.jpg,224,224,RGB,23.75
Kaca,kaca_kaca_kaca_kaca_R_4083.jpg,.jpg,224,224,RGB,25.49
Kaca,kaca_kaca_kaca_kaca_R_4084.jpg,.jpg,224,224,RGB,18.42
Kaca,kaca_kaca_kaca_kaca_R_4086.jpg,.jpg,224,224,RGB,15.17
Kaca,kaca_kaca_kaca_kaca_R_4087.jpg,.jpg,224,224,RGB,28.57
Kaca,kaca_kaca_kaca_kaca_R_4088.jpg,.jpg,224,224,RGB,18.07
Kaca,kaca_kaca_kaca_kaca_R_4091.jpg,.jpg,224,224,RGB,17.4
Kaca,kaca_kaca_kaca_kaca_R_4092.jpg,.jpg,224,224,RGB,6.01
Kaca,kaca_kaca_kaca_kaca_R_4094.jpg,.jpg,224,224,RGB,10.69
Kaca,kaca_kaca_kaca_kaca_R_4095.jpg,.jpg,224,224,RGB,9.79
Kaca,kaca_kaca_kaca_kaca_R_4096.jpg,.jpg,224,224,RGB,14.87
Kaca,kaca_kaca_kaca_kaca_R_4097.jpg,.jpg,224,224,RGB,7.29
Kaca,kaca_kaca_kaca_kaca_R_4098.jpg,.jpg,224,224,RGB,8.11
Kaca,kaca_kaca_kaca_kaca_R_4100.jpg,.jpg,224,224,RGB,26.05
Kaca,kaca_kaca_kaca_kaca_R_4101.jpg,.jpg,224,224,RGB,10.56
Kaca,kaca_kaca_kaca_kaca_R_4102.jpg,.jpg,224,224,RGB,18.98
Kaca,kaca_kaca_kaca_kaca_R_4103.jpg,.jpg,224,224,RGB,15.46
Kaca,kaca_kaca_kaca_kaca_R_4104.jpg,.jpg,224,224,RGB,17.06
Kaca,kaca_kaca_kaca_kaca_R_4105.jpg,.jpg,224,224,RGB,8.89
Kaca,kaca_kaca_kaca_kaca_R_4106.jpg,.jpg,224,224,RGB,7.22
Kaca,kaca_kaca_kaca_kaca_R_4107.jpg,.jpg,224,224,RGB,22.68
Kaca,kaca_kaca_kaca_kaca_R_4108.jpg,.jpg,224,224,RGB,20.47
Kaca,kaca_kaca_kaca_kaca_R_4109.jpg,.jpg,224,224,RGB,8.29
Kaca,kaca_kaca_kaca_kaca_R_4110.jpg,.jpg,224,224,RGB,21.38
Kaca,kaca_kaca_kaca_kaca_R_4111.jpg,.jpg,224,224,RGB,18.6
Kaca,kaca_kaca_kaca_kaca_R_4112.jpg,.jpg,224,224,RGB,21.03
Kaca,kaca_kaca_kaca_kaca_R_4113.jpg,.jpg,224,224,RGB,9.42
Kaca,kaca_kaca_kaca_kaca_R_4114.jpg,.jpg,224,224,RGB,14.24
Kaca,kaca_kaca_kaca_kaca_R_4115.jpg,.jpg,224,224,RGB,19.6
Kaca,kaca_kaca_kaca_kaca_R_4116.jpg,.jpg,224,224,RGB,7.68
Kaca,kaca_kaca_kaca_kaca_R_4117.jpg,.jpg,224,224,RGB,15.43
Kaca,kaca_kaca_kaca_kaca_R_4118.jpg,.jpg,224,224,RGB,7.07
Kaca,kaca_kaca_kaca_kaca_R_4119.jpg,.jpg,224,224,RGB,13.83
Kaca,kaca_kaca_kaca_kaca_R_4121.jpg,.jpg,224,224,RGB,12.48
Kaca,kaca_kaca_kaca_kaca_R_4122.jpg,.jpg,224,224,RGB,18.32
Kaca,kaca_kaca_kaca_kaca_R_4123.jpg,.jpg,224,224,RGB,5.89
Kaca,kaca_kaca_kaca_kaca_R_4124.jpg,.jpg,224,224,RGB,21.81
Kaca,kaca_kaca_kaca_kaca_R_4125.jpg,.jpg,224,224,RGB,13.29
Kaca,kaca_kaca_kaca_kaca_R_4126.jpg,.jpg,224,224,RGB,27.62
Kaca,kaca_kaca_kaca_kaca_R_4127.jpg,.jpg,224,224,RGB,21.46
Kaca,kaca_kaca_kaca_kaca_R_4128.jpg,.jpg,224,224,RGB,12.43
Kaca,kaca_kaca_kaca_kaca_R_4129.jpg,.jpg,224,224,RGB,6.14
Kaca,kaca_kaca_kaca_kaca_R_4130.jpg,.jpg,224,224,RGB,25.22
Kaca,kaca_kaca_kaca_kaca_R_4131.jpg,.jpg,224,224,RGB,16.3
Kaca,kaca_kaca_kaca_kaca_R_4132.jpg,.jpg,224,224,RGB,15.41
Kaca,kaca_kaca_kaca_kaca_R_4133.jpg,.jpg,224,224,RGB,11.08
Kaca,kaca_kaca_kaca_kaca_R_4135.jpg,.jpg,224,224,RGB,14.55
Kaca,kaca_kaca_kaca_kaca_R_4136.jpg,.jpg,224,224,RGB,15.92
Kaca,kaca_kaca_kaca_kaca_R_4137.jpg,.jpg,224,224,RGB,14.89
Kaca,kaca_kaca_kaca_kaca_R_4138.jpg,.jpg,224,224,RGB,3.84
Kaca,kaca_kaca_kaca_kaca_R_4139.jpg,.jpg,224,224,RGB,5.42
Kaca,kaca_kaca_kaca_kaca_R_4140.jpg,.jpg,224,224,RGB,21.24
Kaca,kaca_kaca_kaca_kaca_R_4141.jpg,.jpg,224,224,RGB,5.11
Kaca,kaca_kaca_kaca_kaca_R_4142.jpg,.jpg,224,224,RGB,17.65
Kaca,kaca_kaca_kaca_kaca_R_4143.jpg,.jpg,224,224,RGB,15.82
Kaca,kaca_kaca_kaca_kaca_R_4144.jpg,.jpg,224,224,RGB,28.11
Kaca,kaca_kaca_kaca_kaca_R_4145.jpg,.jpg,224,224,RGB,12.82
Kaca,kaca_kaca_kaca_kaca_R_4146.jpg,.jpg,224,224,RGB,21.24
Kaca,kaca_kaca_kaca_kaca_R_4148.jpg,.jpg,224,224,RGB,26.65
Kaca,kaca_kaca_kaca_kaca_R_4149.jpg,.jpg,224,224,RGB,8.36
Kaca,kaca_kaca_kaca_kaca_R_4150.jpg,.jpg,224,224,RGB,6.7
Kaca,kaca_kaca_kaca_kaca_R_4151.jpg,.jpg,224,224,RGB,16.91
Kaca,kaca_kaca_kaca_kaca_R_4152.jpg,.jpg,224,224,RGB,25.06
Kaca,kaca_kaca_kaca_kaca_R_4153.jpg,.jpg,224,224,RGB,18.23
Kaca,kaca_kaca_kaca_kaca_R_4154.jpg,.jpg,224,224,RGB,11.29
Kaca,kaca_kaca_kaca_kaca_R_4155.jpg,.jpg,224,224,RGB,17.59
Kaca,kaca_kaca_kaca_kaca_R_4156.jpg,.jpg,224,224,RGB,5.02
Kaca,kaca_kaca_kaca_kaca_R_4157.jpg,.jpg,224,224,RGB,17.29
Kaca,kaca_kaca_kaca_kaca_R_4159.jpg,.jpg,224,224,RGB,14.03
Kaca,kaca_kaca_kaca_kaca_R_4160.jpg,.jpg,224,224,RGB,6.96
Kaca,kaca_kaca_kaca_kaca_R_4161.jpg,.jpg,224,224,RGB,22.35
Kaca,kaca_kaca_kaca_kaca_R_4162.jpg,.jpg,224,224,RGB,7.83
Kaca,kaca_kaca_kaca_kaca_R_4163.jpg,.jpg,224,224,RGB,5.94
Kaca,kaca_kaca_kaca_kaca_R_4164.jpg,.jpg,224,224,RGB,11.87
Kaca,kaca_kaca_kaca_kaca_R_4165.jpg,.jpg,224,224,RGB,4.81
Kaca,kaca_kaca_kaca_kaca_R_4166.jpg,.jpg,224,224,RGB,12.18
Kaca,kaca_kaca_kaca_kaca_R_4167.jpg,.jpg,224,224,RGB,14.56
Kaca,kaca_kaca_kaca_kaca_R_4168.jpg,.jpg,224,224,RGB,3.42
Kaca,kaca_kaca_kaca_kaca_R_4169.jpg,.jpg,224,224,RGB,9.39
Kaca,kaca_kaca_kaca_kaca_R_4170.jpg,.jpg,224,224,RGB,23.5
Kaca,kaca_kaca_kaca_kaca_R_4171.jpg,.jpg,224,224,RGB,16.02
Kaca,kaca_kaca_kaca_kaca_R_4172.jpg,.jpg,224,224,RGB,22.94
Kaca,kaca_kaca_kaca_kaca_R_4173.jpg,.jpg,224,224,RGB,7.38
Kaca,kaca_kaca_kaca_kaca_R_4174.jpg,.jpg,224,224,RGB,13.82
Kaca,kaca_kaca_kaca_kaca_R_4175.jpg,.jpg,224,224,RGB,14.31
Kaca,kaca_kaca_kaca_kaca_R_4176.jpg,.jpg,224,224,RGB,14.56
Kaca,kaca_kaca_kaca_kaca_R_4177.jpg,.jpg,224,224,RGB,20.7
Kaca,kaca_kaca_kaca_kaca_R_4178.jpg,.jpg,224,224,RGB,15.39
Kaca,kaca_kaca_kaca_kaca_R_4179.jpg,.jpg,224,224,RGB,13.17
Kaca,kaca_kaca_kaca_kaca_R_4180.jpg,.jpg,224,224,RGB,8.03
Kaca,kaca_kaca_kaca_kaca_R_4181.jpg,.jpg,224,224,RGB,16.06
Kaca,kaca_kaca_kaca_kaca_R_4183.jpg,.jpg,224,224,RGB,11.52
Kaca,kaca_kaca_kaca_kaca_R_4184.jpg,.jpg,224,224,RGB,17.46
Kaca,kaca_kaca_kaca_kaca_R_4185.jpg,.jpg,224,224,RGB,14.29
Kaca,kaca_kaca_kaca_kaca_R_4186.jpg,.jpg,224,224,RGB,11.69
Kaca,kaca_kaca_kaca_kaca_R_4187.jpg,.jpg,224,224,RGB,18.55
Kaca,kaca_kaca_kaca_kaca_R_4188.jpg,.jpg,224,224,RGB,23.54
Kaca,kaca_kaca_kaca_kaca_R_4189.jpg,.jpg,224,224,RGB,22.82
Kaca,kaca_kaca_kaca_kaca_R_4191.jpg,.jpg,224,224,RGB,25.37
Kaca,kaca_kaca_kaca_kaca_R_4192.jpg,.jpg,224,224,RGB,16.75
Kaca,kaca_kaca_kaca_kaca_R_4193.jpg,.jpg,224,224,RGB,9.91
Kaca,kaca_kaca_kaca_kaca_R_4195.jpg,.jpg,224,224,RGB,24.54
Kaca,kaca_kaca_kaca_kaca_R_4196.jpg,.jpg,224,224,RGB,16.22
Kaca,kaca_kaca_kaca_kaca_R_4197.jpg,.jpg,224,224,RGB,22.21
Kaca,kaca_kaca_kaca_kaca_R_4198.jpg,.jpg,224,224,RGB,8.55
Kaca,kaca_kaca_kaca_kaca_R_4199.jpg,.jpg,224,224,RGB,16.41
Kaca,kaca_kaca_kaca_kaca_R_4200.jpg,.jpg,224,224,RGB,24.24
Kaca,kaca_kaca_kaca_kaca_R_4201.jpg,.jpg,224,224,RGB,16.22
Kaca,kaca_kaca_kaca_kaca_R_4202.jpg,.jpg,224,224,RGB,18.74
Kaca,kaca_kaca_kaca_kaca_R_4204.jpg,.jpg,224,224,RGB,11.47
Kaca,kaca_kaca_kaca_kaca_R_4205.jpg,.jpg,224,224,RGB,18.46
Kaca,kaca_kaca_kaca_kaca_R_4206.jpg,.jpg,224,224,RGB,23.59
Kaca,kaca_kaca_kaca_kaca_R_4207.jpg,.jpg,224,224,RGB,21.32
Kaca,kaca_kaca_kaca_kaca_R_4208.jpg,.jpg,224,224,RGB,12.43
Kaca,kaca_kaca_kaca_kaca_R_4209.jpg,.jpg,224,224,RGB,17.0
Kaca,kaca_kaca_kaca_kaca_R_4211.jpg,.jpg,224,224,RGB,18.96
Kaca,kaca_kaca_kaca_kaca_R_4212.jpg,.jpg,224,224,RGB,7.08
Kaca,kaca_kaca_kaca_kaca_R_4214.jpg,.jpg,224,224,RGB,26.15
Kaca,kaca_kaca_kaca_kaca_R_4215.jpg,.jpg,224,224,RGB,25.23
Kaca,kaca_kaca_kaca_kaca_R_4216.jpg,.jpg,224,224,RGB,21.49
Kaca,kaca_kaca_kaca_kaca_R_4217.jpg,.jpg,224,224,RGB,16.57
Kaca,kaca_kaca_kaca_kaca_R_4218.jpg,.jpg,224,224,RGB,15.57
Kaca,kaca_kaca_kaca_kaca_R_4219.jpg,.jpg,224,224,RGB,23.55
Kaca,kaca_kaca_kaca_kaca_R_4220.jpg,.jpg,224,224,RGB,7.75
Kaca,kaca_kaca_kaca_kaca_R_4221.jpg,.jpg,224,224,RGB,14.71
Kaca,kaca_kaca_kaca_kaca_R_4222.jpg,.jpg,224,224,RGB,25.8
Kaca,kaca_kaca_kaca_kaca_R_4223.jpg,.jpg,224,224,RGB,13.03
Kaca,kaca_kaca_kaca_kaca_R_4224.jpg,.jpg,224,224,RGB,22.41
Kaca,kaca_kaca_kaca_kaca_R_4225.jpg,.jpg,224,224,RGB,28.01
Kaca,kaca_kaca_kaca_kaca_R_4234.jpg,.jpg,224,224,RGB,15.12
Kaca,kaca_kaca_kaca_kaca_R_4235.jpg,.jpg,224,224,RGB,20.34
Kaca,kaca_kaca_kaca_kaca_R_4236.jpg,.jpg,224,224,RGB,17.48
Kaca,kaca_kaca_kaca_kaca_R_4237.jpg,.jpg,224,224,RGB,17.31
Kaca,kaca_kaca_kaca_kaca_R_4238.jpg,.jpg,224,224,RGB,21.56
Kaca,kaca_kaca_kaca_kaca_R_4239.jpg,.jpg,224,224,RGB,27.58
Kaca,kaca_kaca_kaca_kaca_R_4240.jpg,.jpg,224,224,RGB,20.54
Kaca,kaca_kaca_kaca_kaca_R_4241.jpg,.jpg,224,224,RGB,13.25
Kaca,kaca_kaca_kaca_kaca_R_4242.jpg,.jpg,224,224,RGB,10.69
Kaca,kaca_kaca_kaca_kaca_R_4243.jpg,.jpg,224,224,RGB,15.71
Kaca,kaca_kaca_kaca_kaca_R_4244.jpg,.jpg,224,224,RGB,25.13
Kaca,kaca_kaca_kaca_kaca_R_4245.jpg,.jpg,224,224,RGB,7.83
Kaca,kaca_kaca_kaca_kaca_R_4246.jpg,.jpg,224,224,RGB,15.94
Kaca,kaca_kaca_kaca_kaca_R_4247.jpg,.jpg,224,224,RGB,15.16
Kaca,kaca_kaca_kaca_kaca_R_4248.jpg,.jpg,224,224,RGB,16.46
Kaca,kaca_kaca_kaca_kaca_R_4249.jpg,.jpg,224,224,RGB,7.52
Kaca,kaca_kaca_kaca_kaca_R_4250.jpg,.jpg,224,224,RGB,21.52
Kaca,kaca_kaca_kaca_kaca_R_4251.jpg,.jpg,224,224,RGB,18.01
Kaca,kaca_kaca_kaca_kaca_R_4252.jpg,.jpg,224,224,RGB,28.66
Kaca,kaca_kaca_kaca_kaca_R_4253.jpg,.jpg,224,224,RGB,23.73
Kaca,kaca_kaca_kaca_kaca_R_4254.jpg,.jpg,224,224,RGB,22.91
Kaca,kaca_kaca_kaca_kaca_R_4255.jpg,.jpg,224,224,RGB,11.21
Kaca,kaca_kaca_kaca_kaca_R_4256.jpg,.jpg,224,224,RGB,23.12
Kaca,kaca_kaca_kaca_kaca_R_4257.jpg,.jpg,224,224,RGB,18.29
Kaca,kaca_kaca_kaca_kaca_R_4258.jpg,.jpg,224,224,RGB,17.17
Kaca,kaca_kaca_kaca_kaca_R_4259.jpg,.jpg,224,224,RGB,11.98
Kaca,kaca_kaca_kaca_kaca_R_4260.jpg,.jpg,224,224,RGB,26.75
Kaca,kaca_kaca_kaca_kaca_R_4261.jpg,.jpg,224,224,RGB,8.37
Kaca,kaca_kaca_kaca_kaca_R_4262.jpg,.jpg,224,224,RGB,18.29
Kaca,kaca_kaca_kaca_kaca_R_4263.jpg,.jpg,224,224,RGB,15.13
Kaca,kaca_kaca_kaca_kaca_R_4264.jpg,.jpg,224,224,RGB,13.13
Kaca,kaca_kaca_kaca_kaca_R_4265.jpg,.jpg,224,224,RGB,23.22
Kaca,kaca_kaca_kaca_kaca_R_4266.jpg,.jpg,224,224,RGB,20.58
Kaca,kaca_kaca_kaca_kaca_R_4267.jpg,.jpg,224,224,RGB,10.33
Kaca,kaca_kaca_kaca_kaca_R_4268.jpg,.jpg,224,224,RGB,7.86
Kaca,kaca_kaca_kaca_kaca_R_4269.jpg,.jpg,224,224,RGB,19.55
Kaca,kaca_kaca_kaca_kaca_R_4270.jpg,.jpg,224,224,RGB,5.45
Kaca,kaca_kaca_kaca_kaca_R_4271.jpg,.jpg,224,224,RGB,29.82
Kaca,kaca_kaca_kaca_kaca_R_4272.jpg,.jpg,224,224,RGB,10.33
Kaca,kaca_kaca_kaca_kaca_R_4273.jpg,.jpg,224,224,RGB,30.62
Kaca,kaca_kaca_kaca_kaca_R_4274.jpg,.jpg,224,224,RGB,23.42
Kaca,kaca_kaca_kaca_kaca_R_4275.jpg,.jpg,224,224,RGB,19.04
Kaca,kaca_kaca_kaca_kaca_R_4276.jpg,.jpg,224,224,RGB,11.6
Kaca,kaca_kaca_kaca_kaca_R_4277.jpg,.jpg,224,224,RGB,38.71
Kaca,kaca_kaca_kaca_kaca_R_4278.jpg,.jpg,224,224,RGB,22.52
Kaca,kaca_kaca_kaca_kaca_R_4279.jpg,.jpg,224,224,RGB,11.55
Kaca,kaca_kaca_kaca_kaca_R_4280.jpg,.jpg,224,224,RGB,12.52
Kaca,kaca_kaca_kaca_kaca_R_4281.jpg,.jpg,224,224,RGB,29.98
Kaca,kaca_kaca_kaca_kaca_R_4283.jpg,.jpg,224,224,RGB,18.19
Kaca,kaca_kaca_kaca_kaca_R_4284.jpg,.jpg,224,224,RGB,8.72
Kaca,kaca_kaca_kaca_kaca_R_4285.jpg,.jpg,224,224,RGB,10.59
Kaca,kaca_kaca_kaca_kaca_R_4286.jpg,.jpg,224,224,RGB,9.64
Kaca,kaca_kaca_kaca_kaca_R_4288.jpg,.jpg,224,224,RGB,14.62
Kaca,kaca_kaca_kaca_kaca_R_4289.jpg,.jpg,224,224,RGB,7.67
Kaca,kaca_kaca_kaca_kaca_R_4290.jpg,.jpg,224,224,RGB,18.13
Kaca,kaca_kaca_kaca_kaca_R_4291.jpg,.jpg,224,224,RGB,17.97
Kaca,kaca_kaca_kaca_kaca_R_4292.jpg,.jpg,224,224,RGB,25.46
Kaca,kaca_kaca_kaca_kaca_R_4293.jpg,.jpg,224,224,RGB,22.67
Kaca,kaca_kaca_kaca_kaca_R_4294.jpg,.jpg,224,224,RGB,8.3
Kaca,kaca_kaca_kaca_kaca_R_4295.jpg,.jpg,224,224,RGB,19.95
Kaca,kaca_kaca_kaca_kaca_R_4296.jpg,.jpg,224,224,RGB,21.17
Kaca,kaca_kaca_kaca_kaca_R_4297.jpg,.jpg,224,224,RGB,21.79
Kaca,kaca_kaca_kaca_kaca_R_4298.jpg,.jpg,224,224,RGB,11.22
Kaca,kaca_kaca_kaca_kaca_R_4299.jpg,.jpg,224,224,RGB,12.65
Kaca,kaca_kaca_kaca_kaca_R_4300.jpg,.jpg,224,224,RGB,14.99
Kaca,kaca_kaca_kaca_kaca_R_4301.jpg,.jpg,224,224,RGB,10.87
Kaca,kaca_kaca_kaca_kaca_R_4302.jpg,.jpg,224,224,RGB,16.03
Kaca,kaca_kaca_kaca_kaca_R_4303.jpg,.jpg,224,224,RGB,18.48
Kaca,kaca_kaca_kaca_kaca_R_4304.jpg,.jpg,224,224,RGB,34.01
Kaca,kaca_kaca_kaca_kaca_R_4305.jpg,.jpg,224,224,RGB,16.76
Kaca,kaca_kaca_kaca_kaca_R_4306.jpg,.jpg,224,224,RGB,15.62
Kaca,kaca_kaca_kaca_kaca_R_4307.jpg,.jpg,224,224,RGB,11.86
Kaca,kaca_kaca_kaca_kaca_R_4308.jpg,.jpg,224,224,RGB,24.75
Kaca,kaca_kaca_kaca_kaca_R_4309.jpg,.jpg,224,224,RGB,17.54
Kaca,kaca_kaca_kaca_kaca_R_4310.jpg,.jpg,224,224,RGB,15.44
Kaca,kaca_kaca_kaca_kaca_R_4311.jpg,.jpg,224,224,RGB,12.55
Kaca,kaca_kaca_kaca_kaca_R_4312.jpg,.jpg,224,224,RGB,25.56
Kaca,kaca_kaca_kaca_kaca_R_4313.jpg,.jpg,224,224,RGB,16.16
Kaca,kaca_kaca_kaca_kaca_R_4314.jpg,.jpg,224,224,RGB,21.66
Kaca,kaca_kaca_kaca_kaca_R_4316.jpg,.jpg,224,224,RGB,11.56
Kaca,kaca_kaca_kaca_kaca_R_4317.jpg,.jpg,224,224,RGB,19.47
Kaca,kaca_kaca_kaca_kaca_R_4318.jpg,.jpg,224,224,RGB,27.72
Kaca,kaca_kaca_kaca_kaca_R_4319.jpg,.jpg,224,224,RGB,16.58
Kaca,kaca_kaca_kaca_kaca_R_4320.jpg,.jpg,224,224,RGB,17.06
Kaca,kaca_kaca_kaca_kaca_R_4321.jpg,.jpg,224,224,RGB,8.75
Kaca,kaca_kaca_kaca_kaca_R_4322.jpg,.jpg,224,224,RGB,10.63
Kaca,kaca_kaca_kaca_kaca_R_4323.jpg,.jpg,224,224,RGB,35.44
Kaca,kaca_kaca_kaca_kaca_R_5054.jpg,.jpg,224,224,RGB,7.16
Kaca,kaca_kaca_kaca_kaca_R_5055.jpg,.jpg,224,224,RGB,6.3
Kaca,kaca_kaca_kaca_kaca_R_5056.jpg,.jpg,224,224,RGB,9.12
Kaca,kaca_kaca_kaca_kaca_R_5057.jpg,.jpg,224,224,RGB,6.27
Kaca,kaca_kaca_kaca_kaca_R_5058.jpg,.jpg,224,224,RGB,13.66
Kaca,kaca_kaca_kaca_kaca_R_5059.jpg,.jpg,224,224,RGB,9.55
Kaca,kaca_kaca_kaca_kaca_R_5060.jpg,.jpg,224,224,RGB,9.56
Kaca,kaca_kaca_kaca_kaca_R_5061.jpg,.jpg,224,224,RGB,21.57
Kaca,kaca_kaca_kaca_kaca_R_5062.jpg,.jpg,224,224,RGB,6.38
Kaca,kaca_kaca_kaca_kaca_R_5077.jpg,.jpg,224,224,RGB,13.99
Kaca,kaca_kaca_kaca_kaca_R_5078.jpg,.jpg,224,224,RGB,10.11
Kaca,kaca_kaca_kaca_kaca_R_5079.jpg,.jpg,224,224,RGB,13.12
Kaca,kaca_kaca_kaca_kaca_R_5080.jpg,.jpg,224,224,RGB,5.26
Kaca,kaca_kaca_kaca_kaca_R_5081.jpg,.jpg,224,224,RGB,18.87
Kaca,kaca_kaca_kaca_kaca_R_5082.jpg,.jpg,224,224,RGB,12.81
Kaca,kaca_kaca_kaca_kaca_R_5083.jpg,.jpg,224,224,RGB,9.64
Kaca,kaca_kaca_kaca_kaca_R_5084.jpg,.jpg,224,224,RGB,9.2
Kaca,kaca_kaca_kaca_kaca_R_5085.jpg,.jpg,224,224,RGB,15.69
Kaca,kaca_kaca_kaca_kaca_R_5086.jpg,.jpg,224,224,RGB,14.41
Kaca,kaca_kaca_kaca_kaca_R_5087.jpg,.jpg,224,224,RGB,16.13
Kaca,kaca_kaca_kaca_kaca_R_5088.jpg,.jpg,224,224,RGB,13.96
Kaca,kaca_kaca_kaca_kaca_R_5089.jpg,.jpg,224,224,RGB,12.67
Kaca,kaca_kaca_kaca_kaca_R_5090.jpg,.jpg,224,224,RGB,12.1
Kaca,kaca_kaca_kaca_kaca_R_5091.jpg,.jpg,224,224,RGB,12.69
Kaca,kaca_kaca_kaca_kaca_R_5092.jpg,.jpg,224,224,RGB,13.29
Kaca,kaca_kaca_kaca_kaca_R_5093.jpg,.jpg,224,224,RGB,9.58
Kaca,kaca_kaca_kaca_kaca_R_5094.jpg,.jpg,224,224,RGB,7.14
Kaca,kaca_kaca_kaca_kaca_R_5095.jpg,.jpg,224,224,RGB,21.51
Kaca,kaca_kaca_kaca_kaca_R_5096.jpg,.jpg,224,224,RGB,6.58
Kaca,kaca_kaca_kaca_kaca_R_5097.jpg,.jpg,224,224,RGB,11.2
Kaca,kaca_kaca_kaca_kaca_R_5098.jpg,.jpg,224,224,RGB,10.14
Kaca,kaca_kaca_kaca_kaca_R_5099.jpg,.jpg,224,224,RGB,10.29
Kaca,kaca_kaca_kaca_kaca_R_5100.jpg,.jpg,224,224,RGB,10.75
Kaca,kaca_kaca_kaca_kaca_R_5101.jpg,.jpg,224,224,RGB,4.78
Kaca,kaca_kaca_kaca_kaca_R_5102.jpg,.jpg,224,224,RGB,13.16
Kaca,kaca_kaca_kaca_kaca_R_5103.jpg,.jpg,224,224,RGB,11.09
Kaca,kaca_kaca_kaca_kaca_R_5104.jpg,.jpg,224,224,RGB,9.19
Kaca,kaca_kaca_kaca_kaca_R_5105.jpg,.jpg,224,224,RGB,15.25
Kaca,kaca_kaca_kaca_kaca_R_5106.jpg,.jpg,224,224,RGB,10.94
Kaca,kaca_kaca_kaca_kaca_R_5107.jpg,.jpg,224,224,RGB,5.59
Kaca,kaca_kaca_kaca_kaca_R_5108.jpg,.jpg,224,224,RGB,12.31
Kaca,kaca_kaca_kaca_kaca_R_5109.jpg,.jpg,224,224,RGB,4.52
Kaca,kaca_kaca_kaca_kaca_R_5110.jpg,.jpg,224,224,RGB,8.08
Kaca,kaca_kaca_kaca_kaca_R_5111.jpg,.jpg,224,224,RGB,16.27
Kaca,kaca_kaca_kaca_kaca_R_5112.jpg,.jpg,224,224,RGB,10.17
Kaca,kaca_kaca_kaca_kaca_R_5113.jpg,.jpg,224,224,RGB,10.63
Kaca,kaca_kaca_kaca_kaca_R_5114.jpg,.jpg,224,224,RGB,15.21
Kaca,kaca_kaca_kaca_kaca_R_5115.jpg,.jpg,224,224,RGB,8.3
Kaca,kaca_kaca_kaca_kaca_R_5116.jpg,.jpg,224,224,RGB,12.8
Kaca,kaca_kaca_kaca_kaca_R_5117.jpg,.jpg,224,224,RGB,12.8
Kaca,kaca_kaca_kaca_kaca_R_5118.jpg,.jpg,224,224,RGB,10.56
Kaca,kaca_kaca_kaca_kaca_R_5119.jpg,.jpg,224,224,RGB,8.62
Kaca,kaca_kaca_kaca_kaca_R_5120.jpg,.jpg,224,224,RGB,7.72
Kaca,kaca_kaca_kaca_kaca_R_5121.jpg,.jpg,224,224,RGB,5.22
Kaca,kaca_kaca_kaca_kaca_R_5122.jpg,.jpg,224,224,RGB,8.98
Kaca,kaca_kaca_kaca_kaca_R_5124.jpg,.jpg,224,224,RGB,10.54
Kaca,kaca_kaca_kaca_kaca_R_5125.jpg,.jpg,224,224,RGB,20.31
Kaca,kaca_kaca_kaca_kaca_R_5126.jpg,.jpg,224,224,RGB,5.48
Kaca,kaca_kaca_kaca_kaca_R_5127.jpg,.jpg,224,224,RGB,11.86
Kaca,kaca_kaca_kaca_kaca_R_5128.jpg,.jpg,224,224,RGB,19.04
Kaca,kaca_kaca_kaca_kaca_R_5129.jpg,.jpg,224,224,RGB,8.52
Kaca,kaca_kaca_kaca_kaca_R_5130.jpg,.jpg,224,224,RGB,4.61
Kaca,kaca_kaca_kaca_kaca_R_5131.jpg,.jpg,224,224,RGB,9.27
Kaca,kaca_kaca_kaca_kaca_R_5132.jpg,.jpg,224,224,RGB,11.57
Kaca,kaca_kaca_kaca_kaca_R_5133.jpg,.jpg,224,224,RGB,9.39
Kaca,kaca_kaca_kaca_kaca_R_5134.jpg,.jpg,224,224,RGB,9.91
Kaca,kaca_kaca_kaca_kaca_R_5135.jpg,.jpg,224,224,RGB,17.38
Kaca,kaca_kaca_kaca_kaca_R_5136.jpg,.jpg,224,224,RGB,9.96
Kaca,kaca_kaca_kaca_kaca_R_5137.jpg,.jpg,224,224,RGB,10.88
Kaca,kaca_kaca_kaca_kaca_R_5138.jpg,.jpg,224,224,RGB,11.02
Kaca,kaca_kaca_kaca_kaca_R_5139.jpg,.jpg,224,224,RGB,15.43
Kaca,kaca_kaca_kaca_kaca_R_5140.jpg,.jpg,224,224,RGB,11.92
Kaca,kaca_kaca_kaca_kaca_R_5141.jpg,.jpg,224,224,RGB,8.86
Kaca,kaca_kaca_kaca_kaca_R_5142.jpg,.jpg,224,224,RGB,11.08
Kaca,kaca_kaca_kaca_kaca_R_5143.jpg,.jpg,224,224,RGB,13.63
Kaca,kaca_kaca_kaca_kaca_R_5144.jpg,.jpg,224,224,RGB,12.71
Kaca,kaca_kaca_kaca_kaca_R_5145.jpg,.jpg,224,224,RGB,15.43
Kaca,kaca_kaca_kaca_kaca_R_5146.jpg,.jpg,224,224,RGB,5.18
Kaca,kaca_kaca_kaca_kaca_R_5147.jpg,.jpg,224,224,RGB,7.86
Kaca,kaca_kaca_kaca_kaca_R_5148.jpg,.jpg,224,224,RGB,7.08
Kaca,kaca_kaca_kaca_kaca_R_5149.jpg,.jpg,224,224,RGB,5.1
Kaca,kaca_kaca_kaca_kaca_R_5150.jpg,.jpg,224,224,RGB,13.37
Kaca,kaca_kaca_kaca_kaca_R_5151.jpg,.jpg,224,224,RGB,3.71
Kaca,kaca_kaca_kaca_kaca_R_5152.jpg,.jpg,224,224,RGB,7.16
Kaca,kaca_kaca_kaca_kaca_R_5153.jpg,.jpg,224,224,RGB,10.85
Kaca,kaca_kaca_kaca_kaca_R_5154.jpg,.jpg,224,224,RGB,11.4
Kaca,kaca_kaca_kaca_kaca_R_5155.jpg,.jpg,224,224,RGB,6.74
Kaca,kaca_kaca_kaca_kaca_R_5156.jpg,.jpg,224,224,RGB,11.72
Kaca,kaca_kaca_kaca_kaca_R_5157.jpg,.jpg,224,224,RGB,9.17
Kaca,kaca_kaca_kaca_kaca_R_5158.jpg,.jpg,224,224,RGB,13.98
Kaca,kaca_kaca_kaca_kaca_R_5159.jpg,.jpg,224,224,RGB,10.07
Kaca,kaca_kaca_kaca_kaca_R_5160.jpg,.jpg,224,224,RGB,12.35
Kaca,kaca_kaca_kaca_kaca_R_5161.jpg,.jpg,224,224,RGB,7.88
Kardus,kardus_kardus_kardus_kardus_R_2152.jpg,.jpg,224,224,RGB,7.28
Kardus,kardus_kardus_kardus_kardus_R_2153.jpg,.jpg,224,224,RGB,6.29
Kardus,kardus_kardus_kardus_kardus_R_2154.jpg,.jpg,224,224,RGB,10.27
Kardus,kardus_kardus_kardus_kardus_R_2155.jpg,.jpg,224,224,RGB,9.87
Kardus,kardus_kardus_kardus_kardus_R_2156.jpg,.jpg,224,224,RGB,11.53
Kardus,kardus_kardus_kardus_kardus_R_2157.jpg,.jpg,224,224,RGB,6.53
Kardus,kardus_kardus_kardus_kardus_R_2158.jpg,.jpg,224,224,RGB,13.83
Kardus,kardus_kardus_kardus_kardus_R_2159.jpg,.jpg,224,224,RGB,14.31
Kardus,kardus_kardus_kardus_kardus_R_2160.jpg,.jpg,224,224,RGB,8.72
Kardus,kardus_kardus_kardus_kardus_R_2161.jpg,.jpg,224,224,RGB,8.32
Kardus,kardus_kardus_kardus_kardus_R_2162.jpg,.jpg,224,224,RGB,7.34
Kardus,kardus_kardus_kardus_kardus_R_2163.jpg,.jpg,224,224,RGB,11.55
Kardus,kardus_kardus_kardus_kardus_R_2164.jpg,.jpg,224,224,RGB,7.04
Kardus,kardus_kardus_kardus_kardus_R_2165.jpg,.jpg,224,224,RGB,7.15
Kardus,kardus_kardus_kardus_kardus_R_2166.jpg,.jpg,224,224,RGB,10.1
Kardus,kardus_kardus_kardus_kardus_R_2167.jpg,.jpg,224,224,RGB,12.31
Kardus,kardus_kardus_kardus_kardus_R_2168.jpg,.jpg,224,224,RGB,6.08
Kardus,kardus_kardus_kardus_kardus_R_2169.jpg,.jpg,224,224,RGB,9.25
Kardus,kardus_kardus_kardus_kardus_R_2170.jpg,.jpg,224,224,RGB,9.47
Kardus,kardus_kardus_kardus_kardus_R_2171.jpg,.jpg,224,224,RGB,8.63
Kardus,kardus_kardus_kardus_kardus_R_2172.jpg,.jpg,224,224,RGB,9.0
Kardus,kardus_kardus_kardus_kardus_R_2173.jpg,.jpg,224,224,RGB,6.16
Kardus,kardus_kardus_kardus_kardus_R_2174.jpg,.jpg,224,224,RGB,8.7
Kardus,kardus_kardus_kardus_kardus_R_2175.jpg,.jpg,224,224,RGB,7.99
Kardus,kardus_kardus_kardus_kardus_R_2176.jpg,.jpg,224,224,RGB,10.75
Kardus,kardus_kardus_kardus_kardus_R_2177.jpg,.jpg,224,224,RGB,9.89
Kardus,kardus_kardus_kardus_kardus_R_2178.jpg,.jpg,224,224,RGB,9.61
Kardus,kardus_kardus_kardus_kardus_R_2179.jpg,.jpg,224,224,RGB,10.84
Kardus,kardus_kardus_kardus_kardus_R_2180.jpg,.jpg,224,224,RGB,14.2
Kardus,kardus_kardus_kardus_kardus_R_2181.jpg,.jpg,224,224,RGB,10.01
Kardus,kardus_kardus_kardus_kardus_R_2182.jpg,.jpg,224,224,RGB,14.73
Kardus,kardus_kardus_kardus_kardus_R_2183.jpg,.jpg,224,224,RGB,9.05
Kardus,kardus_kardus_kardus_kardus_R_2184.jpg,.jpg,224,224,RGB,6.65
Kardus,kardus_kardus_kardus_kardus_R_2185.jpg,.jpg,224,224,RGB,10.04
Kardus,kardus_kardus_kardus_kardus_R_2186.jpg,.jpg,224,224,RGB,10.97
Kardus,kardus_kardus_kardus_kardus_R_2187.jpg,.jpg,224,224,RGB,11.16
Kardus,kardus_kardus_kardus_kardus_R_2188.jpg,.jpg,224,224,RGB,13.75
Kardus,kardus_kardus_kardus_kardus_R_2189.jpg,.jpg,224,224,RGB,9.0
Kardus,kardus_kardus_kardus_kardus_R_2190.jpg,.jpg,224,224,RGB,9.62
Kardus,kardus_kardus_kardus_kardus_R_2191.jpg,.jpg,224,224,RGB,13.17
Kardus,kardus_kardus_kardus_kardus_R_2192.jpg,.jpg,224,224,RGB,15.78
Kardus,kardus_kardus_kardus_kardus_R_2193.jpg,.jpg,224,224,RGB,27.45
Kardus,kardus_kardus_kardus_kardus_R_2194.jpg,.jpg,224,224,RGB,7.71
Kardus,kardus_kardus_kardus_kardus_R_2195.jpg,.jpg,224,224,RGB,10.37
Kardus,kardus_kardus_kardus_kardus_R_2196.jpg,.jpg,224,224,RGB,7.24
Kardus,kardus_kardus_kardus_kardus_R_2197.jpg,.jpg,224,224,RGB,9.73
Kardus,kardus_kardus_kardus_kardus_R_2198.jpg,.jpg,224,224,RGB,9.11
Kardus,kardus_kardus_kardus_kardus_R_2199.jpg,.jpg,224,224,RGB,7.35
Kardus,kardus_kardus_kardus_kardus_R_2200.jpg,.jpg,224,224,RGB,13.13
Kardus,kardus_kardus_kardus_kardus_R_2201.jpg,.jpg,224,224,RGB,8.74
Kardus,kardus_kardus_kardus_kardus_R_2202.jpg,.jpg,224,224,RGB,10.85
Kardus,kardus_kardus_kardus_kardus_R_2203.jpg,.jpg,224,224,RGB,9.26
Kardus,kardus_kardus_kardus_kardus_R_2204.jpg,.jpg,224,224,RGB,22.5
Kardus,kardus_kardus_kardus_kardus_R_2205.jpg,.jpg,224,224,RGB,10.21
Kardus,kardus_kardus_kardus_kardus_R_2206.jpg,.jpg,224,224,RGB,23.51
Kardus,kardus_kardus_kardus_kardus_R_2207.jpg,.jpg,224,224,RGB,15.57
Kardus,kardus_kardus_kardus_kardus_R_2208.jpg,.jpg,224,224,RGB,12.26
Kardus,kardus_kardus_kardus_kardus_R_2209.jpg,.jpg,224,224,RGB,17.59
Kardus,kardus_kardus_kardus_kardus_R_2210.jpg,.jpg,224,224,RGB,16.98
Kardus,kardus_kardus_kardus_kardus_R_2211.jpg,.jpg,224,224,RGB,8.59
Kardus,kardus_kardus_kardus_kardus_R_2212.jpg,.jpg,224,224,RGB,6.61
Kardus,kardus_kardus_kardus_kardus_R_2213.jpg,.jpg,224,224,RGB,8.61
Kardus,kardus_kardus_kardus_kardus_R_2214.jpg,.jpg,224,224,RGB,6.41
Kardus,kardus_kardus_kardus_kardus_R_2215.jpg,.jpg,224,224,RGB,7.98
Kardus,kardus_kardus_kardus_kardus_R_2216.jpg,.jpg,224,224,RGB,12.95
Kardus,kardus_kardus_kardus_kardus_R_2217.jpg,.jpg,224,224,RGB,9.36
Kardus,kardus_kardus_kardus_kardus_R_2218.jpg,.jpg,224,224,RGB,8.43
Kardus,kardus_kardus_kardus_kardus_R_2219.jpg,.jpg,224,224,RGB,14.23
Kardus,kardus_kardus_kardus_kardus_R_2220.jpg,.jpg,224,224,RGB,19.96
Kardus,kardus_kardus_kardus_kardus_R_2221.jpg,.jpg,224,224,RGB,10.56
Kardus,kardus_kardus_kardus_kardus_R_2222.jpg,.jpg,224,224,RGB,13.89
Kardus,kardus_kardus_kardus_kardus_R_2223.jpg,.jpg,224,224,RGB,10.66
Kardus,kardus_kardus_kardus_kardus_R_2224.jpg,.jpg,224,224,RGB,8.67
Kardus,kardus_kardus_kardus_kardus_R_2225.jpg,.jpg,224,224,RGB,10.21
Kardus,kardus_kardus_kardus_kardus_R_2226.jpg,.jpg,224,224,RGB,13.26
Kardus,kardus_kardus_kardus_kardus_R_2227.jpg,.jpg,224,224,RGB,12.42
Kardus,kardus_kardus_kardus_kardus_R_2228.jpg,.jpg,224,224,RGB,8.84
Kardus,kardus_kardus_kardus_kardus_R_2229.jpg,.jpg,224,224,RGB,13.54
Kardus,kardus_kardus_kardus_kardus_R_2230.jpg,.jpg,224,224,RGB,5.43
Kardus,kardus_kardus_kardus_kardus_R_2231.jpg,.jpg,224,224,RGB,5.89
Kardus,kardus_kardus_kardus_kardus_R_2232.jpg,.jpg,224,224,RGB,6.99
Kardus,kardus_kardus_kardus_kardus_R_2233.jpg,.jpg,224,224,RGB,25.43
Kardus,kardus_kardus_kardus_kardus_R_2234.jpg,.jpg,224,224,RGB,22.82
Kardus,kardus_kardus_kardus_kardus_R_2235.jpg,.jpg,224,224,RGB,9.62
Kardus,kardus_kardus_kardus_kardus_R_2236.jpg,.jpg,224,224,RGB,18.82
Kardus,kardus_kardus_kardus_kardus_R_2237.jpg,.jpg,224,224,RGB,20.76
Kardus,kardus_kardus_kardus_kardus_R_2238.jpg,.jpg,224,224,RGB,9.63
Kardus,kardus_kardus_kardus_kardus_R_2239.jpg,.jpg,224,224,RGB,12.65
Kardus,kardus_kardus_kardus_kardus_R_2240.jpg,.jpg,224,224,RGB,16.92
Kardus,kardus_kardus_kardus_kardus_R_2241.jpg,.jpg,224,224,RGB,20.77
Kardus,kardus_kardus_kardus_kardus_R_2242.jpg,.jpg,224,224,RGB,16.21
Kardus,kardus_kardus_kardus_kardus_R_2243.jpg,.jpg,224,224,RGB,9.78
Kardus,kardus_kardus_kardus_kardus_R_2244.jpg,.jpg,224,224,RGB,16.73
Kardus,kardus_kardus_kardus_kardus_R_2245.jpg,.jpg,224,224,RGB,9.38
Kardus,kardus_kardus_kardus_kardus_R_2246.jpg,.jpg,224,224,RGB,11.48
Kardus,kardus_kardus_kardus_kardus_R_2247.jpg,.jpg,224,224,RGB,12.31
Kardus,kardus_kardus_kardus_kardus_R_2248.jpg,.jpg,224,224,RGB,8.29
Kardus,kardus_kardus_kardus_kardus_R_2249.jpg,.jpg,224,224,RGB,20.42
Kardus,kardus_kardus_kardus_kardus_R_2250.jpg,.jpg,224,224,RGB,16.01
Kardus,kardus_kardus_kardus_kardus_R_2251.jpg,.jpg,224,224,RGB,15.29
Kardus,kardus_kardus_kardus_kardus_R_2252.jpg,.jpg,224,224,RGB,9.37
Kardus,kardus_kardus_kardus_kardus_R_2253.jpg,.jpg,224,224,RGB,6.07
Kardus,kardus_kardus_kardus_kardus_R_2254.jpg,.jpg,224,224,RGB,9.84
Kardus,kardus_kardus_kardus_kardus_R_2255.jpg,.jpg,224,224,RGB,10.14
Kardus,kardus_kardus_kardus_kardus_R_2256.jpg,.jpg,224,224,RGB,8.97
Kardus,kardus_kardus_kardus_kardus_R_2257.jpg,.jpg,224,224,RGB,13.27
Kardus,kardus_kardus_kardus_kardus_R_2258.jpg,.jpg,224,224,RGB,17.63
Kardus,kardus_kardus_kardus_kardus_R_2259.jpg,.jpg,224,224,RGB,9.81
Kardus,kardus_kardus_kardus_kardus_R_2260.jpg,.jpg,224,224,RGB,21.22
Kardus,kardus_kardus_kardus_kardus_R_2261.jpg,.jpg,224,224,RGB,12.22
Kardus,kardus_kardus_kardus_kardus_R_2262.jpg,.jpg,224,224,RGB,10.6
Kardus,kardus_kardus_kardus_kardus_R_2263.jpg,.jpg,224,224,RGB,14.37
Kardus,kardus_kardus_kardus_kardus_R_2264.jpg,.jpg,224,224,RGB,8.44
Kardus,kardus_kardus_kardus_kardus_R_2265.jpg,.jpg,224,224,RGB,8.62
Kardus,kardus_kardus_kardus_kardus_R_2266.jpg,.jpg,224,224,RGB,13.58
Kardus,kardus_kardus_kardus_kardus_R_2267.jpg,.jpg,224,224,RGB,8.01
Kardus,kardus_kardus_kardus_kardus_R_2268.jpg,.jpg,224,224,RGB,12.03
Kardus,kardus_kardus_kardus_kardus_R_2269.jpg,.jpg,224,224,RGB,11.12
Kardus,kardus_kardus_kardus_kardus_R_2270.jpg,.jpg,224,224,RGB,13.22
Kardus,kardus_kardus_kardus_kardus_R_2271.jpg,.jpg,224,224,RGB,14.96
Kardus,kardus_kardus_kardus_kardus_R_2272.jpg,.jpg,224,224,RGB,9.32
Kardus,kardus_kardus_kardus_kardus_R_2273.jpg,.jpg,224,224,RGB,13.02
Kardus,kardus_kardus_kardus_kardus_R_2274.jpg,.jpg,224,224,RGB,12.7
Kardus,kardus_kardus_kardus_kardus_R_2275.jpg,.jpg,224,224,RGB,5.47
Kardus,kardus_kardus_kardus_kardus_R_2276.jpg,.jpg,224,224,RGB,9.04
Kardus,kardus_kardus_kardus_kardus_R_2277.jpg,.jpg,224,224,RGB,14.48
Kardus,kardus_kardus_kardus_kardus_R_2278.jpg,.jpg,224,224,RGB,16.45
Kardus,kardus_kardus_kardus_kardus_R_2279.jpg,.jpg,224,224,RGB,7.03
Kardus,kardus_kardus_kardus_kardus_R_2280.jpg,.jpg,224,224,RGB,5.35
Kardus,kardus_kardus_kardus_kardus_R_2281.jpg,.jpg,224,224,RGB,15.52
Kardus,kardus_kardus_kardus_kardus_R_2282.jpg,.jpg,224,224,RGB,10.89
Kardus,kardus_kardus_kardus_kardus_R_2283.jpg,.jpg,224,224,RGB,4.16
Kardus,kardus_kardus_kardus_kardus_R_2284.jpg,.jpg,224,224,RGB,9.97
Kardus,kardus_kardus_kardus_kardus_R_2285.jpg,.jpg,224,224,RGB,7.88
Kardus,kardus_kardus_kardus_kardus_R_2286.jpg,.jpg,224,224,RGB,15.42
Kardus,kardus_kardus_kardus_kardus_R_2287.jpg,.jpg,224,224,RGB,13.69
Kardus,kardus_kardus_kardus_kardus_R_2288.jpg,.jpg,224,224,RGB,8.5
Kardus,kardus_kardus_kardus_kardus_R_2289.jpg,.jpg,224,224,RGB,15.73
Kardus,kardus_kardus_kardus_kardus_R_2290.jpg,.jpg,224,224,RGB,18.19
Kardus,kardus_kardus_kardus_kardus_R_2291.jpg,.jpg,224,224,RGB,9.22
Kardus,kardus_kardus_kardus_kardus_R_2292.jpg,.jpg,224,224,RGB,20.61
Kardus,kardus_kardus_kardus_kardus_R_2293.jpg,.jpg,224,224,RGB,14.65
Kardus,kardus_kardus_kardus_kardus_R_2294.jpg,.jpg,224,224,RGB,12.64
Kardus,kardus_kardus_kardus_kardus_R_2295.jpg,.jpg,224,224,RGB,9.35
Kardus,kardus_kardus_kardus_kardus_R_2296.jpg,.jpg,224,224,RGB,15.29
Kardus,kardus_kardus_kardus_kardus_R_2297.jpg,.jpg,224,224,RGB,15.65
Kardus,kardus_kardus_kardus_kardus_R_2298.jpg,.jpg,224,224,RGB,6.16
Kardus,kardus_kardus_kardus_kardus_R_2299.jpg,.jpg,224,224,RGB,22.67
Kardus,kardus_kardus_kardus_kardus_R_2300.jpg,.jpg,224,224,RGB,21.3
Kardus,kardus_kardus_kardus_kardus_R_2301.jpg,.jpg,224,224,RGB,20.24
Kardus,kardus_kardus_kardus_kardus_R_2302.jpg,.jpg,224,224,RGB,12.56
Kardus,kardus_kardus_kardus_kardus_R_2303.jpg,.jpg,224,224,RGB,9.04
Kardus,kardus_kardus_kardus_kardus_R_2304.jpg,.jpg,224,224,RGB,10.36
Kardus,kardus_kardus_kardus_kardus_R_2305.jpg,.jpg,224,224,RGB,18.16
Kardus,kardus_kardus_kardus_kardus_R_2306.jpg,.jpg,224,224,RGB,11.45
Kardus,kardus_kardus_kardus_kardus_R_2307.jpg,.jpg,224,224,RGB,9.43
Kardus,kardus_kardus_kardus_kardus_R_2308.jpg,.jpg,224,224,RGB,6.8
Kardus,kardus_kardus_kardus_kardus_R_2309.jpg,.jpg,224,224,RGB,10.78
Kardus,kardus_kardus_kardus_kardus_R_2310.jpg,.jpg,224,224,RGB,11.24
Kardus,kardus_kardus_kardus_kardus_R_2311.jpg,.jpg,224,224,RGB,11.94
Kardus,kardus_kardus_kardus_kardus_R_2312.jpg,.jpg,224,224,RGB,9.72
Kardus,kardus_kardus_kardus_kardus_R_2313.jpg,.jpg,224,224,RGB,16.54
Kardus,kardus_kardus_kardus_kardus_R_2314.jpg,.jpg,224,224,RGB,15.12
Kardus,kardus_kardus_kardus_kardus_R_2315.jpg,.jpg,224,224,RGB,8.71
Kardus,kardus_kardus_kardus_kardus_R_2316.jpg,.jpg,224,224,RGB,9.2
Kardus,kardus_kardus_kardus_kardus_R_2317.jpg,.jpg,224,224,RGB,15.83
Kardus,kardus_kardus_kardus_kardus_R_2318.jpg,.jpg,224,224,RGB,8.58
Kertas,kertas_kertas_kertas_kertas_R_2848.jpg,.jpg,224,224,RGB,33.23
Kertas,kertas_kertas_kertas_kertas_R_2849.jpg,.jpg,224,224,RGB,30.72
Kertas,kertas_kertas_kertas_kertas_R_2850.jpg,.jpg,224,224,RGB,29.31
Kertas,kertas_kertas_kertas_kertas_R_2851.jpg,.jpg,224,224,RGB,21.3
Kertas,kertas_kertas_kertas_kertas_R_2852.jpg,.jpg,224,224,RGB,21.7
Kertas,kertas_kertas_kertas_kertas_R_2853.jpg,.jpg,224,224,RGB,29.2
Kertas,kertas_kertas_kertas_kertas_R_2854.jpg,.jpg,224,224,RGB,26.73
Kertas,kertas_kertas_kertas_kertas_R_2855.jpg,.jpg,224,224,RGB,22.87
Kertas,kertas_kertas_kertas_kertas_R_2856.jpg,.jpg,224,224,RGB,34.13
Kertas,kertas_kertas_kertas_kertas_R_2857.jpg,.jpg,224,224,RGB,32.8
Kertas,kertas_kertas_kertas_kertas_R_2858.jpg,.jpg,224,224,RGB,28.57
Kertas,kertas_kertas_kertas_kertas_R_2859.jpg,.jpg,224,224,RGB,15.41
Kertas,kertas_kertas_kertas_kertas_R_2860.jpg,.jpg,224,224,RGB,29.7
Kertas,kertas_kertas_kertas_kertas_R_2861.jpg,.jpg,224,224,RGB,13.49
Kertas,kertas_kertas_kertas_kertas_R_2862.jpg,.jpg,224,224,RGB,30.98
Kertas,kertas_kertas_kertas_kertas_R_2863.jpg,.jpg,224,224,RGB,31.4
Kertas,kertas_kertas_kertas_kertas_R_2864.jpg,.jpg,224,224,RGB,32.19
Kertas,kertas_kertas_kertas_kertas_R_2865.jpg,.jpg,224,224,RGB,28.42
Kertas,kertas_kertas_kertas_kertas_R_2866.jpg,.jpg,224,224,RGB,29.0
Kertas,kertas_kertas_kertas_kertas_R_2867.jpg,.jpg,224,224,RGB,35.88
Kertas,kertas_kertas_kertas_kertas_R_2868.jpg,.jpg,224,224,RGB,36.67
Kertas,kertas_kertas_kertas_kertas_R_2869.jpg,.jpg,224,224,RGB,28.5
Kertas,kertas_kertas_kertas_kertas_R_2870.jpg,.jpg,224,224,RGB,20.9
Kertas,kertas_kertas_kertas_kertas_R_2871.jpg,.jpg,224,224,RGB,25.93
Kertas,kertas_kertas_kertas_kertas_R_2872.jpg,.jpg,224,224,RGB,28.98
Kertas,kertas_kertas_kertas_kertas_R_2873.jpg,.jpg,224,224,RGB,19.08
Kertas,kertas_kertas_kertas_kertas_R_2874.jpg,.jpg,224,224,RGB,15.61
Kertas,kertas_kertas_kertas_kertas_R_2875.jpg,.jpg,224,224,RGB,16.04
Kertas,kertas_kertas_kertas_kertas_R_2876.jpg,.jpg,224,224,RGB,28.82
Kertas,kertas_kertas_kertas_kertas_R_2877.jpg,.jpg,224,224,RGB,29.93
Kertas,kertas_kertas_kertas_kertas_R_2878.jpg,.jpg,224,224,RGB,35.68
Kertas,kertas_kertas_kertas_kertas_R_2879.jpg,.jpg,224,224,RGB,27.86
Kertas,kertas_kertas_kertas_kertas_R_2880.jpg,.jpg,224,224,RGB,38.38
Kertas,kertas_kertas_kertas_kertas_R_2881.jpg,.jpg,224,224,RGB,28.12
Kertas,kertas_kertas_kertas_kertas_R_2882.jpg,.jpg,224,224,RGB,15.13
Kertas,kertas_kertas_kertas_kertas_R_2883.jpg,.jpg,224,224,RGB,23.74
Kertas,kertas_kertas_kertas_kertas_R_2884.jpg,.jpg,224,224,RGB,18.28
Kertas,kertas_kertas_kertas_kertas_R_2885.jpg,.jpg,224,224,RGB,26.64
Kertas,kertas_kertas_kertas_kertas_R_2886.jpg,.jpg,224,224,RGB,20.32
Kertas,kertas_kertas_kertas_kertas_R_2887.jpg,.jpg,224,224,RGB,13.71
Kertas,kertas_kertas_kertas_kertas_R_2888.jpg,.jpg,224,224,RGB,33.63
Kertas,kertas_kertas_kertas_kertas_R_2889.jpg,.jpg,224,224,RGB,22.86
Kertas,kertas_kertas_kertas_kertas_R_2890.jpg,.jpg,224,224,RGB,26.61
Kertas,kertas_kertas_kertas_kertas_R_2891.jpg,.jpg,224,224,RGB,30.66
Kertas,kertas_kertas_kertas_kertas_R_2892.jpg,.jpg,224,224,RGB,30.04
Kertas,kertas_kertas_kertas_kertas_R_2893.jpg,.jpg,224,224,RGB,30.54
Kertas,kertas_kertas_kertas_kertas_R_2894.jpg,.jpg,224,224,RGB,25.59
Kertas,kertas_kertas_kertas_kertas_R_2895.jpg,.jpg,224,224,RGB,24.88
Kertas,kertas_kertas_kertas_kertas_R_2896.jpg,.jpg,224,224,RGB,16.57
Kertas,kertas_kertas_kertas_kertas_R_2897.jpg,.jpg,224,224,RGB,33.04
Kertas,kertas_kertas_kertas_kertas_R_2898.jpg,.jpg,224,224,RGB,33.78
Kertas,kertas_kertas_kertas_kertas_R_2899.jpg,.jpg,224,224,RGB,19.26
Kertas,kertas_kertas_kertas_kertas_R_2900.jpg,.jpg,224,224,RGB,26.08
Kertas,kertas_kertas_kertas_kertas_R_2901.jpg,.jpg,224,224,RGB,11.15
Kertas,kertas_kertas_kertas_kertas_R_2902.jpg,.jpg,224,224,RGB,34.39
Kertas,kertas_kertas_kertas_kertas_R_2903.jpg,.jpg,224,224,RGB,25.44
Kertas,kertas_kertas_kertas_kertas_R_2904.jpg,.jpg,224,224,RGB,34.9
Kertas,kertas_kertas_kertas_kertas_R_2905.jpg,.jpg,224,224,RGB,24.36
Kertas,kertas_kertas_kertas_kertas_R_2906.jpg,.jpg,224,224,RGB,18.62
Kertas,kertas_kertas_kertas_kertas_R_2907.jpg,.jpg,224,224,RGB,20.91
Kertas,kertas_kertas_kertas_kertas_R_2908.jpg,.jpg,224,224,RGB,15.15
Kertas,kertas_kertas_kertas_kertas_R_2909.jpg,.jpg,224,224,RGB,24.21
Kertas,kertas_kertas_kertas_kertas_R_2910.jpg,.jpg,224,224,RGB,32.81
Kertas,kertas_kertas_kertas_kertas_R_2911.jpg,.jpg,224,224,RGB,30.5
Kertas,kertas_kertas_kertas_kertas_R_2912.jpg,.jpg,224,224,RGB,31.56
Kertas,kertas_kertas_kertas_kertas_R_2913.jpg,.jpg,224,224,RGB,34.89
Kertas,kertas_kertas_kertas_kertas_R_2914.jpg,.jpg,224,224,RGB,25.9
Kertas,kertas_kertas_kertas_kertas_R_2915.jpg,.jpg,224,224,RGB,32.84
Kertas,kertas_kertas_kertas_kertas_R_2916.jpg,.jpg,224,224,RGB,11.96
Kertas,kertas_kertas_kertas_kertas_R_2917.jpg,.jpg,224,224,RGB,17.29
Kertas,kertas_kertas_kertas_kertas_R_2918.jpg,.jpg,224,224,RGB,29.1
Kertas,kertas_kertas_kertas_kertas_R_2919.jpg,.jpg,224,224,RGB,28.07
Kertas,kertas_kertas_kertas_kertas_R_2920.jpg,.jpg,224,224,RGB,22.72
Kertas,kertas_kertas_kertas_kertas_R_2921.jpg,.jpg,224,224,RGB,28.27
Kertas,kertas_kertas_kertas_kertas_R_2922.jpg,.jpg,224,224,RGB,36.25
Kertas,kertas_kertas_kertas_kertas_R_2923.jpg,.jpg,224,224,RGB,29.51
Kertas,kertas_kertas_kertas_kertas_R_2924.jpg,.jpg,224,224,RGB,37.15
Kertas,kertas_kertas_kertas_kertas_R_2925.jpg,.jpg,224,224,RGB,12.13
Kertas,kertas_kertas_kertas_kertas_R_2926.jpg,.jpg,224,224,RGB,30.62
Kertas,kertas_kertas_kertas_kertas_R_2927.jpg,.jpg,224,224,RGB,31.17
Kertas,kertas_kertas_kertas_kertas_R_2928.jpg,.jpg,224,224,RGB,35.17
Kertas,kertas_kertas_kertas_kertas_R_2929.jpg,.jpg,224,224,RGB,29.93
Kertas,kertas_kertas_kertas_kertas_R_2930.jpg,.jpg,224,224,RGB,26.49
Kertas,kertas_kertas_kertas_kertas_R_2931.jpg,.jpg,224,224,RGB,32.9
Kertas,kertas_kertas_kertas_kertas_R_2932.jpg,.jpg,224,224,RGB,26.87
Kertas,kertas_kertas_kertas_kertas_R_2933.jpg,.jpg,224,224,RGB,28.7
Kertas,kertas_kertas_kertas_kertas_R_2934.jpg,.jpg,224,224,RGB,20.65
Kertas,kertas_kertas_kertas_kertas_R_2935.jpg,.jpg,224,224,RGB,13.97
Kertas,kertas_kertas_kertas_kertas_R_2936.jpg,.jpg,224,224,RGB,30.8
Kertas,kertas_kertas_kertas_kertas_R_2937.jpg,.jpg,224,224,RGB,28.59
Kertas,kertas_kertas_kertas_kertas_R_2938.jpg,.jpg,224,224,RGB,28.87
Kertas,kertas_kertas_kertas_kertas_R_2939.jpg,.jpg,224,224,RGB,28.44
Kertas,kertas_kertas_kertas_kertas_R_2940.jpg,.jpg,224,224,RGB,32.22
Kertas,kertas_kertas_kertas_kertas_R_2941.jpg,.jpg,224,224,RGB,32.6
Kertas,kertas_kertas_kertas_kertas_R_2942.jpg,.jpg,224,224,RGB,35.91
Kertas,kertas_kertas_kertas_kertas_R_2943.jpg,.jpg,224,224,RGB,22.39
Kertas,kertas_kertas_kertas_kertas_R_2944.jpg,.jpg,224,224,RGB,12.37
Kertas,kertas_kertas_kertas_kertas_R_2945.jpg,.jpg,224,224,RGB,26.3
Kertas,kertas_kertas_kertas_kertas_R_2946.jpg,.jpg,224,224,RGB,35.0
Logam,logam_logam_logam_logam_R_1623.jpg,.jpg,224,224,RGB,11.84
Logam,logam_logam_logam_logam_R_1624.jpg,.jpg,224,224,RGB,9.12
Logam,logam_logam_logam_logam_R_1625.jpg,.jpg,224,224,RGB,11.0
Logam,logam_logam_logam_logam_R_1626.jpg,.jpg,224,224,RGB,12.37
Logam,logam_logam_logam_logam_R_1627.jpg,.jpg,224,224,RGB,16.34
Logam,logam_logam_logam_logam_R_1628.jpg,.jpg,224,224,RGB,8.21
Logam,logam_logam_logam_logam_R_1629.jpg,.jpg,224,224,RGB,15.32
Logam,logam_logam_logam_logam_R_1630.jpg,.jpg,224,224,RGB,9.05
Logam,logam_logam_logam_logam_R_1631.jpg,.jpg,224,224,RGB,12.59
Logam,logam_logam_logam_logam_R_1632.jpg,.jpg,224,224,RGB,23.33
Logam,logam_logam_logam_logam_R_1633.jpg,.jpg,224,224,RGB,6.57
Logam,logam_logam_logam_logam_R_1634.jpg,.jpg,224,224,RGB,16.99
Logam,logam_logam_logam_logam_R_1635.jpg,.jpg,224,224,RGB,19.93
Logam,logam_logam_logam_logam_R_1636.jpg,.jpg,224,224,RGB,8.43
Logam,logam_logam_logam_logam_R_1637.jpg,.jpg,224,224,RGB,12.6
Logam,logam_logam_logam_logam_R_1638.jpg,.jpg,224,224,RGB,21.25
Logam,logam_logam_logam_logam_R_1639.jpg,.jpg,224,224,RGB,4.93
Logam,logam_logam_logam_logam_R_1640.jpg,.jpg,224,224,RGB,8.77
Logam,logam_logam_logam_logam_R_1641.jpg,.jpg,224,224,RGB,10.77
Logam,logam_logam_logam_logam_R_1642.jpg,.jpg,224,224,RGB,25.12
Logam,logam_logam_logam_logam_R_1643.jpg,.jpg,224,224,RGB,6.02
Logam,logam_logam_logam_logam_R_1644.jpg,.jpg,224,224,RGB,7.04
Logam,logam_logam_logam_logam_R_1645.jpg,.jpg,224,224,RGB,12.31
Logam,logam_logam_logam_logam_R_1646.jpg,.jpg,224,224,RGB,15.84
Logam,logam_logam_logam_logam_R_1647.jpg,.jpg,224,224,RGB,13.68
Logam,logam_logam_logam_logam_R_1648.jpg,.jpg,224,224,RGB,13.36
Logam,logam_logam_logam_logam_R_1649.jpg,.jpg,224,224,RGB,20.42
Logam,logam_logam_logam_logam_R_1650.jpg,.jpg,224,224,RGB,9.21
Logam,logam_logam_logam_logam_R_1651.jpg,.jpg,224,224,RGB,5.81
Logam,logam_logam_logam_logam_R_1652.jpg,.jpg,224,224,RGB,14.23
Logam,logam_logam_logam_logam_R_1653.jpg,.jpg,224,224,RGB,14.91
Logam,logam_logam_logam_logam_R_1654.jpg,.jpg,224,224,RGB,13.75
Logam,logam_logam_logam_logam_R_1655.jpg,.jpg,224,224,RGB,4.57
Logam,logam_logam_logam_logam_R_1656.jpg,.jpg,224,224,RGB,10.98
Logam,logam_logam_logam_logam_R_1657.jpg,.jpg,224,224,RGB,5.69
Logam,logam_logam_logam_logam_R_1658.jpg,.jpg,224,224,RGB,17.46
Logam,logam_logam_logam_logam_R_1659.jpg,.jpg,224,224,RGB,14.87
Logam,logam_logam_logam_logam_R_1660.jpg,.jpg,224,224,RGB,18.51
Logam,logam_logam_logam_logam_R_1661.jpg,.jpg,224,224,RGB,28.13
Logam,logam_logam_logam_logam_R_1662.jpg,.jpg,224,224,RGB,19.34
Logam,logam_logam_logam_logam_R_1663.jpg,.jpg,224,224,RGB,13.62
Logam,logam_logam_logam_logam_R_1664.jpg,.jpg,224,224,RGB,20.92
Logam,logam_logam_logam_logam_R_1665.jpg,.jpg,224,224,RGB,15.98
Logam,logam_logam_logam_logam_R_1666.jpg,.jpg,224,224,RGB,33.58
Logam,logam_logam_logam_logam_R_1667.jpg,.jpg,224,224,RGB,11.2
Logam,logam_logam_logam_logam_R_1668.jpg,.jpg,224,224,RGB,10.58
Logam,logam_logam_logam_logam_R_1669.jpg,.jpg,224,224,RGB,21.04
Logam,logam_logam_logam_logam_R_1670.jpg,.jpg,224,224,RGB,17.22
Logam,logam_logam_logam_logam_R_1671.jpg,.jpg,224,224,RGB,16.84
Logam,logam_logam_logam_logam_R_1672.jpg,.jpg,224,224,RGB,22.82
Logam,logam_logam_logam_logam_R_1673.jpg,.jpg,224,224,RGB,17.67
Logam,logam_logam_logam_logam_R_1674.jpg,.jpg,224,224,RGB,8.92
Logam,logam_logam_logam_logam_R_1675.jpg,.jpg,224,224,RGB,20.5
Logam,logam_logam_logam_logam_R_1676.jpg,.jpg,224,224,RGB,10.65
Logam,logam_logam_logam_logam_R_1677.jpg,.jpg,224,224,RGB,11.63
Logam,logam_logam_logam_logam_R_1678.jpg,.jpg,224,224,RGB,8.55
Logam,logam_logam_logam_logam_R_1679.jpg,.jpg,224,224,RGB,11.15
Logam,logam_logam_logam_logam_R_1680.jpg,.jpg,224,224,RGB,13.79
Logam,logam_logam_logam_logam_R_1681.jpg,.jpg,224,224,RGB,18.47
Logam,logam_logam_logam_logam_R_1682.jpg,.jpg,224,224,RGB,31.54
Logam,logam_logam_logam_logam_R_1683.jpg,.jpg,224,224,RGB,18.78
Logam,logam_logam_logam_R_1684.jpg,.jpg,224,224,RGB,23.21
Logam,logam_logam_logam_R_1685.jpg,.jpg,224,224,RGB,25.82
Logam,logam_logam_logam_R_1686.jpg,.jpg,224,224,RGB,7.54
Logam,logam_logam_logam_R_1687.jpg,.jpg,224,224,RGB,9.21
Logam,logam_logam_logam_R_1688.jpg,.jpg,224,224,RGB,11.97
Logam,logam_logam_logam_R_1689.jpg,.jpg,224,224,RGB,14.94
Logam,logam_logam_logam_R_1690.jpg,.jpg,224,224,RGB,6.51
Logam,logam_logam_logam_R_1691.jpg,.jpg,224,224,RGB,8.06
Logam,logam_logam_logam_R_1692.jpg,.jpg,224,224,RGB,7.98
Logam,logam_logam_logam_R_1693.jpg,.jpg,224,224,RGB,10.37
Logam,logam_logam_logam_R_1694.jpg,.jpg,224,224,RGB,17.64
Logam,logam_logam_logam_R_1695.jpg,.jpg,224,224,RGB,8.17
Logam,logam_logam_logam_R_1696.jpg,.jpg,224,224,RGB,5.91
Logam,logam_logam_logam_R_1697.jpg,.jpg,224,224,RGB,18.81
Logam,logam_logam_logam_R_1698.jpg,.jpg,224,224,RGB,14.85
Logam,logam_logam_logam_R_1699.jpg,.jpg,224,224,RGB,22.77
Logam,logam_logam_logam_R_1700.jpg,.jpg,224,224,RGB,11.76
Logam,logam_logam_logam_R_1701.jpg,.jpg,224,224,RGB,8.76
Logam,logam_logam_logam_R_1702.jpg,.jpg,224,224,RGB,10.39
Logam,logam_logam_logam_R_1703.jpg,.jpg,224,224,RGB,19.08
Logam,logam_logam_logam_R_1704.jpg,.jpg,224,224,RGB,21.39
Logam,logam_logam_logam_R_1705.jpg,.jpg,224,224,RGB,21.59
Logam,logam_logam_logam_R_1706.jpg,.jpg,224,224,RGB,12.15
Logam,logam_logam_logam_R_1707.jpg,.jpg,224,224,RGB,19.89
Logam,logam_logam_logam_R_1708.jpg,.jpg,224,224,RGB,20.75
Logam,logam_logam_logam_R_1709.jpg,.jpg,224,224,RGB,10.51
Logam,logam_logam_logam_R_1710.jpg,.jpg,224,224,RGB,8.73
Logam,logam_logam_logam_R_1711.jpg,.jpg,224,224,RGB,8.93
Logam,logam_logam_logam_R_1712.jpg,.jpg,224,224,RGB,15.29
Logam,logam_logam_logam_R_1713.jpg,.jpg,224,224,RGB,14.7
Logam,logam_logam_logam_R_1714.jpg,.jpg,224,224,RGB,18.7
Logam,logam_logam_logam_R_1715.jpg,.jpg,224,224,RGB,7.94
Logam,logam_logam_logam_R_1716.jpg,.jpg,224,224,RGB,18.37
Logam,logam_logam_logam_R_1717.jpg,.jpg,224,224,RGB,19.95
Logam,logam_logam_logam_R_1718.jpg,.jpg,224,224,RGB,18.96
Logam,logam_logam_logam_R_1719.jpg,.jpg,224,224,RGB,12.95
Logam,logam_logam_logam_R_1720.jpg,.jpg,224,224,RGB,24.86
Logam,logam_logam_logam_R_1721.jpg,.jpg,224,224,RGB,14.12
organic,organic_organic_organic_food-waste-10.jpg,.jpg,224,224,RGB,33.54
organic,organic_organic_organic_food-waste-10_aug1335.jpg,.jpg,224,224,RGB,33.6
organic,organic_organic_organic_food-waste-10_aug2265.jpg,.jpg,224,224,RGB,33.59
organic,organic_organic_organic_food-waste-10_aug777.jpg,.jpg,224,224,RGB,29.52
organic,organic_organic_organic_food-waste-11_aug464.jpg,.jpg,224,224,RGB,31.12
organic,organic_organic_organic_food-waste-12.jpg,.jpg,224,224,RGB,32.62
organic,organic_organic_organic_food-waste-12_aug1003.jpg,.jpg,224,224,RGB,32.64
organic,organic_organic_organic_food-waste-12_aug1765.jpg,.jpg,224,224,RGB,32.61
organic,organic_organic_organic_food-waste-12_aug303.jpg,.jpg,224,224,RGB,26.78
organic,organic_organic_organic_food-waste-13_aug1071.jpg,.jpg,224,224,RGB,31.26
organic,organic_organic_organic_food-waste-13_aug140.jpg,.jpg,224,224,RGB,35.83
organic,organic_organic_organic_food-waste-13_aug2716.jpg,.jpg,224,224,RGB,26.51
organic,organic_organic_organic_food-waste-13_aug43.jpg,.jpg,224,224,RGB,35.87
organic,organic_organic_organic_food-waste-13_aug824.jpg,.jpg,224,224,RGB,29.76
organic,organic_organic_organic_food-waste-14_aug1540.jpg,.jpg,224,224,RGB,36.01
organic,organic_organic_organic_food-waste-14_aug1554.jpg,.jpg,224,224,RGB,34.82
organic,organic_organic_organic_food-waste-14_aug163.jpg,.jpg,224,224,RGB,31.18
organic,organic_organic_organic_food-waste-14_aug1866.jpg,.jpg,224,224,RGB,36.4
organic,organic_organic_organic_food-waste-14_aug1897.jpg,.jpg,224,224,RGB,31.36
organic,organic_organic_organic_food-waste-14_aug2592.jpg,.jpg,224,224,RGB,31.53
organic,organic_organic_organic_food-waste-14_aug969.jpg,.jpg,224,224,RGB,32.7
organic,organic_organic_organic_food-waste-15_aug2428.jpg,.jpg,224,224,RGB,36.77
organic,organic_organic_organic_food-waste-15_aug26.jpg,.jpg,224,224,RGB,37.99
organic,organic_organic_organic_food-waste-15_aug412.jpg,.jpg,224,224,RGB,33.8
organic,organic_organic_organic_food-waste-15_aug714.jpg,.jpg,224,224,RGB,38.16
organic,organic_organic_organic_food-waste-16_aug162.jpg,.jpg,224,224,RGB,18.47
organic,organic_organic_organic_food-waste-16_aug2239.jpg,.jpg,224,224,RGB,18.04
organic,organic_organic_organic_food-waste-16_aug2478.jpg,.jpg,224,224,RGB,19.54
organic,organic_organic_organic_food-waste-17_aug1036.jpg,.jpg,224,224,RGB,19.64
organic,organic_organic_organic_food-waste-17_aug1206.jpg,.jpg,224,224,RGB,19.9
organic,organic_organic_organic_food-waste-17_aug1785.jpg,.jpg,224,224,RGB,20.25
organic,organic_organic_organic_food-waste-18_aug1027.jpg,.jpg,224,224,RGB,36.49
organic,organic_organic_organic_food-waste-18_aug1069.jpg,.jpg,224,224,RGB,36.54
organic,organic_organic_organic_food-waste-18_aug1784.jpg,.jpg,224,224,RGB,36.55
organic,organic_organic_organic_food-waste-18_aug2370.jpg,.jpg,224,224,RGB,31.31
organic,organic_organic_organic_food-waste-18_aug394.jpg,.jpg,224,224,RGB,35.47
organic,organic_organic_organic_food-waste-19_aug1726.jpg,.jpg,224,224,RGB,28.33
organic,organic_organic_organic_food-waste-19_aug1875.jpg,.jpg,224,224,RGB,35.09
organic,organic_organic_organic_food-waste-19_aug2386.jpg,.jpg,224,224,RGB,34.44
organic,organic_organic_organic_food-waste-19_aug2690.jpg,.jpg,224,224,RGB,28.28
organic,organic_organic_organic_food-waste-19_aug385.jpg,.jpg,224,224,RGB,34.51
organic,organic_organic_organic_food-waste-19_aug77.jpg,.jpg,224,224,RGB,32.89
organic,organic_organic_organic_food-waste-1_aug107.jpg,.jpg,224,224,RGB,16.71
organic,organic_organic_organic_food-waste-1_aug1950.jpg,.jpg,224,224,RGB,19.65
organic,organic_organic_organic_food-waste-1_aug666.jpg,.jpg,224,224,RGB,19.93
organic,organic_organic_organic_food-waste-1_aug744.jpg,.jpg,224,224,RGB,15.83
organic,organic_organic_organic_food-waste-1_aug816.jpg,.jpg,224,224,RGB,18.69
organic,organic_organic_organic_food-waste-20_aug1955.jpg,.jpg,224,224,RGB,30.5
organic,organic_organic_organic_food-waste-20_aug2567.jpg,.jpg,224,224,RGB,34.66
organic,organic_organic_organic_food-waste-20_aug2655.jpg,.jpg,224,224,RGB,28.28
organic,organic_organic_organic_food-waste-20_aug643.jpg,.jpg,224,224,RGB,36.39
organic,organic_organic_organic_food-waste-21_aug2376.jpg,.jpg,224,224,RGB,31.61
organic,organic_organic_organic_food-waste-21_aug413.jpg,.jpg,224,224,RGB,30.58
organic,organic_organic_organic_food-waste-22_aug2423.jpg,.jpg,224,224,RGB,29.15
organic,organic_organic_organic_food-waste-22_aug2719.jpg,.jpg,224,224,RGB,32.01
organic,organic_organic_organic_food-waste-22_aug863.jpg,.jpg,224,224,RGB,30.41
organic,organic_organic_organic_food-waste-22_aug938.jpg,.jpg,224,224,RGB,28.38
organic,organic_organic_organic_food-waste-23_aug2522.jpg,.jpg,224,224,RGB,32.47
organic,organic_organic_organic_food-waste-23_aug2654.jpg,.jpg,224,224,RGB,28.69
organic,organic_organic_organic_food-waste-23_aug791.jpg,.jpg,224,224,RGB,33.21
organic,organic_organic_organic_food-waste-24_aug914.jpg,.jpg,224,224,RGB,31.83
organic,organic_organic_organic_food-waste-24_aug943.jpg,.jpg,224,224,RGB,30.03
organic,organic_organic_organic_food-waste-24_aug985.jpg,.jpg,224,224,RGB,32.75
organic,organic_organic_organic_food-waste-25_aug1253.jpg,.jpg,224,224,RGB,32.87
organic,organic_organic_organic_food-waste-25_aug2254.jpg,.jpg,224,224,RGB,32.62
organic,organic_organic_organic_food-waste-25_aug260.jpg,.jpg,224,224,RGB,31.31
organic,organic_organic_organic_food-waste-25_aug473.jpg,.jpg,224,224,RGB,33.48
organic,organic_organic_organic_food-waste-25_aug801.jpg,.jpg,224,224,RGB,33.33
organic,organic_organic_organic_food-waste-26_aug1678.jpg,.jpg,224,224,RGB,28.96
organic,organic_organic_organic_food-waste-26_aug1738.jpg,.jpg,224,224,RGB,29.47
organic,organic_organic_organic_food-waste-26_aug2203.jpg,.jpg,224,224,RGB,26.71
organic,organic_organic_organic_food-waste-26_aug2262.jpg,.jpg,224,224,RGB,27.59
organic,organic_organic_organic_food-waste-26_aug239.jpg,.jpg,224,224,RGB,30.95
organic,organic_organic_organic_food-waste-27_aug1997.jpg,.jpg,224,224,RGB,28.67
organic,organic_organic_organic_food-waste-27_aug479.jpg,.jpg,224,224,RGB,23.54
organic,organic_organic_organic_food-waste-28_aug2341.jpg,.jpg,224,224,RGB,14.09
organic,organic_organic_organic_food-waste-29.jpg,.jpg,224,224,RGB,16.26
organic,organic_organic_organic_food-waste-29_aug102.jpg,.jpg,224,224,RGB,15.94
organic,organic_organic_organic_food-waste-29_aug1558.jpg,.jpg,224,224,RGB,18.15
organic,organic_organic_organic_food-waste-29_aug2817.jpg,.jpg,224,224,RGB,15.93
organic,organic_organic_organic_food-waste-29_aug531.jpg,.jpg,224,224,RGB,17.51
organic,organic_organic_organic_food-waste-29_aug620.jpg,.jpg,224,224,RGB,17.94
organic,organic_organic_organic_food-waste-2_aug1853.jpg,.jpg,224,224,RGB,13.98
organic,organic_organic_organic_food-waste-2_aug2032.jpg,.jpg,224,224,RGB,14.3
organic,organic_organic_organic_food-waste-2_aug2824.jpg,.jpg,224,224,RGB,13.0
organic,organic_organic_organic_food-waste-30_aug1668.jpg,.jpg,224,224,RGB,17.45
organic,organic_organic_organic_food-waste-30_aug2356.jpg,.jpg,224,224,RGB,16.92
organic,organic_organic_organic_food-waste-30_aug2699.jpg,.jpg,224,224,RGB,17.18
organic,organic_organic_organic_food-waste-30_aug553.jpg,.jpg,224,224,RGB,17.25
organic,organic_organic_organic_food-waste-31_aug2260.jpg,.jpg,224,224,RGB,8.48
organic,organic_organic_organic_food-waste-31_aug2297.jpg,.jpg,224,224,RGB,10.36
organic,organic_organic_organic_food-waste-31_aug2792.jpg,.jpg,224,224,RGB,9.91
organic,organic_organic_organic_food-waste-31_aug638.jpg,.jpg,224,224,RGB,9.62
organic,organic_organic_organic_food-waste-32_aug1932.jpg,.jpg,224,224,RGB,17.65
organic,organic_organic_organic_food-waste-32_aug20.jpg,.jpg,224,224,RGB,16.75
organic,organic_organic_organic_food-waste-32_aug559.jpg,.jpg,224,224,RGB,15.85
organic,organic_organic_organic_food-waste-32_aug715.jpg,.jpg,224,224,RGB,16.08
organic,organic_organic_organic_food-waste-33_aug2213.jpg,.jpg,224,224,RGB,21.96
organic,organic_organic_organic_food-waste-33_aug2556.jpg,.jpg,224,224,RGB,19.78
organic,organic_organic_organic_food-waste-33_aug2659.jpg,.jpg,224,224,RGB,19.37
organic,organic_organic_organic_food-waste-33_aug2722.jpg,.jpg,224,224,RGB,21.33
organic,organic_organic_organic_food-waste-33_aug815.jpg,.jpg,224,224,RGB,21.93
organic,organic_organic_organic_food-waste-34_aug1255.jpg,.jpg,224,224,RGB,17.46
organic,organic_organic_organic_food-waste-34_aug1371.jpg,.jpg,224,224,RGB,13.69
organic,organic_organic_organic_food-waste-34_aug219.jpg,.jpg,224,224,RGB,16.41
organic,organic_organic_organic_food-waste-34_aug2546.jpg,.jpg,224,224,RGB,16.75
organic,organic_organic_organic_food-waste-34_aug471.jpg,.jpg,224,224,RGB,17.44
organic,organic_organic_organic_food-waste-34_aug594.jpg,.jpg,224,224,RGB,17.4
organic,organic_organic_organic_food-waste-34_aug628.jpg,.jpg,224,224,RGB,17.09
organic,organic_organic_organic_food-waste-34_aug71.jpg,.jpg,224,224,RGB,18.97
organic,organic_organic_organic_food-waste-35_aug981.jpg,.jpg,224,224,RGB,15.79
organic,organic_organic_organic_food-waste-36_aug1379.jpg,.jpg,224,224,RGB,17.4
organic,organic_organic_organic_food-waste-36_aug373.jpg,.jpg,224,224,RGB,17.4
organic,organic_organic_organic_food-waste-36_aug467.jpg,.jpg,224,224,RGB,17.74
organic,organic_organic_organic_food-waste-37_aug1347.jpg,.jpg,224,224,RGB,23.04
organic,organic_organic_organic_food-waste-37_aug1792.jpg,.jpg,224,224,RGB,20.09
organic,organic_organic_organic_food-waste-37_aug2070.jpg,.jpg,224,224,RGB,19.61
organic,organic_organic_organic_food-waste-37_aug2554.jpg,.jpg,224,224,RGB,22.12
organic,organic_organic_organic_food-waste-37_aug706.jpg,.jpg,224,224,RGB,23.15
organic,organic_organic_organic_food-waste-37_aug877.jpg,.jpg,224,224,RGB,22.5
organic,organic_organic_organic_food-waste-38_aug1197.jpg,.jpg,224,224,RGB,22.26
organic,organic_organic_organic_food-waste-38_aug1385.jpg,.jpg,224,224,RGB,21.28
organic,organic_organic_organic_food-waste-38_aug1877.jpg,.jpg,224,224,RGB,20.82
organic,organic_organic_organic_food-waste-38_aug238.jpg,.jpg,224,224,RGB,22.06
organic,organic_organic_organic_food-waste-38_aug481.jpg,.jpg,224,224,RGB,19.3
organic,organic_organic_organic_food-waste-38_aug482.jpg,.jpg,224,224,RGB,22.92
organic,organic_organic_organic_food-waste-39_aug2267.jpg,.jpg,224,224,RGB,21.79
organic,organic_organic_organic_food-waste-39_aug2412.jpg,.jpg,224,224,RGB,21.32
organic,organic_organic_organic_food-waste-39_aug2417.jpg,.jpg,224,224,RGB,21.52
organic,organic_organic_organic_food-waste-3_aug1137.jpg,.jpg,224,224,RGB,13.11
organic,organic_organic_organic_food-waste-3_aug1580.jpg,.jpg,224,224,RGB,13.17
organic,organic_organic_organic_food-waste-3_aug1991.jpg,.jpg,224,224,RGB,14.43
organic,organic_organic_organic_food-waste-40_aug1083.jpg,.jpg,224,224,RGB,19.28
organic,organic_organic_organic_food-waste-40_aug1361.jpg,.jpg,224,224,RGB,19.55
organic,organic_organic_organic_food-waste-40_aug1477.jpg,.jpg,224,224,RGB,18.07
organic,organic_organic_organic_food-waste-40_aug1625.jpg,.jpg,224,224,RGB,17.92
organic,organic_organic_organic_food-waste-40_aug226.jpg,.jpg,224,224,RGB,19.33
organic,organic_organic_organic_food-waste-40_aug2418.jpg,.jpg,224,224,RGB,17.69
organic,organic_organic_organic_food-waste-40_aug254.jpg,.jpg,224,224,RGB,16.57
organic,organic_organic_organic_food-waste-40_aug2581.jpg,.jpg,224,224,RGB,19.22
organic,organic_organic_organic_food-waste-40_aug968.jpg,.jpg,224,224,RGB,19.89
organic,organic_organic_organic_food-waste-41_aug1694.jpg,.jpg,224,224,RGB,18.75
organic,organic_organic_organic_food-waste-41_aug1892.jpg,.jpg,224,224,RGB,17.49
organic,organic_organic_organic_food-waste-41_aug274.jpg,.jpg,224,224,RGB,17.49
organic,organic_organic_organic_food-waste-41_aug279.jpg,.jpg,224,224,RGB,18.17
organic,organic_organic_organic_food-waste-4_aug1622.jpg,.jpg,224,224,RGB,13.33
organic,organic_organic_organic_food-waste-4_aug1882.jpg,.jpg,224,224,RGB,13.44
organic,organic_organic_organic_food-waste-4_aug2118.jpg,.jpg,224,224,RGB,12.98
organic,organic_organic_organic_food-waste-4_aug2381.jpg,.jpg,224,224,RGB,12.83
organic,organic_organic_organic_food-waste-4_aug284.jpg,.jpg,224,224,RGB,14.11
organic,organic_organic_organic_food-waste-5_aug1406.jpg,.jpg,224,224,RGB,12.59
organic,organic_organic_organic_food-waste-5_aug2791.jpg,.jpg,224,224,RGB,12.88
organic,organic_organic_organic_food-waste-6.jpg,.jpg,224,224,RGB,13.88
organic,organic_organic_organic_food-waste-6_aug1569.jpg,.jpg,224,224,RGB,14.74
organic,organic_organic_organic_food-waste-6_aug2389.jpg,.jpg,224,224,RGB,14.8
organic,organic_organic_organic_food-waste-6_aug2496.jpg,.jpg,224,224,RGB,13.99
organic,organic_organic_organic_food-waste-6_aug478.jpg,.jpg,224,224,RGB,13.98
organic,organic_organic_organic_food-waste-6_aug827.jpg,.jpg,224,224,RGB,15.22
organic,organic_organic_organic_food-waste-7_aug1426.jpg,.jpg,224,224,RGB,13.03
organic,organic_organic_organic_food-waste-7_aug1509.jpg,.jpg,224,224,RGB,13.67
organic,organic_organic_organic_food-waste-7_aug1520.jpg,.jpg,224,224,RGB,12.67
organic,organic_organic_organic_food-waste-7_aug175.jpg,.jpg,224,224,RGB,13.41
organic,organic_organic_organic_food-waste-8_aug1637.jpg,.jpg,224,224,RGB,34.18
organic,organic_organic_organic_food-waste-8_aug1744.jpg,.jpg,224,224,RGB,34.32
organic,organic_organic_organic_food-waste-8_aug1763.jpg,.jpg,224,224,RGB,34.78
organic,organic_organic_organic_food-waste-8_aug1976.jpg,.jpg,224,224,RGB,33.91
organic,organic_organic_organic_food-waste-8_aug2614.jpg,.jpg,224,224,RGB,34.56
organic,organic_organic_organic_food-waste-8_aug868.jpg,.jpg,224,224,RGB,31.59
organic,organic_organic_organic_food-waste-9.jpg,.jpg,224,224,RGB,34.99
organic,organic_organic_organic_food-waste-9_aug1277.jpg,.jpg,224,224,RGB,32.79
organic,organic_organic_organic_food-waste-9_aug2137.jpg,.jpg,224,224,RGB,29.66
organic,organic_organic_organic_other-organic-17_aug1282.jpg,.jpg,224,224,RGB,23.84
organic,organic_organic_organic_other-organic-17_aug1624.jpg,.jpg,224,224,RGB,25.25
organic,organic_organic_organic_other-organic-17_aug1970.jpg,.jpg,224,224,RGB,23.92
organic,organic_organic_organic_other-organic-17_aug747.jpg,.jpg,224,224,RGB,21.67
organic,organic_organic_organic_other-organic-18_aug1140.jpg,.jpg,224,224,RGB,24.27
organic,organic_organic_organic_other-organic-18_aug1280.jpg,.jpg,224,224,RGB,24.27
organic,organic_organic_organic_other-organic-18_aug1454.jpg,.jpg,224,224,RGB,25.08
organic,organic_organic_organic_other-organic-18_aug1850.jpg,.jpg,224,224,RGB,24.53
organic,organic_organic_organic_other-organic-18_aug743.jpg,.jpg,224,224,RGB,22.53
organic,organic_organic_organic_other-organic-18_aug984.jpg,.jpg,224,224,RGB,22.29
organic,organic_organic_organic_other-organic-19.jpg,.jpg,224,224,RGB,22.32
organic,organic_organic_organic_other-organic-19_aug1972.jpg,.jpg,224,224,RGB,19.31
organic,organic_organic_organic_other-organic-19_aug2094.jpg,.jpg,224,224,RGB,22.39
organic,organic_organic_organic_other-organic-19_aug410.jpg,.jpg,224,224,RGB,21.93
organic,organic_organic_organic_other-organic-20_aug1283.jpg,.jpg,224,224,RGB,23.56
organic,organic_organic_organic_other-organic-20_aug1529.jpg,.jpg,224,224,RGB,23.32
organic,organic_organic_organic_other-organic-23_aug1824.jpg,.jpg,224,224,RGB,32.45
organic,organic_organic_organic_other-organic-23_aug2714.jpg,.jpg,224,224,RGB,32.43
organic,organic_organic_organic_other-organic-24.jpg,.jpg,224,224,RGB,32.06
organic,organic_organic_organic_other-organic-24_aug1352.jpg,.jpg,224,224,RGB,27.34
organic,organic_organic_organic_other-organic-24_aug1647.jpg,.jpg,224,224,RGB,32.07
organic,organic_organic_organic_other-organic-24_aug1699.jpg,.jpg,224,224,RGB,30.68
organic,organic_organic_organic_other-organic-24_aug2323.jpg,.jpg,224,224,RGB,34.06
organic,organic_organic_organic_other-organic-24_aug622.jpg,.jpg,224,224,RGB,32.02
organic,organic_organic_organic_other-organic-25_aug2745.jpg,.jpg,224,224,RGB,32.38
organic,organic_organic_organic_other-organic-25_aug915.jpg,.jpg,224,224,RGB,32.39
organic,organic_organic_organic_other-organic-36_aug1317.jpg,.jpg,224,224,RGB,21.63
organic,organic_organic_organic_other-organic-36_aug1511.jpg,.jpg,224,224,RGB,22.6
organic,organic_organic_organic_other-organic-36_aug1593.jpg,.jpg,224,224,RGB,22.19
organic,organic_organic_organic_other-organic-36_aug2011.jpg,.jpg,224,224,RGB,25.81
organic,organic_organic_organic_other-organic-36_aug2750.jpg,.jpg,224,224,RGB,23.45
organic,organic_organic_organic_other-organic-37_aug1150.jpg,.jpg,224,224,RGB,14.32
organic,organic_organic_organic_other-organic-37_aug244.jpg,.jpg,224,224,RGB,13.67
organic,organic_organic_organic_other-organic-37_aug2561.jpg,.jpg,224,224,RGB,13.98
organic,organic_organic_organic_other-organic-37_aug999.jpg,.jpg,224,224,RGB,14.62
organic,organic_organic_organic_other-organic-38_aug259.jpg,.jpg,224,224,RGB,16.78
organic,organic_organic_organic_other-organic-38_aug674.jpg,.jpg,224,224,RGB,16.67
organic,organic_organic_organic_other-organic-38_aug796.jpg,.jpg,224,224,RGB,15.19
organic,organic_organic_organic_other-organic-39_aug1840.jpg,.jpg,224,224,RGB,15.79
organic,organic_organic_organic_other-organic-39_aug2017.jpg,.jpg,224,224,RGB,16.05
organic,organic_organic_organic_other-organic-39_aug2755.jpg,.jpg,224,224,RGB,16.85
organic,organic_organic_organic_other-organic-39_aug694.jpg,.jpg,224,224,RGB,16.49
organic,organic_organic_organic_other-organic-40_aug130.jpg,.jpg,224,224,RGB,22.11
organic,organic_organic_organic_other-organic-40_aug1398.jpg,.jpg,224,224,RGB,20.58
organic,organic_organic_organic_other-organic-40_aug1638.jpg,.jpg,224,224,RGB,21.37
organic,organic_organic_organic_other-organic-41.jpg,.jpg,224,224,RGB,20.05
organic,organic_organic_organic_other-organic-41_aug1242.jpg,.jpg,224,224,RGB,20.01
organic,organic_organic_organic_other-organic-41_aug1575.jpg,.jpg,224,224,RGB,19.74
organic,organic_organic_organic_other-organic-41_aug2734.jpg,.jpg,224,224,RGB,18.77
organic,organic_organic_organic_other-organic-43_aug1297.jpg,.jpg,224,224,RGB,40.68
organic,organic_organic_organic_other-organic-43_aug2721.jpg,.jpg,224,224,RGB,40.64
organic,organic_organic_organic_other-organic-43_aug335.jpg,.jpg,224,224,RGB,39.75
organic,organic_organic_organic_other-organic-43_aug679.jpg,.jpg,224,224,RGB,40.72
organic,organic_organic_organic_other-organic-44_aug1795.jpg,.jpg,224,224,RGB,33.73
organic,organic_organic_organic_other-organic-44_aug2038.jpg,.jpg,224,224,RGB,33.71
organic,organic_organic_organic_other-organic-44_aug2433.jpg,.jpg,224,224,RGB,33.7
organic,organic_organic_organic_other-organic-44_aug577.jpg,.jpg,224,224,RGB,33.7
organic,organic_organic_organic_other-organic-45_aug1009.jpg,.jpg,224,224,RGB,30.09
organic,organic_organic_organic_other-organic-45_aug1457.jpg,.jpg,224,224,RGB,29.77
organic,organic_organic_organic_other-organic-45_aug2393.jpg,.jpg,224,224,RGB,25.49
organic,organic_organic_organic_other-organic-45_aug2560.jpg,.jpg,224,224,RGB,30.11
Plastik,plastik_plastik_plastik_4.jpg,.jpg,224,224,RGB,20.24
Plastik,plastik_plastik_plastik_5.jpg,.jpg,224,224,RGB,34.88
Plastik,plastik_plastik_plastik_Image_1.jpg,.jpg,224,224,RGB,18.44
Plastik,plastik_plastik_plastik_Image_11.jpg,.jpg,224,224,RGB,24.08
Plastik,plastik_plastik_plastik_Image_14.jpg,.jpg,224,224,RGB,24.07
Plastik,plastik_plastik_plastik_Image_16.jpg,.jpg,224,224,RGB,19.27
Plastik,plastik_plastik_plastik_Image_18.jpg,.jpg,224,224,RGB,14.66
Plastik,plastik_plastik_plastik_Image_2.jpg,.jpg,224,224,RGB,16.99
Plastik,plastik_plastik_plastik_Image_20.jpg,.jpg,224,224,RGB,11.34
Plastik,plastik_plastik_plastik_Image_24.jpg,.jpg,224,224,RGB,21.08
Plastik,plastik_plastik_plastik_Image_27.jpg,.jpg,224,224,RGB,20.15
Plastik,plastik_plastik_plastik_Image_28.jpg,.jpg,224,224,RGB,6.88
Plastik,plastik_plastik_plastik_Image_30.jpg,.jpg,224,224,RGB,9.3
Plastik,plastik_plastik_plastik_Image_31.jpg,.jpg,224,224,RGB,6.42
Plastik,plastik_plastik_plastik_Image_34.jpg,.jpg,224,224,RGB,6.72
Plastik,plastik_plastik_plastik_Image_36.jpg,.jpg,224,224,RGB,16.09
Plastik,plastik_plastik_plastik_Image_37.jpg,.jpg,224,224,RGB,8.98
Plastik,plastik_plastik_plastik_Image_39.jpg,.jpg,224,224,RGB,6.17
Plastik,plastik_plastik_plastik_Image_4.jpg,.jpg,224,224,RGB,12.91
Plastik,plastik_plastik_plastik_Image_40.jpg,.jpg,224,224,RGB,19.15
Plastik,plastik_plastik_plastik_Image_43.jpg,.jpg,224,224,RGB,6.26
Plastik,plastik_plastik_plastik_Image_47.JPG,.jpg,224,224,RGB,30.68
Plastik,plastik_plastik_plastik_Image_49.jpg,.jpg,224,224,RGB,8.09
Plastik,plastik_plastik_plastik_Image_5.jpg,.jpg,224,224,RGB,24.21
Plastik,plastik_plastik_plastik_Image_50.jpg,.jpg,224,224,RGB,33.55
Plastik,plastik_plastik_plastik_Image_53.jpg,.jpg,224,224,RGB,14.83
Plastik,plastik_plastik_plastik_Image_56.jpg,.jpg,224,224,RGB,18.5
Plastik,plastik_plastik_plastik_Image_58.jpg,.jpg,224,224,RGB,4.83
Plastik,plastik_plastik_plastik_Image_59.jpg,.jpg,224,224,RGB,15.16
Plastik,plastik_plastik_plastik_Image_6.jpg,.jpg,224,224,RGB,10.83
Plastik,plastik_plastik_plastik_Image_63.jpg,.jpg,224,224,RGB,11.11
Plastik,plastik_plastik_plastik_Image_7.jpg,.jpg,224,224,RGB,24.67
Plastik,plastik_plastik_plastik_Image_72.jpg,.jpg,224,224,RGB,8.74
Plastik,plastik_plastik_plastik_Image_76.jpg,.jpg,224,224,RGB,32.49
Plastik,plastik_plastik_plastik_Image_8.jpg,.jpg,224,224,RGB,27.34
Plastik,plastik_plastik_plastik_Image_84.jpg,.jpg,224,224,RGB,17.34
Plastik,plastik_plastik_plastik_Image_9.jpg,.jpg,224,224,RGB,14.81
Plastik,plastik_plastik_plastik_Image_94.jpg,.jpg,224,224,RGB,21.36
Plastik,plastik_plastik_plastik_Image_97.jpg,.jpg,224,224,RGB,19.71
Plastik,plastik_plastik_plastik_plastik_1.jpg,.jpg,224,224,RGB,20.97
Plastik,plastik_plastik_plastik_plastik_2.jpg,.jpg,224,224,RGB,35.27
Plastik,plastik_plastik_plastik_plastik_3.jpg,.jpg,224,224,RGB,14.57
Plastik,plastik_plastik_R_1.jpg,.jpg,224,224,RGB,14.43
Plastik,plastik_plastik_R_10.jpg,.jpg,224,224,RGB,15.62
Plastik,plastik_plastik_R_100.jpg,.jpg,224,224,RGB,30.3
Plastik,plastik_plastik_R_101.jpg,.jpg,224,224,RGB,8.57
Plastik,plastik_plastik_R_102.jpg,.jpg,224,224,RGB,19.47
Plastik,plastik_plastik_R_103.jpg,.jpg,224,224,RGB,10.88
Plastik,plastik_plastik_R_104.jpg,.jpg,224,224,RGB,7.71
Plastik,plastik_plastik_R_105.jpg,.jpg,224,224,RGB,6.63
Plastik,plastik_plastik_R_106.jpg,.jpg,224,224,RGB,7.19
Plastik,plastik_plastik_R_107.jpg,.jpg,224,224,RGB,9.66
Plastik,plastik_plastik_R_108.jpg,.jpg,224,224,RGB,17.38
Plastik,plastik_plastik_R_109.jpg,.jpg,224,224,RGB,14.38
Plastik,plastik_plastik_R_11.jpg,.jpg,224,224,RGB,13.65
Plastik,plastik_plastik_R_110.jpg,.jpg,224,224,RGB,20.95
Plastik,plastik_plastik_R_111.jpg,.jpg,224,224,RGB,10.3
Plastik,plastik_plastik_R_112.jpg,.jpg,224,224,RGB,19.33
Plastik,plastik_plastik_R_113.jpg,.jpg,224,224,RGB,10.18
Plastik,plastik_plastik_R_114.jpg,.jpg,224,224,RGB,20.89
Plastik,plastik_plastik_R_115.jpg,.jpg,224,224,RGB,22.9
Plastik,plastik_plastik_R_116.jpg,.jpg,224,224,RGB,16.58
Plastik,plastik_plastik_R_117.jpg,.jpg,224,224,RGB,6.1
Plastik,plastik_plastik_R_118.jpg,.jpg,224,224,RGB,28.27
Plastik,plastik_plastik_R_119.jpg,.jpg,224,224,RGB,19.64
Plastik,plastik_plastik_R_12.jpg,.jpg,224,224,RGB,10.49
Plastik,plastik_plastik_R_120.jpg,.jpg,224,224,RGB,11.29
Plastik,plastik_plastik_R_121.jpg,.jpg,224,224,RGB,13.13
Plastik,plastik_plastik_R_122.jpg,.jpg,224,224,RGB,23.78
Plastik,plastik_plastik_R_123.jpg,.jpg,224,224,RGB,35.5
Plastik,plastik_plastik_R_124.jpg,.jpg,224,224,RGB,22.62
Plastik,plastik_plastik_R_125.jpg,.jpg,224,224,RGB,17.23
Plastik,plastik_plastik_R_126.jpg,.jpg,224,224,RGB,12.37
Plastik,plastik_plastik_R_127.jpg,.jpg,224,224,RGB,7.05
Plastik,plastik_plastik_R_128.jpg,.jpg,224,224,RGB,14.19
Plastik,plastik_plastik_R_129.jpg,.jpg,224,224,RGB,25.28
Plastik,plastik_plastik_R_13.jpg,.jpg,224,224,RGB,15.64
Plastik,plastik_plastik_R_130.jpg,.jpg,224,224,RGB,24.73
Plastik,plastik_plastik_R_132.jpg,.jpg,224,224,RGB,6.79
Plastik,plastik_plastik_R_133.jpg,.jpg,224,224,RGB,14.99
Plastik,plastik_plastik_R_134.jpg,.jpg,224,224,RGB,33.13
Plastik,plastik_plastik_R_135.jpg,.jpg,224,224,RGB,24.52
Plastik,plastik_plastik_R_136.jpg,.jpg,224,224,RGB,31.41
Plastik,plastik_plastik_R_137.jpg,.jpg,224,224,RGB,42.54
Plastik,plastik_plastik_R_138.jpg,.jpg,224,224,RGB,30.28
Plastik,plastik_plastik_R_139.jpg,.jpg,224,224,RGB,9.33
Plastik,plastik_plastik_R_14.jpg,.jpg,224,224,RGB,5.51
Plastik,plastik_plastik_R_140.jpg,.jpg,224,224,RGB,37.71
Plastik,plastik_plastik_R_141.jpg,.jpg,224,224,RGB,9.39
Plastik,plastik_plastik_R_142.jpg,.jpg,224,224,RGB,8.4
Plastik,plastik_plastik_R_143.jpg,.jpg,224,224,RGB,10.86
Plastik,plastik_plastik_R_148.jpg,.jpg,224,224,RGB,17.89
Plastik,plastik_plastik_R_149.jpg,.jpg,224,224,RGB,27.98
Plastik,plastik_plastik_R_15.jpg,.jpg,224,224,RGB,5.09
Plastik,plastik_plastik_R_150.jpg,.jpg,224,224,RGB,27.4
Plastik,plastik_plastik_R_151.jpg,.jpg,224,224,RGB,12.43
Plastik,plastik_plastik_R_152.jpg,.jpg,224,224,RGB,6.45
Plastik,plastik_plastik_R_154.jpg,.jpg,224,224,RGB,5.38
Plastik,plastik_plastik_R_156.jpg,.jpg,224,224,RGB,13.25
Plastik,plastik_plastik_R_157.jpg,.jpg,224,224,RGB,10.96
Plastik,plastik_plastik_R_158.jpg,.jpg,224,224,RGB,11.38
Plastik,plastik_plastik_R_159.jpg,.jpg,224,224,RGB,9.43
Plastik,plastik_plastik_R_16.jpg,.jpg,224,224,RGB,11.87
Plastik,plastik_plastik_R_160.jpg,.jpg,224,224,RGB,10.94
Plastik,plastik_plastik_R_161.jpg,.jpg,224,224,RGB,11.26
Plastik,plastik_plastik_R_162.jpg,.jpg,224,224,RGB,12.84
Plastik,plastik_plastik_R_164.jpg,.jpg,224,224,RGB,7.89
Plastik,plastik_plastik_R_165.jpg,.jpg,224,224,RGB,4.41
Plastik,plastik_plastik_R_166.jpg,.jpg,224,224,RGB,8.21
Plastik,plastik_plastik_R_167.jpg,.jpg,224,224,RGB,28.45
Plastik,plastik_plastik_R_168.jpg,.jpg,224,224,RGB,12.03
Plastik,plastik_plastik_R_169.jpg,.jpg,224,224,RGB,12.43
Plastik,plastik_plastik_R_17.jpg,.jpg,224,224,RGB,15.63
Plastik,plastik_plastik_R_170.jpg,.jpg,224,224,RGB,12.61
Plastik,plastik_plastik_R_171.jpg,.jpg,224,224,RGB,28.16
Plastik,plastik_plastik_R_172.jpg,.jpg,224,224,RGB,15.38
Plastik,plastik_plastik_R_174.jpg,.jpg,224,224,RGB,10.55
Plastik,plastik_plastik_R_175.jpg,.jpg,224,224,RGB,11.36
Plastik,plastik_plastik_R_176.jpg,.jpg,224,224,RGB,36.87
Plastik,plastik_plastik_R_177.jpg,.jpg,224,224,RGB,8.71
Plastik,plastik_plastik_R_178.jpg,.jpg,224,224,RGB,6.14
Plastik,plastik_plastik_R_179.jpg,.jpg,224,224,RGB,7.28
Plastik,plastik_plastik_R_18.jpg,.jpg,224,224,RGB,3.83
Plastik,plastik_plastik_R_180.jpg,.jpg,224,224,RGB,24.69
Plastik,plastik_plastik_R_181.jpg,.jpg,224,224,RGB,11.83
Plastik,plastik_plastik_R_182.jpg,.jpg,224,224,RGB,9.56
Plastik,plastik_plastik_R_183.jpg,.jpg,224,224,RGB,38.13
Plastik,plastik_plastik_R_184.jpg,.jpg,224,224,RGB,18.79
Plastik,plastik_plastik_R_185.jpg,.jpg,224,224,RGB,11.28
Plastik,plastik_plastik_R_186.jpg,.jpg,224,224,RGB,5.53
Plastik,plastik_plastik_R_187.jpg,.jpg,224,224,RGB,8.16
Plastik,plastik_plastik_R_188.jpg,.jpg,224,224,RGB,16.79
Plastik,plastik_plastik_R_189.jpg,.jpg,224,224,RGB,10.37
Plastik,plastik_plastik_R_19.jpg,.jpg,224,224,RGB,17.44
Plastik,plastik_plastik_R_190.jpg,.jpg,224,224,RGB,31.08
Plastik,plastik_plastik_R_191.jpg,.jpg,224,224,RGB,25.86
Plastik,plastik_plastik_R_192.jpg,.jpg,224,224,RGB,31.56
Plastik,plastik_plastik_R_193.jpg,.jpg,224,224,RGB,38.36
Plastik,plastik_plastik_R_195.jpg,.jpg,224,224,RGB,37.1
Plastik,plastik_plastik_R_196.jpg,.jpg,224,224,RGB,14.04
Plastik,plastik_plastik_R_197.jpg,.jpg,224,224,RGB,19.93
Plastik,plastik_plastik_R_199.jpg,.jpg,224,224,RGB,9.5
Plastik,plastik_plastik_R_2.jpg,.jpg,224,224,RGB,5.8
Plastik,plastik_plastik_R_20.jpg,.jpg,224,224,RGB,13.41
Plastik,plastik_plastik_R_200.jpg,.jpg,224,224,RGB,13.39
Plastik,plastik_plastik_R_201.jpg,.jpg,224,224,RGB,13.61
Plastik,plastik_plastik_R_202.jpg,.jpg,224,224,RGB,21.8
Plastik,plastik_plastik_R_203.jpg,.jpg,224,224,RGB,29.17
Plastik,plastik_plastik_R_204.jpg,.jpg,224,224,RGB,15.14
Plastik,plastik_plastik_R_205.jpg,.jpg,224,224,RGB,9.65
Plastik,plastik_plastik_R_206.jpg,.jpg,224,224,RGB,13.64
Plastik,plastik_plastik_R_207.jpg,.jpg,224,224,RGB,12.36
Plastik,plastik_plastik_R_208.jpg,.jpg,224,224,RGB,10.39
Plastik,plastik_plastik_R_209.jpg,.jpg,224,224,RGB,15.76
Plastik,plastik_plastik_R_21.jpg,.jpg,224,224,RGB,18.16
Plastik,plastik_plastik_R_210.jpg,.jpg,224,224,RGB,10.83
Plastik,plastik_plastik_R_211.jpg,.jpg,224,224,RGB,33.34
Plastik,plastik_plastik_R_212.jpg,.jpg,224,224,RGB,16.69
Plastik,plastik_plastik_R_213.jpg,.jpg,224,224,RGB,7.4
Plastik,plastik_plastik_R_214.jpg,.jpg,224,224,RGB,12.94
Plastik,plastik_plastik_R_215.jpg,.jpg,224,224,RGB,10.25
Plastik,plastik_plastik_R_216.jpg,.jpg,224,224,RGB,9.08
Plastik,plastik_plastik_R_217.jpg,.jpg,224,224,RGB,5.73
Plastik,plastik_plastik_R_218.jpg,.jpg,224,224,RGB,27.38
Plastik,plastik_plastik_R_219.jpg,.jpg,224,224,RGB,13.37
Plastik,plastik_plastik_R_22.jpg,.jpg,224,224,RGB,13.16
Plastik,plastik_plastik_R_220.jpg,.jpg,224,224,RGB,13.2
Plastik,plastik_plastik_R_221.jpg,.jpg,224,224,RGB,18.48
Plastik,plastik_plastik_R_222.jpg,.jpg,224,224,RGB,39.36
Plastik,plastik_plastik_R_223.jpg,.jpg,224,224,RGB,6.51
Plastik,plastik_plastik_R_224.jpg,.jpg,224,224,RGB,22.33
Plastik,plastik_plastik_R_226.jpg,.jpg,224,224,RGB,38.72
Plastik,plastik_plastik_R_227.jpg,.jpg,224,224,RGB,17.77
Plastik,plastik_plastik_R_228.jpg,.jpg,224,224,RGB,9.85
Plastik,plastik_plastik_R_229.jpg,.jpg,224,224,RGB,8.33
Plastik,plastik_plastik_R_23.jpg,.jpg,224,224,RGB,13.86
Plastik,plastik_plastik_R_230.jpg,.jpg,224,224,RGB,10.08
Plastik,plastik_plastik_R_232.jpg,.jpg,224,224,RGB,31.36
Plastik,plastik_plastik_R_233.jpg,.jpg,224,224,RGB,16.66
Plastik,plastik_plastik_R_234.jpg,.jpg,224,224,RGB,40.97
Plastik,plastik_plastik_R_235.jpg,.jpg,224,224,RGB,8.43
Plastik,plastik_plastik_R_236.jpg,.jpg,224,224,RGB,8.64
Plastik,plastik_plastik_R_237.jpg,.jpg,224,224,RGB,23.23
Plastik,plastik_plastik_R_238.jpg,.jpg,224,224,RGB,37.74
Plastik,plastik_plastik_R_239.jpg,.jpg,224,224,RGB,34.5
Plastik,plastik_plastik_R_24.jpg,.jpg,224,224,RGB,12.12
Plastik,plastik_plastik_R_240.jpg,.jpg,224,224,RGB,20.36
Plastik,plastik_plastik_R_241.jpg,.jpg,224,224,RGB,13.43
Plastik,plastik_plastik_R_242.jpg,.jpg,224,224,RGB,14.5
Plastik,plastik_plastik_R_243.jpg,.jpg,224,224,RGB,29.12
Plastik,plastik_plastik_R_244.jpg,.jpg,224,224,RGB,13.25
Plastik,plastik_plastik_R_245.jpg,.jpg,224,224,RGB,14.35
Plastik,plastik_plastik_R_246.jpg,.jpg,224,224,RGB,26.59
Plastik,plastik_plastik_R_248.jpg,.jpg,224,224,RGB,5.48
Plastik,plastik_plastik_R_249.jpg,.jpg,224,224,RGB,8.76
Plastik,plastik_plastik_R_25.jpg,.jpg,224,224,RGB,5.72
Plastik,plastik_plastik_R_250.jpg,.jpg,224,224,RGB,32.0
Plastik,plastik_plastik_R_252.jpg,.jpg,224,224,RGB,21.42
Plastik,plastik_plastik_R_255.jpg,.jpg,224,224,RGB,37.47
Plastik,plastik_plastik_R_256.jpg,.jpg,224,224,RGB,13.17
Plastik,plastik_plastik_R_259.jpg,.jpg,224,224,RGB,14.38
Plastik,plastik_plastik_R_26.jpg,.jpg,224,224,RGB,10.44
Plastik,plastik_plastik_R_260.jpg,.jpg,224,224,RGB,5.99
Plastik,plastik_plastik_R_261.jpg,.jpg,224,224,RGB,9.27
Plastik,plastik_plastik_R_27.jpg,.jpg,224,224,RGB,11.19
Plastik,plastik_plastik_R_28.jpg,.jpg,224,224,RGB,14.17
Plastik,plastik_plastik_R_29.jpg,.jpg,224,224,RGB,9.68
Plastik,plastik_plastik_R_3.jpg,.jpg,224,224,RGB,8.4
Plastik,plastik_plastik_R_30.jpg,.jpg,224,224,RGB,6.66
Plastik,plastik_plastik_R_31.jpg,.jpg,224,224,RGB,9.1
Plastik,plastik_plastik_R_32.jpg,.jpg,224,224,RGB,14.7
Plastik,plastik_plastik_R_33.jpg,.jpg,224,224,RGB,10.56
Plastik,plastik_plastik_R_34.jpg,.jpg,224,224,RGB,17.58
Plastik,plastik_plastik_R_35.jpg,.jpg,224,224,RGB,4.92
Plastik,plastik_plastik_R_36.jpg,.jpg,224,224,RGB,20.68
Plastik,plastik_plastik_R_37.jpg,.jpg,224,224,RGB,31.47
Plastik,plastik_plastik_R_39.jpg,.jpg,224,224,RGB,9.27
Plastik,plastik_plastik_R_4.jpg,.jpg,224,224,RGB,11.69
Plastik,plastik_plastik_R_40.jpg,.jpg,224,224,RGB,10.23
Plastik,plastik_plastik_R_41.jpg,.jpg,224,224,RGB,7.24
Plastik,plastik_plastik_R_42.jpg,.jpg,224,224,RGB,9.27
Plastik,plastik_plastik_R_43.jpg,.jpg,224,224,RGB,34.61
Plastik,plastik_plastik_R_44.jpg,.jpg,224,224,RGB,8.02
Plastik,plastik_plastik_R_45.jpg,.jpg,224,224,RGB,9.31
Plastik,plastik_plastik_R_46.jpg,.jpg,224,224,RGB,12.5
Plastik,plastik_plastik_R_47.jpg,.jpg,224,224,RGB,16.79
Plastik,plastik_plastik_R_48.jpg,.jpg,224,224,RGB,11.99
Plastik,plastik_plastik_R_49.jpg,.jpg,224,224,RGB,6.11
Plastik,plastik_plastik_R_5.jpg,.jpg,224,224,RGB,10.42
Plastik,plastik_plastik_R_50.jpg,.jpg,224,224,RGB,8.18
Plastik,plastik_plastik_R_51.jpg,.jpg,224,224,RGB,16.11
Plastik,plastik_plastik_R_52.jpg,.jpg,224,224,RGB,13.22
Plastik,plastik_plastik_R_53.jpg,.jpg,224,224,RGB,20.17
Plastik,plastik_plastik_R_54.jpg,.jpg,224,224,RGB,8.97
Plastik,plastik_plastik_R_55.jpg,.jpg,224,224,RGB,11.17
Plastik,plastik_plastik_R_56.jpg,.jpg,224,224,RGB,11.58
Plastik,plastik_plastik_R_57.jpg,.jpg,224,224,RGB,13.53
Plastik,plastik_plastik_R_58.jpg,.jpg,224,224,RGB,15.96
Plastik,plastik_plastik_R_59.jpg,.jpg,224,224,RGB,8.46
Plastik,plastik_plastik_R_6.jpg,.jpg,224,224,RGB,8.75
Plastik,plastik_plastik_R_60.jpg,.jpg,224,224,RGB,11.39
Plastik,plastik_plastik_R_61.jpg,.jpg,224,224,RGB,11.88
Plastik,plastik_plastik_R_62.jpg,.jpg,224,224,RGB,27.71
Plastik,plastik_plastik_R_63.jpg,.jpg,224,224,RGB,19.29
Plastik,plastik_plastik_R_64.jpg,.jpg,224,224,RGB,11.32
Plastik,plastik_plastik_R_65.jpg,.jpg,224,224,RGB,4.86
Plastik,plastik_plastik_R_66.jpg,.jpg,224,224,RGB,11.89
Plastik,plastik_plastik_R_67.jpg,.jpg,224,224,RGB,5.87
Plastik,plastik_plastik_R_68.jpg,.jpg,224,224,RGB,6.37
Plastik,plastik_plastik_R_69.jpg,.jpg,224,224,RGB,18.7
Plastik,plastik_plastik_R_7.jpg,.jpg,224,224,RGB,17.45
Plastik,plastik_plastik_R_70.jpg,.jpg,224,224,RGB,10.92
Plastik,plastik_plastik_R_71.jpg,.jpg,224,224,RGB,10.77
Plastik,plastik_plastik_R_72.jpg,.jpg,224,224,RGB,5.92
Plastik,plastik_plastik_R_73.jpg,.jpg,224,224,RGB,16.25
Plastik,plastik_plastik_R_74.jpg,.jpg,224,224,RGB,13.69
Plastik,plastik_plastik_R_75.jpg,.jpg,224,224,RGB,12.29
Plastik,plastik_plastik_R_76.jpg,.jpg,224,224,RGB,6.59
Plastik,plastik_plastik_R_77.jpg,.jpg,224,224,RGB,10.91
Plastik,plastik_plastik_R_78.jpg,.jpg,224,224,RGB,7.16
Plastik,plastik_plastik_R_79.jpg,.jpg,224,224,RGB,10.57
Plastik,plastik_plastik_R_8.jpg,.jpg,224,224,RGB,13.18
Plastik,plastik_plastik_R_80.jpg,.jpg,224,224,RGB,10.39
Plastik,plastik_plastik_R_81.jpg,.jpg,224,224,RGB,16.03
Plastik,plastik_plastik_R_82.jpg,.jpg,224,224,RGB,13.96
Plastik,plastik_plastik_R_83.jpg,.jpg,224,224,RGB,7.09
Plastik,plastik_plastik_R_84.jpg,.jpg,224,224,RGB,8.68
Plastik,plastik_plastik_R_85.jpg,.jpg,224,224,RGB,11.67
Plastik,plastik_plastik_R_86.jpg,.jpg,224,224,RGB,4.62
Plastik,plastik_plastik_R_87.jpg,.jpg,224,224,RGB,17.03
Plastik,plastik_plastik_R_88.jpg,.jpg,224,224,RGB,7.74
Plastik,plastik_plastik_R_89.jpg,.jpg,224,224,RGB,11.19
Plastik,plastik_plastik_R_9.jpg,.jpg,224,224,RGB,11.94
Plastik,plastik_plastik_R_90.jpg,.jpg,224,224,RGB,8.76
Plastik,plastik_plastik_R_91.jpg,.jpg,224,224,RGB,17.91
Plastik,plastik_plastik_R_92.jpg,.jpg,224,224,RGB,21.12
Plastik,plastik_plastik_R_93.jpg,.jpg,224,224,RGB,16.94
Plastik,plastik_plastik_R_94.jpg,.jpg,224,224,RGB,8.1
Plastik,plastik_plastik_R_95.jpg,.jpg,224,224,RGB,8.36
Plastik,plastik_plastik_R_96.jpg,.jpg,224,224,RGB,17.95
Plastik,plastik_plastik_R_97.jpg,.jpg,224,224,RGB,12.52
Plastik,plastik_plastik_R_98.jpg,.jpg,224,224,RGB,20.36
Plastik,plastik_plastik_R_99.jpg,.jpg,224,224,RGB,11.15
recyclable,recyclable_recyclable_glass-10.jpg,.jpg,224,224,RGB,14.03
recyclable,recyclable_recyclable_glass-12_aug1876.jpg,.jpg,224,224,RGB,15.55
recyclable,recyclable_recyclable_glass-13_aug1930.jpg,.jpg,224,224,RGB,14.65
recyclable,recyclable_recyclable_glass-16_aug582.jpg,.jpg,224,224,RGB,13.53
recyclable,recyclable_recyclable_glass-17.jpg,.jpg,224,224,RGB,13.91
recyclable,recyclable_recyclable_glass-22_aug461.jpg,.jpg,224,224,RGB,14.79
recyclable,recyclable_recyclable_glass-24_aug858.jpg,.jpg,224,224,RGB,15.02
recyclable,recyclable_recyclable_glass-25.jpg,.jpg,224,224,RGB,15.74
recyclable,recyclable_recyclable_glass-27.jpg,.jpg,224,224,RGB,14.17
recyclable,recyclable_recyclable_glass-32.jpg,.jpg,224,224,RGB,14.71
recyclable,recyclable_recyclable_glass-35.jpg,.jpg,224,224,RGB,12.75
recyclable,recyclable_recyclable_glass-36_aug852.jpg,.jpg,224,224,RGB,12.75
recyclable,recyclable_recyclable_glass-37.jpg,.jpg,224,224,RGB,16.32
recyclable,recyclable_recyclable_glass-3_aug241.jpg,.jpg,224,224,RGB,10.49
recyclable,recyclable_recyclable_glass-40_aug1068.jpg,.jpg,224,224,RGB,16.32
recyclable,recyclable_recyclable_glass-42_aug1532.jpg,.jpg,224,224,RGB,14.27
recyclable,recyclable_recyclable_glass-43_aug468.jpg,.jpg,224,224,RGB,13.35
recyclable,recyclable_recyclable_glass-43_aug809.jpg,.jpg,224,224,RGB,13.58
recyclable,recyclable_recyclable_glass-44.jpg,.jpg,224,224,RGB,14.76
recyclable,recyclable_recyclable_glass-45_aug126.jpg,.jpg,224,224,RGB,14.68
recyclable,recyclable_recyclable_glass-46.jpg,.jpg,224,224,RGB,15.23
recyclable,recyclable_recyclable_glass-49_aug2108.jpg,.jpg,224,224,RGB,15.54
recyclable,recyclable_recyclable_glass-5.jpg,.jpg,224,224,RGB,13.98
recyclable,recyclable_recyclable_glass-57_aug568.jpg,.jpg,224,224,RGB,13.93
recyclable,recyclable_recyclable_glass-58_aug137.jpg,.jpg,224,224,RGB,14.03
recyclable,recyclable_recyclable_glass-60.jpg,.jpg,224,224,RGB,13.7
recyclable,recyclable_recyclable_glass-61_aug1009.jpg,.jpg,224,224,RGB,17.38
recyclable,recyclable_recyclable_glass-64_aug683.jpg,.jpg,224,224,RGB,16.34
recyclable,recyclable_recyclable_glass-65_aug1418.jpg,.jpg,224,224,RGB,12.73
recyclable,recyclable_recyclable_glass-66_aug1221.jpg,.jpg,224,224,RGB,18.2
recyclable,recyclable_recyclable_glass-70_aug590.jpg,.jpg,224,224,RGB,15.06
recyclable,recyclable_recyclable_glass-71_aug2104.jpg,.jpg,224,224,RGB,17.06
recyclable,recyclable_recyclable_glass-73_aug1299.jpg,.jpg,224,224,RGB,25.77
recyclable,recyclable_recyclable_glass-75.jpg,.jpg,224,224,RGB,30.08
recyclable,recyclable_recyclable_glass-80_aug328.jpg,.jpg,224,224,RGB,27.36
recyclable,recyclable_recyclable_glass-81_aug1429.jpg,.jpg,224,224,RGB,27.32
recyclable,recyclable_recyclable_glass-83_aug1567.jpg,.jpg,224,224,RGB,17.06
recyclable,recyclable_recyclable_glass-84_aug532.jpg,.jpg,224,224,RGB,7.62
recyclable,recyclable_recyclable_glass-85_aug1928.jpg,.jpg,224,224,RGB,16.75
recyclable,recyclable_recyclable_glass-8_aug1056.jpg,.jpg,224,224,RGB,14.84
recyclable,recyclable_recyclable_glass-90_aug1573.jpg,.jpg,224,224,RGB,19.74
recyclable,recyclable_recyclable_glass-91_aug1725.jpg,.jpg,224,224,RGB,17.59
recyclable,recyclable_recyclable_glass-92_aug1216.jpg,.jpg,224,224,RGB,13.68
recyclable,recyclable_recyclable_glass-93_aug1144.jpg,.jpg,224,224,RGB,7.99
recyclable,recyclable_recyclable_glass-94_aug1377.jpg,.jpg,224,224,RGB,7.71
recyclable,recyclable_recyclable_glass-96.jpg,.jpg,224,224,RGB,11.97
recyclable,recyclable_recyclable_glass-97_aug900.jpg,.jpg,224,224,RGB,8.88
recyclable,recyclable_recyclable_metal-102.jpg,.jpg,224,224,RGB,14.45
recyclable,recyclable_recyclable_metal-102_aug1497.jpg,.jpg,224,224,RGB,14.53
recyclable,recyclable_recyclable_metal-103_aug406.jpg,.jpg,224,224,RGB,13.5
recyclable,recyclable_recyclable_metal-106_aug1899.jpg,.jpg,224,224,RGB,16.01
recyclable,recyclable_recyclable_metal-108.jpg,.jpg,224,224,RGB,17.53
recyclable,recyclable_recyclable_metal-108_aug1229.jpg,.jpg,224,224,RGB,16.5
recyclable,recyclable_recyclable_metal-10_aug1545.jpg,.jpg,224,224,RGB,17.56
recyclable,recyclable_recyclable_metal-13.jpg,.jpg,224,224,RGB,15.39
recyclable,recyclable_recyclable_metal-15.jpg,.jpg,224,224,RGB,15.51
recyclable,recyclable_recyclable_metal-18_aug1487.jpg,.jpg,224,224,RGB,14.2
recyclable,recyclable_recyclable_metal-18_aug1897.jpg,.jpg,224,224,RGB,15.69
recyclable,recyclable_recyclable_metal-21_aug1475.jpg,.jpg,224,224,RGB,13.88
recyclable,recyclable_recyclable_metal-23.jpg,.jpg,224,224,RGB,14.66
recyclable,recyclable_recyclable_metal-27.jpg,.jpg,224,224,RGB,13.65
recyclable,recyclable_recyclable_metal-30_aug166.jpg,.jpg,224,224,RGB,13.09
recyclable,recyclable_recyclable_metal-33_aug1258.jpg,.jpg,224,224,RGB,11.94
recyclable,recyclable_recyclable_metal-35_aug78.jpg,.jpg,224,224,RGB,14.66
recyclable,recyclable_recyclable_metal-38_aug1065.jpg,.jpg,224,224,RGB,16.14
recyclable,recyclable_recyclable_metal-42_aug380.jpg,.jpg,224,224,RGB,15.76
recyclable,recyclable_recyclable_metal-42_aug411.jpg,.jpg,224,224,RGB,17.11
recyclable,recyclable_recyclable_metal-44_aug1410.jpg,.jpg,224,224,RGB,12.73
recyclable,recyclable_recyclable_metal-45.jpg,.jpg,224,224,RGB,14.76
recyclable,recyclable_recyclable_metal-45_aug1137.jpg,.jpg,224,224,RGB,14.04
recyclable,recyclable_recyclable_metal-50_aug910.jpg,.jpg,224,224,RGB,12.09
recyclable,recyclable_recyclable_metal-51.jpg,.jpg,224,224,RGB,15.65
recyclable,recyclable_recyclable_metal-54_aug306.jpg,.jpg,224,224,RGB,15.56
recyclable,recyclable_recyclable_metal-55_aug1355.jpg,.jpg,224,224,RGB,16.39
recyclable,recyclable_recyclable_metal-59.jpg,.jpg,224,224,RGB,10.86
recyclable,recyclable_recyclable_metal-60_aug2071.jpg,.jpg,224,224,RGB,18.82
recyclable,recyclable_recyclable_metal-61.jpg,.jpg,224,224,RGB,20.31
recyclable,recyclable_recyclable_metal-63_aug1122.jpg,.jpg,224,224,RGB,16.5
recyclable,recyclable_recyclable_metal-64_aug1416.jpg,.jpg,224,224,RGB,16.73
recyclable,recyclable_recyclable_metal-65_aug478.jpg,.jpg,224,224,RGB,15.01
recyclable,recyclable_recyclable_metal-65_aug654.jpg,.jpg,224,224,RGB,15.93
recyclable,recyclable_recyclable_metal-69_aug1121.jpg,.jpg,224,224,RGB,20.19
recyclable,recyclable_recyclable_metal-69_aug1817.jpg,.jpg,224,224,RGB,20.75
recyclable,recyclable_recyclable_metal-7.jpg,.jpg,224,224,RGB,14.55
recyclable,recyclable_recyclable_metal-70.jpg,.jpg,224,224,RGB,19.55
recyclable,recyclable_recyclable_metal-70_aug44.jpg,.jpg,224,224,RGB,17.74
recyclable,recyclable_recyclable_metal-79.jpg,.jpg,224,224,RGB,14.59
recyclable,recyclable_recyclable_metal-80.jpg,.jpg,224,224,RGB,15.7
recyclable,recyclable_recyclable_metal-85.jpg,.jpg,224,224,RGB,14.95
recyclable,recyclable_recyclable_metal-86.jpg,.jpg,224,224,RGB,15.97
recyclable,recyclable_recyclable_metal-88_aug195.jpg,.jpg,224,224,RGB,14.36
recyclable,recyclable_recyclable_metal-8_aug872.jpg,.jpg,224,224,RGB,14.7
recyclable,recyclable_recyclable_metal-90_aug2012.jpg,.jpg,224,224,RGB,14.58
recyclable,recyclable_recyclable_metal-92_aug1653.jpg,.jpg,224,224,RGB,16.81
recyclable,recyclable_recyclable_metal-94_aug1853.jpg,.jpg,224,224,RGB,13.81
recyclable,recyclable_recyclable_metal-95.jpg,.jpg,224,224,RGB,15.0
recyclable,recyclable_recyclable_metal-96_aug1449.jpg,.jpg,224,224,RGB,15.41
recyclable,recyclable_recyclable_metal-96_aug271.jpg,.jpg,224,224,RGB,15.55
recyclable,recyclable_recyclable_metal-98_aug377.jpg,.jpg,224,224,RGB,14.47
recyclable,recyclable_recyclable_paper-101_aug1553.jpg,.jpg,224,224,RGB,28.32
recyclable,recyclable_recyclable_paper-101_aug395.jpg,.jpg,224,224,RGB,30.35
recyclable,recyclable_recyclable_paper-106_aug1157.jpg,.jpg,224,224,RGB,31.8
recyclable,recyclable_recyclable_paper-107_aug2115.jpg,.jpg,224,224,RGB,24.48
recyclable,recyclable_recyclable_paper-107_aug2156.jpg,.jpg,224,224,RGB,25.42
recyclable,recyclable_recyclable_paper-110.jpg,.jpg,224,224,RGB,19.32
recyclable,recyclable_recyclable_plastic-1.jpg,.jpg,224,224,RGB,12.63
recyclable,recyclable_recyclable_plastic-102_aug1462.jpg,.jpg,224,224,RGB,13.4
recyclable,recyclable_recyclable_plastic-102_aug1925.jpg,.jpg,224,224,RGB,12.7
recyclable,recyclable_recyclable_plastic-103_aug229.jpg,.jpg,224,224,RGB,13.94
recyclable,recyclable_recyclable_plastic-105.jpg,.jpg,224,224,RGB,14.41
recyclable,recyclable_recyclable_plastic-10_aug1344.jpg,.jpg,224,224,RGB,13.71
recyclable,recyclable_recyclable_plastic-17_aug1166.jpg,.jpg,224,224,RGB,16.55
recyclable,recyclable_recyclable_plastic-20.jpg,.jpg,224,224,RGB,18.43
recyclable,recyclable_recyclable_plastic-22.jpg,.jpg,224,224,RGB,12.62
recyclable,recyclable_recyclable_plastic-23_aug1018.jpg,.jpg,224,224,RGB,17.17
recyclable,recyclable_recyclable_plastic-245_aug630.jpg,.jpg,224,224,RGB,18.93
recyclable,recyclable_recyclable_plastic-246.jpg,.jpg,224,224,RGB,15.3
recyclable,recyclable_recyclable_plastic-247.jpg,.jpg,224,224,RGB,14.72
recyclable,recyclable_recyclable_plastic-252_aug135.jpg,.jpg,224,224,RGB,16.64
recyclable,recyclable_recyclable_plastic-252_aug1750.jpg,.jpg,224,224,RGB,15.81
recyclable,recyclable_recyclable_plastic-255.jpg,.jpg,224,224,RGB,15.91
recyclable,recyclable_recyclable_plastic-258_aug1833.jpg,.jpg,224,224,RGB,16.88
recyclable,recyclable_recyclable_plastic-258_aug243.jpg,.jpg,224,224,RGB,17.0
recyclable,recyclable_recyclable_plastic-260_aug11.jpg,.jpg,224,224,RGB,14.03
recyclable,recyclable_recyclable_plastic-261.jpg,.jpg,224,224,RGB,14.99
recyclable,recyclable_recyclable_plastic-263.jpg,.jpg,224,224,RGB,13.32
recyclable,recyclable_recyclable_plastic-265.jpg,.jpg,224,224,RGB,13.01
recyclable,recyclable_recyclable_plastic-267_aug1313.jpg,.jpg,224,224,RGB,16.45
recyclable,recyclable_recyclable_plastic-268.jpg,.jpg,224,224,RGB,14.8
recyclable,recyclable_recyclable_plastic-268_aug1883.jpg,.jpg,224,224,RGB,14.83
recyclable,recyclable_recyclable_plastic-269.jpg,.jpg,224,224,RGB,17.56
recyclable,recyclable_recyclable_plastic-269_aug1840.jpg,.jpg,224,224,RGB,17.59
recyclable,recyclable_recyclable_plastic-272.jpg,.jpg,224,224,RGB,11.83
recyclable,recyclable_recyclable_plastic-274.jpg,.jpg,224,224,RGB,13.44
recyclable,recyclable_recyclable_plastic-275.jpg,.jpg,224,224,RGB,13.79
recyclable,recyclable_recyclable_plastic-276.jpg,.jpg,224,224,RGB,16.61
recyclable,recyclable_recyclable_plastic-278.jpg,.jpg,224,224,RGB,15.82
recyclable,recyclable_recyclable_plastic-278_aug269.jpg,.jpg,224,224,RGB,17.64
recyclable,recyclable_recyclable_plastic-279.jpg,.jpg,224,224,RGB,14.89
recyclable,recyclable_recyclable_plastic-284.jpg,.jpg,224,224,RGB,13.09
recyclable,recyclable_recyclable_plastic-287.jpg,.jpg,224,224,RGB,11.28
recyclable,recyclable_recyclable_plastic-291.jpg,.jpg,224,224,RGB,16.18
recyclable,recyclable_recyclable_plastic-291_aug1881.jpg,.jpg,224,224,RGB,18.35
recyclable,recyclable_recyclable_plastic-291_aug232.jpg,.jpg,224,224,RGB,16.05
recyclable,recyclable_recyclable_plastic-295_aug1119.jpg,.jpg,224,224,RGB,13.49
recyclable,recyclable_recyclable_plastic-296_aug1998.jpg,.jpg,224,224,RGB,13.55
recyclable,recyclable_recyclable_plastic-297_aug1431.jpg,.jpg,224,224,RGB,13.55
recyclable,recyclable_recyclable_plastic-298_aug164.jpg,.jpg,224,224,RGB,15.09
recyclable,recyclable_recyclable_plastic-30.jpg,.jpg,224,224,RGB,17.05
recyclable,recyclable_recyclable_plastic-300_aug1237.jpg,.jpg,224,224,RGB,15.49
recyclable,recyclable_recyclable_plastic-302_aug1291.jpg,.jpg,224,224,RGB,15.08
recyclable,recyclable_recyclable_plastic-305_aug1294.jpg,.jpg,224,224,RGB,14.36
recyclable,recyclable_recyclable_plastic-306.jpg,.jpg,224,224,RGB,12.98
recyclable,recyclable_recyclable_plastic-307_aug1379.jpg,.jpg,224,224,RGB,15.25
recyclable,recyclable_recyclable_plastic-308_aug1200.jpg,.jpg,224,224,RGB,14.42
recyclable,recyclable_recyclable_plastic-309_aug2111.jpg,.jpg,224,224,RGB,18.77
recyclable,recyclable_recyclable_plastic-310_aug1764.jpg,.jpg,224,224,RGB,17.18
recyclable,recyclable_recyclable_plastic-311_aug1443.jpg,.jpg,224,224,RGB,18.27
recyclable,recyclable_recyclable_plastic-311_aug475.jpg,.jpg,224,224,RGB,15.07
recyclable,recyclable_recyclable_plastic-312.jpg,.jpg,224,224,RGB,16.77
recyclable,recyclable_recyclable_plastic-314_aug1983.jpg,.jpg,224,224,RGB,36.53
recyclable,recyclable_recyclable_plastic-314_aug2162.jpg,.jpg,224,224,RGB,38.09
recyclable,recyclable_recyclable_plastic-315_aug2127.jpg,.jpg,224,224,RGB,29.82
recyclable,recyclable_recyclable_plastic-317_aug1610.jpg,.jpg,224,224,RGB,33.98
recyclable,recyclable_recyclable_plastic-318_aug1490.jpg,.jpg,224,224,RGB,28.64
recyclable,recyclable_recyclable_plastic-319_aug988.jpg,.jpg,224,224,RGB,33.7
recyclable,recyclable_recyclable_plastic-31_aug48.jpg,.jpg,224,224,RGB,17.93
recyclable,recyclable_recyclable_plastic-324_aug218.jpg,.jpg,224,224,RGB,21.78
recyclable,recyclable_recyclable_plastic-325_aug368.jpg,.jpg,224,224,RGB,17.61
recyclable,recyclable_recyclable_plastic-326.jpg,.jpg,224,224,RGB,21.44
recyclable,recyclable_recyclable_plastic-330.jpg,.jpg,224,224,RGB,23.6
recyclable,recyclable_recyclable_plastic-330_aug1041.jpg,.jpg,224,224,RGB,21.45
recyclable,recyclable_recyclable_plastic-331_aug348.jpg,.jpg,224,224,RGB,24.52
recyclable,recyclable_recyclable_plastic-332_aug1472.jpg,.jpg,224,224,RGB,27.58
recyclable,recyclable_recyclable_plastic-333_aug2069.jpg,.jpg,224,224,RGB,24.21
recyclable,recyclable_recyclable_plastic-336_aug109.jpg,.jpg,224,224,RGB,28.21
recyclable,recyclable_recyclable_plastic-336_aug1459.jpg,.jpg,224,224,RGB,30.87
recyclable,recyclable_recyclable_plastic-35.jpg,.jpg,224,224,RGB,16.32
recyclable,recyclable_recyclable_plastic-36_aug1420.jpg,.jpg,224,224,RGB,15.96
recyclable,recyclable_recyclable_plastic-36_aug621.jpg,.jpg,224,224,RGB,16.12
recyclable,recyclable_recyclable_plastic-38_aug899.jpg,.jpg,224,224,RGB,14.12
recyclable,recyclable_recyclable_plastic-39.jpg,.jpg,224,224,RGB,15.59
recyclable,recyclable_recyclable_plastic-41_aug143.jpg,.jpg,224,224,RGB,15.09
recyclable,recyclable_recyclable_plastic-43_aug1141.jpg,.jpg,224,224,RGB,15.78
recyclable,recyclable_recyclable_plastic-45_aug2134.jpg,.jpg,224,224,RGB,15.29
recyclable,recyclable_recyclable_plastic-4_aug459.jpg,.jpg,224,224,RGB,14.47
recyclable,recyclable_recyclable_plastic-50_aug1584.jpg,.jpg,224,224,RGB,12.95
recyclable,recyclable_recyclable_plastic-51_aug1979.jpg,.jpg,224,224,RGB,16.7
recyclable,recyclable_recyclable_plastic-53_aug9.jpg,.jpg,224,224,RGB,15.71
recyclable,recyclable_recyclable_plastic-55.jpg,.jpg,224,224,RGB,15.19
recyclable,recyclable_recyclable_plastic-56.jpg,.jpg,224,224,RGB,15.15
recyclable,recyclable_recyclable_plastic-56_aug479.jpg,.jpg,224,224,RGB,15.18
recyclable,recyclable_recyclable_plastic-61_aug1419.jpg,.jpg,224,224,RGB,12.87
recyclable,recyclable_recyclable_plastic-61_aug2044.jpg,.jpg,224,224,RGB,13.54
recyclable,recyclable_recyclable_plastic-62.jpg,.jpg,224,224,RGB,14.37
recyclable,recyclable_recyclable_plastic-62_aug1970.jpg,.jpg,224,224,RGB,13.0
recyclable,recyclable_recyclable_plastic-63_aug2169.jpg,.jpg,224,224,RGB,15.17
recyclable,recyclable_recyclable_plastic-67.jpg,.jpg,224,224,RGB,14.44
recyclable,recyclable_recyclable_plastic-68_aug886.jpg,.jpg,224,224,RGB,12.87
recyclable,recyclable_recyclable_plastic-75_aug2063.jpg,.jpg,224,224,RGB,15.44
recyclable,recyclable_recyclable_plastic-75_aug840.jpg,.jpg,224,224,RGB,15.62
recyclable,recyclable_recyclable_plastic-76_aug1061.jpg,.jpg,224,224,RGB,14.44
recyclable,recyclable_recyclable_plastic-78_aug1911.jpg,.jpg,224,224,RGB,15.59
recyclable,recyclable_recyclable_plastic-79_aug1721.jpg,.jpg,224,224,RGB,15.25
recyclable,recyclable_recyclable_plastic-79_aug851.jpg,.jpg,224,224,RGB,12.83
recyclable,recyclable_recyclable_plastic-83.jpg,.jpg,224,224,RGB,17.69
recyclable,recyclable_recyclable_plastic-92.jpg,.jpg,224,224,RGB,12.39
recyclable,recyclable_recyclable_plastic-92_aug272.jpg,.jpg,224,224,RGB,12.31
recyclable,recyclable_recyclable_plastic-93.jpg,.jpg,224,224,RGB,14.03
recyclable,recyclable_recyclable_plastic-97_aug359.jpg,.jpg,224,224,RGB,13.89
recyclable,recyclable_recyclable_plastic-9_aug697.jpg,.jpg,224,224,RGB,13.43
Residu,residu_residu_-dengan-Sidoarjo-banyak-ditemukan-sampah-popok-dan-plastik-foto-Petrus-Riski.jpg,.jpg,224,224,RGB,35.41
Residu,residu_residu_01_clodispo.jpg,.jpg,224,224,RGB,17.28
Residu,residu_residu_027588700_1499681855-TopYaps.jpg,.jpg,224,224,RGB,16.0
Residu,residu_residu_042217_781488_pembalut_d.jpg,.jpg,224,224,RGB,27.5
Residu,residu_residu_0YvaixsHHrSFSQGpDb6Rer2LTCfRAmoZhHGAkciQ.jpg,.jpg,224,224,RGB,18.83
Residu,residu_residu_101257294_7debccb8-cd52-4780-8206-83bbb6b2fc18_674_674.jpg,.jpg,224,224,RGB,19.12
Residu,residu_residu_1187421600.jpg,.jpg,224,224,RGB,37.48
Residu,residu_residu_1579162417.jpg,.jpg,224,224,RGB,22.16
Residu,residu_residu_1584457142950-popok-bekas-banyuwangi3.jpg,.jpg,224,224,RGB,29.83
Residu,residu_residu_17-07-2017-popok-jadi.jpg,.jpg,224,224,RGB,20.12
Residu,residu_residu_172057-rekomendasi-pembalut-kain-terbaik-webp-large.jpg,.jpg,224,224,RGB,21.24
Residu,residu_residu_1_1.jpg,.jpg,224,224,RGB,22.52
Residu,residu_residu_20191129121214-58e2f.jpg,.jpg,224,224,RGB,26.62
Residu,residu_residu_20200104172423picsart01-04-051831.jpg,.jpg,224,224,RGB,27.48
Residu,residu_residu_20210224113911img20210223130307.jpg,.jpg,224,224,RGB,25.44
Residu,residu_residu_2115746344.jpg,.jpg,224,224,RGB,15.72
Residu,residu_residu_2449017228.jpg,.jpg,224,224,RGB,36.25
Residu,residu_residu_261436245197.jpg,.jpg,224,224,RGB,28.75
Residu,residu_residu_2628986452.jpg,.jpg,224,224,RGB,33.83
Residu,residu_residu_2656123227.jpg,.jpg,224,224,RGB,32.82
Residu,residu_residu_2657639953.jpg,.jpg,224,224,RGB,24.73
Residu,residu_residu_277da6a41ccc91c3624f735d7cce66d7.jpg,.jpg,224,224,RGB,15.3
Residu,residu_residu_3075349_cb828446-860c-4d8a-a213-8b50a1a31b74_800_800.jpg,.jpg,224,224,RGB,16.76
Residu,residu_residu_3332033820.jpg,.jpg,224,224,RGB,28.04
Residu,residu_residu_3982130445.jpg,.jpg,224,224,RGB,26.94
Residu,residu_residu_5140049_fdcfabe0-587f-48cd-b4d1-358ebcafb2fb_700_459.jpg,.jpg,224,224,RGB,24.68
Residu,residu_residu_58740091323-img_20200121_152520.jpg,.jpg,224,224,RGB,25.58
Residu,residu_residu_624f89d0cd1f9-flek-menstruasi-perdarahan-haid-pembalut_665_374.jpg,.jpg,224,224,RGB,16.49
Residu,residu_residu_680174717.jpg,.jpg,224,224,RGB,14.12
Residu,residu_residu_6bb06035a38a75056a85fa4fbb776b2a.jpg,.jpg,224,224,RGB,27.48
Residu,residu_residu_6_Fakta_Pembalut_Wanita.jpg,.jpg,224,224,RGB,25.03
Residu,residu_residu_71800-ilustrasi-popok-bayi.jpg,.jpg,224,224,RGB,13.46
Residu,residu_residu_730x480-img-73626-ilustrasi-pembalut-shutterstock.jpg,.jpg,224,224,RGB,15.53
Residu,residu_residu_92821-ilustrasi-popok-bayi-envato.jpg,.jpg,224,224,RGB,18.68
Residu,residu_residu_929888076.jpg,.jpg,224,224,RGB,14.21
Residu,residu_residu_9620491_20170320121907.jpg,.jpg,224,224,RGB,18.72
Residu,residu_residu_absorbent-3509508_1920.jpg,.jpg,224,224,RGB,15.14
Residu,residu_residu_antarafoto-daur-ulang-popok-bekas-pakai-160120-agr-3_1.jpg,.jpg,224,224,RGB,27.29
Residu,residu_residu_antarafoto-evakuasi-popok-bayi-dari-sungai-250917-pf-2_ratio-16x9.JPG.jpg,.jpg,224,224,RGB,34.16
Residu,residu_residu_Apa-itu-Alergi-Pembalut-Bagaimana-Mengatasinya-700x467.jpg,.jpg,224,224,RGB,11.39
Residu,residu_residu_astaga-pria-ini-cuci-pembalut-bekas-pacarnya-sangkin-bucinnya-banjir-kecaman-netizen44_700.jpg,.jpg,224,224,RGB,19.28
Residu,residu_residu_bantal_20170629_141656.jpg,.jpg,224,224,RGB,25.17
Residu,residu_residu_bekas-popok-sekali-pakai-yang-dibuang-di-sungai.jpg,.jpg,224,224,RGB,30.38
Residu,residu_residu_bocah-australia-disekap-ibunya-di-kamar-penuh-popok-bekas.jpg,.jpg,224,224,RGB,18.25
Residu,residu_residu_body_a7d45a7fc0aa47789c6f6fedbcce453d.jpg,.jpg,224,224,RGB,8.62
Residu,residu_residu_bukan-untuk-mabuk-ini-11-manfaat-baik-pembalut-nomor-5-6-9-penting-banget-NfeZtQqIQ6.jpg,.jpg,224,224,RGB,24.33
Residu,residu_residu_C-gd-BSVwAAYseb.jpg,.jpg,224,224,RGB,10.01
Residu,residu_residu_C-gdaltUwAEo2P-.jpg,.jpg,224,224,RGB,11.15
Residu,residu_residu_C-geAx0V0AASZ5h.jpg,.jpg,224,224,RGB,14.89
Residu,residu_residu_C-geFfnV0AArEV6.jpg,.jpg,224,224,RGB,11.62
Residu,residu_residu_c3be3e283cad39905a430ac7153c56a2.jpg,.jpg,224,224,RGB,26.87
Residu,residu_residu_cara-membersihkan-noda-darah-menstruasi-720x519.jpg,.jpg,224,224,RGB,13.54
Residu,residu_residu_Cara-membuang-popok-bekas-yang-kotor.jpg,.jpg,224,224,RGB,14.79
Residu,residu_residu_CSMyAeU1P_natracare-r7UjnJHJxmY-unsplash.jpg,.jpg,224,224,RGB,16.81
Residu,residu_residu_Daur-Ulang-Popok-Bekas-Pakai-160120-agr-6.jpg,.jpg,224,224,RGB,22.77
Residu,residu_residu_daur-ulang-popok-bekas-pakai-ntue-dom.jpg,.jpg,224,224,RGB,28.76
Residu,residu_residu_daur-ulang-popok-bekas-pakai-ntuk-dom.jpg,.jpg,224,224,RGB,25.79
Residu,residu_residu_daur-ulang-popok-bekas-pakai-q46tnd-prv.jpg,.jpg,224,224,RGB,27.44
Residu,residu_residu_DdfKUrgVwAAcAKw.jpg,.jpg,224,224,RGB,19.67
Residu,residu_residu_diaper-bekas_20161028_163535.jpg,.jpg,224,224,RGB,20.37
Residu,residu_residu_DM-oF7NVQAATK7v.jpg,.jpg,224,224,RGB,17.01
Residu,residu_residu_DpjFAYxUcAAt3Pj.jpg,.jpg,224,224,RGB,19.63
Residu,residu_residu_DpjFDgmUwAA3uH_.jpg,.jpg,224,224,RGB,16.04
Residu,residu_residu_DpjFFYHVAAACihB.jpg,.jpg,224,224,RGB,17.03
Residu,residu_residu_DpjFLdAV4AEgosR.jpg,.jpg,224,224,RGB,23.89
Residu,residu_residu_DpjFqfMVsAI_b8A.jpg,.jpg,224,224,RGB,17.33
Residu,residu_residu_DpjFsVFUwAAsgbk.jpg,.jpg,224,224,RGB,15.2
Residu,residu_residu_DYzQmVQUMAAY9py.jpg,.jpg,224,224,RGB,20.87
Residu,residu_residu_Ecoton-Pemerintah-Diminta-Segera-Tangani-Sampah-Popok-Sekali-Pakai.jpg,.jpg,224,224,RGB,34.65
Residu,residu_residu_EzqwKg6VUAA-7AH.jpg,.jpg,224,224,RGB,22.37
Residu,residu_residu_F-BOKS.jpg,.jpg,224,224,RGB,31.78
Residu,residu_residu_f426f88215b4574902afb2fb080219bb.jpg,.jpg,224,224,RGB,14.14
Residu,residu_residu_FI-Mabuk-karena-pembalut.jpg,.jpg,224,224,RGB,23.89
Residu,residu_residu_hipwee-absorbent-nappy-3509508-640x346.jpg,.jpg,224,224,RGB,15.3
Residu,residu_residu_hipwee-KAO-Indonesia-750x422.jpg,.jpg,224,224,RGB,27.02
Residu,residu_residu_hipwee-Sampah-Popok-yang-berhasil-dikumpul-oleh-tim-Ecoton-750x422.jpg,.jpg,224,224,RGB,24.19
Residu,residu_residu_hqdefault2.jpg,.jpg,224,224,RGB,17.38
Residu,residu_residu_hqdefault3.jpg,.jpg,224,224,RGB,21.19
Residu,residu_residu_Ide-Kreatif-IRT-di-Makassar-Sulap-Sampah-Popok-Bekas-Jadi-Pot-Bunga.jpg,.jpg,224,224,RGB,20.44
Residu,residu_residu_ihkan-aliran-Sungai-Brantas-dari-sampah-popok-Foto-KBR-Zainul-Arifin_810x450.jpg,.jpg,224,224,RGB,33.22
Residu,residu_residu_Ilustrasi-net1d64bcd6b926aa9576da0a76826c6faa.md.jpg,.jpg,224,224,RGB,17.02
Residu,residu_residu_ilustrasi-pembalut-wanita--1-istockphoto-getty-images-istockphoto.jpg,.jpg,224,224,RGB,26.32
Residu,residu_residu_Image_1.jpg,.jpg,224,224,RGB,19.67
Residu,residu_residu_Image_10.jpg,.jpg,224,224,RGB,26.15
Residu,residu_residu_Image_100.jpg,.jpg,224,224,RGB,15.63
Residu,residu_residu_Image_102.jpg,.jpg,224,224,RGB,30.01
Residu,residu_residu_Image_104.jpg,.jpg,224,224,RGB,32.03
Residu,residu_residu_Image_105.jpg,.jpg,224,224,RGB,27.31
Residu,residu_residu_Image_106.jpg,.jpg,224,224,RGB,32.04
Residu,residu_residu_Image_107.jpg,.jpg,224,224,RGB,26.45
Residu,residu_residu_Image_108.jpg,.jpg,224,224,RGB,27.22
Residu,residu_residu_Image_109.jpg,.jpg,224,224,RGB,26.27
Residu,residu_residu_Image_11.jpg,.jpg,224,224,RGB,16.49
Residu,residu_residu_Image_110.jpg,.jpg,224,224,RGB,29.66
Residu,residu_residu_Image_112.jpg,.jpg,224,224,RGB,21.2
Residu,residu_residu_Image_113.jpg,.jpg,224,224,RGB,9.13
Residu,residu_residu_Image_114.JPG,.jpg,224,224,RGB,25.19
Residu,residu_residu_Image_115.jpg,.jpg,224,224,RGB,33.15
Residu,residu_residu_Image_116.jpg,.jpg,224,224,RGB,25.79
Residu,residu_residu_Image_117.jpg,.jpg,224,224,RGB,20.94
Residu,residu_residu_Image_118.jpg,.jpg,224,224,RGB,24.09
Residu,residu_residu_Image_119.jpg,.jpg,224,224,RGB,13.67
Residu,residu_residu_Image_12.jpg,.jpg,224,224,RGB,18.13
Residu,residu_residu_Image_120.jpg,.jpg,224,224,RGB,20.82
Residu,residu_residu_Image_121.jpg,.jpg,224,224,RGB,16.52
Residu,residu_residu_Image_122.jpg,.jpg,224,224,RGB,23.39
Residu,residu_residu_Image_124.jpg,.jpg,224,224,RGB,25.75
Residu,residu_residu_Image_125.jpg,.jpg,224,224,RGB,23.11
Residu,residu_residu_Image_126.jpg,.jpg,224,224,RGB,28.26
Residu,residu_residu_Image_127.jpg,.jpg,224,224,RGB,28.55
Residu,residu_residu_Image_128.jpg,.jpg,224,224,RGB,16.77
Residu,residu_residu_Image_129.JPG,.jpg,224,224,RGB,25.53
Residu,residu_residu_Image_13.jpg,.jpg,224,224,RGB,19.45
Residu,residu_residu_Image_130.JPG,.jpg,224,224,RGB,22.13
Residu,residu_residu_Image_131.JPG,.jpg,224,224,RGB,30.04
Residu,residu_residu_Image_132.jpg,.jpg,224,224,RGB,23.61
Residu,residu_residu_Image_133.jpg,.jpg,224,224,RGB,21.19
Residu,residu_residu_Image_134.jpg,.jpg,224,224,RGB,28.14
Residu,residu_residu_Image_136.jpg,.jpg,224,224,RGB,33.81
Residu,residu_residu_Image_137.jpg,.jpg,224,224,RGB,26.21
Residu,residu_residu_Image_138.jpg,.jpg,224,224,RGB,25.45
Residu,residu_residu_Image_14.jpg,.jpg,224,224,RGB,27.45
Residu,residu_residu_Image_15.jpg,.jpg,224,224,RGB,18.14
Residu,residu_residu_Image_16.jpg,.jpg,224,224,RGB,11.11
Residu,residu_residu_Image_17.jpg,.jpg,224,224,RGB,23.81
Residu,residu_residu_Image_18.jpg,.jpg,224,224,RGB,26.26
Residu,residu_residu_Image_19.jpg,.jpg,224,224,RGB,29.49
Residu,residu_residu_Image_2.jpg,.jpg,224,224,RGB,17.15
Residu,residu_residu_Image_20.jpg,.jpg,224,224,RGB,12.13
Residu,residu_residu_Image_21.jpg,.jpg,224,224,RGB,16.9
Residu,residu_residu_Image_22.jpg,.jpg,224,224,RGB,40.59
Residu,residu_residu_Image_23.jpg,.jpg,224,224,RGB,26.74
Residu,residu_residu_Image_24.jpg,.jpg,224,224,RGB,9.56
Residu,residu_residu_Image_25.jpg,.jpg,224,224,RGB,28.95
Residu,residu_residu_Image_26.jpg,.jpg,224,224,RGB,23.28
Residu,residu_residu_Image_27.jpg,.jpg,224,224,RGB,26.13
Residu,residu_residu_Image_3.jpg,.jpg,224,224,RGB,25.1
Residu,residu_residu_Image_32.jpg,.jpg,224,224,RGB,35.68
Residu,residu_residu_Image_33.jpg,.jpg,224,224,RGB,35.62
Residu,residu_residu_Image_34.jpg,.jpg,224,224,RGB,8.74
Residu,residu_residu_Image_36.jpg,.jpg,224,224,RGB,15.02
Residu,residu_residu_Image_37.jpg,.jpg,224,224,RGB,8.4
Residu,residu_residu_Image_39.jpg,.jpg,224,224,RGB,19.37
Residu,residu_residu_Image_42.jpg,.jpg,224,224,RGB,37.15
Residu,residu_residu_Image_43.jpg,.jpg,224,224,RGB,31.96
Residu,residu_residu_Image_45.jpg,.jpg,224,224,RGB,17.57
Residu,residu_residu_Image_47.jpg,.jpg,224,224,RGB,21.89
Residu,residu_residu_Image_48.jpg,.jpg,224,224,RGB,16.49
Residu,residu_residu_Image_49.jpg,.jpg,224,224,RGB,22.35
Residu,residu_residu_Image_5.jpg,.jpg,224,224,RGB,26.77
Residu,residu_residu_Image_50.jpg,.jpg,224,224,RGB,27.2
Residu,residu_residu_Image_51.jpg,.jpg,224,224,RGB,26.72
Residu,residu_residu_Image_55.jpg,.jpg,224,224,RGB,13.52
Residu,residu_residu_Image_56.jpg,.jpg,224,224,RGB,22.18
Residu,residu_residu_Image_57.jpg,.jpg,224,224,RGB,20.12
Residu,residu_residu_Image_58.jpg,.jpg,224,224,RGB,23.72
Residu,residu_residu_Image_60.jpg,.jpg,224,224,RGB,11.2
Residu,residu_residu_Image_61.jpg,.jpg,224,224,RGB,29.22
Residu,residu_residu_Image_63.jpg,.jpg,224,224,RGB,16.41
Residu,residu_residu_Image_64.jpg,.jpg,224,224,RGB,31.38
Residu,residu_residu_Image_67.jpg,.jpg,224,224,RGB,18.17
Residu,residu_residu_Image_7.jpg,.jpg,224,224,RGB,22.59
Residu,residu_residu_Image_70.jpg,.jpg,224,224,RGB,33.17
Residu,residu_residu_Image_71.jpg,.jpg,224,224,RGB,39.75
Residu,residu_residu_Image_72.jpg,.jpg,224,224,RGB,29.85
Residu,residu_residu_Image_73.jpg,.jpg,224,224,RGB,26.75
Residu,residu_residu_Image_74.jpg,.jpg,224,224,RGB,27.7
Residu,residu_residu_Image_75.jpg,.jpg,224,224,RGB,15.97
Residu,residu_residu_Image_76.jpg,.jpg,224,224,RGB,17.53
Residu,residu_residu_Image_77.jpg,.jpg,224,224,RGB,11.54
Residu,residu_residu_Image_78.jpg,.jpg,224,224,RGB,20.52
Residu,residu_residu_Image_79.jpg,.jpg,224,224,RGB,22.1
Residu,residu_residu_Image_8.jpg,.jpg,224,224,RGB,24.87
Residu,residu_residu_Image_80.jpg,.jpg,224,224,RGB,27.22
Residu,residu_residu_Image_81.jpg,.jpg,224,224,RGB,20.51
Residu,residu_residu_Image_83.jpg,.jpg,224,224,RGB,19.9
Residu,residu_residu_Image_84.jpg,.jpg,224,224,RGB,13.97
Residu,residu_residu_Image_87.jpg,.jpg,224,224,RGB,26.58
Residu,residu_residu_Image_88.jpg,.jpg,224,224,RGB,26.02
Residu,residu_residu_Image_89.jpg,.jpg,224,224,RGB,25.6
Residu,residu_residu_Image_9.jpg,.jpg,224,224,RGB,24.13
Residu,residu_residu_Image_90.jpg,.jpg,224,224,RGB,16.51
Residu,residu_residu_Image_91.jpg,.jpg,224,224,RGB,23.82
Residu,residu_residu_Image_93.jpg,.jpg,224,224,RGB,13.86
Residu,residu_residu_Image_94.jpg,.jpg,224,224,RGB,28.3
Residu,residu_residu_Image_95.jpg,.jpg,224,224,RGB,21.13
Residu,residu_residu_Image_96.jpg,.jpg,224,224,RGB,19.88
Residu,residu_residu_Image_97.jpg,.jpg,224,224,RGB,20.52
Residu,residu_residu_Image_98.jpg,.jpg,224,224,RGB,23.85
Residu,residu_residu_Image_99.jpg,.jpg,224,224,RGB,18.66
Residu,residu_residu_residu_170.jpg,.jpg,224,224,RGB,23.23
Residu,residu_residu_residu_171.jpg,.jpg,224,224,RGB,22.07
Residu,residu_residu_residu_177.jpg,.jpg,224,224,RGB,27.4
Residu,residu_residu_residu_203.jpg,.jpg,224,224,RGB,12.83
Residu,residu_residu_residu_210.jpg,.jpg,224,224,RGB,10.37
Residu,residu_residu_residu_299.jpg,.jpg,224,224,RGB,13.71
Residu,residu_residu_residu_303.jpg,.jpg,224,224,RGB,26.06
Residu,residu_residu_residu_309.jpg,.jpg,224,224,RGB,21.54
Residu,residu_residu_Sampah-Popok-1.jpg,.jpg,224,224,RGB,34.71
Residu,residu_residu_Sampah-Popok-2.jpg,.jpg,224,224,RGB,32.68
Residu,residu_residu_sampah-popok-bayi-sekali-pakai-cemari-sungai-brantas-foto-riana-setiawanjawa-pos.jpg,.jpg,224,224,RGB,25.32
Residu,residu_residu_Sampah-Popok-yang-berhasil-dikumpul-oleh-tim-Ecoton.jpg,.jpg,224,224,RGB,24.41
Residu,residu_residu_tips-memilih-pembalut-yang-aman-dan-cara-pemakaiannya-alodokter.jpg,.jpg,224,224,RGB,18.57
Residu,residu_residu_tumpukan_popok_di_jembatan_dinoyon-mojokerto-karin.jpg,.jpg,224,224,RGB,39.43
Residu,residu_residu__221110100921_missy-2_ori.jpg,.jpg,224,224,RGB,33.71
