class,filename,width,height,file_size_kb
hazardous,hazardous_battery-10.jpg,224,224,13.83
hazardous,hazardous_battery-10_aug1462.jpg,224,224,13.83
hazardous,hazardous_battery-10_aug596.jpg,224,224,12.79
hazardous,hazardous_battery-10_aug895.jpg,224,224,14.77
hazardous,hazardous_battery-11_aug2135.jpg,224,224,15.91
hazardous,hazardous_battery-11_aug2493.jpg,224,224,15.89
hazardous,hazardous_battery-11_aug40.jpg,224,224,15.66
hazardous,hazardous_battery-11_aug640.jpg,224,224,15.2
hazardous,hazardous_battery-12_aug1083.jpg,224,224,16.58
hazardous,hazardous_battery-12_aug1305.jpg,224,224,16.26
hazardous,hazardous_battery-12_aug2295.jpg,224,224,16.29
hazardous,hazardous_battery-12_aug2473.jpg,224,224,16.25
hazardous,hazardous_battery-13.jpg,224,224,11.65
hazardous,hazardous_battery-13_aug1759.jpg,224,224,7.29
hazardous,hazardous_battery-13_aug242.jpg,224,224,11.66
hazardous,hazardous_battery-14.jpg,224,224,15.23
hazardous,hazardous_battery-14_aug1287.jpg,224,224,14.11
hazardous,hazardous_battery-14_aug1527.jpg,224,224,15.82
hazardous,hazardous_battery-14_aug190.jpg,224,224,15.2
hazardous,hazardous_battery-14_aug978.jpg,224,224,14.9
hazardous,hazardous_battery-15_aug1445.jpg,224,224,14.16
hazardous,hazardous_battery-15_aug1942.jpg,224,224,14.8
hazardous,hazardous_battery-15_aug2353.jpg,224,224,13.52
hazardous,hazardous_battery-15_aug2567.jpg,224,224,15.02
hazardous,hazardous_battery-15_aug2670.jpg,224,224,13.77
hazardous,hazardous_battery-16_aug1304.jpg,224,224,13.53
hazardous,hazardous_battery-16_aug2061.jpg,224,224,13.43
hazardous,hazardous_battery-16_aug2316.jpg,224,224,13.54
hazardous,hazardous_battery-17_aug1505.jpg,224,224,13.48
hazardous,hazardous_battery-17_aug1697.jpg,224,224,13.99
hazardous,hazardous_battery-17_aug843.jpg,224,224,13.47
hazardous,hazardous_battery-18_aug1737.jpg,224,224,13.57
hazardous,hazardous_battery-18_aug2733.jpg,224,224,12.45
hazardous,hazardous_battery-19_aug1335.jpg,224,224,14.41
hazardous,hazardous_battery-19_aug1501.jpg,224,224,14.43
hazardous,hazardous_battery-1_aug1274.jpg,224,224,11.22
hazardous,hazardous_battery-1_aug2041.jpg,224,224,11.28
hazardous,hazardous_battery-1_aug2622.jpg,224,224,10.58
hazardous,hazardous_battery-1_aug498.jpg,224,224,12.61
hazardous,hazardous_battery-1_aug665.jpg,224,224,11.3
hazardous,hazardous_battery-20_aug166.jpg,224,224,13.77
hazardous,hazardous_battery-20_aug2015.jpg,224,224,13.27
hazardous,hazardous_battery-20_aug2224.jpg,224,224,13.3
hazardous,hazardous_battery-20_aug2510.jpg,224,224,15.17
hazardous,hazardous_battery-21.jpg,224,224,11.11
hazardous,hazardous_battery-21_aug1919.jpg,224,224,10.86
hazardous,hazardous_battery-21_aug2211.jpg,224,224,11.36
hazardous,hazardous_battery-21_aug245.jpg,224,224,11.42
hazardous,hazardous_battery-21_aug608.jpg,224,224,12.45
hazardous,hazardous_battery-21_aug615.jpg,224,224,11.44
hazardous,hazardous_battery-22_aug639.jpg,224,224,11.77
hazardous,hazardous_battery-23_aug304.jpg,224,224,11.69
hazardous,hazardous_battery-23_aug390.jpg,224,224,13.12
hazardous,hazardous_battery-23_aug721.jpg,224,224,12.49
hazardous,hazardous_battery-24_aug107.jpg,224,224,13.34
hazardous,hazardous_battery-24_aug1435.jpg,224,224,12.66
hazardous,hazardous_battery-24_aug2562.jpg,224,224,12.98
hazardous,hazardous_battery-24_aug383.jpg,224,224,12.64
hazardous,hazardous_battery-24_aug922.jpg,224,224,11.77
hazardous,hazardous_battery-25_aug1650.jpg,224,224,14.47
hazardous,hazardous_battery-25_aug211.jpg,224,224,13.15
hazardous,hazardous_battery-25_aug2210.jpg,224,224,13.92
hazardous,hazardous_battery-25_aug2672.jpg,224,224,13.79
hazardous,hazardous_battery-25_aug2687.jpg,224,224,14.22
hazardous,hazardous_battery-25_aug413.jpg,224,224,12.96
hazardous,hazardous_battery-25_aug839.jpg,224,224,13.39
hazardous,hazardous_battery-26.jpg,224,224,12.54
hazardous,hazardous_battery-26_aug1225.jpg,224,224,12.56
hazardous,hazardous_battery-26_aug1719.jpg,224,224,13.18
hazardous,hazardous_battery-26_aug268.jpg,224,224,13.27
hazardous,hazardous_battery-27_aug1096.jpg,224,224,12.1
hazardous,hazardous_battery-27_aug1279.jpg,224,224,11.97
hazardous,hazardous_battery-27_aug1687.jpg,224,224,13.39
hazardous,hazardous_battery-28_aug1797.jpg,224,224,14.11
hazardous,hazardous_battery-28_aug1851.jpg,224,224,14.78
hazardous,hazardous_battery-28_aug273.jpg,224,224,15.01
hazardous,hazardous_battery-29_aug2589.jpg,224,224,14.74
hazardous,hazardous_battery-2_aug2049.jpg,224,224,13.21
hazardous,hazardous_battery-2_aug845.jpg,224,224,13.91
hazardous,hazardous_battery-30_aug142.jpg,224,224,16.11
hazardous,hazardous_battery-30_aug1561.jpg,224,224,13.72
hazardous,hazardous_battery-30_aug2075.jpg,224,224,15.71
hazardous,hazardous_battery-30_aug2444.jpg,224,224,15.49
hazardous,hazardous_battery-30_aug534.jpg,224,224,14.06
hazardous,hazardous_battery-30_aug643.jpg,224,224,14.12
hazardous,hazardous_battery-30_aug71.jpg,224,224,13.64
hazardous,hazardous_battery-31_aug1015.jpg,224,224,15.95
hazardous,hazardous_battery-31_aug693.jpg,224,224,16.02
hazardous,hazardous_battery-32_aug682.jpg,224,224,14.2
hazardous,hazardous_battery-33_aug1929.jpg,224,224,15.01
hazardous,hazardous_battery-33_aug2604.jpg,224,224,14.75
hazardous,hazardous_battery-34_aug217.jpg,224,224,17.17
hazardous,hazardous_battery-34_aug2592.jpg,224,224,15.75
hazardous,hazardous_battery-34_aug2654.jpg,224,224,14.35
hazardous,hazardous_battery-35_aug1978.jpg,224,224,18.27
hazardous,hazardous_battery-35_aug677.jpg,224,224,19.04
hazardous,hazardous_battery-36_aug1180.jpg,224,224,14.09
hazardous,hazardous_battery-36_aug362.jpg,224,224,15.0
hazardous,hazardous_battery-36_aug497.jpg,224,224,16.32
hazardous,hazardous_battery-36_aug979.jpg,224,224,14.82
hazardous,hazardous_battery-37_aug1051.jpg,224,224,16.69
hazardous,hazardous_battery-37_aug1060.jpg,224,224,16.87
hazardous,hazardous_battery-37_aug1743.jpg,224,224,18.44
hazardous,hazardous_battery-37_aug1765.jpg,224,224,18.46
hazardous,hazardous_battery-38_aug132.jpg,224,224,16.89
hazardous,hazardous_battery-38_aug1370.jpg,224,224,16.93
hazardous,hazardous_battery-38_aug1582.jpg,224,224,17.19
hazardous,hazardous_battery-39_aug1625.jpg,224,224,14.24
hazardous,hazardous_battery-39_aug1872.jpg,224,224,13.44
hazardous,hazardous_battery-39_aug836.jpg,224,224,14.22
hazardous,hazardous_battery-39_aug916.jpg,224,224,13.03
hazardous,hazardous_battery-3_aug1837.jpg,224,224,11.34
hazardous,hazardous_battery-3_aug346.jpg,224,224,11.18
hazardous,hazardous_battery-3_aug770.jpg,224,224,10.58
hazardous,hazardous_battery-3_aug974.jpg,224,224,10.59
hazardous,hazardous_battery-40_aug1301.jpg,224,224,12.16
hazardous,hazardous_battery-40_aug1740.jpg,224,224,10.86
hazardous,hazardous_battery-40_aug2277.jpg,224,224,10.97
hazardous,hazardous_battery-40_aug2437.jpg,224,224,10.24
hazardous,hazardous_battery-40_aug2620.jpg,224,224,10.92
hazardous,hazardous_battery-40_aug553.jpg,224,224,12.58
hazardous,hazardous_battery-41.jpg,224,224,13.63
hazardous,hazardous_battery-41_aug156.jpg,224,224,14.41
hazardous,hazardous_battery-41_aug1613.jpg,224,224,14.24
hazardous,hazardous_battery-41_aug262.jpg,224,224,14.24
hazardous,hazardous_battery-41_aug480.jpg,224,224,14.44
hazardous,hazardous_battery-42_aug1309.jpg,224,224,14.27
hazardous,hazardous_battery-42_aug1447.jpg,224,224,14.71
hazardous,hazardous_battery-42_aug603.jpg,224,224,13.85
hazardous,hazardous_battery-43_aug1163.jpg,224,224,12.96
hazardous,hazardous_battery-43_aug1442.jpg,224,224,12.62
hazardous,hazardous_battery-43_aug1838.jpg,224,224,13.0
hazardous,hazardous_battery-43_aug1910.jpg,224,224,12.48
hazardous,hazardous_battery-43_aug1953.jpg,224,224,12.01
hazardous,hazardous_battery-43_aug1981.jpg,224,224,11.55
hazardous,hazardous_battery-43_aug2520.jpg,224,224,12.0
hazardous,hazardous_battery-43_aug37.jpg,224,224,13.28
hazardous,hazardous_battery-44_aug1169.jpg,224,224,12.86
hazardous,hazardous_battery-44_aug432.jpg,224,224,12.75
hazardous,hazardous_battery-44_aug55.jpg,224,224,12.26
hazardous,hazardous_battery-45_aug1407.jpg,224,224,13.48
hazardous,hazardous_battery-45_aug1520.jpg,224,224,14.0
hazardous,hazardous_battery-45_aug224.jpg,224,224,13.81
hazardous,hazardous_battery-45_aug2422.jpg,224,224,14.05
hazardous,hazardous_battery-45_aug98.jpg,224,224,13.31
hazardous,hazardous_battery-46_aug1166.jpg,224,224,12.96
hazardous,hazardous_battery-46_aug831.jpg,224,224,12.89
hazardous,hazardous_battery-47_aug1543.jpg,224,224,15.9
hazardous,hazardous_battery-47_aug1988.jpg,224,224,15.7
hazardous,hazardous_battery-47_aug2402.jpg,224,224,16.09
hazardous,hazardous_battery-47_aug532.jpg,224,224,13.85
hazardous,hazardous_battery-48_aug1141.jpg,224,224,17.06
hazardous,hazardous_battery-48_aug1179.jpg,224,224,17.15
hazardous,hazardous_battery-48_aug1842.jpg,224,224,10.32
hazardous,hazardous_battery-48_aug1894.jpg,224,224,15.97
hazardous,hazardous_battery-48_aug2082.jpg,224,224,17.11
hazardous,hazardous_battery-48_aug2312.jpg,224,224,15.15
hazardous,hazardous_battery-48_aug624.jpg,224,224,15.04
hazardous,hazardous_battery-48_aug762.jpg,224,224,16.62
hazardous,hazardous_battery-48_aug818.jpg,224,224,16.03
hazardous,hazardous_battery-49_aug1.jpg,224,224,17.69
hazardous,hazardous_battery-49_aug2690.jpg,224,224,16.9
hazardous,hazardous_battery-49_aug691.jpg,224,224,17.62
hazardous,hazardous_battery-49_aug857.jpg,224,224,17.26
hazardous,hazardous_battery-4_aug1076.jpg,224,224,10.98
hazardous,hazardous_battery-4_aug1446.jpg,224,224,11.7
hazardous,hazardous_battery-5.jpg,224,224,12.04
hazardous,hazardous_battery-50_aug2325.jpg,224,224,15.88
hazardous,hazardous_battery-50_aug237.jpg,224,224,16.47
hazardous,hazardous_battery-50_aug416.jpg,224,224,15.29
hazardous,hazardous_battery-50_aug546.jpg,224,224,15.92
hazardous,hazardous_battery-50_aug846.jpg,224,224,16.09
hazardous,hazardous_battery-50_aug951.jpg,224,224,16.82
hazardous,hazardous_battery-51.jpg,224,224,16.72
hazardous,hazardous_battery-51_aug174.jpg,224,224,16.83
hazardous,hazardous_battery-51_aug253.jpg,224,224,17.66
hazardous,hazardous_battery-51_aug347.jpg,224,224,17.68
hazardous,hazardous_battery-51_aug440.jpg,224,224,16.81
hazardous,hazardous_battery-52_aug1026.jpg,224,224,14.8
hazardous,hazardous_battery-52_aug191.jpg,224,224,15.85
hazardous,hazardous_battery-52_aug2280.jpg,224,224,15.42
hazardous,hazardous_battery-52_aug229.jpg,224,224,13.53
hazardous,hazardous_battery-52_aug679.jpg,224,224,16.28
hazardous,hazardous_battery-53_aug1065.jpg,224,224,15.56
hazardous,hazardous_battery-53_aug1167.jpg,224,224,15.58
hazardous,hazardous_battery-53_aug143.jpg,224,224,15.59
hazardous,hazardous_battery-54_aug1317.jpg,224,224,16.3
hazardous,hazardous_battery-54_aug1932.jpg,224,224,16.36
hazardous,hazardous_battery-54_aug1949.jpg,224,224,15.36
hazardous,hazardous_battery-54_aug2230.jpg,224,224,16.29
hazardous,hazardous_battery-54_aug2345.jpg,224,224,16.29
hazardous,hazardous_battery-54_aug2595.jpg,224,224,16.07
hazardous,hazardous_battery-54_aug279.jpg,224,224,15.88
hazardous,hazardous_battery-54_aug405.jpg,224,224,16.33
hazardous,hazardous_battery-55_aug1631.jpg,224,224,14.53
hazardous,hazardous_battery-55_aug1789.jpg,224,224,16.58
hazardous,hazardous_battery-55_aug1923.jpg,224,224,16.55
hazardous,hazardous_battery-55_aug202.jpg,224,224,16.52
hazardous,hazardous_battery-56.jpg,224,224,15.05
hazardous,hazardous_battery-56_aug1589.jpg,224,224,15.27
hazardous,hazardous_battery-56_aug1665.jpg,224,224,14.55
hazardous,hazardous_battery-56_aug1999.jpg,224,224,15.07
hazardous,hazardous_battery-56_aug594.jpg,224,224,15.64
hazardous,hazardous_battery-56_aug731.jpg,224,224,14.32
hazardous,hazardous_battery-56_aug790.jpg,224,224,14.04
hazardous,hazardous_battery-57_aug1185.jpg,224,224,15.99
hazardous,hazardous_battery-57_aug15.jpg,224,224,17.93
hazardous,hazardous_battery-57_aug1971.jpg,224,224,14.88
hazardous,hazardous_battery-57_aug2276.jpg,224,224,15.01
hazardous,hazardous_battery-58.jpg,224,224,16.72
hazardous,hazardous_battery-58_aug1211.jpg,224,224,16.78
hazardous,hazardous_battery-58_aug1668.jpg,224,224,15.41
hazardous,hazardous_battery-58_aug1863.jpg,224,224,16.64
hazardous,hazardous_battery-58_aug2105.jpg,224,224,15.27
hazardous,hazardous_battery-58_aug2132.jpg,224,224,16.8
hazardous,hazardous_battery-58_aug284.jpg,224,224,17.64
hazardous,hazardous_battery-58_aug950.jpg,224,224,16.7
hazardous,hazardous_battery-59_aug27.jpg,224,224,15.58
hazardous,hazardous_battery-59_aug808.jpg,224,224,15.82
hazardous,hazardous_battery-5_aug194.jpg,224,224,12.9
hazardous,hazardous_battery-60_aug1325.jpg,224,224,17.46
hazardous,hazardous_battery-60_aug1366.jpg,224,224,17.07
hazardous,hazardous_battery-60_aug2262.jpg,224,224,14.99
hazardous,hazardous_battery-61_aug1007.jpg,224,224,17.08
hazardous,hazardous_battery-61_aug1560.jpg,224,224,17.22
hazardous,hazardous_battery-62_aug1535.jpg,224,224,14.74
hazardous,hazardous_battery-62_aug485.jpg,224,224,15.15
hazardous,hazardous_battery-62_aug598.jpg,224,224,13.98
hazardous,hazardous_battery-62_aug897.jpg,224,224,15.44
hazardous,hazardous_battery-63_aug1716.jpg,224,224,13.36
hazardous,hazardous_battery-63_aug2013.jpg,224,224,14.15
hazardous,hazardous_battery-63_aug2492.jpg,224,224,14.68
hazardous,hazardous_battery-64_aug1097.jpg,224,224,16.04
hazardous,hazardous_battery-64_aug1818.jpg,224,224,16.02
hazardous,hazardous_battery-64_aug1879.jpg,224,224,13.61
hazardous,hazardous_battery-64_aug2665.jpg,224,224,16.49
hazardous,hazardous_battery-64_aug2719.jpg,224,224,16.94
hazardous,hazardous_battery-64_aug76.jpg,224,224,16.02
hazardous,hazardous_battery-65_aug1271.jpg,224,224,13.43
hazardous,hazardous_battery-65_aug1330.jpg,224,224,14.06
hazardous,hazardous_battery-65_aug188.jpg,224,224,14.45
hazardous,hazardous_battery-65_aug759.jpg,224,224,13.46
hazardous,hazardous_battery-66_aug1046.jpg,224,224,17.2
hazardous,hazardous_battery-66_aug1146.jpg,224,224,16.37
hazardous,hazardous_battery-66_aug885.jpg,224,224,15.18
hazardous,hazardous_battery-67_aug1082.jpg,224,224,16.21
hazardous,hazardous_battery-67_aug1265.jpg,224,224,16.48
hazardous,hazardous_battery-67_aug1791.jpg,224,224,16.47
hazardous,hazardous_battery-67_aug2021.jpg,224,224,17.98
hazardous,hazardous_battery-67_aug2721.jpg,224,224,16.38
hazardous,hazardous_battery-67_aug746.jpg,224,224,17.15
hazardous,hazardous_battery-67_aug964.jpg,224,224,16.41
hazardous,hazardous_battery-68_aug1206.jpg,224,224,14.57
hazardous,hazardous_battery-68_aug339.jpg,224,224,14.52
hazardous,hazardous_battery-68_aug491.jpg,224,224,8.41
hazardous,hazardous_battery-69.jpg,224,224,15.51
hazardous,hazardous_battery-69_aug1612.jpg,224,224,15.71
hazardous,hazardous_battery-69_aug1622.jpg,224,224,15.55
hazardous,hazardous_battery-69_aug2246.jpg,224,224,15.03
hazardous,hazardous_battery-69_aug844.jpg,224,224,15.83
hazardous,hazardous_battery-6_aug1380.jpg,224,224,15.15
hazardous,hazardous_battery-6_aug17.jpg,224,224,15.5
hazardous,hazardous_battery-6_aug1760.jpg,224,224,15.11
hazardous,hazardous_battery-6_aug1808.jpg,224,224,14.09
hazardous,hazardous_battery-6_aug2016.jpg,224,224,15.09
hazardous,hazardous_battery-6_aug2035.jpg,224,224,15.14
hazardous,hazardous_battery-70_aug1001.jpg,224,224,15.22
hazardous,hazardous_battery-70_aug2065.jpg,224,224,16.47
hazardous,hazardous_battery-70_aug2066.jpg,224,224,15.51
hazardous,hazardous_battery-70_aug2200.jpg,224,224,15.1
hazardous,hazardous_battery-71_aug1480.jpg,224,224,15.23
hazardous,hazardous_battery-71_aug2212.jpg,224,224,14.67
hazardous,hazardous_battery-71_aug2314.jpg,224,224,14.69
hazardous,hazardous_battery-71_aug240.jpg,224,224,16.84
hazardous,hazardous_battery-72_aug1568.jpg,224,224,17.45
hazardous,hazardous_battery-72_aug1646.jpg,224,224,17.29
hazardous,hazardous_battery-72_aug200.jpg,224,224,17.24
hazardous,hazardous_battery-72_aug644.jpg,224,224,17.23
hazardous,hazardous_battery-72_aug961.jpg,224,224,17.61
hazardous,hazardous_battery-73_aug1322.jpg,224,224,10.65
hazardous,hazardous_battery-73_aug1361.jpg,224,224,11.75
hazardous,hazardous_battery-73_aug2728.jpg,224,224,10.61
hazardous,hazardous_battery-73_aug2736.jpg,224,224,12.5
hazardous,hazardous_battery-73_aug305.jpg,224,224,10.6
hazardous,hazardous_battery-73_aug508.jpg,224,224,11.96
hazardous,hazardous_battery-73_aug631.jpg,224,224,10.67
hazardous,hazardous_battery-74_aug1030.jpg,224,224,17.49
hazardous,hazardous_battery-74_aug1994.jpg,224,224,16.1
hazardous,hazardous_battery-74_aug31.jpg,224,224,17.52
hazardous,hazardous_battery-74_aug420.jpg,224,224,16.73
hazardous,hazardous_battery-74_aug65.jpg,224,224,16.74
hazardous,hazardous_battery-75_aug105.jpg,224,224,13.55
hazardous,hazardous_battery-75_aug1440.jpg,224,224,15.35
hazardous,hazardous_battery-75_aug2018.jpg,224,224,12.63
hazardous,hazardous_battery-76_aug1859.jpg,224,224,12.9
hazardous,hazardous_battery-76_aug2093.jpg,224,224,12.83
hazardous,hazardous_battery-76_aug758.jpg,224,224,12.94
hazardous,hazardous_battery-77.jpg,224,224,14.19
hazardous,hazardous_battery-77_aug1617.jpg,224,224,14.23
hazardous,hazardous_battery-78_aug1125.jpg,224,224,13.07
hazardous,hazardous_battery-8.jpg,224,224,12.78
hazardous,hazardous_battery-8_aug1738.jpg,224,224,14.92
hazardous,hazardous_battery-8_aug619.jpg,224,224,14.14
hazardous,hazardous_battery-9.jpg,224,224,12.48
hazardous,hazardous_battery-9_aug329.jpg,224,224,13.26
hazardous,hazardous_battery-9_aug525.jpg,224,224,12.44
hazardous,hazardous_battery-9_aug590.jpg,224,224,14.04
hazardous,hazardous_e-waste-10.jpg,224,224,14.55
hazardous,hazardous_e-waste-10_aug1593.jpg,224,224,15.7
hazardous,hazardous_e-waste-10_aug201.jpg,224,224,14.51
hazardous,hazardous_e-waste-10_aug2167.jpg,224,224,15.83
hazardous,hazardous_e-waste-12_aug584.jpg,224,224,15.83
hazardous,hazardous_e-waste-13.jpg,224,224,16.69
hazardous,hazardous_e-waste-13_aug1215.jpg,224,224,16.85
hazardous,hazardous_e-waste-13_aug874.jpg,224,224,15.04
hazardous,hazardous_e-waste-14_aug1666.jpg,224,224,14.78
hazardous,hazardous_e-waste-14_aug1904.jpg,224,224,14.89
hazardous,hazardous_e-waste-14_aug2527.jpg,224,224,15.65
hazardous,hazardous_e-waste-15.jpg,224,224,12.08
hazardous,hazardous_e-waste-15_aug1158.jpg,224,224,11.99
hazardous,hazardous_e-waste-15_aug2134.jpg,224,224,12.76
hazardous,hazardous_e-waste-15_aug97.jpg,224,224,14.6
hazardous,hazardous_e-waste-16_aug1260.jpg,224,224,13.57
hazardous,hazardous_e-waste-16_aug2644.jpg,224,224,13.97
hazardous,hazardous_e-waste-16_aug70.jpg,224,224,13.08
hazardous,hazardous_e-waste-16_aug799.jpg,224,224,13.35
hazardous,hazardous_e-waste-17_aug1577.jpg,224,224,11.1
hazardous,hazardous_e-waste-17_aug1959.jpg,224,224,11.66
hazardous,hazardous_e-waste-17_aug2459.jpg,224,224,11.08
hazardous,hazardous_e-waste-18.jpg,224,224,13.84
hazardous,hazardous_e-waste-18_aug1244.jpg,224,224,14.08
hazardous,hazardous_e-waste-18_aug1957.jpg,224,224,12.44
hazardous,hazardous_e-waste-18_aug2130.jpg,224,224,13.87
hazardous,hazardous_e-waste-18_aug233.jpg,224,224,14.33
hazardous,hazardous_e-waste-18_aug50.jpg,224,224,14.48
hazardous,hazardous_e-waste-19_aug1742.jpg,224,224,10.85
hazardous,hazardous_e-waste-20_aug825.jpg,224,224,13.2
hazardous,hazardous_e-waste-21_aug1327.jpg,224,224,15.14
hazardous,hazardous_e-waste-21_aug168.jpg,224,224,14.36
hazardous,hazardous_e-waste-21_aug1816.jpg,224,224,13.03
hazardous,hazardous_e-waste-21_aug921.jpg,224,224,13.69
hazardous,hazardous_e-waste-22_aug1925.jpg,224,224,12.06
hazardous,hazardous_e-waste-22_aug193.jpg,224,224,13.45
hazardous,hazardous_e-waste-22_aug850.jpg,224,224,12.1
hazardous,hazardous_e-waste-23_aug1395.jpg,224,224,14.7
hazardous,hazardous_e-waste-23_aug1494.jpg,224,224,13.33
hazardous,hazardous_e-waste-23_aug1496.jpg,224,224,13.32
hazardous,hazardous_e-waste-23_aug293.jpg,224,224,14.63
hazardous,hazardous_e-waste-24_aug1714.jpg,224,224,14.12
hazardous,hazardous_e-waste-24_aug1991.jpg,224,224,15.17
hazardous,hazardous_e-waste-24_aug452.jpg,224,224,14.98
hazardous,hazardous_e-waste-24_aug794.jpg,224,224,14.92
hazardous,hazardous_e-waste-25_aug1020.jpg,224,224,11.95
hazardous,hazardous_e-waste-25_aug1562.jpg,224,224,12.48
hazardous,hazardous_e-waste-25_aug2583.jpg,224,224,13.99
hazardous,hazardous_e-waste-25_aug678.jpg,224,224,12.2
hazardous,hazardous_e-waste-25_aug777.jpg,224,224,11.89
hazardous,hazardous_e-waste-26_aug54.jpg,224,224,14.25
hazardous,hazardous_e-waste-26_aug807.jpg,224,224,15.9
hazardous,hazardous_e-waste-27_aug1992.jpg,224,224,16.05
hazardous,hazardous_e-waste-27_aug2140.jpg,224,224,14.57
hazardous,hazardous_e-waste-27_aug277.jpg,224,224,14.49
hazardous,hazardous_e-waste-2_aug2199.jpg,224,224,16.51
hazardous,hazardous_e-waste-2_aug2619.jpg,224,224,17.42
hazardous,hazardous_e-waste-3_aug2122.jpg,224,224,16.15
hazardous,hazardous_e-waste-3_aug376.jpg,224,224,18.09
hazardous,hazardous_e-waste-4_aug1120.jpg,224,224,20.83
hazardous,hazardous_e-waste-4_aug1416.jpg,224,224,19.32
hazardous,hazardous_e-waste-4_aug1540.jpg,224,224,21.16
hazardous,hazardous_e-waste-4_aug1866.jpg,224,224,21.87
hazardous,hazardous_e-waste-4_aug2355.jpg,224,224,19.28
hazardous,hazardous_e-waste-4_aug2392.jpg,224,224,21.02
hazardous,hazardous_e-waste-4_aug737.jpg,224,224,19.62
hazardous,hazardous_e-waste-5.jpg,224,224,19.75
hazardous,hazardous_e-waste-5_aug1389.jpg,224,224,20.82
hazardous,hazardous_e-waste-5_aug1511.jpg,224,224,17.7
hazardous,hazardous_e-waste-5_aug1943.jpg,224,224,19.82
hazardous,hazardous_e-waste-5_aug2544.jpg,224,224,21.21
hazardous,hazardous_e-waste-5_aug734.jpg,224,224,21.16
hazardous,hazardous_e-waste-6.jpg,224,224,20.3
hazardous,hazardous_e-waste-6_aug1248.jpg,224,224,20.79
hazardous,hazardous_e-waste-6_aug1509.jpg,224,224,20.51
hazardous,hazardous_e-waste-7_aug2269.jpg,224,224,20.66
hazardous,hazardous_e-waste-7_aug474.jpg,224,224,20.01
hazardous,hazardous_e-waste-8_aug1606.jpg,224,224,16.84
hazardous,hazardous_e-waste-8_aug83.jpg,224,224,17.29
hazardous,hazardous_e-waste-9_aug1191.jpg,224,224,12.85
hazardous,hazardous_e-waste-9_aug2406.jpg,224,224,13.52
hazardous,hazardous_e-waste-9_aug953.jpg,224,224,15.67
Kaca,kaca_R_3850.jpg,224,224,5.66
Kaca,kaca_R_3851.jpg,224,224,7.87
Kaca,kaca_R_3852.jpg,224,224,5.68
Kaca,kaca_R_3853.jpg,224,224,8.74
Kaca,kaca_R_3854.jpg,224,224,7.14
Kaca,kaca_R_3855.jpg,224,224,5.68
Kaca,kaca_R_3856.jpg,224,224,4.97
Kaca,kaca_R_3857.jpg,224,224,5.59
Kaca,kaca_R_3858.jpg,224,224,5.1
Kaca,kaca_R_3859.jpg,224,224,7.17
Kaca,kaca_R_3860.jpg,224,224,11.21
Kaca,kaca_R_3861.jpg,224,224,9.57
Kaca,kaca_R_3862.jpg,224,224,9.24
Kaca,kaca_R_3863.jpg,224,224,7.68
Kaca,kaca_R_3864.jpg,224,224,9.85
Kaca,kaca_R_3865.jpg,224,224,11.0
Kaca,kaca_R_3866.jpg,224,224,6.13
Kaca,kaca_R_3867.jpg,224,224,9.04
Kaca,kaca_R_3868.jpg,224,224,5.98
Kaca,kaca_R_3869.jpg,224,224,10.81
Kaca,kaca_R_3870.jpg,224,224,20.05
Kaca,kaca_R_3871.jpg,224,224,8.39
Kaca,kaca_R_3872.jpg,224,224,10.12
Kaca,kaca_R_3873.jpg,224,224,10.64
Kaca,kaca_R_3874.jpg,224,224,9.14
Kaca,kaca_R_3875.jpg,224,224,9.44
Kaca,kaca_R_3876.jpg,224,224,14.63
Kaca,kaca_R_3877.jpg,224,224,9.13
Kaca,kaca_R_3878.jpg,224,224,22.92
Kaca,kaca_R_3879.jpg,224,224,26.93
Kaca,kaca_R_3880.jpg,224,224,9.16
Kaca,kaca_R_3881.jpg,224,224,8.92
Kaca,kaca_R_3882.jpg,224,224,5.15
Kaca,kaca_R_3883.jpg,224,224,14.52
Kaca,kaca_R_3884.jpg,224,224,15.15
Kaca,kaca_R_3885.jpg,224,224,11.77
Kaca,kaca_R_3886.jpg,224,224,8.8
Kaca,kaca_R_3887.jpg,224,224,10.31
Kaca,kaca_R_3888.jpg,224,224,20.82
Kaca,kaca_R_3889.jpg,224,224,11.56
Kaca,kaca_R_3890.jpg,224,224,6.48
Kaca,kaca_R_3891.jpg,224,224,28.64
Kaca,kaca_R_3892.jpg,224,224,10.16
Kaca,kaca_R_3893.jpg,224,224,8.05
Kaca,kaca_R_3894.jpg,224,224,10.02
Kaca,kaca_R_3895.jpg,224,224,6.01
Kaca,kaca_R_3896.jpg,224,224,7.83
Kaca,kaca_R_3897.jpg,224,224,7.48
Kaca,kaca_R_3898.jpg,224,224,16.52
Kaca,kaca_R_3899.jpg,224,224,10.77
Kaca,kaca_R_3900.jpg,224,224,9.94
Kaca,kaca_R_3901.jpg,224,224,4.87
Kaca,kaca_R_3902.jpg,224,224,12.51
Kaca,kaca_R_3903.jpg,224,224,5.78
Kaca,kaca_R_3904.jpg,224,224,9.39
Kaca,kaca_R_3905.jpg,224,224,15.58
Kaca,kaca_R_3906.jpg,224,224,25.62
Kaca,kaca_R_3908.jpg,224,224,19.86
Kaca,kaca_R_3909.jpg,224,224,5.37
Kaca,kaca_R_3910.jpg,224,224,17.83
Kaca,kaca_R_3911.jpg,224,224,17.0
Kaca,kaca_R_3912.jpg,224,224,18.93
Kaca,kaca_R_3913.jpg,224,224,6.93
Kaca,kaca_R_3914.jpg,224,224,6.49
Kaca,kaca_R_3915.jpg,224,224,20.99
Kaca,kaca_R_3916.jpg,224,224,8.63
Kaca,kaca_R_3917.jpg,224,224,4.31
Kaca,kaca_R_3918.jpg,224,224,5.32
Kaca,kaca_R_3919.jpg,224,224,7.13
Kaca,kaca_R_3920.jpg,224,224,34.61
Kaca,kaca_R_3921.jpg,224,224,6.02
Kaca,kaca_R_3922.jpg,224,224,4.63
Kaca,kaca_R_3923.jpg,224,224,11.61
Kaca,kaca_R_3924.jpg,224,224,18.32
Kaca,kaca_R_3925.jpg,224,224,11.99
Kaca,kaca_R_3926.jpg,224,224,19.17
Kaca,kaca_R_3927.jpg,224,224,7.12
Kaca,kaca_R_3928.jpg,224,224,14.88
Kaca,kaca_R_3929.jpg,224,224,6.12
Kaca,kaca_R_3930.jpg,224,224,16.58
Kaca,kaca_R_3931.jpg,224,224,12.86
Kaca,kaca_R_3932.jpg,224,224,9.85
Kaca,kaca_R_3933.jpg,224,224,4.13
Kaca,kaca_R_3934.jpg,224,224,5.91
Kaca,kaca_R_3935.jpg,224,224,17.25
Kaca,kaca_R_3936.jpg,224,224,13.74
Kaca,kaca_R_3937.jpg,224,224,13.97
Kaca,kaca_R_3939.jpg,224,224,9.27
Kaca,kaca_R_3940.jpg,224,224,7.12
Kaca,kaca_R_3941.jpg,224,224,30.04
Kaca,kaca_R_3942.jpg,224,224,21.37
Kaca,kaca_R_3943.jpg,224,224,7.91
Kaca,kaca_R_3944.jpg,224,224,10.47
Kaca,kaca_R_3945.jpg,224,224,9.63
Kaca,kaca_R_3946.jpg,224,224,7.86
Kaca,kaca_R_3947.jpg,224,224,4.98
Kaca,kaca_R_3948.jpg,224,224,13.37
Kaca,kaca_R_3949.jpg,224,224,8.32
Kaca,kaca_R_3950.jpg,224,224,7.99
Kaca,kaca_R_3951.jpg,224,224,8.66
Kaca,kaca_R_3952.jpg,224,224,20.63
Kaca,kaca_R_3953.jpg,224,224,10.03
Kaca,kaca_R_3954.jpg,224,224,11.14
Kaca,kaca_R_3955.jpg,224,224,20.97
Kaca,kaca_R_3957.jpg,224,224,22.71
Kaca,kaca_R_3958.jpg,224,224,17.63
Kaca,kaca_R_3959.jpg,224,224,9.35
Kaca,kaca_R_3960.jpg,224,224,12.99
Kaca,kaca_R_3961.jpg,224,224,19.24
Kaca,kaca_R_3962.jpg,224,224,20.67
Kaca,kaca_R_3963.jpg,224,224,12.39
Kaca,kaca_R_3964.jpg,224,224,6.21
Kaca,kaca_R_3966.jpg,224,224,4.86
Kaca,kaca_R_3967.jpg,224,224,20.02
Kaca,kaca_R_3968.jpg,224,224,17.04
Kaca,kaca_R_3969.jpg,224,224,19.66
Kaca,kaca_R_3970.jpg,224,224,14.11
Kaca,kaca_R_3971.jpg,224,224,12.63
Kaca,kaca_R_3972.jpg,224,224,11.64
Kaca,kaca_R_3973.jpg,224,224,6.79
Kaca,kaca_R_3974.jpg,224,224,9.44
Kaca,kaca_R_3975.jpg,224,224,10.68
Kaca,kaca_R_3976.jpg,224,224,9.88
Kaca,kaca_R_3977.jpg,224,224,8.67
Kaca,kaca_R_3978.jpg,224,224,10.43
Kaca,kaca_R_3979.jpg,224,224,21.6
Kaca,kaca_R_3980.jpg,224,224,15.84
Kaca,kaca_R_3981.jpg,224,224,9.61
Kaca,kaca_R_3982.jpg,224,224,26.61
Kaca,kaca_R_3983.jpg,224,224,7.98
Kaca,kaca_R_3984.jpg,224,224,9.76
Kaca,kaca_R_3985.jpg,224,224,11.99
Kaca,kaca_R_3986.jpg,224,224,17.9
Kaca,kaca_R_3987.jpg,224,224,20.98
Kaca,kaca_R_3988.jpg,224,224,16.01
Kaca,kaca_R_3989.jpg,224,224,25.87
Kaca,kaca_R_3990.jpg,224,224,6.62
Kaca,kaca_R_3991.jpg,224,224,18.85
Kaca,kaca_R_3992.jpg,224,224,6.8
Kaca,kaca_R_3993.jpg,224,224,13.12
Kaca,kaca_R_3994.jpg,224,224,8.47
Kaca,kaca_R_3995.jpg,224,224,10.29
Kaca,kaca_R_3996.jpg,224,224,20.68
Kaca,kaca_R_3997.jpg,224,224,7.2
Kaca,kaca_R_3998.jpg,224,224,7.15
Kaca,kaca_R_3999.jpg,224,224,16.21
Kaca,kaca_R_4000.jpg,224,224,19.83
Kaca,kaca_R_4001.jpg,224,224,9.3
Kaca,kaca_R_4003.jpg,224,224,17.4
Kaca,kaca_R_4007.jpg,224,224,4.47
Kaca,kaca_R_4008.jpg,224,224,21.31
Kaca,kaca_R_4009.jpg,224,224,24.51
Kaca,kaca_R_4010.jpg,224,224,13.04
Kaca,kaca_R_4011.jpg,224,224,9.74
Kaca,kaca_R_4012.jpg,224,224,16.71
Kaca,kaca_R_4013.jpg,224,224,11.5
Kaca,kaca_R_4014.jpg,224,224,9.41
Kaca,kaca_R_4015.jpg,224,224,6.29
Kaca,kaca_R_4016.jpg,224,224,6.08
Kaca,kaca_R_4017.jpg,224,224,25.96
Kaca,kaca_R_4018.jpg,224,224,17.59
Kaca,kaca_R_4019.jpg,224,224,7.02
Kaca,kaca_R_4020.jpg,224,224,25.21
Kaca,kaca_R_4021.jpg,224,224,8.57
Kaca,kaca_R_4022.jpg,224,224,6.25
Kaca,kaca_R_4023.jpg,224,224,8.14
Kaca,kaca_R_4024.jpg,224,224,8.55
Kaca,kaca_R_4025.jpg,224,224,20.99
Kaca,kaca_R_4026.jpg,224,224,16.31
Kaca,kaca_R_4027.jpg,224,224,29.5
Kaca,kaca_R_4028.jpg,224,224,15.81
Kaca,kaca_R_4029.jpg,224,224,25.2
Kaca,kaca_R_4030.jpg,224,224,6.19
Kaca,kaca_R_4031.jpg,224,224,9.96
Kaca,kaca_R_4032.jpg,224,224,13.06
Kaca,kaca_R_4033.jpg,224,224,11.53
Kaca,kaca_R_4034.jpg,224,224,12.21
Kaca,kaca_R_4035.jpg,224,224,25.38
Kaca,kaca_R_4036.jpg,224,224,24.61
Kaca,kaca_R_4037.jpg,224,224,26.89
Kaca,kaca_R_4038.jpg,224,224,17.53
Kaca,kaca_R_4039.jpg,224,224,8.26
Kaca,kaca_R_4040.jpg,224,224,32.41
Kaca,kaca_R_4041.jpg,224,224,19.01
Kaca,kaca_R_4042.jpg,224,224,8.09
Kaca,kaca_R_4043.jpg,224,224,7.71
Kaca,kaca_R_4044.jpg,224,224,18.13
Kaca,kaca_R_4045.jpg,224,224,14.66
Kaca,kaca_R_4047.jpg,224,224,36.96
Kaca,kaca_R_4048.jpg,224,224,25.01
Kaca,kaca_R_4049.jpg,224,224,9.32
Kaca,kaca_R_4050.jpg,224,224,10.57
Kaca,kaca_R_4051.jpg,224,224,23.57
Kaca,kaca_R_4052.jpg,224,224,14.69
Kaca,kaca_R_4053.jpg,224,224,5.21
Kaca,kaca_R_4054.jpg,224,224,15.81
Kaca,kaca_R_4055.jpg,224,224,14.09
Kaca,kaca_R_4056.jpg,224,224,7.52
Kaca,kaca_R_4057.jpg,224,224,18.38
Kaca,kaca_R_4058.jpg,224,224,26.62
Kaca,kaca_R_4059.jpg,224,224,11.41
Kaca,kaca_R_4060.jpg,224,224,8.5
Kaca,kaca_R_4061.jpg,224,224,13.29
Kaca,kaca_R_4062.jpg,224,224,20.22
Kaca,kaca_R_4063.jpg,224,224,8.75
Kaca,kaca_R_4064.jpg,224,224,4.84
Kaca,kaca_R_4066.jpg,224,224,7.17
Kaca,kaca_R_4067.jpg,224,224,9.33
Kaca,kaca_R_4068.jpg,224,224,9.7
Kaca,kaca_R_4069.jpg,224,224,8.72
Kaca,kaca_R_4070.jpg,224,224,26.5
Kaca,kaca_R_4071.jpg,224,224,10.65
Kaca,kaca_R_4072.jpg,224,224,18.33
Kaca,kaca_R_4073.jpg,224,224,13.84
Kaca,kaca_R_4074.jpg,224,224,16.31
Kaca,kaca_R_4075.jpg,224,224,5.64
Kaca,kaca_R_4076.jpg,224,224,16.86
Kaca,kaca_R_4077.jpg,224,224,21.99
Kaca,kaca_R_4078.jpg,224,224,8.27
Kaca,kaca_R_4079.jpg,224,224,13.9
Kaca,kaca_R_4080.jpg,224,224,19.97
Kaca,kaca_R_4081.jpg,224,224,19.4
Kaca,kaca_R_4082.jpg,224,224,24.1
Kaca,kaca_R_4083.jpg,224,224,25.46
Kaca,kaca_R_4084.jpg,224,224,18.88
Kaca,kaca_R_4086.jpg,224,224,15.12
Kaca,kaca_R_4087.jpg,224,224,28.61
Kaca,kaca_R_4088.jpg,224,224,18.08
Kaca,kaca_R_4091.jpg,224,224,17.43
Kaca,kaca_R_4092.jpg,224,224,6.01
Kaca,kaca_R_4094.jpg,224,224,10.68
Kaca,kaca_R_4095.jpg,224,224,9.86
Kaca,kaca_R_4096.jpg,224,224,14.85
Kaca,kaca_R_4097.jpg,224,224,7.43
Kaca,kaca_R_4098.jpg,224,224,8.11
Kaca,kaca_R_4100.jpg,224,224,26.07
Kaca,kaca_R_4101.jpg,224,224,10.59
Kaca,kaca_R_4102.jpg,224,224,19.29
Kaca,kaca_R_4103.jpg,224,224,15.45
Kaca,kaca_R_4104.jpg,224,224,17.08
Kaca,kaca_R_4105.jpg,224,224,8.92
Kaca,kaca_R_4106.jpg,224,224,7.24
Kaca,kaca_R_4107.jpg,224,224,22.74
Kaca,kaca_R_4108.jpg,224,224,20.55
Kaca,kaca_R_4109.jpg,224,224,8.27
Kaca,kaca_R_4110.jpg,224,224,21.39
Kaca,kaca_R_4111.jpg,224,224,18.61
Kaca,kaca_R_4112.jpg,224,224,21.02
Kaca,kaca_R_4113.jpg,224,224,9.4
Kaca,kaca_R_4114.jpg,224,224,14.57
Kaca,kaca_R_4115.jpg,224,224,19.66
Kaca,kaca_R_4116.jpg,224,224,7.68
Kaca,kaca_R_4117.jpg,224,224,15.38
Kaca,kaca_R_4118.jpg,224,224,7.07
Kaca,kaca_R_4119.jpg,224,224,13.98
Kaca,kaca_R_4121.jpg,224,224,12.42
Kaca,kaca_R_4122.jpg,224,224,18.35
Kaca,kaca_R_4123.jpg,224,224,5.91
Kaca,kaca_R_4124.jpg,224,224,21.81
Kaca,kaca_R_4125.jpg,224,224,13.31
Kaca,kaca_R_4126.jpg,224,224,27.65
Kaca,kaca_R_4127.jpg,224,224,21.54
Kaca,kaca_R_4128.jpg,224,224,12.67
Kaca,kaca_R_4129.jpg,224,224,6.13
Kaca,kaca_R_4130.jpg,224,224,25.13
Kaca,kaca_R_4131.jpg,224,224,16.29
Kaca,kaca_R_4132.jpg,224,224,15.41
Kaca,kaca_R_4133.jpg,224,224,11.04
Kaca,kaca_R_4135.jpg,224,224,14.51
Kaca,kaca_R_4136.jpg,224,224,15.92
Kaca,kaca_R_4137.jpg,224,224,14.96
Kaca,kaca_R_4138.jpg,224,224,3.84
Kaca,kaca_R_4139.jpg,224,224,5.46
Kaca,kaca_R_4140.jpg,224,224,21.89
Kaca,kaca_R_4141.jpg,224,224,5.11
Kaca,kaca_R_4142.jpg,224,224,17.65
Kaca,kaca_R_4143.jpg,224,224,16.15
Kaca,kaca_R_4144.jpg,224,224,28.17
Kaca,kaca_R_4145.jpg,224,224,12.81
Kaca,kaca_R_4146.jpg,224,224,21.26
Kaca,kaca_R_4148.jpg,224,224,27.21
Kaca,kaca_R_4149.jpg,224,224,8.32
Kaca,kaca_R_4150.jpg,224,224,6.68
Kaca,kaca_R_4151.jpg,224,224,16.94
Kaca,kaca_R_4152.jpg,224,224,25.2
Kaca,kaca_R_4153.jpg,224,224,18.26
Kaca,kaca_R_4154.jpg,224,224,11.25
Kaca,kaca_R_4155.jpg,224,224,17.69
Kaca,kaca_R_4156.jpg,224,224,5.02
Kaca,kaca_R_4157.jpg,224,224,17.3
Kaca,kaca_R_4159.jpg,224,224,13.99
Kaca,kaca_R_4160.jpg,224,224,6.95
Kaca,kaca_R_4161.jpg,224,224,22.4
Kaca,kaca_R_4162.jpg,224,224,7.84
Kaca,kaca_R_4163.jpg,224,224,5.94
Kaca,kaca_R_4164.jpg,224,224,11.94
Kaca,kaca_R_4165.jpg,224,224,4.8
Kaca,kaca_R_4166.jpg,224,224,12.21
Kaca,kaca_R_4167.jpg,224,224,14.92
Kaca,kaca_R_4168.jpg,224,224,3.43
Kaca,kaca_R_4169.jpg,224,224,9.39
Kaca,kaca_R_4170.jpg,224,224,24.07
Kaca,kaca_R_4171.jpg,224,224,16.06
Kaca,kaca_R_4172.jpg,224,224,22.94
Kaca,kaca_R_4173.jpg,224,224,7.39
Kaca,kaca_R_4174.jpg,224,224,13.82
Kaca,kaca_R_4175.jpg,224,224,14.46
Kaca,kaca_R_4176.jpg,224,224,14.55
Kaca,kaca_R_4177.jpg,224,224,21.13
Kaca,kaca_R_4178.jpg,224,224,15.37
Kaca,kaca_R_4179.jpg,224,224,13.22
Kaca,kaca_R_4180.jpg,224,224,8.01
Kaca,kaca_R_4181.jpg,224,224,16.07
Kaca,kaca_R_4183.jpg,224,224,11.5
Kaca,kaca_R_4184.jpg,224,224,17.5
Kaca,kaca_R_4185.jpg,224,224,14.29
Kaca,kaca_R_4186.jpg,224,224,11.87
Kaca,kaca_R_4187.jpg,224,224,18.83
Kaca,kaca_R_4188.jpg,224,224,23.53
Kaca,kaca_R_4189.jpg,224,224,22.84
Kaca,kaca_R_4191.jpg,224,224,25.45
Kaca,kaca_R_4192.jpg,224,224,16.74
Kaca,kaca_R_4193.jpg,224,224,9.91
Kaca,kaca_R_4195.jpg,224,224,24.63
Kaca,kaca_R_4196.jpg,224,224,16.21
Kaca,kaca_R_4197.jpg,224,224,22.23
Kaca,kaca_R_4198.jpg,224,224,8.5
Kaca,kaca_R_4199.jpg,224,224,16.36
Kaca,kaca_R_4200.jpg,224,224,24.54
Kaca,kaca_R_4201.jpg,224,224,16.23
Kaca,kaca_R_4202.jpg,224,224,18.78
Kaca,kaca_R_4204.jpg,224,224,11.46
Kaca,kaca_R_4205.jpg,224,224,18.48
Kaca,kaca_R_4206.jpg,224,224,23.63
Kaca,kaca_R_4207.jpg,224,224,21.41
Kaca,kaca_R_4208.jpg,224,224,12.44
Kaca,kaca_R_4209.jpg,224,224,17.01
Kaca,kaca_R_4211.jpg,224,224,18.95
Kaca,kaca_R_4212.jpg,224,224,7.1
Kaca,kaca_R_4214.jpg,224,224,26.78
Kaca,kaca_R_4215.jpg,224,224,25.25
Kaca,kaca_R_4216.jpg,224,224,21.82
Kaca,kaca_R_4217.jpg,224,224,16.57
Kaca,kaca_R_4218.jpg,224,224,15.6
Kaca,kaca_R_4219.jpg,224,224,23.66
Kaca,kaca_R_4220.jpg,224,224,7.79
Kaca,kaca_R_4221.jpg,224,224,14.72
Kaca,kaca_R_4222.jpg,224,224,25.92
Kaca,kaca_R_4223.jpg,224,224,12.94
Kaca,kaca_R_4224.jpg,224,224,22.43
Kaca,kaca_R_4225.jpg,224,224,28.18
Kaca,kaca_R_4226.jpg,224,224,26.14
Kaca,kaca_R_4227.jpg,224,224,18.68
Kaca,kaca_R_4228.jpg,224,224,21.2
Kaca,kaca_R_4229.jpg,224,224,15.76
Kaca,kaca_R_4230.jpg,224,224,35.04
Kaca,kaca_R_4231.jpg,224,224,18.86
Kaca,kaca_R_4232.jpg,224,224,11.01
Kaca,kaca_R_4233.jpg,224,224,29.18
Kaca,kaca_R_4234.jpg,224,224,15.18
Kaca,kaca_R_4235.jpg,224,224,20.36
Kaca,kaca_R_4236.jpg,224,224,17.49
Kaca,kaca_R_4237.jpg,224,224,17.32
Kaca,kaca_R_4238.jpg,224,224,21.54
Kaca,kaca_R_4239.jpg,224,224,27.59
Kaca,kaca_R_4240.jpg,224,224,20.62
Kaca,kaca_R_4241.jpg,224,224,13.26
Kaca,kaca_R_4242.jpg,224,224,10.7
Kaca,kaca_R_4243.jpg,224,224,15.74
Kaca,kaca_R_4244.jpg,224,224,25.65
Kaca,kaca_R_4245.jpg,224,224,7.8
Kaca,kaca_R_4246.jpg,224,224,16.32
Kaca,kaca_R_4247.jpg,224,224,15.2
Kaca,kaca_R_4248.jpg,224,224,16.43
Kaca,kaca_R_4249.jpg,224,224,7.52
Kaca,kaca_R_4250.jpg,224,224,21.52
Kaca,kaca_R_4251.jpg,224,224,18.01
Kaca,kaca_R_4252.jpg,224,224,28.72
Kaca,kaca_R_4253.jpg,224,224,23.79
Kaca,kaca_R_4254.jpg,224,224,23.11
Kaca,kaca_R_4255.jpg,224,224,11.33
Kaca,kaca_R_4256.jpg,224,224,23.14
Kaca,kaca_R_4257.jpg,224,224,18.63
Kaca,kaca_R_4258.jpg,224,224,17.18
Kaca,kaca_R_4259.jpg,224,224,11.99
Kaca,kaca_R_4260.jpg,224,224,26.92
Kaca,kaca_R_4261.jpg,224,224,8.34
Kaca,kaca_R_4262.jpg,224,224,18.31
Kaca,kaca_R_4263.jpg,224,224,15.14
Kaca,kaca_R_4264.jpg,224,224,13.13
Kaca,kaca_R_4265.jpg,224,224,23.2
Kaca,kaca_R_4266.jpg,224,224,20.88
Kaca,kaca_R_4267.jpg,224,224,10.32
Kaca,kaca_R_4268.jpg,224,224,7.86
Kaca,kaca_R_4269.jpg,224,224,19.51
Kaca,kaca_R_4270.jpg,224,224,5.44
Kaca,kaca_R_4271.jpg,224,224,29.95
Kaca,kaca_R_4272.jpg,224,224,10.3
Kaca,kaca_R_4273.jpg,224,224,30.77
Kaca,kaca_R_4274.jpg,224,224,23.44
Kaca,kaca_R_4275.jpg,224,224,19.13
Kaca,kaca_R_4276.jpg,224,224,11.83
Kaca,kaca_R_4277.jpg,224,224,40.1
Kaca,kaca_R_4278.jpg,224,224,22.65
Kaca,kaca_R_4279.jpg,224,224,11.54
Kaca,kaca_R_4280.jpg,224,224,12.54
Kaca,kaca_R_4281.jpg,224,224,30.16
Kaca,kaca_R_4283.jpg,224,224,18.21
Kaca,kaca_R_4284.jpg,224,224,8.68
Kaca,kaca_R_4285.jpg,224,224,10.58
Kaca,kaca_R_4286.jpg,224,224,9.66
Kaca,kaca_R_4288.jpg,224,224,14.63
Kaca,kaca_R_4289.jpg,224,224,7.66
Kaca,kaca_R_4290.jpg,224,224,18.14
Kaca,kaca_R_4291.jpg,224,224,17.97
Kaca,kaca_R_4292.jpg,224,224,25.51
Kaca,kaca_R_4293.jpg,224,224,23.09
Kaca,kaca_R_4294.jpg,224,224,8.33
Kaca,kaca_R_4295.jpg,224,224,20.01
Kaca,kaca_R_4296.jpg,224,224,21.22
Kaca,kaca_R_4297.jpg,224,224,21.83
Kaca,kaca_R_4298.jpg,224,224,11.21
Kaca,kaca_R_4299.jpg,224,224,12.66
Kaca,kaca_R_4300.jpg,224,224,14.97
Kaca,kaca_R_4301.jpg,224,224,10.84
Kaca,kaca_R_4302.jpg,224,224,16.42
Kaca,kaca_R_4303.jpg,224,224,18.5
Kaca,kaca_R_4304.jpg,224,224,34.06
Kaca,kaca_R_4305.jpg,224,224,16.79
Kaca,kaca_R_4306.jpg,224,224,15.61
Kaca,kaca_R_4307.jpg,224,224,11.86
Kaca,kaca_R_4308.jpg,224,224,24.77
Kaca,kaca_R_4309.jpg,224,224,17.7
Kaca,kaca_R_4310.jpg,224,224,15.42
Kaca,kaca_R_4311.jpg,224,224,12.54
Kaca,kaca_R_4312.jpg,224,224,25.56
Kaca,kaca_R_4313.jpg,224,224,16.14
Kaca,kaca_R_4314.jpg,224,224,21.71
Kaca,kaca_R_4316.jpg,224,224,11.6
Kaca,kaca_R_4317.jpg,224,224,19.54
Kaca,kaca_R_4318.jpg,224,224,27.87
Kaca,kaca_R_4319.jpg,224,224,16.61
Kaca,kaca_R_4320.jpg,224,224,17.04
Kaca,kaca_R_4321.jpg,224,224,8.73
Kaca,kaca_R_4322.jpg,224,224,10.62
Kaca,kaca_R_4323.jpg,224,224,36.38
Kaca,kaca_R_5054.jpg,224,224,7.13
Kaca,kaca_R_5055.jpg,224,224,6.28
Kaca,kaca_R_5056.jpg,224,224,9.12
Kaca,kaca_R_5057.jpg,224,224,6.26
Kaca,kaca_R_5058.jpg,224,224,13.65
Kaca,kaca_R_5059.jpg,224,224,9.54
Kaca,kaca_R_5060.jpg,224,224,9.56
Kaca,kaca_R_5061.jpg,224,224,21.59
Kaca,kaca_R_5062.jpg,224,224,6.38
Kaca,kaca_R_5063.jpg,224,224,9.69
Kaca,kaca_R_5064.jpg,224,224,8.02
Kaca,kaca_R_5065.jpg,224,224,15.55
Kaca,kaca_R_5066.jpg,224,224,7.69
Kaca,kaca_R_5067.jpg,224,224,11.01
Kaca,kaca_R_5068.jpg,224,224,11.86
Kaca,kaca_R_5069.jpg,224,224,13.93
Kaca,kaca_R_5070.jpg,224,224,11.75
Kaca,kaca_R_5071.jpg,224,224,15.61
Kaca,kaca_R_5072.jpg,224,224,13.1
Kaca,kaca_R_5073.jpg,224,224,7.17
Kaca,kaca_R_5074.jpg,224,224,10.31
Kaca,kaca_R_5075.jpg,224,224,9.52
Kaca,kaca_R_5076.jpg,224,224,7.86
Kaca,kaca_R_5077.jpg,224,224,14.01
Kaca,kaca_R_5078.jpg,224,224,10.11
Kaca,kaca_R_5079.jpg,224,224,13.11
Kaca,kaca_R_5080.jpg,224,224,5.25
Kaca,kaca_R_5081.jpg,224,224,18.84
Kaca,kaca_R_5082.jpg,224,224,12.8
Kaca,kaca_R_5083.jpg,224,224,9.62
Kaca,kaca_R_5084.jpg,224,224,9.18
Kaca,kaca_R_5085.jpg,224,224,15.72
Kaca,kaca_R_5086.jpg,224,224,14.39
Kaca,kaca_R_5087.jpg,224,224,16.17
Kaca,kaca_R_5088.jpg,224,224,13.99
Kaca,kaca_R_5089.jpg,224,224,12.7
Kaca,kaca_R_5090.jpg,224,224,12.1
Kaca,kaca_R_5091.jpg,224,224,12.68
Kaca,kaca_R_5092.jpg,224,224,13.3
Kaca,kaca_R_5093.jpg,224,224,9.56
Kaca,kaca_R_5094.jpg,224,224,7.16
Kaca,kaca_R_5095.jpg,224,224,21.52
Kaca,kaca_R_5096.jpg,224,224,6.6
Kaca,kaca_R_5097.jpg,224,224,11.17
Kaca,kaca_R_5098.jpg,224,224,10.13
Kaca,kaca_R_5099.jpg,224,224,10.31
Kaca,kaca_R_5100.jpg,224,224,10.77
Kaca,kaca_R_5101.jpg,224,224,4.78
Kaca,kaca_R_5102.jpg,224,224,13.15
Kaca,kaca_R_5103.jpg,224,224,11.1
Kaca,kaca_R_5104.jpg,224,224,9.19
Kaca,kaca_R_5105.jpg,224,224,15.23
Kaca,kaca_R_5106.jpg,224,224,10.92
Kaca,kaca_R_5107.jpg,224,224,5.6
Kaca,kaca_R_5108.jpg,224,224,12.31
Kaca,kaca_R_5109.jpg,224,224,4.5
Kaca,kaca_R_5110.jpg,224,224,8.1
Kaca,kaca_R_5111.jpg,224,224,16.27
Kaca,kaca_R_5112.jpg,224,224,10.12
Kaca,kaca_R_5113.jpg,224,224,10.61
Kaca,kaca_R_5114.jpg,224,224,15.17
Kaca,kaca_R_5115.jpg,224,224,8.29
Kaca,kaca_R_5116.jpg,224,224,12.77
Kaca,kaca_R_5117.jpg,224,224,12.81
Kaca,kaca_R_5118.jpg,224,224,10.57
Kaca,kaca_R_5119.jpg,224,224,8.6
Kaca,kaca_R_5120.jpg,224,224,7.7
Kaca,kaca_R_5121.jpg,224,224,5.22
Kaca,kaca_R_5122.jpg,224,224,8.99
Kaca,kaca_R_5124.jpg,224,224,10.51
Kaca,kaca_R_5125.jpg,224,224,20.31
Kaca,kaca_R_5126.jpg,224,224,5.49
Kaca,kaca_R_5127.jpg,224,224,11.86
Kaca,kaca_R_5128.jpg,224,224,19.02
Kaca,kaca_R_5129.jpg,224,224,8.53
Kaca,kaca_R_5130.jpg,224,224,4.61
Kaca,kaca_R_5131.jpg,224,224,9.27
Kaca,kaca_R_5132.jpg,224,224,11.56
Kaca,kaca_R_5133.jpg,224,224,9.39
Kaca,kaca_R_5134.jpg,224,224,9.93
Kaca,kaca_R_5135.jpg,224,224,17.37
Kaca,kaca_R_5136.jpg,224,224,9.96
Kaca,kaca_R_5137.jpg,224,224,10.86
Kaca,kaca_R_5138.jpg,224,224,11.02
Kaca,kaca_R_5139.jpg,224,224,15.45
Kaca,kaca_R_5140.jpg,224,224,11.9
Kaca,kaca_R_5141.jpg,224,224,8.87
Kaca,kaca_R_5142.jpg,224,224,11.07
Kaca,kaca_R_5143.jpg,224,224,13.64
Kaca,kaca_R_5144.jpg,224,224,12.74
Kaca,kaca_R_5145.jpg,224,224,15.41
Kaca,kaca_R_5146.jpg,224,224,5.17
Kaca,kaca_R_5147.jpg,224,224,7.86
Kaca,kaca_R_5148.jpg,224,224,7.07
Kaca,kaca_R_5149.jpg,224,224,5.09
Kaca,kaca_R_5150.jpg,224,224,13.37
Kaca,kaca_R_5151.jpg,224,224,3.72
Kaca,kaca_R_5152.jpg,224,224,7.16
Kaca,kaca_R_5153.jpg,224,224,10.83
Kaca,kaca_R_5154.jpg,224,224,11.37
Kaca,kaca_R_5155.jpg,224,224,6.74
Kaca,kaca_R_5156.jpg,224,224,11.72
Kaca,kaca_R_5157.jpg,224,224,9.14
Kaca,kaca_R_5158.jpg,224,224,13.97
Kaca,kaca_R_5159.jpg,224,224,10.04
Kaca,kaca_R_5160.jpg,224,224,12.34
Kaca,kaca_R_5161.jpg,224,224,7.85
Kaca,kaca_R_5162.jpg,224,224,12.08
Kaca,kaca_R_5163.jpg,224,224,13.01
Kaca,kaca_R_5164.jpg,224,224,17.59
Kaca,kaca_R_5165.jpg,224,224,10.13
Kaca,kaca_R_5166.jpg,224,224,18.14
Kaca,kaca_R_5167.jpg,224,224,3.46
Kaca,kaca_R_5168.jpg,224,224,15.19
Kaca,kaca_R_5169.jpg,224,224,5.33
Kaca,kaca_R_5170.jpg,224,224,5.66
Kaca,kaca_R_5171.jpg,224,224,10.77
Kaca,kaca_R_5172.jpg,224,224,11.03
Kaca,kaca_R_5173.jpg,224,224,8.46
Kaca,kaca_R_5174.jpg,224,224,8.79
Kaca,kaca_R_5175.jpg,224,224,9.38
Kaca,kaca_R_5176.jpg,224,224,10.65
Kaca,kaca_R_5177.jpg,224,224,20.61
Kaca,kaca_R_5178.jpg,224,224,10.74
Kaca,kaca_R_5179.jpg,224,224,11.1
Kaca,kaca_R_5180.jpg,224,224,12.33
Kaca,kaca_R_5181.jpg,224,224,22.42
Kaca,kaca_R_5182.jpg,224,224,9.26
Kaca,kaca_R_5183.jpg,224,224,8.05
Kaca,kaca_R_5184.jpg,224,224,5.04
Kaca,kaca_R_5185.jpg,224,224,6.58
Kaca,kaca_R_5186.jpg,224,224,10.66
Kaca,kaca_R_5187.jpg,224,224,16.57
Kaca,kaca_R_5188.jpg,224,224,9.32
Kaca,kaca_R_5189.jpg,224,224,14.45
Kaca,kaca_R_5190.jpg,224,224,6.46
Kaca,kaca_R_5191.jpg,224,224,14.1
Kaca,kaca_R_5192.jpg,224,224,10.35
Kaca,kaca_R_5193.jpg,224,224,15.78
Kaca,kaca_R_5194.jpg,224,224,5.3
Kaca,kaca_R_5195.jpg,224,224,22.96
Kaca,kaca_R_5196.jpg,224,224,12.86
Kaca,kaca_R_5197.jpg,224,224,20.98
Kaca,kaca_R_5198.jpg,224,224,10.47
Kaca,kaca_R_5199.jpg,224,224,3.93
Kaca,kaca_R_5200.jpg,224,224,11.2
Kaca,kaca_R_5201.jpg,224,224,7.83
Kaca,kaca_R_5202.jpg,224,224,11.55
Kaca,kaca_R_5203.jpg,224,224,10.17
Kaca,kaca_R_5204.jpg,224,224,9.02
Kaca,kaca_R_5205.jpg,224,224,10.2
Kaca,kaca_R_5206.jpg,224,224,10.89
Kaca,kaca_R_5207.jpg,224,224,8.89
Kaca,kaca_R_5208.jpg,224,224,7.89
Kaca,kaca_R_5209.jpg,224,224,13.29
Kaca,kaca_R_5210.jpg,224,224,10.49
Kaca,kaca_R_5211.jpg,224,224,11.71
Kaca,kaca_R_5212.jpg,224,224,20.88
Kaca,kaca_R_5213.jpg,224,224,15.28
Kaca,kaca_R_5214.jpg,224,224,9.16
Kaca,kaca_R_5215.jpg,224,224,23.77
Kaca,kaca_R_5216.jpg,224,224,16.32
Kaca,kaca_R_5217.jpg,224,224,11.83
Kaca,kaca_R_5218.jpg,224,224,5.71
Kaca,kaca_R_5219.jpg,224,224,10.62
Kaca,kaca_R_5220.jpg,224,224,7.92
Kaca,kaca_R_5221.jpg,224,224,10.6
Kaca,kaca_R_5222.jpg,224,224,6.97
Kaca,kaca_R_5223.jpg,224,224,9.98
Kaca,kaca_R_5224.jpg,224,224,7.67
Kaca,kaca_R_5225.jpg,224,224,9.91
Kaca,kaca_R_5226.jpg,224,224,11.28
Kaca,kaca_R_5227.jpg,224,224,18.1
Kaca,kaca_R_5228.jpg,224,224,11.58
Kaca,kaca_R_5229.jpg,224,224,17.52
Kaca,kaca_R_5230.jpg,224,224,6.89
Kaca,kaca_R_5231.jpg,224,224,5.83
Kaca,kaca_R_5232.jpg,224,224,16.06
Kaca,kaca_R_5233.jpg,224,224,14.94
Kaca,kaca_R_5234.jpg,224,224,6.61
Kaca,kaca_R_5235.jpg,224,224,20.0
Kaca,kaca_R_5236.jpg,224,224,13.26
Kaca,kaca_R_5237.jpg,224,224,5.16
Kaca,kaca_R_5238.jpg,224,224,6.02
Kaca,kaca_R_5239.jpg,224,224,13.31
Kaca,kaca_R_5240.jpg,224,224,9.39
Kaca,kaca_R_5241.jpg,224,224,6.22
Kaca,kaca_R_5242.jpg,224,224,9.48
Kaca,kaca_R_5243.jpg,224,224,11.76
Kaca,kaca_R_5244.jpg,224,224,15.9
Kaca,kaca_R_5245.jpg,224,224,2.66
Kaca,kaca_R_5246.jpg,224,224,10.95
Kaca,kaca_R_5247.jpg,224,224,17.1
Kaca,kaca_R_5248.jpg,224,224,12.29
Kaca,kaca_R_5249.jpg,224,224,9.82
Kaca,kaca_R_5250.jpg,224,224,7.64
Kaca,kaca_R_5251.jpg,224,224,7.14
Kaca,kaca_R_5252.jpg,224,224,15.87
Kaca,kaca_R_5253.jpg,224,224,12.84
Kaca,kaca_R_5254.jpg,224,224,24.73
Kaca,kaca_R_5255.jpg,224,224,13.56
Kaca,kaca_R_5256.jpg,224,224,12.53
Kaca,kaca_R_5257.jpg,224,224,11.27
Kaca,kaca_R_5258.jpg,224,224,10.25
Kaca,kaca_R_5259.jpg,224,224,16.35
Kaca,kaca_R_5260.jpg,224,224,20.11
Kaca,kaca_R_5261.jpg,224,224,16.32
Kaca,kaca_R_5262.jpg,224,224,20.54
Kaca,kaca_R_5263.jpg,224,224,17.77
Kaca,kaca_R_5264.jpg,224,224,19.27
Kaca,kaca_R_5265.jpg,224,224,18.6
Kaca,kaca_R_5266.jpg,224,224,16.27
Kaca,kaca_R_5267.jpg,224,224,9.91
Kaca,kaca_R_5268.jpg,224,224,8.11
Kaca,kaca_R_5269.jpg,224,224,3.78
Kaca,kaca_R_5270.jpg,224,224,15.36
Kaca,kaca_R_5272.jpg,224,224,15.46
Kaca,kaca_R_5273.jpg,224,224,16.37
Kaca,kaca_R_5274.jpg,224,224,15.22
Kaca,kaca_R_5275.jpg,224,224,17.76
Kaca,kaca_R_5276.jpg,224,224,10.51
Kaca,kaca_R_5277.jpg,224,224,31.96
Kaca,kaca_R_5278.jpg,224,224,20.35
Kaca,kaca_R_5279.jpg,224,224,5.95
Kaca,kaca_R_5280.jpg,224,224,9.15
Kaca,kaca_R_5281.jpg,224,224,7.38
Kaca,kaca_R_5282.jpg,224,224,17.1
Kaca,kaca_R_5283.jpg,224,224,6.69
Kaca,kaca_R_5284.jpg,224,224,14.41
Kaca,kaca_R_5285.jpg,224,224,17.11
Kaca,kaca_R_5286.jpg,224,224,11.63
Kaca,kaca_R_5287.jpg,224,224,16.87
Kaca,kaca_R_5288.jpg,224,224,9.66
Kaca,kaca_R_5289.jpg,224,224,13.38
Kaca,kaca_R_5290.jpg,224,224,3.49
Kaca,kaca_R_5291.jpg,224,224,8.67
Kaca,kaca_R_5292.jpg,224,224,12.64
Kaca,kaca_R_5293.jpg,224,224,8.59
Kaca,kaca_R_5294.jpg,224,224,14.8
Kaca,kaca_R_5295.jpg,224,224,11.68
Kaca,kaca_R_5296.jpg,224,224,9.17
Kaca,kaca_R_5297.jpg,224,224,11.21
Kaca,kaca_R_5298.jpg,224,224,19.5
Kaca,kaca_R_5299.jpg,224,224,18.48
Kaca,kaca_R_5300.jpg,224,224,8.89
Kaca,kaca_R_5301.jpg,224,224,8.18
Kaca,kaca_R_5302.jpg,224,224,8.7
Kaca,kaca_R_5303.jpg,224,224,12.24
Kaca,kaca_R_5304.jpg,224,224,20.88
Kaca,kaca_R_5305.jpg,224,224,11.03
Kaca,kaca_R_5306.jpg,224,224,13.66
Kaca,kaca_R_5307.jpg,224,224,6.63
Kaca,kaca_R_5308.jpg,224,224,20.94
Kaca,kaca_R_5309.jpg,224,224,10.19
Kaca,kaca_R_5310.jpg,224,224,16.78
Kaca,kaca_R_5311.jpg,224,224,15.35
Kaca,kaca_R_5312.jpg,224,224,15.57
Kaca,kaca_R_5313.jpg,224,224,6.07
Kaca,kaca_R_5314.jpg,224,224,7.75
Kaca,kaca_R_5315.jpg,224,224,13.0
Kaca,kaca_R_5316.jpg,224,224,12.1
Kaca,kaca_R_5317.jpg,224,224,10.79
Kaca,kaca_R_5318.jpg,224,224,16.53
Kaca,kaca_R_5319.jpg,224,224,22.24
Kaca,kaca_R_5320.jpg,224,224,10.01
Kaca,kaca_R_5321.jpg,224,224,6.86
Kaca,kaca_R_5322.jpg,224,224,22.62
Kaca,kaca_R_5323.jpg,224,224,16.85
Kaca,kaca_R_5324.jpg,224,224,5.4
Kaca,kaca_R_5325.jpg,224,224,6.94
Kaca,kaca_R_5326.jpg,224,224,17.9
Kaca,kaca_R_5327.jpg,224,224,15.92
Kaca,kaca_R_5328.jpg,224,224,9.56
Kaca,kaca_R_5329.jpg,224,224,12.49
Kaca,kaca_R_5330.jpg,224,224,4.91
Kaca,kaca_R_5331.jpg,224,224,11.22
Kaca,kaca_R_5332.jpg,224,224,8.33
Kaca,kaca_R_5333.jpg,224,224,8.32
Kaca,kaca_R_5334.jpg,224,224,6.76
Kaca,kaca_R_5335.jpg,224,224,18.32
Kaca,kaca_R_5336.jpg,224,224,17.0
Kaca,kaca_R_5337.jpg,224,224,27.3
Kaca,kaca_R_5338.jpg,224,224,18.87
Kaca,kaca_R_5339.jpg,224,224,11.54
Kaca,kaca_R_5340.jpg,224,224,14.42
Kaca,kaca_R_5341.jpg,224,224,18.02
Kaca,kaca_R_5342.jpg,224,224,16.98
Kaca,kaca_R_5343.jpg,224,224,12.96
Kaca,kaca_R_5344.jpg,224,224,18.09
Kaca,kaca_R_5345.jpg,224,224,12.99
Kaca,kaca_R_5346.jpg,224,224,13.16
Kaca,kaca_R_5347.jpg,224,224,11.69
Kaca,kaca_R_5348.jpg,224,224,7.99
Kaca,kaca_R_5349.jpg,224,224,7.83
Kaca,kaca_R_5350.jpg,224,224,13.51
Kaca,kaca_R_5351.jpg,224,224,5.29
Kaca,kaca_R_5352.jpg,224,224,7.12
Kaca,kaca_R_5353.jpg,224,224,10.64
Kaca,kaca_R_5354.jpg,224,224,16.63
Kaca,kaca_R_5355.jpg,224,224,14.89
Kaca,kaca_R_5356.jpg,224,224,10.84
Kaca,kaca_R_5357.jpg,224,224,19.61
Kaca,kaca_R_5358.jpg,224,224,16.68
Kaca,kaca_R_5359.jpg,224,224,4.66
Kaca,kaca_R_5360.jpg,224,224,20.0
Kaca,kaca_R_5361.jpg,224,224,11.31
Kaca,kaca_R_5362.jpg,224,224,6.49
Kaca,kaca_R_5363.jpg,224,224,14.98
Kaca,kaca_R_5364.jpg,224,224,22.7
Kaca,kaca_R_5365.jpg,224,224,13.6
Kaca,kaca_R_5366.jpg,224,224,6.02
Kaca,kaca_R_5367.jpg,224,224,16.82
Kaca,kaca_R_5368.jpg,224,224,4.61
Kaca,kaca_R_5369.jpg,224,224,30.58
Kaca,kaca_R_5370.jpg,224,224,19.4
Kaca,kaca_R_5371.jpg,224,224,11.59
Kaca,kaca_R_5372.jpg,224,224,14.18
Kaca,kaca_R_5373.jpg,224,224,9.34
Kaca,kaca_R_5374.jpg,224,224,6.4
Kaca,kaca_R_5375.jpg,224,224,19.1
Kaca,kaca_R_5376.jpg,224,224,8.87
Kaca,kaca_R_5377.jpg,224,224,12.48
Kaca,kaca_R_5378.jpg,224,224,7.95
Kaca,kaca_R_5379.jpg,224,224,10.68
Kaca,kaca_R_5380.jpg,224,224,7.94
Kaca,kaca_R_5381.jpg,224,224,7.12
Kaca,kaca_R_5382.jpg,224,224,12.12
Kaca,kaca_R_5383.jpg,224,224,14.18
Kaca,kaca_R_5384.jpg,224,224,25.21
Kaca,kaca_R_5385.jpg,224,224,17.45
Kaca,kaca_R_5386.jpg,224,224,16.49
Kaca,kaca_R_5387.jpg,224,224,12.0
Kaca,kaca_R_5388.jpg,224,224,21.58
Kaca,kaca_R_5389.jpg,224,224,17.25
Kaca,kaca_R_5390.jpg,224,224,10.65
Kaca,kaca_R_5391.jpg,224,224,13.42
Kaca,kaca_R_5392.jpg,224,224,7.54
Kaca,kaca_R_5393.jpg,224,224,9.0
Kaca,kaca_R_5394.jpg,224,224,10.3
Kaca,kaca_R_5395.jpg,224,224,15.0
Kaca,kaca_R_5396.jpg,224,224,17.27
Kaca,kaca_R_5397.jpg,224,224,14.23
Kaca,kaca_R_5398.jpg,224,224,5.97
Kaca,kaca_R_5399.jpg,224,224,13.72
Kaca,kaca_R_5400.jpg,224,224,28.94
Kaca,kaca_R_5401.jpg,224,224,10.84
Kaca,kaca_R_5402.jpg,224,224,12.67
Kaca,kaca_R_5403.jpg,224,224,15.13
Kaca,kaca_R_5404.jpg,224,224,20.32
Kaca,kaca_R_5405.jpg,224,224,9.31
Kaca,kaca_R_5406.jpg,224,224,12.36
Kaca,kaca_R_5407.jpg,224,224,16.57
Kaca,kaca_R_5408.jpg,224,224,11.08
Kaca,kaca_R_5409.jpg,224,224,13.84
Kaca,kaca_R_5410.jpg,224,224,17.45
Kaca,kaca_R_5411.jpg,224,224,10.21
Kaca,kaca_R_5412.jpg,224,224,5.78
Kaca,kaca_R_5413.jpg,224,224,12.98
Kaca,kaca_R_5414.jpg,224,224,21.67
Kaca,kaca_R_5415.jpg,224,224,9.92
Kaca,kaca_R_5416.jpg,224,224,13.04
Kaca,kaca_R_5417.jpg,224,224,16.07
Kaca,kaca_R_5418.jpg,224,224,15.74
Kaca,kaca_R_5419.jpg,224,224,23.32
Kaca,kaca_R_5420.jpg,224,224,18.06
Kaca,kaca_R_5421.jpg,224,224,12.16
Kaca,kaca_R_5422.jpg,224,224,18.71
Kaca,kaca_R_5423.jpg,224,224,14.6
Kaca,kaca_R_5424.jpg,224,224,28.55
Kaca,kaca_R_5425.jpg,224,224,26.38
Kaca,kaca_R_5426.jpg,224,224,12.57
Kaca,kaca_R_5427.jpg,224,224,6.15
Kaca,kaca_R_5428.jpg,224,224,13.89
Kaca,kaca_R_5429.jpg,224,224,25.02
Kaca,kaca_R_5430.jpg,224,224,17.93
Kaca,kaca_R_5431.jpg,224,224,18.15
Kaca,kaca_R_5432.jpg,224,224,29.65
Kaca,kaca_R_5433.jpg,224,224,16.47
Kaca,kaca_R_5434.jpg,224,224,14.15
Kaca,kaca_R_5435.jpg,224,224,21.13
Kaca,kaca_R_5436.jpg,224,224,6.53
Kaca,kaca_R_5437.jpg,224,224,8.76
Kaca,kaca_R_5438.jpg,224,224,18.15
Kaca,kaca_R_5439.jpg,224,224,9.61
Kaca,kaca_R_5440.jpg,224,224,19.54
Kaca,kaca_R_5441.jpg,224,224,23.38
Kaca,kaca_R_5442.jpg,224,224,11.77
Kaca,kaca_R_5443.jpg,224,224,9.98
Kaca,kaca_R_5444.jpg,224,224,27.0
Kaca,kaca_R_5445.jpg,224,224,14.06
Kaca,kaca_R_5446.jpg,224,224,5.57
Kaca,kaca_R_5447.jpg,224,224,16.65
Kaca,kaca_R_5448.jpg,224,224,11.45
Kaca,kaca_R_5449.jpg,224,224,17.03
Kaca,kaca_R_5450.jpg,224,224,12.35
Kaca,kaca_R_5451.jpg,224,224,18.13
Kaca,kaca_R_5452.jpg,224,224,23.14
Kaca,kaca_R_5453.jpg,224,224,8.46
Kaca,kaca_R_5454.jpg,224,224,15.04
Kaca,kaca_R_5455.jpg,224,224,15.25
Kaca,kaca_R_5456.jpg,224,224,31.02
Kaca,kaca_R_5457.jpg,224,224,9.24
Kaca,kaca_R_5458.jpg,224,224,18.67
Kaca,kaca_R_5459.jpg,224,224,14.18
Kaca,kaca_R_5460.jpg,224,224,13.07
Kaca,kaca_R_5461.jpg,224,224,14.94
Kaca,kaca_R_5462.jpg,224,224,15.39
Kaca,kaca_R_5463.jpg,224,224,16.4
Kaca,kaca_R_5464.jpg,224,224,21.1
Kaca,kaca_R_5465.jpg,224,224,17.06
Kaca,kaca_R_5466.jpg,224,224,7.93
Kaca,kaca_R_5467.jpg,224,224,9.61
Kaca,kaca_R_5468.jpg,224,224,18.6
Kaca,kaca_R_5469.jpg,224,224,12.38
Kaca,kaca_R_5470.jpg,224,224,15.45
Kaca,kaca_R_5471.jpg,224,224,16.74
Kaca,kaca_R_5472.jpg,224,224,14.27
Kaca,kaca_R_5473.jpg,224,224,11.26
Kaca,kaca_R_5474.jpg,224,224,20.94
Kaca,kaca_R_5475.jpg,224,224,9.83
Kaca,kaca_R_5476.jpg,224,224,7.01
Kaca,kaca_R_5477.jpg,224,224,12.57
Kaca,kaca_R_5478.jpg,224,224,26.05
Kaca,kaca_R_5479.jpg,224,224,21.05
Kaca,kaca_R_5480.jpg,224,224,13.27
Kaca,kaca_R_5481.jpg,224,224,21.38
Kaca,kaca_R_5482.jpg,224,224,17.78
Kaca,kaca_R_5483.jpg,224,224,13.19
Kaca,kaca_R_5484.jpg,224,224,13.37
Kaca,kaca_R_5485.jpg,224,224,17.23
Kaca,kaca_R_5486.jpg,224,224,20.16
Kaca,kaca_R_5487.jpg,224,224,6.52
Kaca,kaca_R_5488.jpg,224,224,15.72
Kaca,kaca_R_5489.jpg,224,224,14.89
Kaca,kaca_R_5490.jpg,224,224,8.12
Kaca,kaca_R_5491.jpg,224,224,12.19
Kaca,kaca_R_5492.jpg,224,224,21.46
Kaca,kaca_R_5493.jpg,224,224,12.9
Kaca,kaca_R_5494.jpg,224,224,18.08
Kaca,kaca_R_5495.jpg,224,224,18.0
Kaca,kaca_R_5496.jpg,224,224,24.82
Kaca,kaca_R_5497.jpg,224,224,9.44
Kaca,kaca_R_5498.jpg,224,224,13.91
Kaca,kaca_R_5499.jpg,224,224,21.92
Kaca,kaca_R_5500.jpg,224,224,14.24
Kaca,kaca_R_5501.jpg,224,224,17.08
Kaca,kaca_R_5502.jpg,224,224,13.32
Kaca,kaca_R_5503.jpg,224,224,13.72
Kaca,kaca_R_5504.jpg,224,224,14.77
Kaca,kaca_R_5505.jpg,224,224,23.28
Kaca,kaca_R_5506.jpg,224,224,7.68
Kaca,kaca_R_5507.jpg,224,224,13.77
Kaca,kaca_R_5508.jpg,224,224,4.77
Kaca,kaca_R_5509.jpg,224,224,7.96
Kaca,kaca_R_5510.jpg,224,224,8.93
Kaca,kaca_R_5511.jpg,224,224,25.47
Kaca,kaca_R_5512.jpg,224,224,13.9
Kaca,kaca_R_5513.jpg,224,224,12.56
Kaca,kaca_R_5514.jpg,224,224,10.86
Kaca,kaca_R_5515.jpg,224,224,19.43
Kaca,kaca_R_5516.jpg,224,224,15.39
Kaca,kaca_R_5517.jpg,224,224,8.22
Kaca,kaca_R_5518.jpg,224,224,20.68
Kaca,kaca_R_5519.jpg,224,224,10.53
Kaca,kaca_R_5520.jpg,224,224,14.56
Kaca,kaca_R_5521.jpg,224,224,18.85
Kaca,kaca_R_5522.jpg,224,224,22.74
Kaca,kaca_R_5523.jpg,224,224,21.45
Kaca,kaca_R_5524.jpg,224,224,16.32
Kaca,kaca_R_5525.jpg,224,224,18.43
Kaca,kaca_R_5526.jpg,224,224,12.31
Kaca,kaca_R_5527.jpg,224,224,17.78
Kaca,kaca_R_5528.jpg,224,224,24.05
Kaca,kaca_R_5529.jpg,224,224,21.03
Kaca,kaca_R_5530.jpg,224,224,15.99
Kaca,kaca_R_5531.jpg,224,224,22.52
Kaca,kaca_R_5532.jpg,224,224,21.24
Kaca,kaca_R_5533.jpg,224,224,11.94
Kaca,kaca_R_5534.jpg,224,224,17.42
Kaca,kaca_R_5535.jpg,224,224,14.64
Kaca,kaca_R_5536.jpg,224,224,18.17
Kaca,kaca_R_5537.jpg,224,224,10.36
Kaca,kaca_R_5538.jpg,224,224,13.18
Kaca,kaca_R_5539.jpg,224,224,9.36
Kaca,kaca_R_5540.jpg,224,224,15.14
Kaca,kaca_R_5541.jpg,224,224,15.5
Kaca,kaca_R_5542.jpg,224,224,16.39
Kaca,kaca_R_5543.jpg,224,224,11.89
Kaca,kaca_R_5544.jpg,224,224,21.18
Kaca,kaca_R_5545.jpg,224,224,21.86
Kaca,kaca_R_5546.jpg,224,224,13.9
Kaca,kaca_R_5547.jpg,224,224,15.04
Kaca,kaca_R_5548.jpg,224,224,22.48
Kaca,kaca_R_5549.jpg,224,224,13.81
Kaca,kaca_R_5550.jpg,224,224,8.86
Kaca,kaca_R_5551.jpg,224,224,12.01
Kaca,kaca_R_5552.jpg,224,224,19.95
Kaca,kaca_R_5553.jpg,224,224,11.56
Kaca,kaca_R_5554.jpg,224,224,18.86
Kaca,kaca_R_5555.jpg,224,224,12.32
Kaca,kaca_R_5556.jpg,224,224,15.57
Kaca,kaca_R_5557.jpg,224,224,9.45
Kaca,kaca_R_5558.jpg,224,224,31.12
Kaca,kaca_R_5559.jpg,224,224,8.36
Kaca,kaca_R_5560.jpg,224,224,13.63
Kaca,kaca_R_5561.jpg,224,224,16.12
Kaca,kaca_R_5562.jpg,224,224,12.9
Kaca,kaca_R_5563.jpg,224,224,13.19
Kaca,kaca_R_5564.jpg,224,224,19.26
Kaca,kaca_R_5565.jpg,224,224,24.98
Kaca,kaca_R_5566.jpg,224,224,13.86
Kaca,kaca_R_5567.jpg,224,224,11.63
Kaca,kaca_R_5568.jpg,224,224,13.28
Kaca,kaca_R_5569.jpg,224,224,23.86
Kaca,kaca_R_5570.jpg,224,224,16.15
Kaca,kaca_R_5571.jpg,224,224,17.44
Kaca,kaca_R_5572.jpg,224,224,12.95
Kaca,kaca_R_5573.jpg,224,224,12.36
Kaca,kaca_R_5574.jpg,224,224,16.87
Kaca,kaca_R_5575.jpg,224,224,14.01
Kaca,kaca_R_5576.jpg,224,224,23.32
Kaca,kaca_R_5577.jpg,224,224,19.71
Kaca,kaca_R_5578.jpg,224,224,19.3
Kaca,kaca_R_5579.jpg,224,224,21.51
Kaca,kaca_R_5580.jpg,224,224,8.71
Kaca,kaca_R_5581.jpg,224,224,12.52
Kaca,kaca_R_5582.jpg,224,224,30.63
Kaca,kaca_R_5583.jpg,224,224,11.66
Kaca,kaca_R_5584.jpg,224,224,7.86
Kaca,kaca_R_5585.jpg,224,224,14.75
Kaca,kaca_R_5586.jpg,224,224,15.32
Kaca,kaca_R_5587.jpg,224,224,23.75
Kaca,kaca_R_5588.jpg,224,224,14.85
Kaca,kaca_R_5589.jpg,224,224,7.5
Kaca,kaca_R_5590.jpg,224,224,5.36
Kaca,kaca_R_5591.jpg,224,224,11.04
Kaca,kaca_R_5592.jpg,224,224,14.6
Kaca,kaca_R_5593.jpg,224,224,23.74
Kaca,kaca_R_5594.jpg,224,224,14.5
Kaca,kaca_R_5595.jpg,224,224,17.94
Kaca,kaca_R_5596.jpg,224,224,10.31
Kaca,kaca_R_5597.jpg,224,224,14.72
Kaca,kaca_R_5598.jpg,224,224,22.77
Kaca,kaca_R_5599.jpg,224,224,16.17
Kaca,kaca_R_5600.jpg,224,224,13.62
Kaca,kaca_R_5601.jpg,224,224,20.39
Kaca,kaca_R_5602.jpg,224,224,13.32
Kaca,kaca_R_5603.jpg,224,224,23.66
Kaca,kaca_R_5604.jpg,224,224,24.63
Kaca,kaca_R_5605.jpg,224,224,14.28
Kaca,kaca_R_5606.jpg,224,224,11.72
Kaca,kaca_R_5607.jpg,224,224,9.4
Kaca,kaca_R_5608.jpg,224,224,3.91
Kaca,kaca_R_5609.jpg,224,224,16.88
Kaca,kaca_R_5610.jpg,224,224,21.14
Kaca,kaca_R_5611.jpg,224,224,13.74
Kaca,kaca_R_5612.jpg,224,224,25.28
Kaca,kaca_R_5613.jpg,224,224,15.07
Kaca,kaca_R_5614.jpg,224,224,19.54
Kaca,kaca_R_5615.jpg,224,224,10.7
Kaca,kaca_R_5616.jpg,224,224,17.27
Kaca,kaca_R_5617.jpg,224,224,10.79
Kaca,kaca_R_5618.jpg,224,224,20.5
Kaca,kaca_R_5619.jpg,224,224,18.16
Kaca,kaca_R_5620.jpg,224,224,21.08
Kaca,kaca_R_5621.jpg,224,224,13.84
Kaca,kaca_R_5622.jpg,224,224,16.04
Kaca,kaca_R_5623.jpg,224,224,6.69
Kaca,kaca_R_5624.jpg,224,224,3.8
Kaca,kaca_R_5625.jpg,224,224,9.66
Kaca,kaca_R_5626.jpg,224,224,20.57
Kaca,kaca_R_5627.jpg,224,224,18.95
Kaca,kaca_R_5628.jpg,224,224,17.36
Kaca,kaca_R_5629.jpg,224,224,27.49
Kaca,kaca_R_5630.jpg,224,224,13.06
Kaca,kaca_R_5631.jpg,224,224,13.31
Kaca,kaca_R_5632.jpg,224,224,17.14
Kaca,kaca_R_5633.jpg,224,224,14.19
Kaca,kaca_R_5634.jpg,224,224,19.85
Kaca,kaca_R_5635.jpg,224,224,22.55
Kaca,kaca_R_5636.jpg,224,224,14.5
Kaca,kaca_R_5637.jpg,224,224,6.22
Kaca,kaca_R_5638.jpg,224,224,21.13
Kaca,kaca_R_5639.jpg,224,224,7.85
Kaca,kaca_R_5640.jpg,224,224,19.65
Kaca,kaca_R_5641.jpg,224,224,10.88
Kaca,kaca_R_5642.jpg,224,224,25.99
Kaca,kaca_R_5643.jpg,224,224,11.6
Kaca,kaca_R_5644.jpg,224,224,19.51
Kaca,kaca_R_5645.jpg,224,224,12.55
Kaca,kaca_R_5646.jpg,224,224,26.57
Kaca,kaca_R_5647.jpg,224,224,18.59
Kaca,kaca_R_5648.jpg,224,224,20.84
Kaca,kaca_R_5649.jpg,224,224,11.63
Kaca,kaca_R_5650.jpg,224,224,11.61
Kaca,kaca_R_5651.jpg,224,224,19.6
Kaca,kaca_R_5652.jpg,224,224,26.62
Kaca,kaca_R_5653.jpg,224,224,12.41
Kaca,kaca_R_5654.jpg,224,224,16.73
Kaca,kaca_R_5655.jpg,224,224,20.68
Kaca,kaca_R_5656.jpg,224,224,21.19
Kaca,kaca_R_5657.jpg,224,224,16.6
Kaca,kaca_R_5658.jpg,224,224,7.67
Kaca,kaca_R_5659.jpg,224,224,12.89
Kaca,kaca_R_5660.jpg,224,224,17.59
Kaca,kaca_R_5661.jpg,224,224,8.21
Kaca,kaca_R_5662.jpg,224,224,20.54
Kaca,kaca_R_5663.jpg,224,224,4.87
Kaca,kaca_R_5664.jpg,224,224,5.65
Kaca,kaca_R_5665.jpg,224,224,19.26
Kaca,kaca_R_5666.jpg,224,224,15.39
Kaca,kaca_R_5667.jpg,224,224,15.8
Kaca,kaca_R_5668.jpg,224,224,6.87
Kaca,kaca_R_5669.jpg,224,224,22.31
Kaca,kaca_R_5670.jpg,224,224,14.01
Kaca,kaca_R_5671.jpg,224,224,19.05
Kaca,kaca_R_5672.jpg,224,224,7.0
Kaca,kaca_R_5673.jpg,224,224,14.77
Kaca,kaca_R_5674.jpg,224,224,7.16
Kaca,kaca_R_5675.jpg,224,224,19.65
Kaca,kaca_R_5676.jpg,224,224,23.57
Kaca,kaca_R_5677.jpg,224,224,16.68
Kaca,kaca_R_5678.jpg,224,224,27.69
Kaca,kaca_R_5679.jpg,224,224,12.71
Kaca,kaca_R_5680.jpg,224,224,17.55
Kaca,kaca_R_5681.jpg,224,224,17.76
Kaca,kaca_R_5682.jpg,224,224,16.49
Kaca,kaca_R_5683.jpg,224,224,19.89
Kaca,kaca_R_5684.jpg,224,224,13.02
Kaca,kaca_R_5685.jpg,224,224,4.41
Kaca,kaca_R_5686.jpg,224,224,24.74
Kaca,kaca_R_5687.jpg,224,224,23.82
Kaca,kaca_R_5688.jpg,224,224,12.63
Kaca,kaca_R_5689.jpg,224,224,11.37
Kaca,kaca_R_5690.jpg,224,224,17.25
Kaca,kaca_R_5691.jpg,224,224,22.16
Kaca,kaca_R_5692.jpg,224,224,18.77
Kaca,kaca_R_5693.jpg,224,224,23.95
Kaca,kaca_R_5694.jpg,224,224,11.43
Kaca,kaca_R_5695.jpg,224,224,18.38
Kaca,kaca_R_5696.jpg,224,224,4.41
Kaca,kaca_R_5697.jpg,224,224,21.13
Kaca,kaca_R_5698.jpg,224,224,19.32
Kaca,kaca_R_5699.jpg,224,224,19.61
Kaca,kaca_R_5700.jpg,224,224,17.27
Kaca,kaca_R_5701.jpg,224,224,17.15
Kaca,kaca_R_5702.jpg,224,224,14.7
Kaca,kaca_R_5703.jpg,224,224,11.57
Kaca,kaca_R_5704.jpg,224,224,18.07
Kaca,kaca_R_5705.jpg,224,224,17.4
Kaca,kaca_R_5706.jpg,224,224,11.48
Kaca,kaca_R_5707.jpg,224,224,10.75
Kaca,kaca_R_5708.jpg,224,224,26.36
Kaca,kaca_R_5709.jpg,224,224,22.62
Kaca,kaca_R_5710.jpg,224,224,19.62
Kaca,kaca_R_5711.jpg,224,224,17.86
Kaca,kaca_R_9182.jpg,224,224,16.7
Kaca,kaca_R_9183.jpg,224,224,14.72
Kaca,kaca_R_9185.jpg,224,224,11.79
Kaca,kaca_R_9188.jpg,224,224,19.14
Kaca,kaca_R_9190.jpg,224,224,10.18
Kaca,kaca_R_9195.jpg,224,224,10.4
Kaca,kaca_R_9196.jpg,224,224,10.34
Kaca,kaca_R_9197.jpg,224,224,24.33
Kardus,kardus_R_2152.jpg,224,224,7.27
Kardus,kardus_R_2153.jpg,224,224,6.27
Kardus,kardus_R_2154.jpg,224,224,10.23
Kardus,kardus_R_2155.jpg,224,224,9.95
Kardus,kardus_R_2156.jpg,224,224,11.53
Kardus,kardus_R_2157.jpg,224,224,6.52
Kardus,kardus_R_2158.jpg,224,224,13.8
Kardus,kardus_R_2159.jpg,224,224,14.19
Kardus,kardus_R_2160.jpg,224,224,8.72
Kardus,kardus_R_2161.jpg,224,224,8.35
Kardus,kardus_R_2162.jpg,224,224,7.31
Kardus,kardus_R_2163.jpg,224,224,11.54
Kardus,kardus_R_2164.jpg,224,224,7.03
Kardus,kardus_R_2165.jpg,224,224,7.13
Kardus,kardus_R_2166.jpg,224,224,10.08
Kardus,kardus_R_2167.jpg,224,224,12.33
Kardus,kardus_R_2168.jpg,224,224,6.08
Kardus,kardus_R_2169.jpg,224,224,9.23
Kardus,kardus_R_2170.jpg,224,224,9.48
Kardus,kardus_R_2171.jpg,224,224,8.59
Kardus,kardus_R_2172.jpg,224,224,9.0
Kardus,kardus_R_2173.jpg,224,224,6.15
Kardus,kardus_R_2174.jpg,224,224,8.71
Kardus,kardus_R_2175.jpg,224,224,7.97
Kardus,kardus_R_2176.jpg,224,224,10.71
Kardus,kardus_R_2177.jpg,224,224,9.87
Kardus,kardus_R_2178.jpg,224,224,9.59
Kardus,kardus_R_2179.jpg,224,224,10.83
Kardus,kardus_R_2180.jpg,224,224,14.18
Kardus,kardus_R_2181.jpg,224,224,9.98
Kardus,kardus_R_2182.jpg,224,224,14.74
Kardus,kardus_R_2183.jpg,224,224,9.06
Kardus,kardus_R_2184.jpg,224,224,6.64
Kardus,kardus_R_2185.jpg,224,224,10.04
Kardus,kardus_R_2186.jpg,224,224,10.93
Kardus,kardus_R_2187.jpg,224,224,11.15
Kardus,kardus_R_2188.jpg,224,224,14.0
Kardus,kardus_R_2189.jpg,224,224,8.99
Kardus,kardus_R_2190.jpg,224,224,9.61
Kardus,kardus_R_2191.jpg,224,224,13.15
Kardus,kardus_R_2192.jpg,224,224,15.78
Kardus,kardus_R_2193.jpg,224,224,27.46
Kardus,kardus_R_2194.jpg,224,224,7.69
Kardus,kardus_R_2195.jpg,224,224,10.47
Kardus,kardus_R_2196.jpg,224,224,7.2
Kardus,kardus_R_2197.jpg,224,224,9.73
Kardus,kardus_R_2198.jpg,224,224,9.11
Kardus,kardus_R_2199.jpg,224,224,7.32
Kardus,kardus_R_2200.jpg,224,224,13.07
Kardus,kardus_R_2201.jpg,224,224,8.72
Kardus,kardus_R_2202.jpg,224,224,10.77
Kardus,kardus_R_2203.jpg,224,224,9.26
Kardus,kardus_R_2204.jpg,224,224,22.48
Kardus,kardus_R_2205.jpg,224,224,10.25
Kardus,kardus_R_2206.jpg,224,224,23.5
Kardus,kardus_R_2207.jpg,224,224,15.56
Kardus,kardus_R_2208.jpg,224,224,12.25
Kardus,kardus_R_2209.jpg,224,224,17.59
Kardus,kardus_R_2210.jpg,224,224,16.98
Kardus,kardus_R_2211.jpg,224,224,8.56
Kardus,kardus_R_2212.jpg,224,224,6.58
Kardus,kardus_R_2213.jpg,224,224,8.6
Kardus,kardus_R_2214.jpg,224,224,6.4
Kardus,kardus_R_2215.jpg,224,224,7.96
Kardus,kardus_R_2216.jpg,224,224,12.94
Kardus,kardus_R_2217.jpg,224,224,9.46
Kardus,kardus_R_2218.jpg,224,224,8.41
Kardus,kardus_R_2219.jpg,224,224,14.18
Kardus,kardus_R_2220.jpg,224,224,20.59
Kardus,kardus_R_2221.jpg,224,224,10.55
Kardus,kardus_R_2222.jpg,224,224,14.06
Kardus,kardus_R_2223.jpg,224,224,10.62
Kardus,kardus_R_2224.jpg,224,224,8.65
Kardus,kardus_R_2225.jpg,224,224,10.22
Kardus,kardus_R_2226.jpg,224,224,13.27
Kardus,kardus_R_2227.jpg,224,224,12.4
Kardus,kardus_R_2228.jpg,224,224,8.98
Kardus,kardus_R_2229.jpg,224,224,13.53
Kardus,kardus_R_2230.jpg,224,224,5.42
Kardus,kardus_R_2231.jpg,224,224,5.89
Kardus,kardus_R_2232.jpg,224,224,6.93
Kardus,kardus_R_2233.jpg,224,224,25.48
Kardus,kardus_R_2234.jpg,224,224,22.83
Kardus,kardus_R_2235.jpg,224,224,9.6
Kardus,kardus_R_2236.jpg,224,224,18.81
Kardus,kardus_R_2237.jpg,224,224,20.73
Kardus,kardus_R_2238.jpg,224,224,9.62
Kardus,kardus_R_2239.jpg,224,224,12.67
Kardus,kardus_R_2240.jpg,224,224,17.29
Kardus,kardus_R_2241.jpg,224,224,20.77
Kardus,kardus_R_2242.jpg,224,224,16.26
Kardus,kardus_R_2243.jpg,224,224,9.83
Kardus,kardus_R_2244.jpg,224,224,16.83
Kardus,kardus_R_2245.jpg,224,224,9.36
Kardus,kardus_R_2246.jpg,224,224,11.49
Kardus,kardus_R_2247.jpg,224,224,12.32
Kardus,kardus_R_2248.jpg,224,224,8.28
Kardus,kardus_R_2249.jpg,224,224,20.44
Kardus,kardus_R_2250.jpg,224,224,16.02
Kardus,kardus_R_2251.jpg,224,224,15.29
Kardus,kardus_R_2252.jpg,224,224,9.33
Kardus,kardus_R_2253.jpg,224,224,6.07
Kardus,kardus_R_2254.jpg,224,224,9.81
Kardus,kardus_R_2255.jpg,224,224,10.11
Kardus,kardus_R_2256.jpg,224,224,9.02
Kardus,kardus_R_2257.jpg,224,224,13.27
Kardus,kardus_R_2258.jpg,224,224,17.76
Kardus,kardus_R_2259.jpg,224,224,9.79
Kardus,kardus_R_2260.jpg,224,224,21.2
Kardus,kardus_R_2261.jpg,224,224,12.17
Kardus,kardus_R_2262.jpg,224,224,10.58
Kardus,kardus_R_2263.jpg,224,224,14.33
Kardus,kardus_R_2264.jpg,224,224,8.43
Kardus,kardus_R_2265.jpg,224,224,8.67
Kardus,kardus_R_2266.jpg,224,224,13.58
Kardus,kardus_R_2267.jpg,224,224,7.98
Kardus,kardus_R_2268.jpg,224,224,11.99
Kardus,kardus_R_2269.jpg,224,224,11.13
Kardus,kardus_R_2270.jpg,224,224,13.58
Kardus,kardus_R_2271.jpg,224,224,14.98
Kardus,kardus_R_2272.jpg,224,224,9.35
Kardus,kardus_R_2273.jpg,224,224,13.0
Kardus,kardus_R_2274.jpg,224,224,12.71
Kardus,kardus_R_2275.jpg,224,224,5.48
Kardus,kardus_R_2276.jpg,224,224,9.04
Kardus,kardus_R_2277.jpg,224,224,14.47
Kardus,kardus_R_2278.jpg,224,224,16.5
Kardus,kardus_R_2279.jpg,224,224,7.01
Kardus,kardus_R_2280.jpg,224,224,5.33
Kardus,kardus_R_2281.jpg,224,224,15.92
Kardus,kardus_R_2282.jpg,224,224,10.92
Kardus,kardus_R_2283.jpg,224,224,4.12
Kardus,kardus_R_2284.jpg,224,224,9.84
Kardus,kardus_R_2285.jpg,224,224,7.91
Kardus,kardus_R_2286.jpg,224,224,15.39
Kardus,kardus_R_2287.jpg,224,224,13.68
Kardus,kardus_R_2288.jpg,224,224,8.48
Kardus,kardus_R_2289.jpg,224,224,16.19
Kardus,kardus_R_2290.jpg,224,224,18.23
Kardus,kardus_R_2291.jpg,224,224,9.39
Kardus,kardus_R_2292.jpg,224,224,20.61
Kardus,kardus_R_2293.jpg,224,224,14.68
Kardus,kardus_R_2294.jpg,224,224,12.63
Kardus,kardus_R_2295.jpg,224,224,9.34
Kardus,kardus_R_2296.jpg,224,224,15.45
Kardus,kardus_R_2297.jpg,224,224,15.66
Kardus,kardus_R_2298.jpg,224,224,6.14
Kardus,kardus_R_2299.jpg,224,224,23.08
Kardus,kardus_R_2300.jpg,224,224,21.29
Kardus,kardus_R_2301.jpg,224,224,20.21
Kardus,kardus_R_2302.jpg,224,224,12.5
Kardus,kardus_R_2303.jpg,224,224,9.03
Kardus,kardus_R_2304.jpg,224,224,10.32
Kardus,kardus_R_2305.jpg,224,224,18.15
Kardus,kardus_R_2306.jpg,224,224,11.43
Kardus,kardus_R_2307.jpg,224,224,9.42
Kardus,kardus_R_2308.jpg,224,224,6.79
Kardus,kardus_R_2309.jpg,224,224,10.77
Kardus,kardus_R_2310.jpg,224,224,11.21
Kardus,kardus_R_2311.jpg,224,224,12.08
Kardus,kardus_R_2312.jpg,224,224,9.85
Kardus,kardus_R_2313.jpg,224,224,16.55
Kardus,kardus_R_2314.jpg,224,224,15.14
Kardus,kardus_R_2315.jpg,224,224,8.64
Kardus,kardus_R_2316.jpg,224,224,9.18
Kardus,kardus_R_2317.jpg,224,224,15.83
Kardus,kardus_R_2318.jpg,224,224,8.53
Kardus,kardus_R_2319.jpg,224,224,9.3
Kardus,kardus_R_2320.jpg,224,224,9.29
Kardus,kardus_R_2321.jpg,224,224,7.0
Kardus,kardus_R_2322.jpg,224,224,16.66
Kardus,kardus_R_2323.jpg,224,224,20.16
Kardus,kardus_R_2324.jpg,224,224,14.83
Kardus,kardus_R_2325.jpg,224,224,10.59
Kardus,kardus_R_2326.jpg,224,224,11.8
Kardus,kardus_R_2327.jpg,224,224,11.02
Kardus,kardus_R_2328.jpg,224,224,9.07
Kardus,kardus_R_2329.jpg,224,224,21.22
Kardus,kardus_R_2330.jpg,224,224,13.96
Kardus,kardus_R_2331.jpg,224,224,11.42
Kardus,kardus_R_2332.jpg,224,224,5.14
Kardus,kardus_R_2333.jpg,224,224,14.56
Kardus,kardus_R_2334.jpg,224,224,10.23
Kardus,kardus_R_2335.jpg,224,224,18.35
Kardus,kardus_R_2336.jpg,224,224,9.46
Kardus,kardus_R_2337.jpg,224,224,11.19
Kardus,kardus_R_2338.jpg,224,224,19.54
Kardus,kardus_R_2339.jpg,224,224,9.0
Kardus,kardus_R_2340.jpg,224,224,12.27
Kardus,kardus_R_2341.jpg,224,224,12.6
Kardus,kardus_R_2342.jpg,224,224,19.92
Kardus,kardus_R_2343.jpg,224,224,16.49
Kardus,kardus_R_2344.jpg,224,224,19.4
Kardus,kardus_R_2345.jpg,224,224,8.55
Kardus,kardus_R_2346.jpg,224,224,23.64
Kardus,kardus_R_2347.jpg,224,224,9.21
Kardus,kardus_R_2348.jpg,224,224,11.59
Kardus,kardus_R_2349.jpg,224,224,15.78
Kardus,kardus_R_2350.jpg,224,224,7.67
Kardus,kardus_R_2351.jpg,224,224,9.58
Kardus,kardus_R_2352.jpg,224,224,9.0
Kardus,kardus_R_2353.jpg,224,224,22.68
Kardus,kardus_R_2354.jpg,224,224,17.82
Kardus,kardus_R_2355.jpg,224,224,13.32
Kardus,kardus_R_2356.jpg,224,224,7.34
Kardus,kardus_R_2357.jpg,224,224,7.25
Kardus,kardus_R_2358.jpg,224,224,14.31
Kardus,kardus_R_2359.jpg,224,224,5.41
Kardus,kardus_R_2360.jpg,224,224,18.11
Kardus,kardus_R_2361.jpg,224,224,11.68
Kardus,kardus_R_2362.jpg,224,224,10.07
Kardus,kardus_R_2363.jpg,224,224,19.83
Kardus,kardus_R_2364.jpg,224,224,11.09
Kardus,kardus_R_2365.jpg,224,224,9.27
Kardus,kardus_R_2366.jpg,224,224,10.3
Kardus,kardus_R_2367.jpg,224,224,11.25
Kardus,kardus_R_2368.jpg,224,224,11.56
Kardus,kardus_R_2369.jpg,224,224,11.01
Kardus,kardus_R_2370.jpg,224,224,12.76
Kardus,kardus_R_2371.jpg,224,224,18.22
Kardus,kardus_R_2372.jpg,224,224,10.57
Kardus,kardus_R_2373.jpg,224,224,7.18
Kardus,kardus_R_2374.jpg,224,224,5.44
Kardus,kardus_R_2375.jpg,224,224,14.77
Kardus,kardus_R_2376.jpg,224,224,17.49
Kardus,kardus_R_2377.jpg,224,224,8.69
Kardus,kardus_R_2378.jpg,224,224,23.59
Kardus,kardus_R_2379.jpg,224,224,8.44
Kardus,kardus_R_2380.jpg,224,224,13.89
Kardus,kardus_R_2381.jpg,224,224,8.27
Kardus,kardus_R_2382.jpg,224,224,19.01
Kardus,kardus_R_2383.jpg,224,224,11.46
Kardus,kardus_R_2384.jpg,224,224,24.64
Kardus,kardus_R_2385.jpg,224,224,19.58
Kardus,kardus_R_2386.jpg,224,224,8.77
Kardus,kardus_R_2387.jpg,224,224,15.33
Kardus,kardus_R_2388.jpg,224,224,10.7
Kardus,kardus_R_2389.jpg,224,224,6.27
Kardus,kardus_R_2390.jpg,224,224,16.25
Kardus,kardus_R_2391.jpg,224,224,9.35
Kardus,kardus_R_2392.jpg,224,224,15.21
Kardus,kardus_R_2393.jpg,224,224,15.39
Kardus,kardus_R_2394.jpg,224,224,13.59
Kardus,kardus_R_2395.jpg,224,224,8.42
Kardus,kardus_R_2399.jpg,224,224,14.87
Kardus,kardus_R_2400.jpg,224,224,22.71
Kardus,kardus_R_2401.jpg,224,224,11.74
Kardus,kardus_R_2402.jpg,224,224,14.7
Kardus,kardus_R_2403.jpg,224,224,30.69
Kardus,kardus_R_2404.jpg,224,224,27.96
Kardus,kardus_R_2406.jpg,224,224,9.74
Kardus,kardus_R_2407.jpg,224,224,12.54
Kardus,kardus_R_2408.jpg,224,224,7.43
Kardus,kardus_R_2409.jpg,224,224,9.16
Kardus,kardus_R_2410.jpg,224,224,11.55
Kardus,kardus_R_2411.jpg,224,224,14.71
Kardus,kardus_R_2412.jpg,224,224,17.76
Kardus,kardus_R_2413.jpg,224,224,24.16
Kardus,kardus_R_2414.jpg,224,224,9.13
Kardus,kardus_R_2415.jpg,224,224,11.35
Kardus,kardus_R_2416.jpg,224,224,11.77
Kardus,kardus_R_2417.jpg,224,224,19.58
Kardus,kardus_R_2418.jpg,224,224,13.58
Kardus,kardus_R_2419.jpg,224,224,13.46
Kardus,kardus_R_2420.jpg,224,224,15.67
Kardus,kardus_R_2421.jpg,224,224,12.02
Kardus,kardus_R_2422.jpg,224,224,11.69
Kardus,kardus_R_2423.jpg,224,224,11.82
Kardus,kardus_R_2424.jpg,224,224,21.72
Kardus,kardus_R_2425.jpg,224,224,6.62
Kardus,kardus_R_2426.jpg,224,224,17.05
Kardus,kardus_R_2427.jpg,224,224,16.75
Kardus,kardus_R_2428.jpg,224,224,8.29
Kardus,kardus_R_2429.jpg,224,224,22.28
Kardus,kardus_R_2430.jpg,224,224,8.99
Kardus,kardus_R_2431.jpg,224,224,9.11
Kardus,kardus_R_2432.jpg,224,224,8.47
Kardus,kardus_R_2433.jpg,224,224,26.13
Kardus,kardus_R_2434.jpg,224,224,12.43
Kardus,kardus_R_2435.jpg,224,224,5.03
Kardus,kardus_R_2436.jpg,224,224,17.52
Kardus,kardus_R_2437.jpg,224,224,20.0
Kardus,kardus_R_2438.jpg,224,224,14.44
Kardus,kardus_R_2439.jpg,224,224,14.12
Kardus,kardus_R_2440.jpg,224,224,24.45
Kardus,kardus_R_2441.jpg,224,224,14.72
Kardus,kardus_R_2442.jpg,224,224,12.5
Kardus,kardus_R_2443.jpg,224,224,21.29
Kardus,kardus_R_2444.jpg,224,224,17.61
Kardus,kardus_R_2445.jpg,224,224,22.16
Kardus,kardus_R_2446.jpg,224,224,7.78
Kardus,kardus_R_2447.jpg,224,224,14.24
Kardus,kardus_R_2448.jpg,224,224,13.47
Kardus,kardus_R_2449.jpg,224,224,21.83
Kardus,kardus_R_2450.jpg,224,224,5.92
Kardus,kardus_R_2451.jpg,224,224,27.86
Kardus,kardus_R_2452.jpg,224,224,10.09
Kardus,kardus_R_2453.jpg,224,224,16.35
Kardus,kardus_R_2454.jpg,224,224,11.39
Kardus,kardus_R_2455.jpg,224,224,10.53
Kardus,kardus_R_2456.jpg,224,224,12.06
Kardus,kardus_R_2457.jpg,224,224,23.09
Kardus,kardus_R_2458.jpg,224,224,17.63
Kardus,kardus_R_2459.jpg,224,224,16.42
Kardus,kardus_R_2460.jpg,224,224,10.82
Kardus,kardus_R_2461.jpg,224,224,13.49
Kardus,kardus_R_2462.jpg,224,224,12.24
Kardus,kardus_R_2463.jpg,224,224,10.06
Kardus,kardus_R_2464.jpg,224,224,14.84
Kardus,kardus_R_2465.jpg,224,224,17.06
Kardus,kardus_R_2466.jpg,224,224,15.37
Kardus,kardus_R_2467.jpg,224,224,7.83
Kardus,kardus_R_2468.jpg,224,224,12.13
Kardus,kardus_R_2469.jpg,224,224,19.37
Kardus,kardus_R_2470.jpg,224,224,16.29
Kardus,kardus_R_2471.jpg,224,224,18.99
Kardus,kardus_R_2472.jpg,224,224,13.1
Kardus,kardus_R_2473.jpg,224,224,21.09
Kardus,kardus_R_2474.jpg,224,224,28.11
Kardus,kardus_R_2475.jpg,224,224,17.47
Kardus,kardus_R_2476.jpg,224,224,12.67
Kardus,kardus_R_2477.jpg,224,224,28.49
Kardus,kardus_R_2478.jpg,224,224,27.44
Kardus,kardus_R_2479.jpg,224,224,21.33
Kardus,kardus_R_2480.jpg,224,224,20.31
Kardus,kardus_R_2481.jpg,224,224,14.15
Kardus,kardus_R_2482.jpg,224,224,10.87
Kardus,kardus_R_2483.jpg,224,224,13.9
Kardus,kardus_R_2484.jpg,224,224,15.14
Kardus,kardus_R_2485.jpg,224,224,31.11
Kardus,kardus_R_2486.jpg,224,224,12.71
Kardus,kardus_R_2487.jpg,224,224,10.57
Kardus,kardus_R_2488.jpg,224,224,27.28
Kardus,kardus_R_2489.jpg,224,224,7.56
Kardus,kardus_R_2490.jpg,224,224,14.97
Kardus,kardus_R_6914.jpg,224,224,11.79
Kardus,kardus_R_6915.jpg,224,224,8.73
Kardus,kardus_R_6916.jpg,224,224,7.08
Kardus,kardus_R_6917.jpg,224,224,11.07
Kardus,kardus_R_6918.jpg,224,224,11.37
Kardus,kardus_R_6919.jpg,224,224,13.38
Kardus,kardus_R_6920.jpg,224,224,9.25
Kardus,kardus_R_6921.jpg,224,224,8.24
Kardus,kardus_R_6922.jpg,224,224,12.49
Kardus,kardus_R_6923.jpg,224,224,6.46
Kardus,kardus_R_6924.jpg,224,224,10.4
Kardus,kardus_R_6925.jpg,224,224,17.05
Kardus,kardus_R_6926.jpg,224,224,9.42
Kardus,kardus_R_6927.jpg,224,224,12.37
Kardus,kardus_R_6928.jpg,224,224,9.02
Kardus,kardus_R_6929.jpg,224,224,14.11
Kardus,kardus_R_6930.jpg,224,224,8.14
Kardus,kardus_R_6931.jpg,224,224,9.84
Kardus,kardus_R_6932.jpg,224,224,8.0
Kardus,kardus_R_6933.jpg,224,224,9.55
Kardus,kardus_R_6936.jpg,224,224,12.48
Kardus,kardus_R_6937.jpg,224,224,9.15
Kardus,kardus_R_6938.jpg,224,224,11.57
Kardus,kardus_R_6939.jpg,224,224,8.52
Kardus,kardus_R_6940.jpg,224,224,7.84
Kardus,kardus_R_6941.jpg,224,224,8.47
Kardus,kardus_R_6942.jpg,224,224,6.71
Kardus,kardus_R_6943.jpg,224,224,12.3
Kardus,kardus_R_6944.jpg,224,224,11.51
Kardus,kardus_R_6945.jpg,224,224,9.44
Kardus,kardus_R_6946.jpg,224,224,5.1
Kardus,kardus_R_6947.jpg,224,224,8.4
Kardus,kardus_R_6948.jpg,224,224,17.34
Kardus,kardus_R_6949.jpg,224,224,8.94
Kardus,kardus_R_6950.jpg,224,224,8.13
Kardus,kardus_R_6951.jpg,224,224,14.6
Kardus,kardus_R_6952.jpg,224,224,10.68
Kardus,kardus_R_6953.jpg,224,224,9.28
Kardus,kardus_R_6955.jpg,224,224,7.83
Kardus,kardus_R_6956.jpg,224,224,10.92
Kardus,kardus_R_6957.jpg,224,224,18.62
Kardus,kardus_R_6958.jpg,224,224,13.1
Kardus,kardus_R_6959.jpg,224,224,9.16
Kardus,kardus_R_6960.jpg,224,224,14.36
Kardus,kardus_R_6961.jpg,224,224,9.63
Kardus,kardus_R_6962.jpg,224,224,9.51
Kardus,kardus_R_6963.jpg,224,224,15.04
Kardus,kardus_R_6964.jpg,224,224,9.09
Kardus,kardus_R_6965.jpg,224,224,8.85
Kardus,kardus_R_6966.jpg,224,224,8.84
Kardus,kardus_R_6967.jpg,224,224,28.63
Kardus,kardus_R_6968.jpg,224,224,10.08
Kardus,kardus_R_6969.jpg,224,224,6.6
Kardus,kardus_R_6970.jpg,224,224,11.29
Kardus,kardus_R_6971.jpg,224,224,13.56
Kardus,kardus_R_6972.jpg,224,224,12.0
Kardus,kardus_R_6973.jpg,224,224,6.37
Kardus,kardus_R_6974.jpg,224,224,20.76
Kardus,kardus_R_6975.jpg,224,224,15.72
Kardus,kardus_R_6976.jpg,224,224,16.87
Kardus,kardus_R_6977.jpg,224,224,12.86
Kardus,kardus_R_6978.jpg,224,224,11.53
Kardus,kardus_R_6980.jpg,224,224,7.82
Kardus,kardus_R_6981.jpg,224,224,11.64
Kardus,kardus_R_6982.jpg,224,224,10.08
Kardus,kardus_R_6983.jpg,224,224,9.91
Kardus,kardus_R_6984.jpg,224,224,11.87
Kardus,kardus_R_6985.jpg,224,224,12.85
Kardus,kardus_R_6986.jpg,224,224,9.67
Kardus,kardus_R_6988.jpg,224,224,13.25
Kardus,kardus_R_6990.jpg,224,224,15.09
Kardus,kardus_R_6991.jpg,224,224,9.1
Kardus,kardus_R_6992.jpg,224,224,13.18
Kardus,kardus_R_6993.jpg,224,224,10.29
Kardus,kardus_R_6994.jpg,224,224,11.47
Kardus,kardus_R_6995.jpg,224,224,8.55
Kardus,kardus_R_6996.jpg,224,224,11.07
Kardus,kardus_R_6997.jpg,224,224,7.7
Kardus,kardus_R_6998.jpg,224,224,11.01
Kardus,kardus_R_6999.jpg,224,224,5.36
Kardus,kardus_R_7000.jpg,224,224,16.38
Kardus,kardus_R_7001.jpg,224,224,10.13
Kardus,kardus_R_7002.jpg,224,224,6.86
Kardus,kardus_R_7003.jpg,224,224,8.63
Kardus,kardus_R_7005.jpg,224,224,9.73
Kardus,kardus_R_7006.jpg,224,224,13.72
Kardus,kardus_R_7007.jpg,224,224,10.95
Kardus,kardus_R_7009.jpg,224,224,15.29
Kardus,kardus_R_7010.jpg,224,224,6.56
Kardus,kardus_R_7011.jpg,224,224,17.12
Kardus,kardus_R_7013.jpg,224,224,12.16
Kardus,kardus_R_7015.jpg,224,224,12.41
Kardus,kardus_R_7016.jpg,224,224,16.14
Kardus,kardus_R_7017.jpg,224,224,17.46
Kardus,kardus_R_7018.jpg,224,224,14.28
Kardus,kardus_R_7020.jpg,224,224,12.56
Kardus,kardus_R_7021.jpg,224,224,6.32
Kardus,kardus_R_7022.jpg,224,224,12.2
Kardus,kardus_R_7023.jpg,224,224,12.49
Kardus,kardus_R_7024.jpg,224,224,8.41
Kardus,kardus_R_7025.jpg,224,224,15.68
Kardus,kardus_R_7026.jpg,224,224,10.04
Kardus,kardus_R_7027.jpg,224,224,9.15
Kardus,kardus_R_7028.jpg,224,224,13.66
Kardus,kardus_R_7029.jpg,224,224,15.93
Kardus,kardus_R_7030.jpg,224,224,15.21
Kardus,kardus_R_7031.jpg,224,224,9.96
Kardus,kardus_R_7032.jpg,224,224,6.48
Kardus,kardus_R_7033.jpg,224,224,14.06
Kardus,kardus_R_7034.jpg,224,224,14.18
Kardus,kardus_R_7035.jpg,224,224,10.81
Kardus,kardus_R_7036.jpg,224,224,15.14
Kardus,kardus_R_7037.jpg,224,224,12.28
Kardus,kardus_R_7038.jpg,224,224,16.89
Kardus,kardus_R_7039.jpg,224,224,11.89
Kardus,kardus_R_7040.jpg,224,224,13.71
Kardus,kardus_R_7041.jpg,224,224,11.57
Kardus,kardus_R_7042.jpg,224,224,9.04
Kardus,kardus_R_7043.jpg,224,224,20.26
Kardus,kardus_R_7045.jpg,224,224,11.54
Kardus,kardus_R_7046.jpg,224,224,8.21
Kardus,kardus_R_7047.jpg,224,224,13.05
Kardus,kardus_R_7048.jpg,224,224,10.82
Kardus,kardus_R_7050.jpg,224,224,11.65
Kardus,kardus_R_7051.jpg,224,224,10.51
Kardus,kardus_R_7052.jpg,224,224,21.01
Kardus,kardus_R_7053.jpg,224,224,10.13
Kardus,kardus_R_7054.jpg,224,224,16.34
Kardus,kardus_R_7055.jpg,224,224,11.35
Kardus,kardus_R_7056.jpg,224,224,11.08
Kardus,kardus_R_7057.jpg,224,224,16.91
Kardus,kardus_R_7058.jpg,224,224,17.61
Kardus,kardus_R_7059.jpg,224,224,14.61
Kardus,kardus_R_7060.jpg,224,224,14.87
Kardus,kardus_R_7061.jpg,224,224,11.07
Kardus,kardus_R_7062.jpg,224,224,9.06
Kardus,kardus_R_7064.jpg,224,224,10.88
Kardus,kardus_R_7065.jpg,224,224,7.97
Kardus,kardus_R_7066.jpg,224,224,8.95
Kardus,kardus_R_7067.jpg,224,224,10.62
Kardus,kardus_R_7068.jpg,224,224,7.89
Kardus,kardus_R_7069.jpg,224,224,14.92
Kardus,kardus_R_7070.jpg,224,224,17.28
Kardus,kardus_R_7071.jpg,224,224,16.6
Kardus,kardus_R_7072.jpg,224,224,13.3
Kardus,kardus_R_7073.jpg,224,224,11.76
Kardus,kardus_R_7074.jpg,224,224,16.26
Kardus,kardus_R_7075.jpg,224,224,15.34
Kardus,kardus_R_7076.jpg,224,224,23.61
Kardus,kardus_R_7077.jpg,224,224,10.13
Kardus,kardus_R_7079.jpg,224,224,13.68
Kardus,kardus_R_7080.jpg,224,224,13.49
Kardus,kardus_R_7081.jpg,224,224,15.02
Kardus,kardus_R_7082.jpg,224,224,18.88
Kardus,kardus_R_7083.jpg,224,224,11.79
Kardus,kardus_R_7084.jpg,224,224,18.5
Kardus,kardus_R_7085.jpg,224,224,13.86
Kardus,kardus_R_7086.jpg,224,224,7.42
Kardus,kardus_R_7087.jpg,224,224,15.97
Kardus,kardus_R_7088.jpg,224,224,15.82
Kardus,kardus_R_7089.jpg,224,224,14.75
Kardus,kardus_R_7090.jpg,224,224,18.56
Kardus,kardus_R_7091.jpg,224,224,13.94
Kardus,kardus_R_7092.jpg,224,224,13.95
Kardus,kardus_R_7093.jpg,224,224,6.61
Kardus,kardus_R_7094.jpg,224,224,12.94
Kardus,kardus_R_7095.jpg,224,224,12.61
Kardus,kardus_R_7097.jpg,224,224,11.04
Kardus,kardus_R_7098.jpg,224,224,11.54
Kardus,kardus_R_7099.jpg,224,224,10.49
Kardus,kardus_R_7100.jpg,224,224,8.24
Kardus,kardus_R_7101.jpg,224,224,13.79
Kardus,kardus_R_7102.jpg,224,224,5.86
Kardus,kardus_R_7103.jpg,224,224,7.51
Kardus,kardus_R_7104.jpg,224,224,22.7
Kardus,kardus_R_7106.jpg,224,224,10.17
Kardus,kardus_R_7108.jpg,224,224,11.03
Kardus,kardus_R_7109.jpg,224,224,18.1
Kardus,kardus_R_7110.jpg,224,224,13.85
Kardus,kardus_R_7112.jpg,224,224,7.12
Kardus,kardus_R_7113.jpg,224,224,16.42
Kardus,kardus_R_7114.jpg,224,224,15.99
Kardus,kardus_R_7115.jpg,224,224,11.01
Kardus,kardus_R_7116.jpg,224,224,9.69
Kardus,kardus_R_7117.jpg,224,224,11.66
Kardus,kardus_R_7118.jpg,224,224,21.48
Kardus,kardus_R_7119.jpg,224,224,9.9
Kardus,kardus_R_7121.jpg,224,224,21.27
Kardus,kardus_R_7122.jpg,224,224,16.23
Kardus,kardus_R_7123.jpg,224,224,8.42
Kardus,kardus_R_7124.jpg,224,224,9.44
Kardus,kardus_R_7125.jpg,224,224,8.43
Kardus,kardus_R_7126.jpg,224,224,8.56
Kardus,kardus_R_7127.jpg,224,224,19.08
Kardus,kardus_R_7128.jpg,224,224,11.98
Kardus,kardus_R_7129.jpg,224,224,15.62
Kardus,kardus_R_7130.jpg,224,224,9.27
Kardus,kardus_R_7131.jpg,224,224,9.76
Kardus,kardus_R_7132.jpg,224,224,23.71
Kardus,kardus_R_7133.jpg,224,224,13.49
Kardus,kardus_R_7134.jpg,224,224,18.41
Kardus,kardus_R_7135.jpg,224,224,9.61
Kardus,kardus_R_7136.jpg,224,224,13.04
Kardus,kardus_R_7137.jpg,224,224,13.75
Kardus,kardus_R_7138.jpg,224,224,23.99
Kardus,kardus_R_7139.jpg,224,224,11.2
Kardus,kardus_R_7140.jpg,224,224,18.22
Kardus,kardus_R_7141.jpg,224,224,11.66
Kardus,kardus_R_7143.jpg,224,224,10.06
Kardus,kardus_R_7144.jpg,224,224,18.5
Kardus,kardus_R_7145.jpg,224,224,13.56
Kardus,kardus_R_7148.jpg,224,224,10.72
Kardus,kardus_R_7149.jpg,224,224,13.26
Kardus,kardus_R_7150.jpg,224,224,16.7
Kardus,kardus_R_7151.jpg,224,224,11.51
Kardus,kardus_R_7152.jpg,224,224,7.92
Kardus,kardus_R_7153.jpg,224,224,7.8
Kardus,kardus_R_7154.jpg,224,224,20.87
Kardus,kardus_R_7155.jpg,224,224,9.1
Kardus,kardus_R_7156.jpg,224,224,14.02
Kardus,kardus_R_7158.jpg,224,224,10.62
Kardus,kardus_R_7159.jpg,224,224,10.64
Kardus,kardus_R_7160.jpg,224,224,12.67
Kardus,kardus_R_7161.jpg,224,224,22.41
Kardus,kardus_R_7163.jpg,224,224,12.8
Kardus,kardus_R_7165.jpg,224,224,25.02
Kardus,kardus_R_7166.jpg,224,224,21.93
Kardus,kardus_R_7167.jpg,224,224,17.54
Kardus,kardus_R_7168.jpg,224,224,15.12
Kardus,kardus_R_7169.jpg,224,224,9.64
Kardus,kardus_R_7171.jpg,224,224,7.25
Kardus,kardus_R_7172.jpg,224,224,6.03
Kardus,kardus_R_7173.jpg,224,224,12.08
Kardus,kardus_R_7174.jpg,224,224,11.07
Kardus,kardus_R_7175.jpg,224,224,13.68
Kardus,kardus_R_7176.jpg,224,224,12.91
Kardus,kardus_R_7177.jpg,224,224,17.02
Kardus,kardus_R_7178.jpg,224,224,11.21
Kardus,kardus_R_7179.jpg,224,224,15.52
Kardus,kardus_R_7180.jpg,224,224,18.12
Kardus,kardus_R_7182.jpg,224,224,11.32
Kardus,kardus_R_7183.jpg,224,224,14.02
Kardus,kardus_R_7184.jpg,224,224,17.3
Kardus,kardus_R_7185.jpg,224,224,22.19
Kardus,kardus_R_7186.jpg,224,224,16.45
Kardus,kardus_R_7187.jpg,224,224,21.02
Kardus,kardus_R_7188.jpg,224,224,15.93
Kardus,kardus_R_7189.jpg,224,224,14.49
Kardus,kardus_R_7190.jpg,224,224,19.13
Kardus,kardus_R_7191.jpg,224,224,20.06
Kardus,kardus_R_7192.jpg,224,224,17.43
Kardus,kardus_R_7193.jpg,224,224,22.58
Kardus,kardus_R_7194.jpg,224,224,11.5
Kardus,kardus_R_7195.jpg,224,224,15.04
Kardus,kardus_R_7196.jpg,224,224,13.04
Kardus,kardus_R_7197.jpg,224,224,27.43
Kardus,kardus_R_7198.jpg,224,224,14.3
Kardus,kardus_R_7199.jpg,224,224,22.62
Kardus,kardus_R_7200.jpg,224,224,9.02
Kardus,kardus_R_7201.jpg,224,224,13.02
Kardus,kardus_R_7202.jpg,224,224,12.82
Kardus,kardus_R_7203.jpg,224,224,8.59
Kardus,kardus_R_7204.jpg,224,224,10.94
Kardus,kardus_R_7205.jpg,224,224,16.38
Kardus,kardus_R_7206.jpg,224,224,15.1
Kardus,kardus_R_7207.jpg,224,224,16.16
Kardus,kardus_R_7208.jpg,224,224,10.5
Kardus,kardus_R_7209.jpg,224,224,12.97
Kardus,kardus_R_7210.jpg,224,224,20.4
Kardus,kardus_R_7211.jpg,224,224,13.53
Kardus,kardus_R_7212.jpg,224,224,19.62
Kardus,kardus_R_7213.jpg,224,224,26.36
Kardus,kardus_R_7214.jpg,224,224,15.36
Kardus,kardus_R_7215.jpg,224,224,12.05
Kardus,kardus_R_7216.jpg,224,224,29.76
Kardus,kardus_R_7217.jpg,224,224,13.9
Kardus,kardus_R_7218.jpg,224,224,16.54
Kardus,kardus_R_7219.jpg,224,224,13.41
Kardus,kardus_R_7220.jpg,224,224,7.74
Kardus,kardus_R_7221.jpg,224,224,15.9
Kardus,kardus_R_7222.jpg,224,224,25.15
Kardus,kardus_R_7223.jpg,224,224,20.31
Kardus,kardus_R_7224.jpg,224,224,10.38
Kardus,kardus_R_7225.jpg,224,224,15.59
Kardus,kardus_R_7229.jpg,224,224,16.13
Kardus,kardus_R_7230.jpg,224,224,16.55
Kardus,kardus_R_7231.jpg,224,224,8.94
Kardus,kardus_R_7232.jpg,224,224,11.68
Kardus,kardus_R_7233.jpg,224,224,13.89
Kertas,kertas_R_2848.jpg,224,224,33.23
Kertas,kertas_R_2849.jpg,224,224,30.73
Kertas,kertas_R_2850.jpg,224,224,29.29
Kertas,kertas_R_2851.jpg,224,224,21.3
Kertas,kertas_R_2852.jpg,224,224,21.74
Kertas,kertas_R_2853.jpg,224,224,29.21
Kertas,kertas_R_2854.jpg,224,224,26.7
Kertas,kertas_R_2855.jpg,224,224,22.87
Kertas,kertas_R_2856.jpg,224,224,34.18
Kertas,kertas_R_2857.jpg,224,224,32.8
Kertas,kertas_R_2858.jpg,224,224,28.58
Kertas,kertas_R_2859.jpg,224,224,15.41
Kertas,kertas_R_2860.jpg,224,224,29.69
Kertas,kertas_R_2861.jpg,224,224,13.48
Kertas,kertas_R_2862.jpg,224,224,30.96
Kertas,kertas_R_2863.jpg,224,224,31.4
Kertas,kertas_R_2864.jpg,224,224,32.2
Kertas,kertas_R_2865.jpg,224,224,28.44
Kertas,kertas_R_2866.jpg,224,224,28.99
Kertas,kertas_R_2867.jpg,224,224,35.91
Kertas,kertas_R_2868.jpg,224,224,36.64
Kertas,kertas_R_2869.jpg,224,224,28.5
Kertas,kertas_R_2870.jpg,224,224,20.9
Kertas,kertas_R_2871.jpg,224,224,25.92
Kertas,kertas_R_2872.jpg,224,224,28.98
Kertas,kertas_R_2873.jpg,224,224,19.09
Kertas,kertas_R_2874.jpg,224,224,15.62
Kertas,kertas_R_2875.jpg,224,224,16.05
Kertas,kertas_R_2876.jpg,224,224,28.79
Kertas,kertas_R_2877.jpg,224,224,29.95
Kertas,kertas_R_2878.jpg,224,224,35.68
Kertas,kertas_R_2879.jpg,224,224,27.87
Kertas,kertas_R_2880.jpg,224,224,38.53
Kertas,kertas_R_2881.jpg,224,224,28.11
Kertas,kertas_R_2882.jpg,224,224,15.18
Kertas,kertas_R_2883.jpg,224,224,23.75
Kertas,kertas_R_2884.jpg,224,224,18.29
Kertas,kertas_R_2885.jpg,224,224,26.62
Kertas,kertas_R_2886.jpg,224,224,20.32
Kertas,kertas_R_2887.jpg,224,224,13.71
Kertas,kertas_R_2888.jpg,224,224,33.6
Kertas,kertas_R_2889.jpg,224,224,22.85
Kertas,kertas_R_2890.jpg,224,224,26.6
Kertas,kertas_R_2891.jpg,224,224,30.66
Kertas,kertas_R_2892.jpg,224,224,30.04
Kertas,kertas_R_2893.jpg,224,224,30.53
Kertas,kertas_R_2894.jpg,224,224,25.59
Kertas,kertas_R_2895.jpg,224,224,24.9
Kertas,kertas_R_2896.jpg,224,224,16.54
Kertas,kertas_R_2897.jpg,224,224,33.05
Kertas,kertas_R_2898.jpg,224,224,33.86
Kertas,kertas_R_2899.jpg,224,224,19.27
Kertas,kertas_R_2900.jpg,224,224,26.08
Kertas,kertas_R_2901.jpg,224,224,11.12
Kertas,kertas_R_2902.jpg,224,224,34.41
Kertas,kertas_R_2903.jpg,224,224,25.45
Kertas,kertas_R_2904.jpg,224,224,34.96
Kertas,kertas_R_2905.jpg,224,224,24.44
Kertas,kertas_R_2906.jpg,224,224,18.61
Kertas,kertas_R_2907.jpg,224,224,20.94
Kertas,kertas_R_2908.jpg,224,224,15.11
Kertas,kertas_R_2909.jpg,224,224,24.21
Kertas,kertas_R_2910.jpg,224,224,32.87
Kertas,kertas_R_2911.jpg,224,224,30.58
Kertas,kertas_R_2912.jpg,224,224,31.55
Kertas,kertas_R_2913.jpg,224,224,35.02
Kertas,kertas_R_2914.jpg,224,224,25.9
Kertas,kertas_R_2915.jpg,224,224,32.84
Kertas,kertas_R_2916.jpg,224,224,11.95
Kertas,kertas_R_2917.jpg,224,224,17.25
Kertas,kertas_R_2918.jpg,224,224,29.13
Kertas,kertas_R_2919.jpg,224,224,28.05
Kertas,kertas_R_2920.jpg,224,224,22.72
Kertas,kertas_R_2921.jpg,224,224,28.26
Kertas,kertas_R_2922.jpg,224,224,36.35
Kertas,kertas_R_2923.jpg,224,224,29.48
Kertas,kertas_R_2924.jpg,224,224,37.16
Kertas,kertas_R_2925.jpg,224,224,12.09
Kertas,kertas_R_2926.jpg,224,224,30.6
Kertas,kertas_R_2927.jpg,224,224,31.17
Kertas,kertas_R_2928.jpg,224,224,35.22
Kertas,kertas_R_2929.jpg,224,224,29.92
Kertas,kertas_R_2930.jpg,224,224,26.62
Kertas,kertas_R_2931.jpg,224,224,32.89
Kertas,kertas_R_2932.jpg,224,224,26.85
Kertas,kertas_R_2933.jpg,224,224,28.82
Kertas,kertas_R_2934.jpg,224,224,20.7
Kertas,kertas_R_2935.jpg,224,224,13.98
Kertas,kertas_R_2936.jpg,224,224,30.81
Kertas,kertas_R_2937.jpg,224,224,28.6
Kertas,kertas_R_2938.jpg,224,224,28.88
Kertas,kertas_R_2939.jpg,224,224,28.46
Kertas,kertas_R_2940.jpg,224,224,32.21
Kertas,kertas_R_2941.jpg,224,224,32.59
Kertas,kertas_R_2942.jpg,224,224,35.98
Kertas,kertas_R_2943.jpg,224,224,22.4
Kertas,kertas_R_2944.jpg,224,224,12.36
Kertas,kertas_R_2945.jpg,224,224,26.29
Kertas,kertas_R_2946.jpg,224,224,35.08
Kertas,kertas_R_2947.jpg,224,224,32.86
Kertas,kertas_R_2948.jpg,224,224,21.75
Kertas,kertas_R_2949.jpg,224,224,30.86
Kertas,kertas_R_2950.jpg,224,224,28.91
Kertas,kertas_R_2951.jpg,224,224,18.23
Kertas,kertas_R_2952.jpg,224,224,18.56
Kertas,kertas_R_2953.jpg,224,224,26.95
Kertas,kertas_R_2954.jpg,224,224,14.86
Kertas,kertas_R_2955.jpg,224,224,33.06
Kertas,kertas_R_2956.jpg,224,224,28.7
Kertas,kertas_R_2957.jpg,224,224,31.55
Kertas,kertas_R_2958.jpg,224,224,21.35
Kertas,kertas_R_2959.jpg,224,224,22.91
Kertas,kertas_R_2960.jpg,224,224,36.0
Kertas,kertas_R_2961.jpg,224,224,30.67
Kertas,kertas_R_2962.jpg,224,224,20.17
Kertas,kertas_R_2963.jpg,224,224,31.38
Kertas,kertas_R_2964.jpg,224,224,33.39
Kertas,kertas_R_2965.jpg,224,224,31.99
Kertas,kertas_R_2966.jpg,224,224,28.38
Kertas,kertas_R_2967.jpg,224,224,41.65
Kertas,kertas_R_2968.jpg,224,224,27.52
Kertas,kertas_R_2969.jpg,224,224,33.1
Kertas,kertas_R_2970.jpg,224,224,22.06
Kertas,kertas_R_2971.jpg,224,224,27.61
Kertas,kertas_R_2972.jpg,224,224,31.07
Kertas,kertas_R_2973.jpg,224,224,29.07
Kertas,kertas_R_2974.jpg,224,224,31.96
Kertas,kertas_R_2975.jpg,224,224,20.75
Kertas,kertas_R_2976.jpg,224,224,20.19
Kertas,kertas_R_2977.jpg,224,224,14.77
Kertas,kertas_R_2978.jpg,224,224,25.9
Kertas,kertas_R_2979.jpg,224,224,32.61
Kertas,kertas_R_2980.jpg,224,224,17.4
Kertas,kertas_R_2981.jpg,224,224,29.72
Kertas,kertas_R_2982.jpg,224,224,18.5
Kertas,kertas_R_2983.jpg,224,224,27.68
Kertas,kertas_R_2984.jpg,224,224,19.37
Kertas,kertas_R_2985.jpg,224,224,32.79
Kertas,kertas_R_2986.jpg,224,224,33.82
Kertas,kertas_R_2987.jpg,224,224,22.89
Kertas,kertas_R_2988.jpg,224,224,26.56
Kertas,kertas_R_2989.jpg,224,224,35.88
Kertas,kertas_R_2990.jpg,224,224,30.79
Kertas,kertas_R_2991.jpg,224,224,30.92
Kertas,kertas_R_2992.jpg,224,224,27.44
Kertas,kertas_R_2993.jpg,224,224,17.46
Kertas,kertas_R_2994.jpg,224,224,32.89
Kertas,kertas_R_2995.jpg,224,224,26.4
Kertas,kertas_R_2996.jpg,224,224,31.61
Kertas,kertas_R_2997.jpg,224,224,29.16
Kertas,kertas_R_2998.jpg,224,224,29.23
Kertas,kertas_R_2999.jpg,224,224,19.89
Kertas,kertas_R_3000.jpg,224,224,22.5
Kertas,kertas_R_3001.jpg,224,224,15.85
Kertas,kertas_R_3002.jpg,224,224,33.92
Kertas,kertas_R_3003.jpg,224,224,29.56
Kertas,kertas_R_3004.jpg,224,224,30.49
Kertas,kertas_R_3005.jpg,224,224,15.48
Kertas,kertas_R_3006.jpg,224,224,17.29
Kertas,kertas_R_3007.jpg,224,224,35.49
Kertas,kertas_R_3008.jpg,224,224,18.13
Kertas,kertas_R_3009.jpg,224,224,19.37
Kertas,kertas_R_3010.jpg,224,224,21.5
Kertas,kertas_R_3011.jpg,224,224,26.5
Kertas,kertas_R_3012.jpg,224,224,31.92
Kertas,kertas_R_3013.jpg,224,224,18.27
Kertas,kertas_R_3014.jpg,224,224,18.19
Kertas,kertas_R_3015.jpg,224,224,29.71
Kertas,kertas_R_3016.jpg,224,224,20.77
Kertas,kertas_R_3017.jpg,224,224,26.01
Kertas,kertas_R_3018.jpg,224,224,23.22
Kertas,kertas_R_3019.jpg,224,224,21.75
Kertas,kertas_R_3020.jpg,224,224,36.26
Kertas,kertas_R_3021.jpg,224,224,35.54
Kertas,kertas_R_3022.jpg,224,224,29.54
Kertas,kertas_R_3023.jpg,224,224,25.05
Kertas,kertas_R_3024.jpg,224,224,32.55
Kertas,kertas_R_3025.jpg,224,224,17.38
Kertas,kertas_R_3026.jpg,224,224,21.24
Kertas,kertas_R_3027.jpg,224,224,23.96
Kertas,kertas_R_3028.jpg,224,224,25.28
Kertas,kertas_R_3029.jpg,224,224,36.09
Kertas,kertas_R_3030.jpg,224,224,42.1
Kertas,kertas_R_3031.jpg,224,224,28.63
Kertas,kertas_R_3032.jpg,224,224,36.18
Kertas,kertas_R_3033.jpg,224,224,33.89
Kertas,kertas_R_3034.jpg,224,224,22.98
Kertas,kertas_R_3035.jpg,224,224,18.44
Kertas,kertas_R_3036.jpg,224,224,35.26
Kertas,kertas_R_3037.jpg,224,224,31.65
Kertas,kertas_R_3038.jpg,224,224,40.25
Kertas,kertas_R_3039.jpg,224,224,31.11
Kertas,kertas_R_3040.jpg,224,224,35.07
Kertas,kertas_R_3041.jpg,224,224,35.21
Kertas,kertas_R_3042.jpg,224,224,24.12
Kertas,kertas_R_3043.jpg,224,224,33.69
Kertas,kertas_R_3044.jpg,224,224,22.95
Kertas,kertas_R_3045.jpg,224,224,33.57
Kertas,kertas_R_3046.jpg,224,224,28.07
Kertas,kertas_R_3047.jpg,224,224,17.54
Kertas,kertas_R_3048.jpg,224,224,29.55
Kertas,kertas_R_3049.jpg,224,224,26.39
Kertas,kertas_R_3050.jpg,224,224,30.19
Kertas,kertas_R_3051.jpg,224,224,14.23
Kertas,kertas_R_3052.jpg,224,224,11.0
Kertas,kertas_R_3053.jpg,224,224,31.45
Kertas,kertas_R_3054.jpg,224,224,32.04
Kertas,kertas_R_3055.jpg,224,224,29.7
Kertas,kertas_R_3056.jpg,224,224,32.43
Kertas,kertas_R_3057.jpg,224,224,35.28
Kertas,kertas_R_3058.jpg,224,224,19.86
Kertas,kertas_R_3059.jpg,224,224,35.81
Kertas,kertas_R_3060.jpg,224,224,27.74
Kertas,kertas_R_3061.jpg,224,224,15.6
Kertas,kertas_R_3062.jpg,224,224,29.35
Kertas,kertas_R_3063.jpg,224,224,26.68
Kertas,kertas_R_3064.jpg,224,224,31.19
Kertas,kertas_R_3065.jpg,224,224,32.88
Kertas,kertas_R_3066.jpg,224,224,22.63
Kertas,kertas_R_3067.jpg,224,224,30.24
Kertas,kertas_R_3068.jpg,224,224,8.74
Kertas,kertas_R_3069.jpg,224,224,21.68
Kertas,kertas_R_3070.jpg,224,224,24.04
Kertas,kertas_R_3071.jpg,224,224,30.84
Kertas,kertas_R_3072.jpg,224,224,32.31
Kertas,kertas_R_3073.jpg,224,224,21.59
Kertas,kertas_R_3074.jpg,224,224,12.57
Kertas,kertas_R_3075.jpg,224,224,35.48
Kertas,kertas_R_3076.jpg,224,224,31.61
Kertas,kertas_R_3077.jpg,224,224,27.46
Kertas,kertas_R_3078.jpg,224,224,20.2
Kertas,kertas_R_3079.jpg,224,224,34.38
Kertas,kertas_R_3080.jpg,224,224,28.45
Kertas,kertas_R_3081.jpg,224,224,27.96
Kertas,kertas_R_3082.jpg,224,224,33.51
Kertas,kertas_R_3083.jpg,224,224,21.96
Kertas,kertas_R_3084.jpg,224,224,27.4
Kertas,kertas_R_3085.jpg,224,224,30.86
Kertas,kertas_R_3086.jpg,224,224,13.22
Kertas,kertas_R_3087.jpg,224,224,15.61
Kertas,kertas_R_3088.jpg,224,224,9.94
Kertas,kertas_R_3089.jpg,224,224,31.4
Kertas,kertas_R_3090.jpg,224,224,32.71
Kertas,kertas_R_3091.jpg,224,224,15.69
Kertas,kertas_R_3092.jpg,224,224,35.65
Kertas,kertas_R_3093.jpg,224,224,28.09
Kertas,kertas_R_3094.jpg,224,224,31.49
Kertas,kertas_R_3095.jpg,224,224,23.44
Kertas,kertas_R_3096.jpg,224,224,20.02
Kertas,kertas_R_3097.jpg,224,224,39.46
Kertas,kertas_R_3098.jpg,224,224,30.86
Kertas,kertas_R_3099.jpg,224,224,28.11
Kertas,kertas_R_3100.jpg,224,224,35.32
Kertas,kertas_R_3101.jpg,224,224,20.9
Kertas,kertas_R_3102.jpg,224,224,7.72
Kertas,kertas_R_3103.jpg,224,224,29.09
Kertas,kertas_R_3104.jpg,224,224,30.02
Kertas,kertas_R_3105.jpg,224,224,12.36
Kertas,kertas_R_3106.jpg,224,224,31.63
Kertas,kertas_R_3107.jpg,224,224,33.61
Kertas,kertas_R_3108.jpg,224,224,32.01
Kertas,kertas_R_3109.jpg,224,224,25.23
Kertas,kertas_R_3110.jpg,224,224,35.77
Kertas,kertas_R_3111.jpg,224,224,25.98
Kertas,kertas_R_3112.jpg,224,224,26.61
Kertas,kertas_R_3113.jpg,224,224,10.25
Kertas,kertas_R_3114.jpg,224,224,33.94
Kertas,kertas_R_3115.jpg,224,224,37.27
Kertas,kertas_R_3116.jpg,224,224,34.55
Kertas,kertas_R_3117.jpg,224,224,35.54
Kertas,kertas_R_3118.jpg,224,224,22.54
Kertas,kertas_R_3119.jpg,224,224,31.52
Kertas,kertas_R_3120.jpg,224,224,32.58
Kertas,kertas_R_3121.jpg,224,224,30.55
Kertas,kertas_R_3122.jpg,224,224,24.55
Kertas,kertas_R_3123.jpg,224,224,29.75
Kertas,kertas_R_3124.jpg,224,224,22.54
Kertas,kertas_R_3125.jpg,224,224,22.08
Kertas,kertas_R_3126.jpg,224,224,35.31
Kertas,kertas_R_3127.jpg,224,224,27.93
Kertas,kertas_R_3128.jpg,224,224,26.08
Kertas,kertas_R_3129.jpg,224,224,25.45
Kertas,kertas_R_3130.jpg,224,224,34.14
Kertas,kertas_R_3131.jpg,224,224,25.78
Kertas,kertas_R_3132.jpg,224,224,35.64
Kertas,kertas_R_3133.jpg,224,224,30.75
Kertas,kertas_R_3134.jpg,224,224,21.8
Kertas,kertas_R_3135.jpg,224,224,32.77
Kertas,kertas_R_3136.jpg,224,224,25.71
Kertas,kertas_R_3137.jpg,224,224,31.09
Kertas,kertas_R_3138.jpg,224,224,19.96
Kertas,kertas_R_3139.jpg,224,224,34.08
Kertas,kertas_R_3140.jpg,224,224,23.35
Kertas,kertas_R_3141.jpg,224,224,35.93
Kertas,kertas_R_3142.jpg,224,224,36.03
Kertas,kertas_R_3143.jpg,224,224,27.85
Kertas,kertas_R_3144.jpg,224,224,21.44
Kertas,kertas_R_3145.jpg,224,224,9.56
Kertas,kertas_R_3146.jpg,224,224,31.78
Kertas,kertas_R_3147.jpg,224,224,12.08
Kertas,kertas_R_3148.jpg,224,224,16.57
Kertas,kertas_R_3149.jpg,224,224,30.93
Kertas,kertas_R_3150.jpg,224,224,10.75
Kertas,kertas_R_3151.jpg,224,224,33.15
Kertas,kertas_R_3152.jpg,224,224,21.31
Kertas,kertas_R_3153.jpg,224,224,23.45
Kertas,kertas_R_3154.jpg,224,224,10.04
Kertas,kertas_R_3155.jpg,224,224,36.66
Kertas,kertas_R_3156.jpg,224,224,33.1
Kertas,kertas_R_3157.jpg,224,224,21.99
Kertas,kertas_R_3158.jpg,224,224,32.04
Kertas,kertas_R_3159.jpg,224,224,18.75
Kertas,kertas_R_3160.jpg,224,224,18.35
Kertas,kertas_R_3161.jpg,224,224,27.28
Kertas,kertas_R_3162.jpg,224,224,32.25
Kertas,kertas_R_3163.jpg,224,224,36.84
Kertas,kertas_R_3164.jpg,224,224,33.9
Kertas,kertas_R_3165.jpg,224,224,28.7
Kertas,kertas_R_3166.jpg,224,224,33.62
Kertas,kertas_R_3167.jpg,224,224,18.89
Kertas,kertas_R_3168.jpg,224,224,34.73
Kertas,kertas_R_3169.jpg,224,224,29.5
Kertas,kertas_R_3170.jpg,224,224,23.56
Kertas,kertas_R_3171.jpg,224,224,22.72
Kertas,kertas_R_3172.jpg,224,224,26.43
Kertas,kertas_R_3173.jpg,224,224,36.02
Kertas,kertas_R_3174.jpg,224,224,23.82
Kertas,kertas_R_3175.jpg,224,224,35.55
Kertas,kertas_R_3176.jpg,224,224,23.75
Kertas,kertas_R_3177.jpg,224,224,29.42
Kertas,kertas_R_3178.jpg,224,224,19.73
Kertas,kertas_R_3179.jpg,224,224,34.51
Kertas,kertas_R_3180.jpg,224,224,21.16
Kertas,kertas_R_3181.jpg,224,224,32.56
Kertas,kertas_R_3182.jpg,224,224,32.08
Kertas,kertas_R_3183.jpg,224,224,35.91
Kertas,kertas_R_3184.jpg,224,224,34.22
Kertas,kertas_R_3185.jpg,224,224,35.71
Kertas,kertas_R_3186.jpg,224,224,25.78
Kertas,kertas_R_3187.jpg,224,224,30.92
Kertas,kertas_R_3188.jpg,224,224,36.01
Kertas,kertas_R_3189.jpg,224,224,32.41
Kertas,kertas_R_3190.jpg,224,224,33.06
Kertas,kertas_R_3191.jpg,224,224,28.04
Kertas,kertas_R_3192.jpg,224,224,35.35
Kertas,kertas_R_3193.jpg,224,224,24.86
Kertas,kertas_R_3194.jpg,224,224,33.02
Kertas,kertas_R_3195.jpg,224,224,36.76
Kertas,kertas_R_3196.jpg,224,224,36.63
Kertas,kertas_R_3197.jpg,224,224,29.41
Kertas,kertas_R_3198.jpg,224,224,32.92
Kertas,kertas_R_3199.jpg,224,224,23.1
Kertas,kertas_R_4325.jpg,224,224,20.86
Kertas,kertas_R_4326.jpg,224,224,21.41
Kertas,kertas_R_4327.jpg,224,224,33.74
Kertas,kertas_R_4328.jpg,224,224,14.19
Kertas,kertas_R_4329.jpg,224,224,20.81
Kertas,kertas_R_4330.jpg,224,224,21.45
Kertas,kertas_R_4331.jpg,224,224,37.0
Kertas,kertas_R_4332.jpg,224,224,15.86
Kertas,kertas_R_4333.jpg,224,224,18.69
Kertas,kertas_R_4334.jpg,224,224,36.12
Kertas,kertas_R_4335.jpg,224,224,30.01
Kertas,kertas_R_4336.jpg,224,224,35.16
Kertas,kertas_R_4337.jpg,224,224,35.26
Kertas,kertas_R_4338.jpg,224,224,13.66
Kertas,kertas_R_4339.jpg,224,224,42.51
Kertas,kertas_R_4340.jpg,224,224,21.28
Kertas,kertas_R_4341.jpg,224,224,25.38
Kertas,kertas_R_4342.jpg,224,224,35.54
Kertas,kertas_R_4343.jpg,224,224,35.16
Kertas,kertas_R_4344.jpg,224,224,22.5
Kertas,kertas_R_4345.jpg,224,224,19.48
Kertas,kertas_R_4346.jpg,224,224,20.43
Kertas,kertas_R_4347.jpg,224,224,22.93
Kertas,kertas_R_4348.jpg,224,224,23.16
Kertas,kertas_R_4349.jpg,224,224,34.78
Kertas,kertas_R_4350.jpg,224,224,31.11
Kertas,kertas_R_4351.jpg,224,224,16.32
Kertas,kertas_R_4352.jpg,224,224,20.57
Kertas,kertas_R_4353.jpg,224,224,23.21
Kertas,kertas_R_4354.jpg,224,224,13.39
Kertas,kertas_R_4355.jpg,224,224,39.15
Kertas,kertas_R_4356.jpg,224,224,36.93
Kertas,kertas_R_4357.jpg,224,224,39.61
Kertas,kertas_R_4358.jpg,224,224,29.03
Kertas,kertas_R_4359.jpg,224,224,32.01
Kertas,kertas_R_4360.jpg,224,224,18.55
Kertas,kertas_R_4361.jpg,224,224,27.2
Kertas,kertas_R_4362.jpg,224,224,33.27
Kertas,kertas_R_4363.jpg,224,224,17.13
Kertas,kertas_R_4364.jpg,224,224,38.14
Kertas,kertas_R_4365.jpg,224,224,41.33
Kertas,kertas_R_4366.jpg,224,224,24.3
Kertas,kertas_R_4367.jpg,224,224,33.97
Kertas,kertas_R_4368.jpg,224,224,33.05
Kertas,kertas_R_4369.jpg,224,224,35.74
Kertas,kertas_R_4370.jpg,224,224,14.65
Kertas,kertas_R_4371.jpg,224,224,14.0
Kertas,kertas_R_4372.jpg,224,224,28.91
Kertas,kertas_R_4373.jpg,224,224,33.54
Kertas,kertas_R_4374.jpg,224,224,33.51
Kertas,kertas_R_4375.jpg,224,224,16.44
Kertas,kertas_R_4376.jpg,224,224,18.29
Kertas,kertas_R_4377.jpg,224,224,38.19
Kertas,kertas_R_4378.jpg,224,224,37.11
Kertas,kertas_R_4379.jpg,224,224,20.41
Kertas,kertas_R_4380.jpg,224,224,25.92
Kertas,kertas_R_4381.jpg,224,224,34.25
Kertas,kertas_R_4382.jpg,224,224,21.05
Kertas,kertas_R_4383.jpg,224,224,27.16
Kertas,kertas_R_4384.jpg,224,224,20.2
Kertas,kertas_R_4385.jpg,224,224,11.93
Kertas,kertas_R_4386.jpg,224,224,22.6
Kertas,kertas_R_4387.jpg,224,224,14.02
Kertas,kertas_R_4388.jpg,224,224,35.67
Kertas,kertas_R_4389.jpg,224,224,19.6
Kertas,kertas_R_4390.jpg,224,224,34.28
Kertas,kertas_R_4391.jpg,224,224,35.17
Kertas,kertas_R_4392.jpg,224,224,16.52
Kertas,kertas_R_4393.jpg,224,224,32.08
Kertas,kertas_R_4394.jpg,224,224,25.11
Kertas,kertas_R_4395.jpg,224,224,30.8
Kertas,kertas_R_4396.jpg,224,224,46.94
Kertas,kertas_R_4397.jpg,224,224,9.69
Kertas,kertas_R_4398.jpg,224,224,26.66
Kertas,kertas_R_4399.jpg,224,224,22.96
Kertas,kertas_R_4400.jpg,224,224,16.99
Kertas,kertas_R_4401.jpg,224,224,29.82
Kertas,kertas_R_4402.jpg,224,224,21.13
Kertas,kertas_R_4403.jpg,224,224,23.59
Kertas,kertas_R_4404.jpg,224,224,38.95
Kertas,kertas_R_4405.jpg,224,224,21.13
Kertas,kertas_R_4406.jpg,224,224,33.98
Kertas,kertas_R_4407.jpg,224,224,21.98
Kertas,kertas_R_4408.jpg,224,224,34.21
Kertas,kertas_R_4409.jpg,224,224,33.08
Kertas,kertas_R_4410.jpg,224,224,27.76
Kertas,kertas_R_4411.jpg,224,224,37.85
Kertas,kertas_R_4412.jpg,224,224,28.86
Kertas,kertas_R_4413.jpg,224,224,32.34
Kertas,kertas_R_4414.jpg,224,224,8.53
Kertas,kertas_R_4415.jpg,224,224,20.06
Kertas,kertas_R_4416.jpg,224,224,36.18
Kertas,kertas_R_4417.jpg,224,224,35.66
Kertas,kertas_R_4418.jpg,224,224,27.97
Kertas,kertas_R_4419.jpg,224,224,19.43
Kertas,kertas_R_4420.jpg,224,224,21.5
Kertas,kertas_R_4421.jpg,224,224,17.17
Kertas,kertas_R_4422.jpg,224,224,17.91
Kertas,kertas_R_4423.jpg,224,224,38.03
Kertas,kertas_R_4424.jpg,224,224,15.69
Kertas,kertas_R_4425.jpg,224,224,49.83
Kertas,kertas_R_4426.jpg,224,224,25.89
Kertas,kertas_R_4427.jpg,224,224,18.99
Kertas,kertas_R_4428.jpg,224,224,32.49
Kertas,kertas_R_4429.jpg,224,224,34.43
Kertas,kertas_R_4430.jpg,224,224,31.21
Kertas,kertas_R_4431.jpg,224,224,30.73
Kertas,kertas_R_4432.jpg,224,224,35.42
Kertas,kertas_R_4433.jpg,224,224,34.56
Kertas,kertas_R_4434.jpg,224,224,34.74
Kertas,kertas_R_4435.jpg,224,224,43.18
Kertas,kertas_R_4436.jpg,224,224,34.42
Kertas,kertas_R_4437.jpg,224,224,41.51
Kertas,kertas_R_4438.jpg,224,224,18.33
Kertas,kertas_R_4439.jpg,224,224,28.89
Kertas,kertas_R_4440.jpg,224,224,27.67
Kertas,kertas_R_4441.jpg,224,224,26.27
Kertas,kertas_R_4442.jpg,224,224,34.05
Kertas,kertas_R_4443.jpg,224,224,25.15
Kertas,kertas_R_4444.jpg,224,224,32.77
Kertas,kertas_R_4445.jpg,224,224,30.28
Kertas,kertas_R_4446.jpg,224,224,33.55
Kertas,kertas_R_4447.jpg,224,224,13.17
Kertas,kertas_R_4448.jpg,224,224,12.99
Kertas,kertas_R_4449.jpg,224,224,31.44
Kertas,kertas_R_4450.jpg,224,224,23.33
Kertas,kertas_R_4451.jpg,224,224,35.02
Kertas,kertas_R_4452.jpg,224,224,26.96
Kertas,kertas_R_4453.jpg,224,224,34.45
Kertas,kertas_R_4454.jpg,224,224,31.77
Kertas,kertas_R_4455.jpg,224,224,23.23
Kertas,kertas_R_4456.jpg,224,224,42.33
Kertas,kertas_R_4457.jpg,224,224,32.09
Kertas,kertas_R_4458.jpg,224,224,40.5
Kertas,kertas_R_4459.jpg,224,224,26.46
Kertas,kertas_R_4460.jpg,224,224,33.24
Kertas,kertas_R_4461.jpg,224,224,40.2
Kertas,kertas_R_4462.jpg,224,224,7.21
Kertas,kertas_R_4463.jpg,224,224,17.95
Kertas,kertas_R_4464.jpg,224,224,12.52
Kertas,kertas_R_4465.jpg,224,224,38.61
Kertas,kertas_R_4466.jpg,224,224,30.72
Kertas,kertas_R_4467.jpg,224,224,12.11
Kertas,kertas_R_4468.jpg,224,224,17.36
Kertas,kertas_R_4469.jpg,224,224,38.24
Kertas,kertas_R_4470.jpg,224,224,27.63
Kertas,kertas_R_4471.jpg,224,224,31.58
Kertas,kertas_R_4472.jpg,224,224,32.51
Kertas,kertas_R_4473.jpg,224,224,18.71
Kertas,kertas_R_4474.jpg,224,224,25.8
Kertas,kertas_R_4475.jpg,224,224,26.51
Kertas,kertas_R_4476.jpg,224,224,17.92
Kertas,kertas_R_4477.jpg,224,224,27.57
Kertas,kertas_R_4478.jpg,224,224,31.13
Kertas,kertas_R_4479.jpg,224,224,28.89
Kertas,kertas_R_4480.jpg,224,224,20.03
Kertas,kertas_R_4481.jpg,224,224,38.56
Kertas,kertas_R_4482.jpg,224,224,16.82
Kertas,kertas_R_4483.jpg,224,224,32.93
Kertas,kertas_R_4484.jpg,224,224,32.09
Kertas,kertas_R_4485.jpg,224,224,28.42
Kertas,kertas_R_4486.jpg,224,224,37.03
Kertas,kertas_R_4487.jpg,224,224,21.88
Kertas,kertas_R_4488.jpg,224,224,25.29
Kertas,kertas_R_4489.jpg,224,224,35.77
Kertas,kertas_R_4490.jpg,224,224,21.44
Kertas,kertas_R_4491.jpg,224,224,18.55
Kertas,kertas_R_4492.jpg,224,224,21.88
Kertas,kertas_R_4493.jpg,224,224,29.17
Kertas,kertas_R_4494.jpg,224,224,28.98
Kertas,kertas_R_4495.jpg,224,224,38.83
Kertas,kertas_R_4496.jpg,224,224,32.02
Kertas,kertas_R_4497.jpg,224,224,25.83
Kertas,kertas_R_4498.jpg,224,224,15.91
Kertas,kertas_R_4499.jpg,224,224,15.48
Kertas,kertas_R_4500.jpg,224,224,17.26
Kertas,kertas_R_4501.jpg,224,224,36.41
Kertas,kertas_R_4502.jpg,224,224,16.11
Kertas,kertas_R_4503.jpg,224,224,35.65
Kertas,kertas_R_4504.jpg,224,224,19.13
Kertas,kertas_R_4505.jpg,224,224,18.73
Kertas,kertas_R_4506.jpg,224,224,22.48
Kertas,kertas_R_4507.jpg,224,224,29.5
Kertas,kertas_R_4508.jpg,224,224,30.88
Kertas,kertas_R_4509.jpg,224,224,14.72
Kertas,kertas_R_4510.jpg,224,224,33.62
Kertas,kertas_R_4511.jpg,224,224,15.05
Kertas,kertas_R_4512.jpg,224,224,27.54
Kertas,kertas_R_4513.jpg,224,224,24.25
Kertas,kertas_R_4514.jpg,224,224,16.16
Kertas,kertas_R_4515.jpg,224,224,32.09
Kertas,kertas_R_4516.jpg,224,224,21.05
Kertas,kertas_R_4517.jpg,224,224,12.29
Kertas,kertas_R_4518.jpg,224,224,36.6
Kertas,kertas_R_4519.jpg,224,224,31.87
Kertas,kertas_R_4520.jpg,224,224,33.89
Kertas,kertas_R_4521.jpg,224,224,30.72
Kertas,kertas_R_4522.jpg,224,224,31.75
Kertas,kertas_R_4523.jpg,224,224,17.15
Kertas,kertas_R_4524.jpg,224,224,30.66
Kertas,kertas_R_4525.jpg,224,224,28.11
Kertas,kertas_R_4526.jpg,224,224,36.71
Kertas,kertas_R_4527.jpg,224,224,32.38
Kertas,kertas_R_4528.jpg,224,224,34.77
Kertas,kertas_R_4529.jpg,224,224,24.72
Kertas,kertas_R_4530.jpg,224,224,37.35
Kertas,kertas_R_4531.jpg,224,224,18.95
Kertas,kertas_R_4532.jpg,224,224,24.92
Kertas,kertas_R_4533.jpg,224,224,25.83
Kertas,kertas_R_4534.jpg,224,224,28.49
Kertas,kertas_R_4535.jpg,224,224,22.26
Kertas,kertas_R_4536.jpg,224,224,21.77
Kertas,kertas_R_4537.jpg,224,224,30.36
Kertas,kertas_R_4538.jpg,224,224,33.62
Kertas,kertas_R_4539.jpg,224,224,30.61
Kertas,kertas_R_4540.jpg,224,224,14.5
Kertas,kertas_R_4541.jpg,224,224,36.76
Kertas,kertas_R_4542.jpg,224,224,21.08
Kertas,kertas_R_4543.jpg,224,224,22.56
Kertas,kertas_R_4544.jpg,224,224,40.98
Kertas,kertas_R_4545.jpg,224,224,33.93
Kertas,kertas_R_4546.jpg,224,224,24.0
Kertas,kertas_R_4547.jpg,224,224,20.62
Kertas,kertas_R_4548.jpg,224,224,30.14
Kertas,kertas_R_4549.jpg,224,224,26.91
Kertas,kertas_R_4550.jpg,224,224,32.65
Kertas,kertas_R_4551.jpg,224,224,7.62
Kertas,kertas_R_4552.jpg,224,224,28.78
Kertas,kertas_R_4553.jpg,224,224,34.5
Kertas,kertas_R_4554.jpg,224,224,26.36
Kertas,kertas_R_4555.jpg,224,224,32.39
Kertas,kertas_R_4556.jpg,224,224,37.89
Kertas,kertas_R_4557.jpg,224,224,8.4
Kertas,kertas_R_4558.jpg,224,224,19.32
Kertas,kertas_R_4559.jpg,224,224,32.51
Kertas,kertas_R_4560.jpg,224,224,31.69
Kertas,kertas_R_4561.jpg,224,224,23.95
Kertas,kertas_R_4562.jpg,224,224,28.27
Kertas,kertas_R_4563.jpg,224,224,31.06
Kertas,kertas_R_4564.jpg,224,224,25.02
Kertas,kertas_R_4565.jpg,224,224,33.93
Kertas,kertas_R_4566.jpg,224,224,22.16
Kertas,kertas_R_4567.jpg,224,224,35.19
Kertas,kertas_R_4568.jpg,224,224,18.71
Kertas,kertas_R_4569.jpg,224,224,28.26
Kertas,kertas_R_4570.jpg,224,224,12.48
Kertas,kertas_R_4571.jpg,224,224,11.33
Kertas,kertas_R_4572.jpg,224,224,38.33
Kertas,kertas_R_4573.jpg,224,224,24.13
Kertas,kertas_R_4574.jpg,224,224,30.86
Kertas,kertas_R_4575.jpg,224,224,24.26
Kertas,kertas_R_4576.jpg,224,224,25.01
Kertas,kertas_R_4577.jpg,224,224,34.27
Kertas,kertas_R_4578.jpg,224,224,32.27
Kertas,kertas_R_4579.jpg,224,224,27.92
Kertas,kertas_R_4580.jpg,224,224,39.13
Kertas,kertas_R_4581.jpg,224,224,23.57
Kertas,kertas_R_4582.jpg,224,224,22.89
Kertas,kertas_R_4583.jpg,224,224,37.48
Kertas,kertas_R_4584.jpg,224,224,35.09
Kertas,kertas_R_4585.jpg,224,224,29.13
Kertas,kertas_R_4586.jpg,224,224,25.4
Kertas,kertas_R_4587.jpg,224,224,36.03
Kertas,kertas_R_4588.jpg,224,224,27.32
Kertas,kertas_R_4589.jpg,224,224,25.57
Kertas,kertas_R_4590.jpg,224,224,7.72
Kertas,kertas_R_4591.jpg,224,224,16.65
Kertas,kertas_R_4592.jpg,224,224,28.29
Kertas,kertas_R_4593.jpg,224,224,36.61
Kertas,kertas_R_4594.jpg,224,224,33.94
Kertas,kertas_R_4595.jpg,224,224,29.39
Kertas,kertas_R_4596.jpg,224,224,29.29
Kertas,kertas_R_4597.jpg,224,224,21.42
Kertas,kertas_R_4598.jpg,224,224,26.17
Kertas,kertas_R_4599.jpg,224,224,17.86
Kertas,kertas_R_4600.jpg,224,224,31.21
Kertas,kertas_R_4601.jpg,224,224,33.89
Kertas,kertas_R_4602.jpg,224,224,35.83
Kertas,kertas_R_4603.jpg,224,224,20.61
Kertas,kertas_R_4604.jpg,224,224,27.33
Kertas,kertas_R_4605.jpg,224,224,37.35
Kertas,kertas_R_4606.jpg,224,224,34.7
Kertas,kertas_R_4607.jpg,224,224,10.29
Kertas,kertas_R_4608.jpg,224,224,38.06
Kertas,kertas_R_4609.jpg,224,224,22.63
Kertas,kertas_R_4610.jpg,224,224,16.43
Kertas,kertas_R_4611.jpg,224,224,36.4
Kertas,kertas_R_4612.jpg,224,224,21.66
Kertas,kertas_R_4613.jpg,224,224,20.69
Kertas,kertas_R_4614.jpg,224,224,23.3
Kertas,kertas_R_4615.jpg,224,224,12.44
Kertas,kertas_R_4616.jpg,224,224,29.31
Kertas,kertas_R_4617.jpg,224,224,18.24
Kertas,kertas_R_4618.jpg,224,224,13.6
Kertas,kertas_R_4619.jpg,224,224,27.56
Kertas,kertas_R_4620.jpg,224,224,29.29
Kertas,kertas_R_4621.jpg,224,224,15.67
Kertas,kertas_R_4622.jpg,224,224,27.99
Kertas,kertas_R_4623.jpg,224,224,28.03
Kertas,kertas_R_4624.jpg,224,224,33.59
Kertas,kertas_R_4625.jpg,224,224,28.78
Kertas,kertas_R_4626.jpg,224,224,35.4
Kertas,kertas_R_4627.jpg,224,224,21.35
Kertas,kertas_R_4628.jpg,224,224,22.26
Kertas,kertas_R_4629.jpg,224,224,33.65
Kertas,kertas_R_4630.jpg,224,224,14.92
Kertas,kertas_R_4631.jpg,224,224,32.11
Kertas,kertas_R_4632.jpg,224,224,29.41
Kertas,kertas_R_4633.jpg,224,224,31.49
Kertas,kertas_R_4634.jpg,224,224,25.13
Kertas,kertas_R_4635.jpg,224,224,27.14
Kertas,kertas_R_4636.jpg,224,224,27.14
Kertas,kertas_R_4637.jpg,224,224,32.45
Kertas,kertas_R_4638.jpg,224,224,34.05
Kertas,kertas_R_4639.jpg,224,224,18.0
Kertas,kertas_R_4640.jpg,224,224,31.05
Kertas,kertas_R_4641.jpg,224,224,28.26
Kertas,kertas_R_4642.jpg,224,224,13.85
Kertas,kertas_R_4643.jpg,224,224,36.92
Kertas,kertas_R_4644.jpg,224,224,32.05
Kertas,kertas_R_4645.jpg,224,224,11.82
Kertas,kertas_R_4646.jpg,224,224,29.6
Kertas,kertas_R_4647.jpg,224,224,14.81
Kertas,kertas_R_4648.jpg,224,224,9.81
Kertas,kertas_R_4649.jpg,224,224,18.45
Kertas,kertas_R_4650.jpg,224,224,30.34
Kertas,kertas_R_4651.jpg,224,224,33.54
Kertas,kertas_R_4652.jpg,224,224,10.11
Kertas,kertas_R_4653.jpg,224,224,28.31
Kertas,kertas_R_4654.jpg,224,224,33.46
Kertas,kertas_R_4655.jpg,224,224,17.43
Kertas,kertas_R_4656.jpg,224,224,31.81
Kertas,kertas_R_4657.jpg,224,224,40.7
Kertas,kertas_R_4658.jpg,224,224,13.72
Kertas,kertas_R_4659.jpg,224,224,29.03
Kertas,kertas_R_4660.jpg,224,224,16.84
Kertas,kertas_R_4661.jpg,224,224,24.64
Kertas,kertas_R_4662.jpg,224,224,21.96
Kertas,kertas_R_4663.jpg,224,224,33.27
Kertas,kertas_R_4664.jpg,224,224,29.81
Kertas,kertas_R_4665.jpg,224,224,22.29
Kertas,kertas_R_4666.jpg,224,224,14.77
Kertas,kertas_R_4667.jpg,224,224,23.08
Kertas,kertas_R_4668.jpg,224,224,27.76
Kertas,kertas_R_4669.jpg,224,224,23.24
Kertas,kertas_R_4670.jpg,224,224,33.9
Kertas,kertas_R_4671.jpg,224,224,22.46
Kertas,kertas_R_4672.jpg,224,224,25.12
Kertas,kertas_R_4673.jpg,224,224,9.83
Kertas,kertas_R_4674.jpg,224,224,22.31
Kertas,kertas_R_4675.jpg,224,224,28.7
Kertas,kertas_R_4676.jpg,224,224,12.61
Kertas,kertas_R_4677.jpg,224,224,36.12
Kertas,kertas_R_4678.jpg,224,224,34.95
Kertas,kertas_R_4679.jpg,224,224,35.12
Kertas,kertas_R_4680.jpg,224,224,24.91
Kertas,kertas_R_4681.jpg,224,224,8.97
Kertas,kertas_R_4682.jpg,224,224,14.89
Kertas,kertas_R_4683.jpg,224,224,11.13
Kertas,kertas_R_4684.jpg,224,224,24.85
Kertas,kertas_R_4685.jpg,224,224,35.04
Kertas,kertas_R_4686.jpg,224,224,23.26
Kertas,kertas_R_4687.jpg,224,224,25.55
Kertas,kertas_R_4688.jpg,224,224,35.86
Kertas,kertas_R_4689.jpg,224,224,27.51
Kertas,kertas_R_4690.jpg,224,224,35.76
Kertas,kertas_R_4691.jpg,224,224,23.57
Kertas,kertas_R_4692.jpg,224,224,34.36
Kertas,kertas_R_4693.jpg,224,224,10.96
Kertas,kertas_R_4694.jpg,224,224,33.45
Kertas,kertas_R_4695.jpg,224,224,23.48
Kertas,kertas_R_4696.jpg,224,224,22.89
Kertas,kertas_R_4697.jpg,224,224,16.74
Kertas,kertas_R_4698.jpg,224,224,19.83
Kertas,kertas_R_4699.jpg,224,224,24.22
Kertas,kertas_R_4700.jpg,224,224,16.77
Kertas,kertas_R_4701.jpg,224,224,23.45
Kertas,kertas_R_4702.jpg,224,224,21.89
Kertas,kertas_R_4703.jpg,224,224,38.04
Kertas,kertas_R_4704.jpg,224,224,31.37
Kertas,kertas_R_4705.jpg,224,224,23.76
Kertas,kertas_R_4706.jpg,224,224,10.15
Kertas,kertas_R_4707.jpg,224,224,38.89
Kertas,kertas_R_4708.jpg,224,224,25.96
Kertas,kertas_R_4709.jpg,224,224,29.13
Kertas,kertas_R_4710.jpg,224,224,24.11
Kertas,kertas_R_4711.jpg,224,224,11.98
Kertas,kertas_R_4712.jpg,224,224,32.7
Kertas,kertas_R_4713.jpg,224,224,25.44
Kertas,kertas_R_4714.jpg,224,224,24.94
Kertas,kertas_R_4715.jpg,224,224,34.26
Kertas,kertas_R_4716.jpg,224,224,38.09
Kertas,kertas_R_4717.jpg,224,224,29.44
Kertas,kertas_R_4718.jpg,224,224,28.93
Kertas,kertas_R_4719.jpg,224,224,39.52
Kertas,kertas_R_4720.jpg,224,224,26.79
Kertas,kertas_R_4721.jpg,224,224,14.12
Kertas,kertas_R_4722.jpg,224,224,34.41
Kertas,kertas_R_4723.jpg,224,224,21.16
Kertas,kertas_R_4724.jpg,224,224,37.48
Kertas,kertas_R_4725.jpg,224,224,20.75
Kertas,kertas_R_4726.jpg,224,224,18.45
Kertas,kertas_R_4727.jpg,224,224,21.44
Kertas,kertas_R_4728.jpg,224,224,21.55
Kertas,kertas_R_4729.jpg,224,224,29.83
Kertas,kertas_R_4730.jpg,224,224,25.93
Kertas,kertas_R_4731.jpg,224,224,13.26
Kertas,kertas_R_4732.jpg,224,224,29.85
Kertas,kertas_R_4733.jpg,224,224,10.88
Kertas,kertas_R_4734.jpg,224,224,23.17
Kertas,kertas_R_4735.jpg,224,224,28.39
Kertas,kertas_R_4736.jpg,224,224,12.11
Kertas,kertas_R_4737.jpg,224,224,22.18
Kertas,kertas_R_4738.jpg,224,224,21.6
Kertas,kertas_R_4739.jpg,224,224,25.32
Kertas,kertas_R_4740.jpg,224,224,15.24
Kertas,kertas_R_4741.jpg,224,224,21.6
Kertas,kertas_R_4742.jpg,224,224,30.78
Kertas,kertas_R_4743.jpg,224,224,16.21
Kertas,kertas_R_4744.jpg,224,224,29.75
Kertas,kertas_R_4745.jpg,224,224,26.01
Kertas,kertas_R_4746.jpg,224,224,18.11
Kertas,kertas_R_4747.jpg,224,224,20.08
Kertas,kertas_R_4748.jpg,224,224,26.37
Kertas,kertas_R_4749.jpg,224,224,8.78
Kertas,kertas_R_4750.jpg,224,224,25.02
Kertas,kertas_R_4751.jpg,224,224,30.83
Kertas,kertas_R_4752.jpg,224,224,24.23
Kertas,kertas_R_4753.jpg,224,224,30.5
Kertas,kertas_R_4754.jpg,224,224,32.17
Kertas,kertas_R_4755.jpg,224,224,25.69
Kertas,kertas_R_4756.jpg,224,224,12.56
Kertas,kertas_R_4757.jpg,224,224,26.98
Kertas,kertas_R_4758.jpg,224,224,31.33
Kertas,kertas_R_4759.jpg,224,224,28.92
Kertas,kertas_R_4760.jpg,224,224,29.68
Kertas,kertas_R_4761.jpg,224,224,22.2
Kertas,kertas_R_4762.jpg,224,224,17.58
Kertas,kertas_R_4763.jpg,224,224,12.56
Kertas,kertas_R_4764.jpg,224,224,17.53
Kertas,kertas_R_4765.jpg,224,224,23.58
Kertas,kertas_R_4766.jpg,224,224,30.77
Kertas,kertas_R_4767.jpg,224,224,22.05
Kertas,kertas_R_4768.jpg,224,224,13.35
Kertas,kertas_R_4769.jpg,224,224,12.27
Kertas,kertas_R_4770.jpg,224,224,26.58
Kertas,kertas_R_4771.jpg,224,224,28.49
Kertas,kertas_R_4772.jpg,224,224,28.08
Kertas,kertas_R_4773.jpg,224,224,16.78
Kertas,kertas_R_4774.jpg,224,224,20.25
Kertas,kertas_R_4775.jpg,224,224,22.12
Kertas,kertas_R_4776.jpg,224,224,23.42
Kertas,kertas_R_4777.jpg,224,224,26.7
Kertas,kertas_R_4778.jpg,224,224,28.79
Kertas,kertas_R_4779.jpg,224,224,32.7
Kertas,kertas_R_4780.jpg,224,224,35.08
Kertas,kertas_R_4781.jpg,224,224,31.84
Kertas,kertas_R_4782.jpg,224,224,26.14
Kertas,kertas_R_4783.jpg,224,224,17.18
Kertas,kertas_R_4784.jpg,224,224,12.25
Kertas,kertas_R_4785.jpg,224,224,31.96
Kertas,kertas_R_4786.jpg,224,224,22.67
Kertas,kertas_R_4787.jpg,224,224,27.98
Kertas,kertas_R_4788.jpg,224,224,25.59
Kertas,kertas_R_4789.jpg,224,224,11.65
Kertas,kertas_R_4790.jpg,224,224,28.96
Kertas,kertas_R_4791.jpg,224,224,32.84
Kertas,kertas_R_4792.jpg,224,224,26.38
Kertas,kertas_R_4793.jpg,224,224,23.91
Kertas,kertas_R_4794.jpg,224,224,30.93
Kertas,kertas_R_4795.jpg,224,224,16.45
Kertas,kertas_R_4796.jpg,224,224,26.57
Kertas,kertas_R_4797.jpg,224,224,29.56
Kertas,kertas_R_4798.jpg,224,224,12.31
Kertas,kertas_R_4799.jpg,224,224,14.76
Kertas,kertas_R_4800.jpg,224,224,19.73
Kertas,kertas_R_4801.jpg,224,224,49.88
Kertas,kertas_R_4802.jpg,224,224,17.88
Kertas,kertas_R_4803.jpg,224,224,31.96
Kertas,kertas_R_4804.jpg,224,224,19.99
Kertas,kertas_R_4805.jpg,224,224,17.44
Kertas,kertas_R_4806.jpg,224,224,34.09
Kertas,kertas_R_4807.jpg,224,224,26.8
Kertas,kertas_R_4808.jpg,224,224,25.14
Kertas,kertas_R_4809.jpg,224,224,24.81
Kertas,kertas_R_4810.jpg,224,224,21.96
Kertas,kertas_R_4811.jpg,224,224,29.38
Kertas,kertas_R_4812.jpg,224,224,18.41
Kertas,kertas_R_4813.jpg,224,224,23.6
Kertas,kertas_R_4814.jpg,224,224,31.2
Kertas,kertas_R_4815.jpg,224,224,34.4
Kertas,kertas_R_4816.jpg,224,224,25.14
Kertas,kertas_R_4817.jpg,224,224,28.43
Kertas,kertas_R_4818.jpg,224,224,27.15
Kertas,kertas_R_4819.jpg,224,224,30.17
Kertas,kertas_R_4820.jpg,224,224,18.33
Kertas,kertas_R_4821.jpg,224,224,25.64
Kertas,kertas_R_4822.jpg,224,224,32.46
Kertas,kertas_R_4823.jpg,224,224,19.38
Kertas,kertas_R_4824.jpg,224,224,26.02
Kertas,kertas_R_4825.jpg,224,224,28.63
Kertas,kertas_R_4826.jpg,224,224,36.66
Kertas,kertas_R_4827.jpg,224,224,20.42
Kertas,kertas_R_4828.jpg,224,224,25.16
Kertas,kertas_R_4829.jpg,224,224,27.24
Kertas,kertas_R_4830.jpg,224,224,23.04
Kertas,kertas_R_4831.jpg,224,224,29.29
Kertas,kertas_R_4832.jpg,224,224,13.83
Kertas,kertas_R_4833.jpg,224,224,10.06
Kertas,kertas_R_4834.jpg,224,224,17.72
Kertas,kertas_R_4835.jpg,224,224,32.4
Kertas,kertas_R_4836.jpg,224,224,31.3
Kertas,kertas_R_4837.jpg,224,224,35.43
Kertas,kertas_R_4838.jpg,224,224,32.01
Kertas,kertas_R_4839.jpg,224,224,29.63
Kertas,kertas_R_4840.jpg,224,224,9.81
Kertas,kertas_R_4841.jpg,224,224,32.2
Kertas,kertas_R_4842.jpg,224,224,27.87
Kertas,kertas_R_4843.jpg,224,224,34.26
Kertas,kertas_R_4844.jpg,224,224,17.32
Kertas,kertas_R_4845.jpg,224,224,31.89
Kertas,kertas_R_4846.jpg,224,224,38.04
Kertas,kertas_R_4847.jpg,224,224,24.52
Kertas,kertas_R_4848.jpg,224,224,26.43
Kertas,kertas_R_4849.jpg,224,224,21.08
Kertas,kertas_R_4850.jpg,224,224,15.43
Kertas,kertas_R_4851.jpg,224,224,19.42
Kertas,kertas_R_4852.jpg,224,224,12.27
Kertas,kertas_R_4853.jpg,224,224,33.47
Kertas,kertas_R_4854.jpg,224,224,31.99
Kertas,kertas_R_4855.jpg,224,224,38.66
Kertas,kertas_R_4856.jpg,224,224,15.11
Kertas,kertas_R_4857.jpg,224,224,29.37
Kertas,kertas_R_4858.jpg,224,224,27.23
Kertas,kertas_R_4859.jpg,224,224,18.25
Kertas,kertas_R_4860.jpg,224,224,37.14
Kertas,kertas_R_4861.jpg,224,224,21.64
Kertas,kertas_R_4862.jpg,224,224,33.57
Kertas,kertas_R_4863.jpg,224,224,11.47
Kertas,kertas_R_4864.jpg,224,224,16.4
Kertas,kertas_R_4865.jpg,224,224,28.55
Kertas,kertas_R_4866.jpg,224,224,16.38
Kertas,kertas_R_4867.jpg,224,224,22.24
Kertas,kertas_R_4868.jpg,224,224,39.26
Kertas,kertas_R_4869.jpg,224,224,15.74
Kertas,kertas_R_4870.jpg,224,224,35.46
Kertas,kertas_R_4871.jpg,224,224,36.39
Kertas,kertas_R_4872.jpg,224,224,33.84
Kertas,kertas_R_4873.jpg,224,224,13.39
Kertas,kertas_R_4874.jpg,224,224,33.38
Kertas,kertas_R_4875.jpg,224,224,26.96
Kertas,kertas_R_4876.jpg,224,224,24.53
Kertas,kertas_R_4877.jpg,224,224,28.25
Kertas,kertas_R_4878.jpg,224,224,27.89
Kertas,kertas_R_4879.jpg,224,224,39.86
Kertas,kertas_R_4880.jpg,224,224,10.81
Kertas,kertas_R_4881.jpg,224,224,25.65
Kertas,kertas_R_4882.jpg,224,224,33.74
Kertas,kertas_R_4883.jpg,224,224,22.86
Kertas,kertas_R_4884.jpg,224,224,17.9
Kertas,kertas_R_4885.jpg,224,224,17.58
Kertas,kertas_R_4886.jpg,224,224,26.74
Kertas,kertas_R_4887.jpg,224,224,32.55
Kertas,kertas_R_4888.jpg,224,224,14.74
Kertas,kertas_R_4889.jpg,224,224,32.78
Kertas,kertas_R_4890.jpg,224,224,27.26
Kertas,kertas_R_4891.jpg,224,224,27.09
Kertas,kertas_R_4892.jpg,224,224,22.56
Kertas,kertas_R_4893.jpg,224,224,28.86
Kertas,kertas_R_4894.jpg,224,224,9.94
Kertas,kertas_R_4895.jpg,224,224,12.73
Kertas,kertas_R_4896.jpg,224,224,17.35
Kertas,kertas_R_4897.jpg,224,224,23.2
Kertas,kertas_R_4898.jpg,224,224,23.68
Kertas,kertas_R_4899.jpg,224,224,8.08
Kertas,kertas_R_4900.jpg,224,224,30.72
Kertas,kertas_R_4901.jpg,224,224,28.53
Kertas,kertas_R_4902.jpg,224,224,20.94
Kertas,kertas_R_4903.jpg,224,224,28.7
Kertas,kertas_R_4904.jpg,224,224,29.82
Kertas,kertas_R_4905.jpg,224,224,30.31
Kertas,kertas_R_4906.jpg,224,224,29.04
Kertas,kertas_R_4907.jpg,224,224,38.13
Kertas,kertas_R_4908.jpg,224,224,20.74
Kertas,kertas_R_4909.jpg,224,224,11.11
Kertas,kertas_R_4910.jpg,224,224,20.41
Kertas,kertas_R_4911.jpg,224,224,17.52
Kertas,kertas_R_4912.jpg,224,224,21.44
Kertas,kertas_R_4913.jpg,224,224,24.82
Kertas,kertas_R_4914.jpg,224,224,26.75
Kertas,kertas_R_4915.jpg,224,224,19.02
Kertas,kertas_R_4916.jpg,224,224,26.33
Kertas,kertas_R_4917.jpg,224,224,11.83
Kertas,kertas_R_4918.jpg,224,224,13.25
Kertas,kertas_R_4919.jpg,224,224,26.24
Kertas,kertas_R_4920.jpg,224,224,16.68
Kertas,kertas_R_4921.jpg,224,224,23.94
Kertas,kertas_R_4922.jpg,224,224,10.46
Kertas,kertas_R_4923.jpg,224,224,14.71
Kertas,kertas_R_4924.jpg,224,224,8.57
Kertas,kertas_R_4925.jpg,224,224,23.39
Kertas,kertas_R_5712.jpg,224,224,11.32
Kertas,kertas_R_5713.jpg,224,224,8.35
Kertas,kertas_R_5714.jpg,224,224,7.93
Kertas,kertas_R_5715.jpg,224,224,7.32
Kertas,kertas_R_5716.jpg,224,224,8.74
Kertas,kertas_R_5717.jpg,224,224,7.72
Kertas,kertas_R_5718.jpg,224,224,8.08
Kertas,kertas_R_5720.jpg,224,224,16.15
Kertas,kertas_R_5726.jpg,224,224,9.96
Kertas,kertas_R_5727.jpg,224,224,6.42
Kertas,kertas_R_5729.jpg,224,224,9.86
Kertas,kertas_R_5732.jpg,224,224,9.64
Kertas,kertas_R_5733.jpg,224,224,10.27
Kertas,kertas_R_5734.jpg,224,224,23.31
Kertas,kertas_R_5736.jpg,224,224,12.2
Kertas,kertas_R_5738.jpg,224,224,18.61
Kertas,kertas_R_5739.jpg,224,224,8.65
Kertas,kertas_R_5744.jpg,224,224,10.52
Kertas,kertas_R_5745.jpg,224,224,18.41
Kertas,kertas_R_5746.jpg,224,224,7.1
Kertas,kertas_R_5747.jpg,224,224,10.54
Kertas,kertas_R_5748.jpg,224,224,7.71
Kertas,kertas_R_5750.jpg,224,224,10.32
Kertas,kertas_R_5751.jpg,224,224,5.99
Kertas,kertas_R_5753.jpg,224,224,9.92
Kertas,kertas_R_5757.jpg,224,224,17.8
Kertas,kertas_R_5758.jpg,224,224,7.36
Kertas,kertas_R_5762.jpg,224,224,12.09
Kertas,kertas_R_5763.jpg,224,224,18.61
Kertas,kertas_R_5764.jpg,224,224,6.09
Kertas,kertas_R_5767.jpg,224,224,8.23
Kertas,kertas_R_5770.jpg,224,224,7.24
Kertas,kertas_R_5771.jpg,224,224,11.95
Kertas,kertas_R_5772.jpg,224,224,19.88
Kertas,kertas_R_5774.jpg,224,224,10.77
Kertas,kertas_R_5775.jpg,224,224,6.94
Kertas,kertas_R_5782.jpg,224,224,25.85
Kertas,kertas_R_5784.jpg,224,224,18.73
Kertas,kertas_R_5785.jpg,224,224,9.52
Kertas,kertas_R_5786.jpg,224,224,20.91
Kertas,kertas_R_5787.jpg,224,224,9.87
Kertas,kertas_R_5789.jpg,224,224,10.56
Kertas,kertas_R_5790.jpg,224,224,9.57
Kertas,kertas_R_5793.jpg,224,224,13.09
Kertas,kertas_R_5794.jpg,224,224,16.29
Kertas,kertas_R_5795.jpg,224,224,8.09
Kertas,kertas_R_5796.jpg,224,224,7.17
Kertas,kertas_R_5797.jpg,224,224,13.37
Kertas,kertas_R_5798.jpg,224,224,10.17
Kertas,kertas_R_5799.jpg,224,224,21.41
Kertas,kertas_R_5803.jpg,224,224,11.22
Kertas,kertas_R_5807.jpg,224,224,10.94
Kertas,kertas_R_5808.jpg,224,224,5.68
Kertas,kertas_R_5816.jpg,224,224,32.75
Kertas,kertas_R_5817.jpg,224,224,20.45
Kertas,kertas_R_5818.jpg,224,224,13.21
Kertas,kertas_R_5820.jpg,224,224,15.25
Kertas,kertas_R_5822.jpg,224,224,18.14
Kertas,kertas_R_5823.jpg,224,224,15.79
Kertas,kertas_R_5824.jpg,224,224,11.97
Kertas,kertas_R_5825.jpg,224,224,16.85
Kertas,kertas_R_5826.jpg,224,224,8.47
Kertas,kertas_R_5827.jpg,224,224,25.54
Kertas,kertas_R_5832.jpg,224,224,12.71
Kertas,kertas_R_5833.jpg,224,224,20.53
Kertas,kertas_R_5835.jpg,224,224,12.74
Kertas,kertas_R_5836.jpg,224,224,13.03
Kertas,kertas_R_5837.jpg,224,224,7.55
Kertas,kertas_R_5838.jpg,224,224,13.68
Kertas,kertas_R_5839.jpg,224,224,12.46
Kertas,kertas_R_5841.jpg,224,224,19.57
Kertas,kertas_R_5842.jpg,224,224,7.14
Kertas,kertas_R_5843.jpg,224,224,9.92
Kertas,kertas_R_5846.jpg,224,224,13.68
Kertas,kertas_R_5847.jpg,224,224,9.67
Kertas,kertas_R_5851.jpg,224,224,7.95
Kertas,kertas_R_5852.jpg,224,224,8.94
Kertas,kertas_R_5854.jpg,224,224,3.56
Kertas,kertas_R_5856.jpg,224,224,17.63
Kertas,kertas_R_5858.jpg,224,224,7.97
Kertas,kertas_R_5859.jpg,224,224,10.48
Kertas,kertas_R_5860.jpg,224,224,10.57
Kertas,kertas_R_5869.jpg,224,224,14.74
Kertas,kertas_R_5870.jpg,224,224,25.19
Kertas,kertas_R_5871.jpg,224,224,22.61
Kertas,kertas_R_5872.jpg,224,224,14.06
Kertas,kertas_R_5876.jpg,224,224,21.7
Kertas,kertas_R_5877.jpg,224,224,7.65
Kertas,kertas_R_5878.jpg,224,224,11.92
Kertas,kertas_R_5879.jpg,224,224,12.56
Kertas,kertas_R_5880.jpg,224,224,12.87
Kertas,kertas_R_5881.jpg,224,224,9.1
Kertas,kertas_R_5882.jpg,224,224,16.15
Kertas,kertas_R_5885.jpg,224,224,11.42
Kertas,kertas_R_5887.jpg,224,224,23.21
Kertas,kertas_R_5888.jpg,224,224,27.99
Kertas,kertas_R_5889.jpg,224,224,5.19
Kertas,kertas_R_5891.jpg,224,224,13.43
Kertas,kertas_R_5892.jpg,224,224,8.42
Kertas,kertas_R_5894.jpg,224,224,17.97
Kertas,kertas_R_5895.jpg,224,224,10.71
Kertas,kertas_R_5897.jpg,224,224,18.0
Kertas,kertas_R_5900.jpg,224,224,16.49
Kertas,kertas_R_5902.jpg,224,224,10.08
Kertas,kertas_R_5904.jpg,224,224,17.82
Kertas,kertas_R_5905.jpg,224,224,23.73
Kertas,kertas_R_5906.jpg,224,224,5.77
Kertas,kertas_R_5907.jpg,224,224,21.66
Kertas,kertas_R_5908.jpg,224,224,8.17
Kertas,kertas_R_5909.jpg,224,224,17.96
Kertas,kertas_R_5910.jpg,224,224,7.54
Kertas,kertas_R_5911.jpg,224,224,27.19
Kertas,kertas_R_5912.jpg,224,224,14.81
Kertas,kertas_R_5913.jpg,224,224,19.12
Kertas,kertas_R_5914.jpg,224,224,13.83
Kertas,kertas_R_5915.jpg,224,224,6.2
Kertas,kertas_R_5916.jpg,224,224,11.86
Kertas,kertas_R_5920.jpg,224,224,10.35
Kertas,kertas_R_5921.jpg,224,224,13.3
Kertas,kertas_R_5922.jpg,224,224,17.39
Kertas,kertas_R_5923.jpg,224,224,37.21
Kertas,kertas_R_5925.jpg,224,224,21.8
Kertas,kertas_R_5927.jpg,224,224,14.94
Kertas,kertas_R_5928.jpg,224,224,13.81
Kertas,kertas_R_5933.jpg,224,224,17.22
Kertas,kertas_R_5934.jpg,224,224,9.09
Kertas,kertas_R_5935.jpg,224,224,19.13
Kertas,kertas_R_5937.jpg,224,224,16.75
Kertas,kertas_R_5943.jpg,224,224,9.58
Kertas,kertas_R_5944.jpg,224,224,8.09
Kertas,kertas_R_5949.jpg,224,224,13.48
Kertas,kertas_R_5950.jpg,224,224,9.66
Kertas,kertas_R_5951.jpg,224,224,17.36
Kertas,kertas_R_5957.jpg,224,224,22.9
Kertas,kertas_R_5961.jpg,224,224,6.54
Kertas,kertas_R_5962.jpg,224,224,16.73
Kertas,kertas_R_5967.jpg,224,224,13.22
Kertas,kertas_R_5969.jpg,224,224,17.82
Kertas,kertas_R_5970.jpg,224,224,17.76
Kertas,kertas_R_5972.jpg,224,224,18.64
Kertas,kertas_R_5973.jpg,224,224,19.05
Kertas,kertas_R_5974.jpg,224,224,14.5
Kertas,kertas_R_5975.jpg,224,224,10.33
Kertas,kertas_R_5976.jpg,224,224,9.32
Kertas,kertas_R_5977.jpg,224,224,17.73
Kertas,kertas_R_5981.jpg,224,224,11.3
Kertas,kertas_R_5989.jpg,224,224,8.12
Kertas,kertas_R_5992.jpg,224,224,7.45
Kertas,kertas_R_6002.jpg,224,224,8.16
Kertas,kertas_R_6024.jpg,224,224,8.73
Kertas,kertas_R_6030.jpg,224,224,6.89
Kertas,kertas_R_6035.jpg,224,224,4.82
Kertas,kertas_R_6037.jpg,224,224,12.65
Kertas,kertas_R_6051.jpg,224,224,6.17
Kertas,kertas_R_6063.jpg,224,224,13.64
Kertas,kertas_R_6064.jpg,224,224,17.21
Kertas,kertas_R_6065.jpg,224,224,21.14
Kertas,kertas_R_6071.jpg,224,224,10.48
Kertas,kertas_R_6076.jpg,224,224,14.84
Kertas,kertas_R_6078.jpg,224,224,26.12
Kertas,kertas_R_6080.jpg,224,224,23.71
Kertas,kertas_R_6085.jpg,224,224,17.02
Kertas,kertas_R_6086.jpg,224,224,16.03
Kertas,kertas_R_6094.jpg,224,224,16.48
Kertas,kertas_R_6095.jpg,224,224,19.64
Kertas,kertas_R_6096.jpg,224,224,6.51
Kertas,kertas_R_6098.jpg,224,224,15.64
Kertas,kertas_R_6104.jpg,224,224,5.33
Kertas,kertas_R_6113.jpg,224,224,10.84
Kertas,kertas_R_6116.jpg,224,224,14.61
Kertas,kertas_R_6117.jpg,224,224,14.05
Kertas,kertas_R_6121.jpg,224,224,18.18
Kertas,kertas_R_6123.jpg,224,224,9.22
Kertas,kertas_R_6124.jpg,224,224,10.18
Kertas,kertas_R_6129.jpg,224,224,17.02
Kertas,kertas_R_6130.jpg,224,224,8.32
Kertas,kertas_R_6136.jpg,224,224,16.27
Kertas,kertas_R_6140.jpg,224,224,18.15
Kertas,kertas_R_6150.jpg,224,224,13.98
Kertas,kertas_R_6153.jpg,224,224,10.03
Kertas,kertas_R_6158.jpg,224,224,11.29
Kertas,kertas_R_6160.jpg,224,224,24.68
Kertas,kertas_R_6161.jpg,224,224,14.38
Kertas,kertas_R_6164.jpg,224,224,8.2
Kertas,kertas_R_6165.jpg,224,224,10.91
Kertas,kertas_R_6171.jpg,224,224,3.31
Kertas,kertas_R_6172.jpg,224,224,26.38
Kertas,kertas_R_6174.jpg,224,224,16.69
Kertas,kertas_R_6186.jpg,224,224,9.14
Kertas,kertas_R_6187.jpg,224,224,5.62
Kertas,kertas_R_6202.jpg,224,224,9.16
Kertas,kertas_R_6208.jpg,224,224,5.05
Kertas,kertas_R_6216.jpg,224,224,8.44
Kertas,kertas_R_6223.jpg,224,224,7.24
Kertas,kertas_R_6225.jpg,224,224,18.33
Kertas,kertas_R_6233.jpg,224,224,5.96
Kertas,kertas_R_6240.jpg,224,224,12.96
Kertas,kertas_R_6241.jpg,224,224,13.84
Kertas,kertas_R_6242.jpg,224,224,19.71
Kertas,kertas_R_6252.jpg,224,224,17.95
Kertas,kertas_R_6253.jpg,224,224,16.3
Kertas,kertas_R_6258.jpg,224,224,5.82
Kertas,kertas_R_6259.jpg,224,224,5.92
Kertas,kertas_R_6260.jpg,224,224,6.22
Kertas,kertas_R_6261.jpg,224,224,4.9
Kertas,kertas_R_6262.jpg,224,224,11.17
Kertas,kertas_R_6263.jpg,224,224,8.62
Kertas,kertas_R_6264.jpg,224,224,7.79
Kertas,kertas_R_6265.jpg,224,224,8.27
Kertas,kertas_R_6266.jpg,224,224,12.48
Kertas,kertas_R_6267.jpg,224,224,8.67
Kertas,kertas_R_6268.jpg,224,224,5.97
Kertas,kertas_R_6269.jpg,224,224,4.54
Kertas,kertas_R_6270.jpg,224,224,11.21
Kertas,kertas_R_6271.jpg,224,224,9.34
Kertas,kertas_R_6272.jpg,224,224,8.58
Kertas,kertas_R_6273.jpg,224,224,9.75
Kertas,kertas_R_6274.jpg,224,224,8.22
Kertas,kertas_R_6275.jpg,224,224,10.12
Kertas,kertas_R_6276.jpg,224,224,8.17
Kertas,kertas_R_6277.jpg,224,224,9.66
Kertas,kertas_R_6278.jpg,224,224,7.23
Kertas,kertas_R_6279.jpg,224,224,16.16
Kertas,kertas_R_6280.jpg,224,224,8.53
Kertas,kertas_R_6281.jpg,224,224,8.75
Kertas,kertas_R_6282.jpg,224,224,11.18
Kertas,kertas_R_6283.jpg,224,224,9.68
Kertas,kertas_R_6284.jpg,224,224,7.39
Kertas,kertas_R_6285.jpg,224,224,5.65
Kertas,kertas_R_6286.jpg,224,224,4.91
Kertas,kertas_R_6287.jpg,224,224,8.71
Kertas,kertas_R_6288.jpg,224,224,10.22
Kertas,kertas_R_6289.jpg,224,224,4.05
Kertas,kertas_R_6290.jpg,224,224,5.89
Kertas,kertas_R_6291.jpg,224,224,8.72
Kertas,kertas_R_6292.jpg,224,224,9.58
Kertas,kertas_R_6293.jpg,224,224,16.73
Kertas,kertas_R_6294.jpg,224,224,5.45
Kertas,kertas_R_6295.jpg,224,224,7.21
Kertas,kertas_R_6296.jpg,224,224,18.81
Kertas,kertas_R_6297.jpg,224,224,13.35
Kertas,kertas_R_6298.jpg,224,224,16.18
Kertas,kertas_R_6299.jpg,224,224,7.88
Kertas,kertas_R_6300.jpg,224,224,18.5
Kertas,kertas_R_6301.jpg,224,224,8.42
Kertas,kertas_R_6302.jpg,224,224,4.64
Kertas,kertas_R_6303.jpg,224,224,9.59
Kertas,kertas_R_6304.jpg,224,224,15.69
Kertas,kertas_R_6305.jpg,224,224,6.8
Kertas,kertas_R_6306.jpg,224,224,3.7
Kertas,kertas_R_6307.jpg,224,224,7.96
Kertas,kertas_R_6308.jpg,224,224,15.81
Kertas,kertas_R_6309.jpg,224,224,4.44
Kertas,kertas_R_6310.jpg,224,224,7.51
Kertas,kertas_R_6311.jpg,224,224,4.67
Kertas,kertas_R_6312.jpg,224,224,9.43
Kertas,kertas_R_6313.jpg,224,224,4.69
Kertas,kertas_R_6314.jpg,224,224,7.02
Kertas,kertas_R_6315.jpg,224,224,4.47
Kertas,kertas_R_6316.jpg,224,224,7.98
Kertas,kertas_R_6317.jpg,224,224,12.28
Kertas,kertas_R_6318.jpg,224,224,9.72
Kertas,kertas_R_6319.jpg,224,224,12.52
Kertas,kertas_R_6320.jpg,224,224,9.97
Kertas,kertas_R_6321.jpg,224,224,7.13
Kertas,kertas_R_6322.jpg,224,224,4.55
Kertas,kertas_R_6323.jpg,224,224,15.64
Kertas,kertas_R_6324.jpg,224,224,6.65
Kertas,kertas_R_6325.jpg,224,224,4.54
Kertas,kertas_R_6326.jpg,224,224,5.69
Kertas,kertas_R_6327.jpg,224,224,12.82
Kertas,kertas_R_6328.jpg,224,224,6.43
Kertas,kertas_R_6329.jpg,224,224,10.84
Kertas,kertas_R_6330.jpg,224,224,8.49
Kertas,kertas_R_6331.jpg,224,224,6.51
Kertas,kertas_R_6332.jpg,224,224,10.22
Kertas,kertas_R_6333.jpg,224,224,4.6
Kertas,kertas_R_6334.jpg,224,224,8.95
Kertas,kertas_R_6335.jpg,224,224,10.99
Kertas,kertas_R_6336.jpg,224,224,8.31
Kertas,kertas_R_6337.jpg,224,224,7.98
Kertas,kertas_R_6338.jpg,224,224,8.43
Kertas,kertas_R_6339.jpg,224,224,12.84
Kertas,kertas_R_6340.jpg,224,224,4.79
Kertas,kertas_R_6341.jpg,224,224,12.29
Kertas,kertas_R_6342.jpg,224,224,15.55
Kertas,kertas_R_6343.jpg,224,224,11.48
Kertas,kertas_R_6344.jpg,224,224,5.36
Kertas,kertas_R_6345.jpg,224,224,6.28
Kertas,kertas_R_6346.jpg,224,224,4.83
Kertas,kertas_R_6347.jpg,224,224,9.26
Kertas,kertas_R_6348.jpg,224,224,11.88
Kertas,kertas_R_6349.jpg,224,224,4.88
Kertas,kertas_R_6350.jpg,224,224,7.13
Kertas,kertas_R_6351.jpg,224,224,5.79
Kertas,kertas_R_6352.jpg,224,224,7.16
Kertas,kertas_R_6353.jpg,224,224,12.84
Kertas,kertas_R_6354.jpg,224,224,8.48
Kertas,kertas_R_6355.jpg,224,224,7.36
Kertas,kertas_R_6356.jpg,224,224,9.52
Kertas,kertas_R_6357.jpg,224,224,7.59
Kertas,kertas_R_6358.jpg,224,224,6.06
Kertas,kertas_R_6359.jpg,224,224,9.78
Kertas,kertas_R_6360.jpg,224,224,10.34
Kertas,kertas_R_6361.jpg,224,224,7.87
Kertas,kertas_R_6362.jpg,224,224,17.77
Kertas,kertas_R_6363.jpg,224,224,4.7
Kertas,kertas_R_6364.jpg,224,224,6.46
Kertas,kertas_R_6365.jpg,224,224,14.66
Kertas,kertas_R_6366.jpg,224,224,7.14
Kertas,kertas_R_6367.jpg,224,224,9.55
Kertas,kertas_R_6368.jpg,224,224,8.17
Kertas,kertas_R_6369.jpg,224,224,9.9
Kertas,kertas_R_6370.jpg,224,224,4.99
Kertas,kertas_R_6371.jpg,224,224,9.29
Kertas,kertas_R_6372.jpg,224,224,11.87
Kertas,kertas_R_6373.jpg,224,224,6.29
Kertas,kertas_R_6374.jpg,224,224,3.81
Kertas,kertas_R_6375.jpg,224,224,14.46
Kertas,kertas_R_6376.jpg,224,224,8.21
Kertas,kertas_R_6377.jpg,224,224,5.83
Kertas,kertas_R_6378.jpg,224,224,5.23
Kertas,kertas_R_6379.jpg,224,224,10.06
Kertas,kertas_R_6380.jpg,224,224,15.1
Kertas,kertas_R_6381.jpg,224,224,6.51
Kertas,kertas_R_6382.jpg,224,224,6.53
Kertas,kertas_R_6383.jpg,224,224,6.65
Kertas,kertas_R_6384.jpg,224,224,15.71
Kertas,kertas_R_6385.jpg,224,224,5.15
Kertas,kertas_R_6386.jpg,224,224,5.27
Kertas,kertas_R_6387.jpg,224,224,13.03
Kertas,kertas_R_6388.jpg,224,224,14.71
Kertas,kertas_R_6389.jpg,224,224,4.35
Kertas,kertas_R_6390.jpg,224,224,4.82
Kertas,kertas_R_6391.jpg,224,224,6.04
Kertas,kertas_R_6392.jpg,224,224,9.43
Kertas,kertas_R_6393.jpg,224,224,3.62
Kertas,kertas_R_6394.jpg,224,224,9.2
Kertas,kertas_R_6395.jpg,224,224,14.9
Kertas,kertas_R_6396.jpg,224,224,6.04
Kertas,kertas_R_6397.jpg,224,224,5.84
Kertas,kertas_R_6398.jpg,224,224,9.1
Kertas,kertas_R_6399.jpg,224,224,10.69
Kertas,kertas_R_6400.jpg,224,224,7.92
Kertas,kertas_R_6401.jpg,224,224,7.21
Kertas,kertas_R_6402.jpg,224,224,9.02
Kertas,kertas_R_6403.jpg,224,224,9.02
Kertas,kertas_R_6404.jpg,224,224,8.69
Kertas,kertas_R_6405.jpg,224,224,5.56
Kertas,kertas_R_6406.jpg,224,224,16.26
Kertas,kertas_R_6407.jpg,224,224,17.55
Kertas,kertas_R_6408.jpg,224,224,12.21
Kertas,kertas_R_6409.jpg,224,224,4.4
Kertas,kertas_R_6410.jpg,224,224,6.43
Kertas,kertas_R_6411.jpg,224,224,13.83
Kertas,kertas_R_6412.jpg,224,224,7.24
Kertas,kertas_R_6413.jpg,224,224,6.42
Kertas,kertas_R_6414.jpg,224,224,5.03
Kertas,kertas_R_6415.jpg,224,224,5.57
Kertas,kertas_R_6416.jpg,224,224,9.95
Kertas,kertas_R_6417.jpg,224,224,11.12
Kertas,kertas_R_6418.jpg,224,224,16.22
Kertas,kertas_R_6419.jpg,224,224,7.01
Kertas,kertas_R_6420.jpg,224,224,5.48
Kertas,kertas_R_6421.jpg,224,224,9.26
Kertas,kertas_R_6422.jpg,224,224,7.06
Kertas,kertas_R_6423.jpg,224,224,12.65
Kertas,kertas_R_6424.jpg,224,224,5.76
Kertas,kertas_R_6425.jpg,224,224,6.98
Kertas,kertas_R_6427.jpg,224,224,5.8
Kertas,kertas_R_6428.jpg,224,224,14.78
Kertas,kertas_R_6429.jpg,224,224,7.43
Kertas,kertas_R_6430.jpg,224,224,8.41
Kertas,kertas_R_6431.jpg,224,224,3.29
Kertas,kertas_R_6432.jpg,224,224,5.39
Kertas,kertas_R_6433.jpg,224,224,9.86
Kertas,kertas_R_6434.jpg,224,224,5.62
Kertas,kertas_R_6435.jpg,224,224,9.83
Kertas,kertas_R_6436.jpg,224,224,9.55
Kertas,kertas_R_6437.jpg,224,224,6.56
Kertas,kertas_R_6438.jpg,224,224,12.64
Kertas,kertas_R_6439.jpg,224,224,10.45
Kertas,kertas_R_6440.jpg,224,224,6.2
Kertas,kertas_R_6441.jpg,224,224,14.33
Kertas,kertas_R_6442.jpg,224,224,4.61
Kertas,kertas_R_6443.jpg,224,224,5.46
Kertas,kertas_R_6444.jpg,224,224,6.43
Kertas,kertas_R_6445.jpg,224,224,10.75
Kertas,kertas_R_6446.jpg,224,224,6.05
Kertas,kertas_R_6447.jpg,224,224,7.48
Kertas,kertas_R_6448.jpg,224,224,9.64
Kertas,kertas_R_6449.jpg,224,224,14.72
Kertas,kertas_R_6450.jpg,224,224,13.33
Kertas,kertas_R_6451.jpg,224,224,4.44
Kertas,kertas_R_6452.jpg,224,224,3.96
Kertas,kertas_R_6453.jpg,224,224,19.81
Kertas,kertas_R_6454.jpg,224,224,6.28
Kertas,kertas_R_6455.jpg,224,224,7.21
Kertas,kertas_R_6456.jpg,224,224,11.25
Kertas,kertas_R_6457.jpg,224,224,5.1
Kertas,kertas_R_6458.jpg,224,224,13.04
Kertas,kertas_R_6459.jpg,224,224,8.22
Kertas,kertas_R_6460.jpg,224,224,12.71
Kertas,kertas_R_6461.jpg,224,224,16.0
Kertas,kertas_R_6462.jpg,224,224,10.21
Kertas,kertas_R_6463.jpg,224,224,5.68
Kertas,kertas_R_6464.jpg,224,224,12.43
Kertas,kertas_R_6465.jpg,224,224,7.92
Kertas,kertas_R_6466.jpg,224,224,10.44
Kertas,kertas_R_6467.jpg,224,224,12.5
Kertas,kertas_R_6468.jpg,224,224,4.94
Kertas,kertas_R_6469.jpg,224,224,27.27
Kertas,kertas_R_6470.jpg,224,224,9.6
Kertas,kertas_R_6471.jpg,224,224,6.18
Kertas,kertas_R_6472.jpg,224,224,12.14
Kertas,kertas_R_6473.jpg,224,224,10.91
Kertas,kertas_R_6474.jpg,224,224,5.53
Kertas,kertas_R_6475.jpg,224,224,7.33
Kertas,kertas_R_6476.jpg,224,224,6.87
Kertas,kertas_R_6477.jpg,224,224,8.63
Kertas,kertas_R_6478.jpg,224,224,15.56
Kertas,kertas_R_6479.jpg,224,224,13.62
Kertas,kertas_R_6480.jpg,224,224,8.64
Kertas,kertas_R_6481.jpg,224,224,13.36
Kertas,kertas_R_6482.jpg,224,224,5.55
Kertas,kertas_R_6483.jpg,224,224,4.19
Kertas,kertas_R_6484.jpg,224,224,5.93
Kertas,kertas_R_6485.jpg,224,224,4.74
Kertas,kertas_R_6486.jpg,224,224,8.05
Kertas,kertas_R_6487.jpg,224,224,4.01
Kertas,kertas_R_6488.jpg,224,224,7.25
Kertas,kertas_R_6489.jpg,224,224,10.73
Kertas,kertas_R_6490.jpg,224,224,7.1
Kertas,kertas_R_6491.jpg,224,224,4.46
Kertas,kertas_R_6492.jpg,224,224,12.49
Kertas,kertas_R_6493.jpg,224,224,12.45
Kertas,kertas_R_6494.jpg,224,224,19.5
Kertas,kertas_R_6495.jpg,224,224,13.44
Kertas,kertas_R_6496.jpg,224,224,5.58
Kertas,kertas_R_6497.jpg,224,224,5.76
Kertas,kertas_R_6498.jpg,224,224,3.85
Kertas,kertas_R_6499.jpg,224,224,8.18
Kertas,kertas_R_6500.jpg,224,224,15.03
Kertas,kertas_R_6501.jpg,224,224,6.68
Kertas,kertas_R_6502.jpg,224,224,7.88
Kertas,kertas_R_6503.jpg,224,224,14.91
Kertas,kertas_R_6504.jpg,224,224,6.78
Kertas,kertas_R_6505.jpg,224,224,17.19
Kertas,kertas_R_6506.jpg,224,224,10.93
Kertas,kertas_R_6507.jpg,224,224,8.96
Kertas,kertas_R_6508.jpg,224,224,10.59
Kertas,kertas_R_6509.jpg,224,224,15.9
Kertas,kertas_R_6510.jpg,224,224,15.71
Kertas,kertas_R_6511.jpg,224,224,9.81
Kertas,kertas_R_6512.jpg,224,224,9.99
Kertas,kertas_R_6513.jpg,224,224,8.54
Kertas,kertas_R_6514.jpg,224,224,10.1
Kertas,kertas_R_6515.jpg,224,224,4.43
Kertas,kertas_R_6516.jpg,224,224,8.75
Kertas,kertas_R_6517.jpg,224,224,6.76
Kertas,kertas_R_6518.jpg,224,224,5.69
Kertas,kertas_R_6519.jpg,224,224,7.42
Kertas,kertas_R_6520.jpg,224,224,4.22
Kertas,kertas_R_6521.jpg,224,224,8.84
Kertas,kertas_R_6522.jpg,224,224,10.25
Kertas,kertas_R_6523.jpg,224,224,8.36
Kertas,kertas_R_6524.jpg,224,224,7.16
Kertas,kertas_R_6525.jpg,224,224,9.42
Kertas,kertas_R_6526.jpg,224,224,10.9
Kertas,kertas_R_6527.jpg,224,224,8.16
Kertas,kertas_R_6528.jpg,224,224,7.11
Kertas,kertas_R_6529.jpg,224,224,8.55
Kertas,kertas_R_6530.jpg,224,224,16.55
Kertas,kertas_R_6531.jpg,224,224,4.27
Kertas,kertas_R_6532.jpg,224,224,19.02
Kertas,kertas_R_6533.jpg,224,224,12.38
Kertas,kertas_R_6534.jpg,224,224,14.32
Kertas,kertas_R_6535.jpg,224,224,14.99
Kertas,kertas_R_6536.jpg,224,224,3.64
Kertas,kertas_R_6537.jpg,224,224,14.25
Kertas,kertas_R_6538.jpg,224,224,18.83
Kertas,kertas_R_6539.jpg,224,224,6.06
Kertas,kertas_R_6540.jpg,224,224,9.56
Kertas,kertas_R_6541.jpg,224,224,11.41
Kertas,kertas_R_6542.jpg,224,224,10.21
Kertas,kertas_R_6543.jpg,224,224,15.3
Kertas,kertas_R_6544.jpg,224,224,6.33
Kertas,kertas_R_6545.jpg,224,224,8.58
Kertas,kertas_R_6546.jpg,224,224,6.49
Kertas,kertas_R_6547.jpg,224,224,15.87
Kertas,kertas_R_6548.jpg,224,224,10.9
Kertas,kertas_R_6549.jpg,224,224,14.45
Kertas,kertas_R_6550.jpg,224,224,6.75
Kertas,kertas_R_6551.jpg,224,224,7.29
Kertas,kertas_R_6552.jpg,224,224,6.6
Kertas,kertas_R_6553.jpg,224,224,10.49
Kertas,kertas_R_6554.jpg,224,224,12.9
Kertas,kertas_R_6555.jpg,224,224,6.0
Kertas,kertas_R_6556.jpg,224,224,11.0
Kertas,kertas_R_6557.jpg,224,224,4.63
Kertas,kertas_R_6558.jpg,224,224,3.96
Kertas,kertas_R_6559.jpg,224,224,7.85
Kertas,kertas_R_6560.jpg,224,224,8.55
Kertas,kertas_R_6561.jpg,224,224,5.95
Kertas,kertas_R_6562.jpg,224,224,9.53
Kertas,kertas_R_6563.jpg,224,224,6.68
Kertas,kertas_R_6564.jpg,224,224,7.18
Kertas,kertas_R_6565.jpg,224,224,14.84
Kertas,kertas_R_6566.jpg,224,224,6.18
Kertas,kertas_R_6567.jpg,224,224,10.42
Kertas,kertas_R_6568.jpg,224,224,15.05
Kertas,kertas_R_6569.jpg,224,224,12.72
Kertas,kertas_R_6570.jpg,224,224,11.24
Kertas,kertas_R_6571.jpg,224,224,6.62
Kertas,kertas_R_6572.jpg,224,224,8.03
Kertas,kertas_R_6573.jpg,224,224,7.21
Kertas,kertas_R_6574.jpg,224,224,8.16
Kertas,kertas_R_6575.jpg,224,224,17.47
Kertas,kertas_R_6576.jpg,224,224,8.0
Kertas,kertas_R_6577.jpg,224,224,8.31
Kertas,kertas_R_6578.jpg,224,224,16.56
Kertas,kertas_R_6579.jpg,224,224,4.86
Kertas,kertas_R_6580.jpg,224,224,7.22
Kertas,kertas_R_6581.jpg,224,224,18.88
Kertas,kertas_R_6582.jpg,224,224,19.6
Kertas,kertas_R_6583.jpg,224,224,11.93
Kertas,kertas_R_6584.jpg,224,224,10.93
Kertas,kertas_R_6585.jpg,224,224,6.02
Kertas,kertas_R_6586.jpg,224,224,7.89
Kertas,kertas_R_6587.jpg,224,224,7.34
Kertas,kertas_R_6588.jpg,224,224,6.15
Kertas,kertas_R_6589.jpg,224,224,11.52
Kertas,kertas_R_6590.jpg,224,224,10.58
Kertas,kertas_R_6591.jpg,224,224,4.36
Kertas,kertas_R_6592.jpg,224,224,9.79
Kertas,kertas_R_6593.jpg,224,224,7.49
Kertas,kertas_R_6594.jpg,224,224,12.38
Kertas,kertas_R_6595.jpg,224,224,16.4
Kertas,kertas_R_6596.jpg,224,224,6.27
Kertas,kertas_R_6597.jpg,224,224,13.6
Kertas,kertas_R_6598.jpg,224,224,6.02
Kertas,kertas_R_6599.jpg,224,224,3.87
Kertas,kertas_R_6600.jpg,224,224,7.14
Kertas,kertas_R_6601.jpg,224,224,6.56
Kertas,kertas_R_6602.jpg,224,224,5.94
Kertas,kertas_R_6603.jpg,224,224,7.7
Kertas,kertas_R_6604.jpg,224,224,10.5
Kertas,kertas_R_6605.jpg,224,224,13.08
Kertas,kertas_R_6606.jpg,224,224,9.34
Kertas,kertas_R_6607.jpg,224,224,5.48
Kertas,kertas_R_6608.jpg,224,224,14.28
Kertas,kertas_R_6609.jpg,224,224,12.05
Kertas,kertas_R_6610.jpg,224,224,10.18
Kertas,kertas_R_6611.jpg,224,224,7.44
Kertas,kertas_R_6612.jpg,224,224,13.3
Kertas,kertas_R_6613.jpg,224,224,10.25
Kertas,kertas_R_6614.jpg,224,224,9.5
Kertas,kertas_R_6615.jpg,224,224,17.36
Kertas,kertas_R_6616.jpg,224,224,11.63
Kertas,kertas_R_6617.jpg,224,224,3.97
Kertas,kertas_R_6618.jpg,224,224,16.25
Kertas,kertas_R_6619.jpg,224,224,13.99
Kertas,kertas_R_6620.jpg,224,224,12.19
Kertas,kertas_R_6621.jpg,224,224,7.72
Kertas,kertas_R_6622.jpg,224,224,8.32
Kertas,kertas_R_6623.jpg,224,224,9.23
Kertas,kertas_R_6624.jpg,224,224,6.78
Kertas,kertas_R_6625.jpg,224,224,6.35
Kertas,kertas_R_6626.jpg,224,224,6.92
Kertas,kertas_R_6627.jpg,224,224,13.12
Kertas,kertas_R_6628.jpg,224,224,8.67
Kertas,kertas_R_6629.jpg,224,224,11.54
Kertas,kertas_R_6630.jpg,224,224,8.69
Kertas,kertas_R_6631.jpg,224,224,7.59
Kertas,kertas_R_6632.jpg,224,224,9.48
Kertas,kertas_R_6633.jpg,224,224,12.29
Kertas,kertas_R_6634.jpg,224,224,10.35
Kertas,kertas_R_6635.jpg,224,224,5.03
Kertas,kertas_R_6636.jpg,224,224,5.92
Kertas,kertas_R_6637.jpg,224,224,13.0
Kertas,kertas_R_6638.jpg,224,224,8.4
Kertas,kertas_R_6639.jpg,224,224,9.74
Kertas,kertas_R_6640.jpg,224,224,13.13
Kertas,kertas_R_6641.jpg,224,224,9.06
Kertas,kertas_R_6642.jpg,224,224,6.27
Kertas,kertas_R_6643.jpg,224,224,5.37
Kertas,kertas_R_6644.jpg,224,224,5.65
Kertas,kertas_R_6645.jpg,224,224,18.02
Kertas,kertas_R_6646.jpg,224,224,4.7
Kertas,kertas_R_6647.jpg,224,224,10.35
Kertas,kertas_R_6648.jpg,224,224,4.69
Kertas,kertas_R_6649.jpg,224,224,10.07
Kertas,kertas_R_6650.jpg,224,224,10.47
Kertas,kertas_R_6651.jpg,224,224,15.65
Kertas,kertas_R_6652.jpg,224,224,9.4
Kertas,kertas_R_6653.jpg,224,224,14.45
Kertas,kertas_R_6654.jpg,224,224,8.97
Kertas,kertas_R_6655.jpg,224,224,7.08
Kertas,kertas_R_6656.jpg,224,224,26.38
Kertas,kertas_R_6657.jpg,224,224,10.93
Kertas,kertas_R_6658.jpg,224,224,21.24
Kertas,kertas_R_6659.jpg,224,224,6.87
Kertas,kertas_R_6660.jpg,224,224,6.51
Kertas,kertas_R_6661.jpg,224,224,9.56
Kertas,kertas_R_6662.jpg,224,224,8.41
Kertas,kertas_R_6663.jpg,224,224,18.74
Kertas,kertas_R_6664.jpg,224,224,13.94
Kertas,kertas_R_6665.jpg,224,224,13.35
Kertas,kertas_R_6666.jpg,224,224,7.0
Kertas,kertas_R_6667.jpg,224,224,18.78
Kertas,kertas_R_6668.jpg,224,224,15.35
Kertas,kertas_R_6669.jpg,224,224,23.91
Kertas,kertas_R_6670.jpg,224,224,10.03
Kertas,kertas_R_6671.jpg,224,224,18.63
Kertas,kertas_R_6672.jpg,224,224,14.53
Kertas,kertas_R_6673.jpg,224,224,11.41
Kertas,kertas_R_6674.jpg,224,224,13.14
Kertas,kertas_R_6675.jpg,224,224,4.69
Kertas,kertas_R_6676.jpg,224,224,15.67
Kertas,kertas_R_6677.jpg,224,224,11.66
Kertas,kertas_R_6678.jpg,224,224,16.73
Kertas,kertas_R_6679.jpg,224,224,13.4
Kertas,kertas_R_6680.jpg,224,224,17.06
Kertas,kertas_R_6681.jpg,224,224,15.04
Kertas,kertas_R_6682.jpg,224,224,17.33
Kertas,kertas_R_6683.jpg,224,224,4.61
Kertas,kertas_R_6684.jpg,224,224,8.44
Kertas,kertas_R_6685.jpg,224,224,11.64
Kertas,kertas_R_6686.jpg,224,224,7.29
Kertas,kertas_R_6687.jpg,224,224,10.18
Kertas,kertas_R_6688.jpg,224,224,7.17
Kertas,kertas_R_6689.jpg,224,224,13.32
Kertas,kertas_R_6690.jpg,224,224,13.45
Kertas,kertas_R_6691.jpg,224,224,9.72
Kertas,kertas_R_6692.jpg,224,224,4.7
Kertas,kertas_R_6693.jpg,224,224,13.17
Kertas,kertas_R_6694.jpg,224,224,7.4
Kertas,kertas_R_6695.jpg,224,224,5.43
Kertas,kertas_R_6696.jpg,224,224,7.23
Kertas,kertas_R_6697.jpg,224,224,14.25
Kertas,kertas_R_6698.jpg,224,224,7.75
Kertas,kertas_R_6699.jpg,224,224,7.21
Kertas,kertas_R_6700.jpg,224,224,10.38
Kertas,kertas_R_6701.jpg,224,224,14.46
Kertas,kertas_R_6702.jpg,224,224,14.58
Kertas,kertas_R_6703.jpg,224,224,11.11
Kertas,kertas_R_6704.jpg,224,224,10.6
Kertas,kertas_R_6705.jpg,224,224,11.03
Kertas,kertas_R_6706.jpg,224,224,7.22
Kertas,kertas_R_6707.jpg,224,224,2.85
Kertas,kertas_R_6708.jpg,224,224,13.56
Kertas,kertas_R_6709.jpg,224,224,18.71
Kertas,kertas_R_6710.jpg,224,224,7.76
Kertas,kertas_R_6711.jpg,224,224,7.05
Kertas,kertas_R_6712.jpg,224,224,17.2
Kertas,kertas_R_6713.jpg,224,224,16.22
Kertas,kertas_R_6714.jpg,224,224,5.78
Kertas,kertas_R_6715.jpg,224,224,9.48
Kertas,kertas_R_6716.jpg,224,224,12.97
Kertas,kertas_R_6717.jpg,224,224,12.52
Kertas,kertas_R_6718.jpg,224,224,4.59
Kertas,kertas_R_6719.jpg,224,224,15.96
Kertas,kertas_R_6720.jpg,224,224,7.75
Kertas,kertas_R_6721.jpg,224,224,10.22
Kertas,kertas_R_6722.jpg,224,224,13.26
Kertas,kertas_R_6723.jpg,224,224,12.8
Kertas,kertas_R_6724.jpg,224,224,9.89
Kertas,kertas_R_6725.jpg,224,224,5.26
Kertas,kertas_R_6726.jpg,224,224,13.23
Kertas,kertas_R_6727.jpg,224,224,7.96
Kertas,kertas_R_6728.jpg,224,224,5.94
Kertas,kertas_R_6729.jpg,224,224,14.54
Kertas,kertas_R_6730.jpg,224,224,14.26
Kertas,kertas_R_6731.jpg,224,224,14.1
Kertas,kertas_R_6732.jpg,224,224,4.09
Kertas,kertas_R_6733.jpg,224,224,3.59
Kertas,kertas_R_6734.jpg,224,224,18.67
Kertas,kertas_R_6735.jpg,224,224,13.9
Kertas,kertas_R_6736.jpg,224,224,10.35
Kertas,kertas_R_6737.jpg,224,224,14.42
Kertas,kertas_R_6738.jpg,224,224,6.82
Kertas,kertas_R_6739.jpg,224,224,16.33
Kertas,kertas_R_6740.jpg,224,224,4.87
Kertas,kertas_R_6741.jpg,224,224,6.06
Kertas,kertas_R_6742.jpg,224,224,4.14
Kertas,kertas_R_6743.jpg,224,224,7.79
Kertas,kertas_R_6744.jpg,224,224,11.75
Kertas,kertas_R_6745.jpg,224,224,10.17
Kertas,kertas_R_6746.jpg,224,224,18.24
Kertas,kertas_R_6747.jpg,224,224,9.99
Kertas,kertas_R_6748.jpg,224,224,19.84
Kertas,kertas_R_6749.jpg,224,224,14.05
Kertas,kertas_R_6750.jpg,224,224,5.71
Kertas,kertas_R_6751.jpg,224,224,18.99
Kertas,kertas_R_6752.jpg,224,224,9.87
Kertas,kertas_R_6753.jpg,224,224,14.87
Kertas,kertas_R_6754.jpg,224,224,10.61
Kertas,kertas_R_6755.jpg,224,224,6.76
Kertas,kertas_R_6756.jpg,224,224,15.46
Kertas,kertas_R_6757.jpg,224,224,11.08
Kertas,kertas_R_6758.jpg,224,224,19.56
Kertas,kertas_R_6759.jpg,224,224,14.56
Kertas,kertas_R_6760.jpg,224,224,11.9
Kertas,kertas_R_6761.jpg,224,224,14.06
Kertas,kertas_R_6762.jpg,224,224,11.0
Kertas,kertas_R_6763.jpg,224,224,14.46
Kertas,kertas_R_6764.jpg,224,224,9.9
Kertas,kertas_R_6765.jpg,224,224,10.62
Kertas,kertas_R_6766.jpg,224,224,20.51
Kertas,kertas_R_6767.jpg,224,224,10.93
Kertas,kertas_R_6768.jpg,224,224,8.7
Kertas,kertas_R_6769.jpg,224,224,15.18
Kertas,kertas_R_6770.jpg,224,224,19.07
Kertas,kertas_R_6771.jpg,224,224,7.99
Kertas,kertas_R_6772.jpg,224,224,27.33
Kertas,kertas_R_6773.jpg,224,224,24.65
Kertas,kertas_R_6774.jpg,224,224,23.12
Kertas,kertas_R_6775.jpg,224,224,9.34
Kertas,kertas_R_6776.jpg,224,224,8.53
Kertas,kertas_R_6777.jpg,224,224,5.24
Kertas,kertas_R_6778.jpg,224,224,16.84
Kertas,kertas_R_6779.jpg,224,224,6.98
Kertas,kertas_R_6780.jpg,224,224,12.29
Kertas,kertas_R_6781.jpg,224,224,8.84
Kertas,kertas_R_6782.jpg,224,224,10.29
Kertas,kertas_R_6783.jpg,224,224,13.11
Kertas,kertas_R_6784.jpg,224,224,7.13
Kertas,kertas_R_6785.jpg,224,224,21.73
Kertas,kertas_R_6786.jpg,224,224,19.48
Kertas,kertas_R_6787.jpg,224,224,14.1
Kertas,kertas_R_6788.jpg,224,224,8.72
Kertas,kertas_R_6789.jpg,224,224,9.06
Kertas,kertas_R_6790.jpg,224,224,4.51
Kertas,kertas_R_6791.jpg,224,224,6.58
Kertas,kertas_R_6792.jpg,224,224,10.24
Kertas,kertas_R_6793.jpg,224,224,5.64
Kertas,kertas_R_6794.jpg,224,224,5.15
Kertas,kertas_R_6795.jpg,224,224,4.63
Kertas,kertas_R_6796.jpg,224,224,18.75
Kertas,kertas_R_6797.jpg,224,224,6.42
Kertas,kertas_R_6798.jpg,224,224,12.24
Kertas,kertas_R_6799.jpg,224,224,5.33
Kertas,kertas_R_6800.jpg,224,224,10.92
Kertas,kertas_R_6801.jpg,224,224,5.49
Kertas,kertas_R_6802.jpg,224,224,9.76
Kertas,kertas_R_6803.jpg,224,224,7.57
Kertas,kertas_R_6804.jpg,224,224,15.57
Kertas,kertas_R_6805.jpg,224,224,10.83
Kertas,kertas_R_6806.jpg,224,224,11.93
Kertas,kertas_R_6807.jpg,224,224,15.6
Kertas,kertas_R_6808.jpg,224,224,18.13
Kertas,kertas_R_6809.jpg,224,224,10.53
Kertas,kertas_R_6810.jpg,224,224,10.16
Kertas,kertas_R_6811.jpg,224,224,8.17
Kertas,kertas_R_6812.jpg,224,224,9.78
Kertas,kertas_R_6813.jpg,224,224,23.14
Kertas,kertas_R_6814.jpg,224,224,6.73
Kertas,kertas_R_6815.jpg,224,224,15.83
Kertas,kertas_R_6816.jpg,224,224,17.95
Kertas,kertas_R_6817.jpg,224,224,13.29
Kertas,kertas_R_6818.jpg,224,224,4.61
Kertas,kertas_R_6819.jpg,224,224,5.57
Kertas,kertas_R_6820.jpg,224,224,12.28
Kertas,kertas_R_6821.jpg,224,224,7.16
Kertas,kertas_R_6822.jpg,224,224,19.34
Kertas,kertas_R_6823.jpg,224,224,10.39
Kertas,kertas_R_6824.jpg,224,224,28.31
Kertas,kertas_R_6825.jpg,224,224,9.48
Kertas,kertas_R_6826.jpg,224,224,8.02
Kertas,kertas_R_6827.jpg,224,224,5.92
Kertas,kertas_R_6828.jpg,224,224,7.79
Kertas,kertas_R_6829.jpg,224,224,8.22
Kertas,kertas_R_6830.jpg,224,224,4.81
Kertas,kertas_R_6831.jpg,224,224,9.7
Kertas,kertas_R_6832.jpg,224,224,6.36
Kertas,kertas_R_6833.jpg,224,224,9.03
Kertas,kertas_R_6834.jpg,224,224,10.27
Kertas,kertas_R_6835.jpg,224,224,11.6
Kertas,kertas_R_6836.jpg,224,224,10.86
Kertas,kertas_R_6837.jpg,224,224,10.24
Kertas,kertas_R_6838.jpg,224,224,11.48
Kertas,kertas_R_6839.jpg,224,224,9.66
Kertas,kertas_R_6840.jpg,224,224,10.0
Kertas,kertas_R_6841.jpg,224,224,13.85
Kertas,kertas_R_6842.jpg,224,224,7.25
Kertas,kertas_R_6843.jpg,224,224,17.46
Kertas,kertas_R_6844.jpg,224,224,19.6
Kertas,kertas_R_6845.jpg,224,224,8.31
Kertas,kertas_R_6846.jpg,224,224,11.34
Kertas,kertas_R_6847.jpg,224,224,10.88
Kertas,kertas_R_6848.jpg,224,224,12.5
Kertas,kertas_R_6849.jpg,224,224,10.86
Kertas,kertas_R_6850.jpg,224,224,6.47
Kertas,kertas_R_6851.jpg,224,224,7.75
Kertas,kertas_R_6852.jpg,224,224,20.83
Kertas,kertas_R_6853.jpg,224,224,17.42
Kertas,kertas_R_6854.jpg,224,224,10.75
Kertas,kertas_R_6855.jpg,224,224,25.41
Kertas,kertas_R_6856.jpg,224,224,19.88
Kertas,kertas_R_6857.jpg,224,224,24.29
Kertas,kertas_R_6858.jpg,224,224,13.01
Kertas,kertas_R_6859.jpg,224,224,19.85
Kertas,kertas_R_6862.jpg,224,224,12.42
Kertas,kertas_R_6863.jpg,224,224,11.41
Kertas,kertas_R_6864.jpg,224,224,12.98
Kertas,kertas_R_6865.jpg,224,224,7.97
Kertas,kertas_R_6866.jpg,224,224,8.3
Kertas,kertas_R_6867.jpg,224,224,19.67
Kertas,kertas_R_6868.jpg,224,224,12.9
Kertas,kertas_R_6869.jpg,224,224,13.41
Kertas,kertas_R_6870.jpg,224,224,11.31
Kertas,kertas_R_6871.jpg,224,224,10.52
Kertas,kertas_R_6872.jpg,224,224,14.78
Kertas,kertas_R_6873.jpg,224,224,7.39
Kertas,kertas_R_6874.jpg,224,224,14.67
Kertas,kertas_R_6875.jpg,224,224,19.88
Kertas,kertas_R_6876.jpg,224,224,12.77
Kertas,kertas_R_6877.jpg,224,224,24.19
Kertas,kertas_R_6878.jpg,224,224,18.33
Kertas,kertas_R_6879.jpg,224,224,15.83
Kertas,kertas_R_6880.jpg,224,224,6.42
Kertas,kertas_R_6881.jpg,224,224,23.19
Kertas,kertas_R_6882.jpg,224,224,10.62
Kertas,kertas_R_6883.jpg,224,224,10.29
Kertas,kertas_R_6884.jpg,224,224,15.19
Kertas,kertas_R_6885.jpg,224,224,18.49
Kertas,kertas_R_6886.jpg,224,224,6.0
Kertas,kertas_R_6887.jpg,224,224,8.94
Kertas,kertas_R_6888.jpg,224,224,13.39
Kertas,kertas_R_6889.jpg,224,224,15.14
Kertas,kertas_R_6890.jpg,224,224,9.51
Kertas,kertas_R_6891.jpg,224,224,6.21
Kertas,kertas_R_6892.jpg,224,224,15.32
Kertas,kertas_R_6893.jpg,224,224,11.48
Kertas,kertas_R_6894.jpg,224,224,14.15
Kertas,kertas_R_6895.jpg,224,224,8.18
Kertas,kertas_R_6896.jpg,224,224,18.48
Kertas,kertas_R_6897.jpg,224,224,22.0
Kertas,kertas_R_6898.jpg,224,224,5.7
Kertas,kertas_R_6899.jpg,224,224,5.76
Kertas,kertas_R_6900.jpg,224,224,12.09
Kertas,kertas_R_6901.jpg,224,224,10.27
Kertas,kertas_R_6902.jpg,224,224,21.75
Kertas,kertas_R_6903.jpg,224,224,19.43
Kertas,kertas_R_6904.jpg,224,224,10.04
Kertas,kertas_R_6905.jpg,224,224,10.08
Kertas,kertas_R_6906.jpg,224,224,21.32
Kertas,kertas_R_6907.jpg,224,224,5.56
Kertas,kertas_R_6908.jpg,224,224,15.86
Kertas,kertas_R_6909.jpg,224,224,16.01
Kertas,kertas_R_6910.jpg,224,224,12.92
Kertas,kertas_R_6911.jpg,224,224,11.89
Kertas,kertas_R_6912.jpg,224,224,12.48
Kertas,kertas_R_6913.jpg,224,224,11.33
Logam,logam_R_1623.jpg,224,224,11.99
Logam,logam_R_1624.jpg,224,224,9.07
Logam,logam_R_1625.jpg,224,224,11.12
Logam,logam_R_1626.jpg,224,224,12.57
Logam,logam_R_1627.jpg,224,224,16.68
Logam,logam_R_1628.jpg,224,224,8.14
Logam,logam_R_1629.jpg,224,224,15.36
Logam,logam_R_1630.jpg,224,224,9.02
Logam,logam_R_1631.jpg,224,224,12.87
Logam,logam_R_1632.jpg,224,224,23.99
Logam,logam_R_1633.jpg,224,224,6.53
Logam,logam_R_1634.jpg,224,224,17.06
Logam,logam_R_1635.jpg,224,224,19.94
Logam,logam_R_1636.jpg,224,224,8.49
Logam,logam_R_1637.jpg,224,224,12.9
Logam,logam_R_1638.jpg,224,224,21.61
Logam,logam_R_1639.jpg,224,224,4.91
Logam,logam_R_1640.jpg,224,224,8.8
Logam,logam_R_1641.jpg,224,224,10.95
Logam,logam_R_1642.jpg,224,224,25.66
Logam,logam_R_1643.jpg,224,224,5.91
Logam,logam_R_1644.jpg,224,224,7.05
Logam,logam_R_1645.jpg,224,224,12.5
Logam,logam_R_1646.jpg,224,224,15.95
Logam,logam_R_1647.jpg,224,224,13.92
Logam,logam_R_1648.jpg,224,224,13.38
Logam,logam_R_1649.jpg,224,224,20.79
Logam,logam_R_1650.jpg,224,224,9.27
Logam,logam_R_1651.jpg,224,224,5.8
Logam,logam_R_1652.jpg,224,224,14.24
Logam,logam_R_1653.jpg,224,224,14.93
Logam,logam_R_1654.jpg,224,224,13.81
Logam,logam_R_1655.jpg,224,224,4.63
Logam,logam_R_1656.jpg,224,224,11.04
Logam,logam_R_1657.jpg,224,224,5.64
Logam,logam_R_1658.jpg,224,224,17.68
Logam,logam_R_1659.jpg,224,224,15.18
Logam,logam_R_1660.jpg,224,224,18.54
Logam,logam_R_1661.jpg,224,224,28.46
Logam,logam_R_1662.jpg,224,224,19.37
Logam,logam_R_1663.jpg,224,224,13.72
Logam,logam_R_1664.jpg,224,224,21.45
Logam,logam_R_1665.jpg,224,224,16.22
Logam,logam_R_1666.jpg,224,224,33.67
Logam,logam_R_1667.jpg,224,224,11.22
Logam,logam_R_1668.jpg,224,224,10.59
Logam,logam_R_1669.jpg,224,224,21.06
Logam,logam_R_1670.jpg,224,224,17.42
Logam,logam_R_1671.jpg,224,224,16.86
Logam,logam_R_1672.jpg,224,224,22.85
Logam,logam_R_1673.jpg,224,224,17.68
Logam,logam_R_1674.jpg,224,224,8.86
Logam,logam_R_1675.jpg,224,224,20.89
Logam,logam_R_1676.jpg,224,224,10.62
Logam,logam_R_1677.jpg,224,224,11.64
Logam,logam_R_1678.jpg,224,224,8.58
Logam,logam_R_1679.jpg,224,224,11.09
Logam,logam_R_1680.jpg,224,224,13.97
Logam,logam_R_1681.jpg,224,224,18.53
Logam,logam_R_1682.jpg,224,224,31.7
Logam,logam_R_1683.jpg,224,224,18.82
Logam,logam_R_1684.jpg,224,224,23.21
Logam,logam_R_1685.jpg,224,224,25.9
Logam,logam_R_1686.jpg,224,224,7.57
Logam,logam_R_1687.jpg,224,224,9.29
Logam,logam_R_1688.jpg,224,224,12.1
Logam,logam_R_1689.jpg,224,224,15.24
Logam,logam_R_1690.jpg,224,224,6.48
Logam,logam_R_1691.jpg,224,224,8.04
Logam,logam_R_1692.jpg,224,224,8.0
Logam,logam_R_1693.jpg,224,224,10.39
Logam,logam_R_1694.jpg,224,224,18.05
Logam,logam_R_1695.jpg,224,224,8.14
Logam,logam_R_1696.jpg,224,224,5.85
Logam,logam_R_1697.jpg,224,224,18.85
Logam,logam_R_1698.jpg,224,224,15.07
Logam,logam_R_1699.jpg,224,224,22.92
Logam,logam_R_1700.jpg,224,224,11.75
Logam,logam_R_1701.jpg,224,224,8.99
Logam,logam_R_1702.jpg,224,224,10.47
Logam,logam_R_1703.jpg,224,224,19.11
Logam,logam_R_1704.jpg,224,224,21.95
Logam,logam_R_1705.jpg,224,224,21.94
Logam,logam_R_1706.jpg,224,224,12.41
Logam,logam_R_1707.jpg,224,224,19.96
Logam,logam_R_1708.jpg,224,224,21.17
Logam,logam_R_1709.jpg,224,224,10.62
Logam,logam_R_1710.jpg,224,224,8.89
Logam,logam_R_1711.jpg,224,224,8.93
Logam,logam_R_1712.jpg,224,224,15.33
Logam,logam_R_1713.jpg,224,224,14.67
Logam,logam_R_1714.jpg,224,224,19.25
Logam,logam_R_1715.jpg,224,224,7.94
Logam,logam_R_1716.jpg,224,224,18.39
Logam,logam_R_1717.jpg,224,224,20.06
Logam,logam_R_1718.jpg,224,224,19.21
Logam,logam_R_1719.jpg,224,224,13.14
Logam,logam_R_1720.jpg,224,224,25.47
Logam,logam_R_1721.jpg,224,224,14.11
Logam,logam_R_1722.jpg,224,224,9.47
Logam,logam_R_1723.jpg,224,224,20.83
Logam,logam_R_1724.jpg,224,224,8.82
Logam,logam_R_1725.jpg,224,224,12.33
Logam,logam_R_1726.jpg,224,224,15.17
Logam,logam_R_1727.jpg,224,224,23.03
Logam,logam_R_1728.jpg,224,224,21.12
Logam,logam_R_1729.jpg,224,224,16.39
Logam,logam_R_1730.jpg,224,224,18.66
Logam,logam_R_1731.jpg,224,224,20.34
Logam,logam_R_1732.jpg,224,224,26.47
Logam,logam_R_1733.jpg,224,224,16.42
Logam,logam_R_1734.jpg,224,224,15.09
Logam,logam_R_1735.jpg,224,224,9.65
Logam,logam_R_1736.jpg,224,224,19.34
Logam,logam_R_1737.jpg,224,224,23.76
Logam,logam_R_1738.jpg,224,224,28.08
Logam,logam_R_1739.jpg,224,224,4.56
Logam,logam_R_1740.jpg,224,224,20.39
Logam,logam_R_1741.jpg,224,224,11.94
Logam,logam_R_1742.jpg,224,224,11.33
Logam,logam_R_1743.jpg,224,224,25.34
Logam,logam_R_1744.jpg,224,224,19.13
Logam,logam_R_1745.jpg,224,224,11.35
Logam,logam_R_1746.jpg,224,224,14.48
Logam,logam_R_1747.jpg,224,224,16.84
Logam,logam_R_1748.jpg,224,224,13.21
Logam,logam_R_1749.jpg,224,224,36.46
Logam,logam_R_1750.jpg,224,224,14.68
Logam,logam_R_1751.jpg,224,224,23.52
Logam,logam_R_1752.jpg,224,224,24.9
Logam,logam_R_1753.jpg,224,224,21.11
Logam,logam_R_1754.jpg,224,224,21.02
Logam,logam_R_1755.jpg,224,224,10.68
Logam,logam_R_1756.jpg,224,224,9.68
Logam,logam_R_1757.jpg,224,224,19.27
Logam,logam_R_1758.jpg,224,224,26.3
Logam,logam_R_1759.jpg,224,224,30.35
Logam,logam_R_1760.jpg,224,224,13.55
Logam,logam_R_1761.jpg,224,224,5.75
Logam,logam_R_1762.jpg,224,224,14.06
Logam,logam_R_1763.jpg,224,224,20.56
Logam,logam_R_1764.jpg,224,224,17.56
Logam,logam_R_1765.jpg,224,224,19.98
Logam,logam_R_1766.jpg,224,224,9.93
Logam,logam_R_1767.jpg,224,224,4.71
Logam,logam_R_1768.jpg,224,224,16.88
Logam,logam_R_1769.jpg,224,224,13.59
Logam,logam_R_1770.jpg,224,224,13.57
Logam,logam_R_1771.jpg,224,224,14.08
Logam,logam_R_1772.jpg,224,224,14.92
Logam,logam_R_1773.jpg,224,224,19.63
Logam,logam_R_1774.jpg,224,224,24.02
Logam,logam_R_1775.jpg,224,224,13.48
Logam,logam_R_1776.jpg,224,224,13.26
Logam,logam_R_1777.jpg,224,224,5.61
Logam,logam_R_1778.jpg,224,224,8.88
Logam,logam_R_1779.jpg,224,224,18.82
Logam,logam_R_1780.jpg,224,224,17.4
Logam,logam_R_1781.jpg,224,224,9.05
Logam,logam_R_1782.jpg,224,224,14.29
Logam,logam_R_1783.jpg,224,224,13.83
Logam,logam_R_1784.jpg,224,224,7.44
Logam,logam_R_1785.jpg,224,224,23.42
Logam,logam_R_1786.jpg,224,224,15.76
Logam,logam_R_1787.jpg,224,224,7.12
Logam,logam_R_1788.jpg,224,224,21.53
Logam,logam_R_1789.jpg,224,224,17.74
Logam,logam_R_1790.jpg,224,224,15.74
Logam,logam_R_1791.jpg,224,224,16.48
Logam,logam_R_1792.jpg,224,224,7.94
Logam,logam_R_1793.jpg,224,224,24.08
Logam,logam_R_1794.jpg,224,224,18.09
Logam,logam_R_1795.jpg,224,224,22.89
Logam,logam_R_1796.jpg,224,224,19.31
Logam,logam_R_1797.jpg,224,224,9.15
Logam,logam_R_1798.jpg,224,224,9.78
Logam,logam_R_1799.jpg,224,224,28.1
Logam,logam_R_1800.jpg,224,224,15.55
Logam,logam_R_1801.jpg,224,224,26.71
Logam,logam_R_1802.jpg,224,224,38.25
Logam,logam_R_1803.jpg,224,224,14.05
Logam,logam_R_1804.jpg,224,224,18.15
Logam,logam_R_1805.jpg,224,224,10.36
Logam,logam_R_1806.jpg,224,224,8.83
Logam,logam_R_1807.jpg,224,224,20.09
Logam,logam_R_1808.jpg,224,224,35.09
Logam,logam_R_1809.jpg,224,224,18.53
Logam,logam_R_1810.jpg,224,224,17.83
Logam,logam_R_1811.jpg,224,224,26.76
Logam,logam_R_1812.jpg,224,224,21.77
Logam,logam_R_1813.jpg,224,224,18.51
Logam,logam_R_1814.jpg,224,224,22.45
Logam,logam_R_1815.jpg,224,224,16.29
Logam,logam_R_1816.jpg,224,224,15.42
Logam,logam_R_1817.jpg,224,224,24.44
Logam,logam_R_1818.jpg,224,224,28.46
Logam,logam_R_1819.jpg,224,224,10.3
Logam,logam_R_1820.jpg,224,224,22.56
Logam,logam_R_1821.jpg,224,224,12.62
Logam,logam_R_1822.jpg,224,224,24.85
Logam,logam_R_1823.jpg,224,224,17.88
Logam,logam_R_1824.jpg,224,224,9.11
Logam,logam_R_1825.jpg,224,224,30.54
Logam,logam_R_1826.jpg,224,224,11.91
Logam,logam_R_1827.jpg,224,224,25.36
Logam,logam_R_1828.jpg,224,224,11.19
Logam,logam_R_1829.jpg,224,224,21.78
Logam,logam_R_1830.jpg,224,224,11.13
Logam,logam_R_1831.jpg,224,224,3.88
Logam,logam_R_1832.jpg,224,224,22.49
Logam,logam_R_1833.jpg,224,224,24.21
Logam,logam_R_1834.jpg,224,224,9.08
Logam,logam_R_1835.jpg,224,224,11.78
Logam,logam_R_1836.jpg,224,224,17.78
Logam,logam_R_1837.jpg,224,224,18.83
Logam,logam_R_1838.jpg,224,224,11.38
Logam,logam_R_1839.jpg,224,224,12.03
Logam,logam_R_1840.jpg,224,224,15.85
Logam,logam_R_1841.jpg,224,224,7.25
Logam,logam_R_1842.jpg,224,224,18.21
Logam,logam_R_1843.jpg,224,224,11.47
Logam,logam_R_1844.jpg,224,224,6.16
Logam,logam_R_1845.jpg,224,224,26.21
Logam,logam_R_1846.jpg,224,224,19.17
Logam,logam_R_1847.jpg,224,224,7.83
Logam,logam_R_1848.jpg,224,224,13.69
Logam,logam_R_1849.jpg,224,224,33.46
Logam,logam_R_1850.jpg,224,224,10.98
Logam,logam_R_1851.jpg,224,224,12.12
Logam,logam_R_1852.jpg,224,224,15.92
Logam,logam_R_1853.jpg,224,224,16.62
Logam,logam_R_1854.jpg,224,224,17.73
Logam,logam_R_1855.jpg,224,224,15.91
Logam,logam_R_1856.jpg,224,224,11.84
Logam,logam_R_1857.jpg,224,224,7.43
Logam,logam_R_1858.jpg,224,224,17.07
Logam,logam_R_1859.jpg,224,224,18.81
Logam,logam_R_1860.jpg,224,224,22.98
Logam,logam_R_1861.jpg,224,224,24.35
Logam,logam_R_1862.jpg,224,224,14.98
Logam,logam_R_1863.jpg,224,224,17.73
Logam,logam_R_1864.jpg,224,224,16.01
Logam,logam_R_1865.jpg,224,224,19.61
Logam,logam_R_1866.jpg,224,224,17.54
Logam,logam_R_1867.jpg,224,224,14.31
Logam,logam_R_1868.jpg,224,224,12.27
Logam,logam_R_1869.jpg,224,224,16.38
Logam,logam_R_1870.jpg,224,224,19.33
Logam,logam_R_1871.jpg,224,224,13.47
Logam,logam_R_1872.jpg,224,224,27.53
Logam,logam_R_1873.jpg,224,224,25.28
Logam,logam_R_1874.jpg,224,224,13.29
Logam,logam_R_1875.jpg,224,224,15.92
Logam,logam_R_1876.jpg,224,224,6.86
Logam,logam_R_1877.jpg,224,224,7.35
Logam,logam_R_1878.jpg,224,224,18.81
Logam,logam_R_1879.jpg,224,224,12.14
Logam,logam_R_1880.jpg,224,224,18.46
Logam,logam_R_1881.jpg,224,224,9.81
Logam,logam_R_1882.jpg,224,224,30.11
Logam,logam_R_1883.jpg,224,224,11.69
Logam,logam_R_1884.jpg,224,224,18.41
Logam,logam_R_1885.jpg,224,224,20.15
Logam,logam_R_1886.jpg,224,224,22.93
Logam,logam_R_1887.jpg,224,224,30.26
Logam,logam_R_1888.jpg,224,224,19.23
Logam,logam_R_1889.jpg,224,224,15.43
Logam,logam_R_1890.jpg,224,224,19.6
Logam,logam_R_1891.jpg,224,224,18.38
Logam,logam_R_1892.jpg,224,224,21.91
Logam,logam_R_1893.jpg,224,224,30.47
Logam,logam_R_1894.jpg,224,224,5.39
Logam,logam_R_1895.jpg,224,224,18.81
Logam,logam_R_1896.jpg,224,224,6.38
Logam,logam_R_1897.jpg,224,224,16.71
Logam,logam_R_1898.jpg,224,224,21.89
Logam,logam_R_1899.jpg,224,224,28.95
Logam,logam_R_1900.jpg,224,224,17.51
Logam,logam_R_1901.jpg,224,224,16.58
Logam,logam_R_1902.jpg,224,224,11.14
Logam,logam_R_1903.jpg,224,224,7.45
Logam,logam_R_1904.jpg,224,224,17.5
Logam,logam_R_1905.jpg,224,224,5.52
Logam,logam_R_1906.jpg,224,224,19.58
Logam,logam_R_1907.jpg,224,224,32.49
Logam,logam_R_1908.jpg,224,224,7.43
Logam,logam_R_1909.jpg,224,224,29.86
Logam,logam_R_1910.jpg,224,224,17.63
Logam,logam_R_1911.jpg,224,224,27.5
Logam,logam_R_1912.jpg,224,224,21.95
Logam,logam_R_1913.jpg,224,224,12.01
Logam,logam_R_1914.jpg,224,224,8.03
Logam,logam_R_1915.jpg,224,224,12.58
Logam,logam_R_1916.jpg,224,224,15.02
Logam,logam_R_1917.jpg,224,224,12.29
Logam,logam_R_1918.jpg,224,224,25.54
Logam,logam_R_1919.jpg,224,224,13.21
Logam,logam_R_1920.jpg,224,224,27.06
Logam,logam_R_1921.jpg,224,224,16.33
Logam,logam_R_1922.jpg,224,224,7.67
Logam,logam_R_1923.jpg,224,224,16.07
Logam,logam_R_1924.jpg,224,224,8.71
Logam,logam_R_1925.jpg,224,224,25.85
Logam,logam_R_1926.jpg,224,224,9.73
Logam,logam_R_1927.jpg,224,224,14.79
Logam,logam_R_1928.jpg,224,224,21.39
Logam,logam_R_1929.jpg,224,224,15.8
Logam,logam_R_1930.jpg,224,224,19.7
Logam,logam_R_1931.jpg,224,224,15.35
Logam,logam_R_1932.jpg,224,224,12.25
Logam,logam_R_1933.jpg,224,224,19.42
Logam,logam_R_1934.jpg,224,224,15.42
Logam,logam_R_1935.jpg,224,224,13.83
Logam,logam_R_1936.jpg,224,224,20.58
Logam,logam_R_1938.jpg,224,224,11.92
Logam,logam_R_1939.jpg,224,224,12.02
Logam,logam_R_1940.jpg,224,224,12.83
Logam,logam_R_1941.jpg,224,224,17.49
Logam,logam_R_1942.jpg,224,224,15.2
Logam,logam_R_1943.jpg,224,224,20.69
Logam,logam_R_1944.jpg,224,224,9.21
Logam,logam_R_1945.jpg,224,224,13.67
Logam,logam_R_1946.jpg,224,224,18.32
Logam,logam_R_1947.jpg,224,224,12.11
Logam,logam_R_1948.jpg,224,224,8.45
Logam,logam_R_1949.jpg,224,224,20.43
Logam,logam_R_1950.jpg,224,224,12.06
Logam,logam_R_1951.jpg,224,224,17.58
Logam,logam_R_1952.jpg,224,224,8.55
Logam,logam_R_1953.jpg,224,224,27.46
Logam,logam_R_1954.jpg,224,224,18.57
Logam,logam_R_1955.jpg,224,224,14.96
Logam,logam_R_1956.jpg,224,224,16.68
Logam,logam_R_1957.jpg,224,224,16.67
Logam,logam_R_1958.jpg,224,224,15.72
Logam,logam_R_1959.jpg,224,224,11.29
Logam,logam_R_1960.jpg,224,224,13.45
Logam,logam_R_1961.jpg,224,224,12.87
Logam,logam_R_1962.jpg,224,224,15.79
Logam,logam_R_1963.jpg,224,224,10.36
Logam,logam_R_1964.jpg,224,224,16.84
Logam,logam_R_1965.jpg,224,224,29.13
Logam,logam_R_1966.jpg,224,224,31.3
Logam,logam_R_1967.jpg,224,224,9.11
Logam,logam_R_1968.jpg,224,224,19.05
Logam,logam_R_1969.jpg,224,224,13.43
Logam,logam_R_1970.jpg,224,224,8.39
Logam,logam_R_1971.jpg,224,224,15.1
Logam,logam_R_1972.jpg,224,224,14.12
Logam,logam_R_1973.jpg,224,224,24.38
Logam,logam_R_1974.jpg,224,224,20.17
Logam,logam_R_1975.jpg,224,224,7.39
Logam,logam_R_1976.jpg,224,224,13.4
Logam,logam_R_1977.jpg,224,224,26.56
Logam,logam_R_1978.jpg,224,224,16.14
Logam,logam_R_1979.jpg,224,224,14.88
Logam,logam_R_1980.jpg,224,224,17.88
Logam,logam_R_1981.jpg,224,224,23.91
Logam,logam_R_1982.jpg,224,224,13.0
Logam,logam_R_1983.jpg,224,224,11.34
Logam,logam_R_1984.jpg,224,224,7.78
Logam,logam_R_1985.jpg,224,224,5.14
Logam,logam_R_1986.jpg,224,224,22.79
Logam,logam_R_1987.jpg,224,224,8.5
Logam,logam_R_1988.jpg,224,224,25.22
Logam,logam_R_1989.jpg,224,224,23.46
Logam,logam_R_1990.jpg,224,224,15.6
Logam,logam_R_1991.jpg,224,224,32.29
Logam,logam_R_1992.jpg,224,224,11.36
Logam,logam_R_1993.jpg,224,224,17.98
Logam,logam_R_1994.jpg,224,224,7.28
Logam,logam_R_1995.jpg,224,224,13.9
Logam,logam_R_1996.jpg,224,224,18.55
Logam,logam_R_1997.jpg,224,224,31.23
Logam,logam_R_1998.jpg,224,224,20.05
Logam,logam_R_1999.jpg,224,224,4.51
Logam,logam_R_2000.jpg,224,224,16.51
Logam,logam_R_2001.jpg,224,224,33.23
Logam,logam_R_2002.jpg,224,224,12.75
Logam,logam_R_2003.jpg,224,224,19.16
Logam,logam_R_2004.jpg,224,224,17.38
Logam,logam_R_2005.jpg,224,224,20.61
Logam,logam_R_2006.jpg,224,224,26.68
Logam,logam_R_2007.jpg,224,224,14.71
Logam,logam_R_2008.jpg,224,224,8.51
Logam,logam_R_2009.jpg,224,224,27.33
Logam,logam_R_2010.jpg,224,224,29.72
Logam,logam_R_2011.jpg,224,224,15.36
Logam,logam_R_2012.jpg,224,224,10.59
Logam,logam_R_2013.jpg,224,224,15.92
Logam,logam_R_2014.jpg,224,224,28.73
Logam,logam_R_2015.jpg,224,224,14.35
Logam,logam_R_2016.jpg,224,224,26.57
Logam,logam_R_2017.jpg,224,224,19.97
Logam,logam_R_2018.jpg,224,224,22.61
Logam,logam_R_2019.jpg,224,224,17.7
Logam,logam_R_2020.jpg,224,224,17.22
Logam,logam_R_2021.jpg,224,224,30.63
Logam,logam_R_2022.jpg,224,224,20.16
Logam,logam_R_2023.jpg,224,224,9.25
Logam,logam_R_2024.jpg,224,224,26.09
Logam,logam_R_2025.jpg,224,224,16.85
Logam,logam_R_2026.jpg,224,224,26.81
Logam,logam_R_2027.jpg,224,224,35.42
Logam,logam_R_2028.jpg,224,224,15.67
Logam,logam_R_2029.jpg,224,224,19.58
Logam,logam_R_2030.jpg,224,224,13.05
Logam,logam_R_2031.jpg,224,224,23.17
Logam,logam_R_2032.jpg,224,224,17.78
Logam,logam_R_2033.jpg,224,224,18.52
Logam,logam_R_2034.jpg,224,224,17.35
Logam,logam_R_2035.jpg,224,224,31.14
Logam,logam_R_2036.jpg,224,224,31.13
Logam,logam_R_2037.jpg,224,224,9.43
Logam,logam_R_2038.jpg,224,224,19.63
Logam,logam_R_2039.jpg,224,224,22.35
Logam,logam_R_2040.jpg,224,224,20.0
Logam,logam_R_2041.jpg,224,224,19.17
Logam,logam_R_2042.jpg,224,224,8.76
Logam,logam_R_2043.jpg,224,224,16.32
Logam,logam_R_2044.jpg,224,224,14.71
Logam,logam_R_2045.jpg,224,224,14.2
Logam,logam_R_2046.jpg,224,224,17.76
Logam,logam_R_2047.jpg,224,224,14.84
Logam,logam_R_2048.jpg,224,224,12.57
Logam,logam_R_2049.jpg,224,224,11.74
Logam,logam_R_2050.jpg,224,224,11.63
Logam,logam_R_2051.jpg,224,224,21.82
Logam,logam_R_2052.jpg,224,224,17.99
Logam,logam_R_2053.jpg,224,224,21.58
Logam,logam_R_2054.jpg,224,224,8.93
Logam,logam_R_2055.jpg,224,224,16.81
Logam,logam_R_2056.jpg,224,224,12.12
Logam,logam_R_2057.jpg,224,224,11.96
Logam,logam_R_2058.jpg,224,224,12.02
Logam,logam_R_2059.jpg,224,224,9.07
Logam,logam_R_2060.jpg,224,224,27.51
Logam,logam_R_2061.jpg,224,224,11.87
Logam,logam_R_2062.jpg,224,224,30.97
Logam,logam_R_2063.jpg,224,224,11.14
Logam,logam_R_2064.jpg,224,224,13.22
Logam,logam_R_2065.jpg,224,224,26.09
Logam,logam_R_2066.jpg,224,224,6.65
Logam,logam_R_2067.jpg,224,224,18.87
Logam,logam_R_2068.jpg,224,224,12.97
Logam,logam_R_2069.jpg,224,224,14.7
Logam,logam_R_2070.jpg,224,224,9.11
Logam,logam_R_2071.jpg,224,224,12.48
Logam,logam_R_2072.jpg,224,224,10.47
Logam,logam_R_2073.jpg,224,224,19.53
Logam,logam_R_2074.jpg,224,224,17.82
Logam,logam_R_2075.jpg,224,224,9.01
Logam,logam_R_2076.jpg,224,224,29.63
Logam,logam_R_2077.jpg,224,224,25.62
Logam,logam_R_2078.jpg,224,224,24.75
Logam,logam_R_2079.jpg,224,224,29.45
Logam,logam_R_2080.jpg,224,224,20.31
Logam,logam_R_2081.jpg,224,224,27.49
Logam,logam_R_2082.jpg,224,224,19.52
Logam,logam_R_2083.jpg,224,224,17.22
Logam,logam_R_2084.jpg,224,224,15.07
Logam,logam_R_2085.jpg,224,224,10.32
Logam,logam_R_2086.jpg,224,224,21.0
Logam,logam_R_2087.jpg,224,224,10.88
Logam,logam_R_2088.jpg,224,224,9.55
Logam,logam_R_2089.jpg,224,224,19.92
Logam,logam_R_2090.jpg,224,224,7.3
Logam,logam_R_2091.jpg,224,224,23.48
Logam,logam_R_2092.jpg,224,224,13.19
Logam,logam_R_2093.jpg,224,224,28.88
Logam,logam_R_2094.jpg,224,224,24.26
Logam,logam_R_2095.jpg,224,224,16.59
Logam,logam_R_2096.jpg,224,224,14.12
Logam,logam_R_2097.jpg,224,224,23.91
Logam,logam_R_2098.jpg,224,224,17.12
Logam,logam_R_2099.jpg,224,224,16.95
Logam,logam_R_2100.jpg,224,224,20.58
Logam,logam_R_2101.jpg,224,224,17.34
Logam,logam_R_2102.jpg,224,224,31.86
Logam,logam_R_2103.jpg,224,224,15.24
Logam,logam_R_2104.jpg,224,224,11.55
Logam,logam_R_2105.jpg,224,224,17.53
Logam,logam_R_2106.jpg,224,224,16.25
Logam,logam_R_2107.jpg,224,224,34.73
Logam,logam_R_2108.jpg,224,224,10.72
Logam,logam_R_2109.jpg,224,224,12.48
Logam,logam_R_2110.jpg,224,224,15.41
Logam,logam_R_2111.jpg,224,224,24.27
Logam,logam_R_2112.jpg,224,224,21.87
Logam,logam_R_2113.jpg,224,224,21.26
Logam,logam_R_2114.jpg,224,224,12.97
Logam,logam_R_2115.jpg,224,224,12.28
Logam,logam_R_2116.jpg,224,224,13.27
Logam,logam_R_2117.jpg,224,224,11.08
Logam,logam_R_2118.jpg,224,224,7.97
Logam,logam_R_2119.jpg,224,224,14.08
Logam,logam_R_2120.jpg,224,224,17.36
Logam,logam_R_2121.jpg,224,224,10.48
Logam,logam_R_2122.jpg,224,224,20.55
Logam,logam_R_2123.jpg,224,224,23.32
Logam,logam_R_2124.jpg,224,224,17.56
Logam,logam_R_2125.jpg,224,224,15.16
Logam,logam_R_2126.jpg,224,224,28.15
Logam,logam_R_2127.jpg,224,224,25.02
Logam,logam_R_2128.jpg,224,224,19.46
Logam,logam_R_2129.jpg,224,224,17.67
Logam,logam_R_2130.jpg,224,224,22.74
Logam,logam_R_2131.jpg,224,224,22.91
Logam,logam_R_2132.jpg,224,224,12.08
Logam,logam_R_2133.jpg,224,224,13.23
Logam,logam_R_2134.jpg,224,224,24.08
Logam,logam_R_2135.jpg,224,224,16.12
Logam,logam_R_2136.jpg,224,224,11.5
Logam,logam_R_2137.jpg,224,224,14.85
Logam,logam_R_2138.jpg,224,224,10.8
Logam,logam_R_2139.jpg,224,224,13.59
Logam,logam_R_2140.jpg,224,224,16.88
Logam,logam_R_2141.jpg,224,224,14.67
Logam,logam_R_2142.jpg,224,224,15.04
Logam,logam_R_2143.jpg,224,224,14.88
Logam,logam_R_2144.jpg,224,224,17.05
Logam,logam_R_2145.jpg,224,224,15.84
Logam,logam_R_2146.jpg,224,224,25.27
Logam,logam_R_2147.jpg,224,224,16.59
Logam,logam_R_2148.jpg,224,224,7.85
Logam,logam_R_2149.jpg,224,224,28.75
Logam,logam_R_2150.jpg,224,224,17.98
Logam,logam_R_2151.jpg,224,224,8.51
Logam,logam_R_2491.jpg,224,224,14.3
Logam,logam_R_2492.jpg,224,224,18.32
Logam,logam_R_2493.jpg,224,224,17.15
Logam,logam_R_2494.jpg,224,224,18.11
Logam,logam_R_2495.jpg,224,224,17.87
Logam,logam_R_2496.jpg,224,224,17.09
Logam,logam_R_2497.jpg,224,224,19.36
Logam,logam_R_2498.jpg,224,224,13.79
Logam,logam_R_2499.jpg,224,224,14.27
Logam,logam_R_2500.jpg,224,224,23.44
Logam,logam_R_2501.jpg,224,224,11.59
Logam,logam_R_2502.jpg,224,224,18.88
Logam,logam_R_2503.jpg,224,224,11.91
Logam,logam_R_2504.jpg,224,224,24.07
Logam,logam_R_2505.jpg,224,224,11.08
Logam,logam_R_2506.jpg,224,224,8.6
Logam,logam_R_2507.jpg,224,224,17.91
Logam,logam_R_2508.jpg,224,224,17.12
Logam,logam_R_2509.jpg,224,224,23.5
Logam,logam_R_2510.jpg,224,224,13.76
Logam,logam_R_2511.jpg,224,224,16.34
Logam,logam_R_2512.jpg,224,224,23.42
Logam,logam_R_2513.jpg,224,224,16.4
Logam,logam_R_2514.jpg,224,224,19.89
Logam,logam_R_2515.jpg,224,224,22.33
Logam,logam_R_2516.jpg,224,224,16.99
Logam,logam_R_2517.jpg,224,224,19.12
Logam,logam_R_2518.jpg,224,224,24.72
Logam,logam_R_2519.jpg,224,224,17.08
Logam,logam_R_2520.jpg,224,224,17.21
Logam,logam_R_2521.jpg,224,224,12.28
Logam,logam_R_2522.jpg,224,224,19.63
Logam,logam_R_2523.jpg,224,224,11.74
Logam,logam_R_2524.jpg,224,224,12.83
Logam,logam_R_2525.jpg,224,224,15.43
Logam,logam_R_2526.jpg,224,224,16.02
Logam,logam_R_2527.jpg,224,224,21.72
Logam,logam_R_2528.jpg,224,224,7.79
Logam,logam_R_2529.jpg,224,224,7.1
Logam,logam_R_2530.jpg,224,224,19.23
Logam,logam_R_2531.jpg,224,224,20.98
Logam,logam_R_2532.jpg,224,224,27.88
Logam,logam_R_2533.jpg,224,224,10.23
Logam,logam_R_2534.jpg,224,224,12.51
Logam,logam_R_2535.jpg,224,224,20.26
Logam,logam_R_2536.jpg,224,224,23.86
Logam,logam_R_2537.jpg,224,224,22.25
Logam,logam_R_2538.jpg,224,224,16.27
Logam,logam_R_2539.jpg,224,224,24.29
Logam,logam_R_2540.jpg,224,224,16.12
Logam,logam_R_2541.jpg,224,224,16.05
Logam,logam_R_2542.jpg,224,224,15.71
Logam,logam_R_2543.jpg,224,224,31.59
Logam,logam_R_2544.jpg,224,224,19.4
Logam,logam_R_2545.jpg,224,224,9.36
Logam,logam_R_2546.jpg,224,224,17.34
Logam,logam_R_2547.jpg,224,224,22.93
Logam,logam_R_2548.jpg,224,224,7.48
Logam,logam_R_2549.jpg,224,224,9.89
Logam,logam_R_2550.jpg,224,224,12.71
Logam,logam_R_2551.jpg,224,224,13.06
Logam,logam_R_2552.jpg,224,224,8.12
Logam,logam_R_2553.jpg,224,224,29.53
Logam,logam_R_2554.jpg,224,224,21.65
Logam,logam_R_2555.jpg,224,224,23.08
Logam,logam_R_2556.jpg,224,224,18.47
Logam,logam_R_2557.jpg,224,224,14.31
Logam,logam_R_2558.jpg,224,224,10.54
Logam,logam_R_2559.jpg,224,224,31.76
Logam,logam_R_2560.jpg,224,224,30.94
Logam,logam_R_2561.jpg,224,224,26.63
Logam,logam_R_2562.jpg,224,224,26.3
Logam,logam_R_2563.jpg,224,224,14.73
Logam,logam_R_2564.jpg,224,224,29.84
Logam,logam_R_2565.jpg,224,224,16.16
Logam,logam_R_2566.jpg,224,224,18.95
Logam,logam_R_2567.jpg,224,224,29.32
Logam,logam_R_2568.jpg,224,224,17.59
Logam,logam_R_2569.jpg,224,224,23.25
Logam,logam_R_2570.jpg,224,224,9.18
Logam,logam_R_2571.jpg,224,224,28.33
Logam,logam_R_2572.jpg,224,224,40.73
Logam,logam_R_2573.jpg,224,224,10.34
Logam,logam_R_2574.jpg,224,224,19.72
Logam,logam_R_2575.jpg,224,224,17.29
Logam,logam_R_2576.jpg,224,224,24.65
Logam,logam_R_2577.jpg,224,224,21.16
Logam,logam_R_2578.jpg,224,224,26.09
Logam,logam_R_2579.jpg,224,224,15.76
Logam,logam_R_2580.jpg,224,224,10.43
Logam,logam_R_2581.jpg,224,224,11.44
Logam,logam_R_2582.jpg,224,224,21.52
Logam,logam_R_2583.jpg,224,224,29.28
Logam,logam_R_2584.jpg,224,224,11.67
Logam,logam_R_2585.jpg,224,224,26.16
Logam,logam_R_2586.jpg,224,224,6.14
Logam,logam_R_2587.jpg,224,224,13.19
Logam,logam_R_2588.jpg,224,224,18.18
Logam,logam_R_2589.jpg,224,224,11.03
Logam,logam_R_2590.jpg,224,224,21.85
Logam,logam_R_2591.jpg,224,224,11.44
Logam,logam_R_2592.jpg,224,224,16.19
Logam,logam_R_2593.jpg,224,224,14.44
Logam,logam_R_2594.jpg,224,224,22.14
Logam,logam_R_2595.jpg,224,224,22.93
Logam,logam_R_2596.jpg,224,224,16.56
Logam,logam_R_2597.jpg,224,224,20.12
Logam,logam_R_2598.jpg,224,224,16.72
Logam,logam_R_2599.jpg,224,224,22.74
Logam,logam_R_2600.jpg,224,224,11.99
Logam,logam_R_2601.jpg,224,224,27.31
Logam,logam_R_2602.jpg,224,224,34.01
Logam,logam_R_2603.jpg,224,224,20.63
Logam,logam_R_2604.jpg,224,224,13.92
Logam,logam_R_2605.jpg,224,224,10.5
Logam,logam_R_2606.jpg,224,224,15.25
Logam,logam_R_2607.jpg,224,224,19.44
Logam,logam_R_2608.jpg,224,224,13.73
Logam,logam_R_2609.jpg,224,224,17.94
Logam,logam_R_2610.jpg,224,224,8.8
Logam,logam_R_2611.jpg,224,224,17.99
Logam,logam_R_2612.jpg,224,224,18.26
Logam,logam_R_2613.jpg,224,224,10.58
Logam,logam_R_2614.jpg,224,224,23.53
Logam,logam_R_2615.jpg,224,224,8.76
Logam,logam_R_2616.jpg,224,224,13.55
Logam,logam_R_2617.jpg,224,224,16.55
Logam,logam_R_2618.jpg,224,224,26.0
Logam,logam_R_2619.jpg,224,224,20.87
Logam,logam_R_2620.jpg,224,224,22.8
Logam,logam_R_2621.jpg,224,224,13.92
Logam,logam_R_2622.jpg,224,224,13.91
Logam,logam_R_2623.jpg,224,224,16.29
Logam,logam_R_2624.jpg,224,224,16.89
Logam,logam_R_2625.jpg,224,224,14.75
Logam,logam_R_2626.jpg,224,224,14.33
Logam,logam_R_2627.jpg,224,224,7.82
Logam,logam_R_2628.jpg,224,224,14.53
Logam,logam_R_2629.jpg,224,224,14.42
Logam,logam_R_2630.jpg,224,224,14.7
Logam,logam_R_2631.jpg,224,224,22.59
Logam,logam_R_2632.jpg,224,224,12.99
Logam,logam_R_2633.jpg,224,224,19.53
Logam,logam_R_2634.jpg,224,224,13.05
Logam,logam_R_2635.jpg,224,224,16.09
Logam,logam_R_2636.jpg,224,224,18.15
Logam,logam_R_2637.jpg,224,224,24.15
Logam,logam_R_2638.jpg,224,224,22.23
Logam,logam_R_2639.jpg,224,224,16.03
Logam,logam_R_2640.jpg,224,224,12.76
Logam,logam_R_2641.jpg,224,224,14.71
Logam,logam_R_2642.jpg,224,224,9.64
Logam,logam_R_2643.jpg,224,224,12.68
Logam,logam_R_2644.jpg,224,224,30.65
Logam,logam_R_2645.jpg,224,224,22.08
Logam,logam_R_2646.jpg,224,224,23.23
Logam,logam_R_2647.jpg,224,224,29.56
Logam,logam_R_2648.jpg,224,224,19.59
Logam,logam_R_2649.jpg,224,224,22.3
Logam,logam_R_2650.jpg,224,224,23.34
Logam,logam_R_2651.jpg,224,224,17.93
Logam,logam_R_2652.jpg,224,224,28.83
Logam,logam_R_2653.jpg,224,224,21.01
Logam,logam_R_2654.jpg,224,224,12.87
Logam,logam_R_2655.jpg,224,224,11.24
Logam,logam_R_2656.jpg,224,224,21.87
Logam,logam_R_2657.jpg,224,224,28.06
Logam,logam_R_2658.jpg,224,224,15.52
Logam,logam_R_2659.jpg,224,224,20.85
Logam,logam_R_2660.jpg,224,224,19.3
Logam,logam_R_2661.jpg,224,224,26.22
Logam,logam_R_2662.jpg,224,224,18.0
Logam,logam_R_2663.jpg,224,224,13.16
Logam,logam_R_2664.jpg,224,224,24.65
Logam,logam_R_2665.jpg,224,224,19.29
Logam,logam_R_2666.jpg,224,224,12.65
Logam,logam_R_2667.jpg,224,224,19.21
Logam,logam_R_2668.jpg,224,224,12.54
Logam,logam_R_2669.jpg,224,224,29.44
Logam,logam_R_2670.jpg,224,224,15.82
Logam,logam_R_2671.jpg,224,224,23.92
Logam,logam_R_2672.jpg,224,224,14.02
Logam,logam_R_2673.jpg,224,224,12.26
Logam,logam_R_2674.jpg,224,224,23.53
Logam,logam_R_2675.jpg,224,224,17.9
Logam,logam_R_2676.jpg,224,224,24.56
Logam,logam_R_2677.jpg,224,224,21.53
Logam,logam_R_2678.jpg,224,224,10.42
Logam,logam_R_2679.jpg,224,224,25.68
Logam,logam_R_2680.jpg,224,224,8.24
Logam,logam_R_2681.jpg,224,224,20.64
Logam,logam_R_2682.jpg,224,224,21.68
Logam,logam_R_2683.jpg,224,224,8.66
Logam,logam_R_2684.jpg,224,224,18.31
Logam,logam_R_2685.jpg,224,224,16.86
Logam,logam_R_2686.jpg,224,224,14.1
Logam,logam_R_2687.jpg,224,224,24.17
Logam,logam_R_2688.jpg,224,224,12.26
Logam,logam_R_2689.jpg,224,224,21.72
Logam,logam_R_2690.jpg,224,224,11.6
Logam,logam_R_2691.jpg,224,224,15.54
Logam,logam_R_2692.jpg,224,224,9.37
Logam,logam_R_2693.jpg,224,224,17.73
Logam,logam_R_2694.jpg,224,224,11.29
Logam,logam_R_2695.jpg,224,224,7.73
Logam,logam_R_2696.jpg,224,224,19.69
Logam,logam_R_2697.jpg,224,224,19.34
Logam,logam_R_2698.jpg,224,224,27.96
Logam,logam_R_2699.jpg,224,224,26.26
Logam,logam_R_2700.jpg,224,224,13.98
Logam,logam_R_2701.jpg,224,224,13.79
Logam,logam_R_2702.jpg,224,224,27.15
Logam,logam_R_2703.jpg,224,224,30.27
Logam,logam_R_2704.jpg,224,224,14.93
Logam,logam_R_2705.jpg,224,224,12.68
Logam,logam_R_2706.jpg,224,224,18.2
Logam,logam_R_2707.jpg,224,224,13.67
Logam,logam_R_2708.jpg,224,224,19.13
Logam,logam_R_2709.jpg,224,224,18.06
Logam,logam_R_2710.jpg,224,224,10.23
Logam,logam_R_2711.jpg,224,224,15.49
Logam,logam_R_2712.jpg,224,224,17.61
Logam,logam_R_2713.jpg,224,224,15.43
Logam,logam_R_2714.jpg,224,224,21.96
Logam,logam_R_2715.jpg,224,224,12.1
Logam,logam_R_2716.jpg,224,224,19.16
Logam,logam_R_2717.jpg,224,224,14.23
Logam,logam_R_2718.jpg,224,224,8.79
Logam,logam_R_2719.jpg,224,224,21.23
Logam,logam_R_2720.jpg,224,224,13.45
Logam,logam_R_2721.jpg,224,224,9.57
Logam,logam_R_2722.jpg,224,224,28.01
Logam,logam_R_2723.jpg,224,224,25.07
Logam,logam_R_2724.jpg,224,224,15.84
Logam,logam_R_2725.jpg,224,224,26.47
Logam,logam_R_2726.jpg,224,224,21.99
Logam,logam_R_2727.jpg,224,224,18.71
Logam,logam_R_2728.jpg,224,224,18.78
Logam,logam_R_2729.jpg,224,224,21.37
Logam,logam_R_2730.jpg,224,224,11.82
Logam,logam_R_2731.jpg,224,224,13.29
Logam,logam_R_2732.jpg,224,224,27.51
Logam,logam_R_2733.jpg,224,224,18.49
Logam,logam_R_2734.jpg,224,224,13.13
Logam,logam_R_2735.jpg,224,224,17.34
Logam,logam_R_2736.jpg,224,224,11.12
Logam,logam_R_2737.jpg,224,224,15.02
Logam,logam_R_2738.jpg,224,224,33.59
Logam,logam_R_2739.jpg,224,224,28.09
Logam,logam_R_2740.jpg,224,224,13.41
Logam,logam_R_2741.jpg,224,224,17.39
Logam,logam_R_2742.jpg,224,224,16.32
Logam,logam_R_2743.jpg,224,224,8.73
Logam,logam_R_2744.jpg,224,224,20.42
Logam,logam_R_2745.jpg,224,224,10.31
Logam,logam_R_2746.jpg,224,224,13.71
Logam,logam_R_2747.jpg,224,224,17.27
Logam,logam_R_2748.jpg,224,224,13.49
Logam,logam_R_2749.jpg,224,224,8.85
Logam,logam_R_2750.jpg,224,224,26.46
Logam,logam_R_2751.jpg,224,224,9.0
Logam,logam_R_2752.jpg,224,224,7.01
Logam,logam_R_2753.jpg,224,224,17.95
Logam,logam_R_2754.jpg,224,224,19.0
Logam,logam_R_2755.jpg,224,224,10.1
Logam,logam_R_2756.jpg,224,224,10.18
Logam,logam_R_2757.jpg,224,224,11.43
Logam,logam_R_2758.jpg,224,224,20.06
Logam,logam_R_2759.jpg,224,224,19.88
Logam,logam_R_2760.jpg,224,224,17.19
Logam,logam_R_2761.jpg,224,224,30.66
Logam,logam_R_2762.jpg,224,224,11.51
Logam,logam_R_2763.jpg,224,224,11.19
Logam,logam_R_2764.jpg,224,224,20.57
Logam,logam_R_2765.jpg,224,224,8.61
Logam,logam_R_2766.jpg,224,224,9.95
Logam,logam_R_2767.jpg,224,224,10.72
Logam,logam_R_2768.jpg,224,224,29.65
Logam,logam_R_2769.jpg,224,224,5.75
Logam,logam_R_2770.jpg,224,224,28.51
Logam,logam_R_2771.jpg,224,224,11.09
Logam,logam_R_2772.jpg,224,224,16.3
Logam,logam_R_2773.jpg,224,224,19.1
Logam,logam_R_2774.jpg,224,224,23.01
Logam,logam_R_2775.jpg,224,224,16.75
Logam,logam_R_2776.jpg,224,224,16.73
Logam,logam_R_2777.jpg,224,224,25.73
Logam,logam_R_2778.jpg,224,224,24.02
Logam,logam_R_2779.jpg,224,224,14.37
Logam,logam_R_2780.jpg,224,224,20.58
Logam,logam_R_2781.jpg,224,224,26.36
Logam,logam_R_2782.jpg,224,224,18.69
Logam,logam_R_2783.jpg,224,224,20.91
Logam,logam_R_2784.jpg,224,224,5.97
Logam,logam_R_2785.jpg,224,224,9.23
Logam,logam_R_2786.jpg,224,224,27.13
Logam,logam_R_2787.jpg,224,224,21.54
Logam,logam_R_2788.jpg,224,224,15.88
Logam,logam_R_2789.jpg,224,224,15.4
Logam,logam_R_2790.jpg,224,224,16.17
Logam,logam_R_2791.jpg,224,224,23.94
Logam,logam_R_2792.jpg,224,224,26.76
Logam,logam_R_2793.jpg,224,224,18.36
Logam,logam_R_2794.jpg,224,224,27.57
Logam,logam_R_2795.jpg,224,224,24.62
Logam,logam_R_2796.jpg,224,224,22.49
Logam,logam_R_2797.jpg,224,224,27.81
Logam,logam_R_2798.jpg,224,224,19.86
Logam,logam_R_2799.jpg,224,224,15.88
Logam,logam_R_2800.jpg,224,224,31.05
Logam,logam_R_2801.jpg,224,224,8.44
Logam,logam_R_2802.jpg,224,224,24.1
Logam,logam_R_2803.jpg,224,224,27.51
Logam,logam_R_2804.jpg,224,224,31.77
Logam,logam_R_2805.jpg,224,224,27.94
Logam,logam_R_2806.jpg,224,224,12.67
Logam,logam_R_2807.jpg,224,224,12.84
Logam,logam_R_2808.jpg,224,224,22.74
Logam,logam_R_2809.jpg,224,224,10.22
Logam,logam_R_2810.jpg,224,224,29.5
Logam,logam_R_2811.jpg,224,224,17.09
Logam,logam_R_2812.jpg,224,224,14.77
Logam,logam_R_2813.jpg,224,224,21.0
Logam,logam_R_2814.jpg,224,224,7.0
Logam,logam_R_2815.jpg,224,224,13.94
Logam,logam_R_2816.jpg,224,224,24.07
Logam,logam_R_2817.jpg,224,224,11.05
Logam,logam_R_2818.jpg,224,224,16.76
Logam,logam_R_2819.jpg,224,224,12.39
Logam,logam_R_2820.jpg,224,224,29.98
Logam,logam_R_2821.jpg,224,224,13.19
Logam,logam_R_2822.jpg,224,224,27.74
Logam,logam_R_2823.jpg,224,224,10.01
Logam,logam_R_2824.jpg,224,224,18.66
Logam,logam_R_2825.jpg,224,224,20.65
Logam,logam_R_2826.jpg,224,224,16.38
Logam,logam_R_2827.jpg,224,224,14.64
Logam,logam_R_2828.jpg,224,224,21.67
Logam,logam_R_2829.jpg,224,224,19.48
Logam,logam_R_2830.jpg,224,224,17.13
Logam,logam_R_2831.jpg,224,224,12.98
Logam,logam_R_2832.jpg,224,224,9.77
Logam,logam_R_2833.jpg,224,224,33.01
Logam,logam_R_2834.jpg,224,224,20.47
Logam,logam_R_2835.jpg,224,224,22.25
Logam,logam_R_2836.jpg,224,224,10.21
Logam,logam_R_2837.jpg,224,224,21.78
Logam,logam_R_2838.jpg,224,224,16.88
Logam,logam_R_2839.jpg,224,224,28.7
Logam,logam_R_2840.jpg,224,224,18.24
Logam,logam_R_2841.jpg,224,224,26.9
Logam,logam_R_2842.jpg,224,224,22.63
Logam,logam_R_2843.jpg,224,224,22.1
Logam,logam_R_2844.jpg,224,224,14.24
Logam,logam_R_2845.jpg,224,224,24.05
Logam,logam_R_2846.jpg,224,224,14.11
Logam,logam_R_2847.jpg,224,224,21.37
Logam,logam_R_4927.jpg,224,224,5.38
Logam,logam_R_4928.jpg,224,224,16.52
Logam,logam_R_4929.jpg,224,224,9.97
Logam,logam_R_4930.jpg,224,224,17.43
Logam,logam_R_4931.jpg,224,224,14.81
Logam,logam_R_4932.jpg,224,224,12.69
Logam,logam_R_4933.jpg,224,224,8.8
Logam,logam_R_4934.jpg,224,224,18.14
Logam,logam_R_4935.jpg,224,224,17.39
Logam,logam_R_4936.jpg,224,224,13.04
Logam,logam_R_4937.jpg,224,224,12.9
Logam,logam_R_4938.jpg,224,224,16.63
Logam,logam_R_4939.jpg,224,224,8.05
Logam,logam_R_4940.jpg,224,224,11.63
Logam,logam_R_4941.jpg,224,224,7.23
Logam,logam_R_4942.jpg,224,224,21.58
Logam,logam_R_4943.jpg,224,224,12.5
Logam,logam_R_4944.jpg,224,224,17.1
Logam,logam_R_4945.jpg,224,224,18.06
Logam,logam_R_4946.jpg,224,224,11.93
Logam,logam_R_4947.jpg,224,224,11.0
Logam,logam_R_4948.jpg,224,224,11.81
Logam,logam_R_4949.jpg,224,224,12.56
Logam,logam_R_4950.jpg,224,224,11.26
Logam,logam_R_4951.jpg,224,224,11.63
Logam,logam_R_4952.jpg,224,224,11.92
Logam,logam_R_4953.jpg,224,224,6.87
Logam,logam_R_4954.jpg,224,224,8.35
Logam,logam_R_4955.jpg,224,224,18.39
Logam,logam_R_4956.jpg,224,224,25.7
Logam,logam_R_4957.jpg,224,224,14.23
Logam,logam_R_4958.jpg,224,224,14.08
Logam,logam_R_4959.jpg,224,224,8.68
Logam,logam_R_4960.jpg,224,224,9.83
Logam,logam_R_4961.jpg,224,224,12.49
Logam,logam_R_4962.jpg,224,224,10.68
Logam,logam_R_4963.jpg,224,224,8.05
Logam,logam_R_4964.jpg,224,224,7.92
Logam,logam_R_4965.jpg,224,224,11.91
Logam,logam_R_4966.jpg,224,224,7.59
Logam,logam_R_4967.jpg,224,224,18.2
Logam,logam_R_4968.jpg,224,224,16.33
Logam,logam_R_4969.jpg,224,224,14.85
Logam,logam_R_4970.jpg,224,224,13.96
Logam,logam_R_4971.jpg,224,224,14.64
Logam,logam_R_4972.jpg,224,224,9.11
Logam,logam_R_4973.jpg,224,224,18.29
Logam,logam_R_4974.jpg,224,224,8.89
Logam,logam_R_4975.jpg,224,224,12.13
Logam,logam_R_4976.jpg,224,224,17.2
Logam,logam_R_4977.jpg,224,224,8.92
Logam,logam_R_4978.jpg,224,224,10.63
Logam,logam_R_4979.jpg,224,224,26.14
Logam,logam_R_4980.jpg,224,224,13.91
Logam,logam_R_4981.jpg,224,224,11.8
Logam,logam_R_4982.jpg,224,224,8.08
Logam,logam_R_4983.jpg,224,224,14.65
Logam,logam_R_4984.jpg,224,224,11.3
Logam,logam_R_4985.jpg,224,224,15.12
Logam,logam_R_4986.jpg,224,224,14.06
Logam,logam_R_4987.jpg,224,224,8.66
Logam,logam_R_4988.jpg,224,224,6.98
Logam,logam_R_4989.jpg,224,224,23.55
Logam,logam_R_4990.jpg,224,224,28.49
Logam,logam_R_4991.jpg,224,224,11.21
Logam,logam_R_4992.jpg,224,224,19.73
Logam,logam_R_4993.jpg,224,224,16.41
Logam,logam_R_4994.jpg,224,224,16.17
Logam,logam_R_4995.jpg,224,224,10.96
Logam,logam_R_4996.jpg,224,224,12.87
Logam,logam_R_4997.jpg,224,224,18.08
Logam,logam_R_4998.jpg,224,224,13.89
Logam,logam_R_4999.jpg,224,224,13.04
Logam,logam_R_5000.jpg,224,224,14.88
Logam,logam_R_5001.jpg,224,224,18.24
Logam,logam_R_5002.jpg,224,224,14.51
Logam,logam_R_5003.jpg,224,224,10.48
Logam,logam_R_5004.jpg,224,224,9.74
Logam,logam_R_5005.jpg,224,224,23.41
Logam,logam_R_5006.jpg,224,224,19.9
Logam,logam_R_5007.jpg,224,224,11.64
Logam,logam_R_5008.jpg,224,224,13.96
Logam,logam_R_5009.jpg,224,224,17.06
Logam,logam_R_5010.jpg,224,224,18.88
Logam,logam_R_5011.jpg,224,224,19.85
Logam,logam_R_5012.jpg,224,224,17.5
Logam,logam_R_5013.jpg,224,224,14.65
Logam,logam_R_5014.jpg,224,224,13.02
Logam,logam_R_5015.jpg,224,224,21.37
Logam,logam_R_5016.jpg,224,224,26.14
Logam,logam_R_5017.jpg,224,224,27.19
Logam,logam_R_5018.jpg,224,224,13.19
Logam,logam_R_5019.jpg,224,224,19.03
Logam,logam_R_5020.jpg,224,224,13.87
Logam,logam_R_5021.jpg,224,224,9.04
Logam,logam_R_5022.jpg,224,224,16.08
Logam,logam_R_5023.jpg,224,224,11.02
Logam,logam_R_5024.jpg,224,224,12.66
Logam,logam_R_5025.jpg,224,224,13.85
Logam,logam_R_5027.jpg,224,224,11.62
Logam,logam_R_5028.jpg,224,224,12.39
Logam,logam_R_5029.jpg,224,224,7.38
Logam,logam_R_5030.jpg,224,224,15.53
Logam,logam_R_5031.jpg,224,224,13.43
Logam,logam_R_5032.jpg,224,224,11.4
Logam,logam_R_5033.jpg,224,224,21.66
Logam,logam_R_5034.jpg,224,224,16.33
Logam,logam_R_5035.jpg,224,224,11.32
Logam,logam_R_5036.jpg,224,224,16.3
Logam,logam_R_5037.jpg,224,224,23.29
Logam,logam_R_5038.jpg,224,224,21.97
Logam,logam_R_5039.jpg,224,224,21.81
Logam,logam_R_5040.jpg,224,224,10.77
Logam,logam_R_5041.jpg,224,224,20.98
Logam,logam_R_5042.jpg,224,224,7.74
Logam,logam_R_5043.jpg,224,224,21.39
Logam,logam_R_5044.jpg,224,224,23.28
Logam,logam_R_5045.jpg,224,224,13.04
Logam,logam_R_5046.jpg,224,224,19.95
Logam,logam_R_5047.jpg,224,224,9.82
Logam,logam_R_5048.jpg,224,224,8.3
Logam,logam_R_5049.jpg,224,224,11.38
Logam,logam_R_5050.jpg,224,224,17.76
Logam,logam_R_5051.jpg,224,224,25.28
Logam,logam_R_5052.jpg,224,224,16.55
Logam,logam_R_5053.jpg,224,224,9.89
Logam,logam_R_8418.jpg,224,224,4.54
Logam,logam_R_8419.jpg,224,224,3.14
Logam,logam_R_8420.jpg,224,224,4.71
Logam,logam_R_8421.jpg,224,224,4.25
Logam,logam_R_8422.jpg,224,224,3.94
Logam,logam_R_8423.jpg,224,224,5.74
Logam,logam_R_8424.jpg,224,224,5.65
Logam,logam_R_8425.jpg,224,224,7.02
Logam,logam_R_8426.jpg,224,224,5.17
Logam,logam_R_8427.jpg,224,224,4.84
Logam,logam_R_8428.jpg,224,224,11.81
Logam,logam_R_8429.jpg,224,224,7.25
Logam,logam_R_8430.jpg,224,224,4.12
Logam,logam_R_8431.jpg,224,224,6.27
Logam,logam_R_8432.jpg,224,224,7.39
Logam,logam_R_8433.jpg,224,224,3.76
Logam,logam_R_8434.jpg,224,224,4.09
Logam,logam_R_8435.jpg,224,224,7.38
Logam,logam_R_8436.jpg,224,224,4.69
Logam,logam_R_8437.jpg,224,224,5.58
Logam,logam_R_8438.jpg,224,224,3.41
Logam,logam_R_8439.jpg,224,224,5.1
Logam,logam_R_8440.jpg,224,224,2.85
Logam,logam_R_8441.jpg,224,224,4.06
Logam,logam_R_8444.jpg,224,224,3.36
Logam,logam_R_8445.jpg,224,224,5.8
Logam,logam_R_8446.jpg,224,224,6.6
Logam,logam_R_8447.jpg,224,224,5.5
Logam,logam_R_8449.jpg,224,224,4.01
Logam,logam_R_8450.jpg,224,224,8.81
Logam,logam_R_8451.jpg,224,224,5.14
Logam,logam_R_8452.jpg,224,224,7.6
Logam,logam_R_8453.jpg,224,224,6.42
Logam,logam_R_8454.jpg,224,224,5.32
Logam,logam_R_8455.jpg,224,224,7.34
Logam,logam_R_8456.jpg,224,224,7.04
Logam,logam_R_8457.jpg,224,224,21.88
Logam,logam_R_8458.jpg,224,224,4.74
Logam,logam_R_8459.jpg,224,224,5.11
Logam,logam_R_8460.jpg,224,224,6.4
Logam,logam_R_8461.jpg,224,224,5.62
Logam,logam_R_8462.jpg,224,224,9.74
Logam,logam_R_8463.jpg,224,224,7.38
Logam,logam_R_8465.jpg,224,224,4.38
Logam,logam_R_8469.jpg,224,224,3.4
Logam,logam_R_8470.jpg,224,224,3.34
Logam,logam_R_8471.jpg,224,224,11.86
Logam,logam_R_8472.jpg,224,224,7.9
Logam,logam_R_8473.jpg,224,224,27.15
Logam,logam_R_8474.jpg,224,224,7.49
Logam,logam_R_8475.jpg,224,224,2.91
Logam,logam_R_8476.jpg,224,224,14.63
Logam,logam_R_8477.jpg,224,224,9.84
Logam,logam_R_8478.jpg,224,224,5.79
Logam,logam_R_8479.jpg,224,224,3.47
Logam,logam_R_8480.jpg,224,224,5.77
Logam,logam_R_8482.jpg,224,224,9.98
Logam,logam_R_8483.jpg,224,224,3.98
Logam,logam_R_8484.jpg,224,224,6.72
Logam,logam_R_8485.jpg,224,224,3.97
Logam,logam_R_8486.jpg,224,224,4.59
Logam,logam_R_8487.jpg,224,224,7.04
Logam,logam_R_8488.jpg,224,224,10.02
Logam,logam_R_8489.jpg,224,224,8.63
Logam,logam_R_8490.jpg,224,224,4.97
Logam,logam_R_8491.jpg,224,224,8.15
Logam,logam_R_8493.jpg,224,224,6.42
Logam,logam_R_8494.jpg,224,224,4.09
Logam,logam_R_8495.jpg,224,224,4.02
Logam,logam_R_8497.jpg,224,224,6.97
Logam,logam_R_8498.jpg,224,224,8.1
Logam,logam_R_8499.jpg,224,224,6.92
Logam,logam_R_8500.jpg,224,224,2.87
Logam,logam_R_8503.jpg,224,224,6.57
Logam,logam_R_8504.jpg,224,224,6.08
Logam,logam_R_8505.jpg,224,224,8.62
Logam,logam_R_8507.jpg,224,224,3.02
Logam,logam_R_8509.jpg,224,224,7.89
Logam,logam_R_8510.jpg,224,224,5.0
Logam,logam_R_8511.jpg,224,224,9.35
Logam,logam_R_8512.jpg,224,224,10.72
Logam,logam_R_8513.jpg,224,224,7.97
Logam,logam_R_8516.jpg,224,224,16.79
Logam,logam_R_8517.jpg,224,224,8.72
Logam,logam_R_8518.jpg,224,224,7.74
Logam,logam_R_8521.jpg,224,224,5.58
Logam,logam_R_8522.jpg,224,224,7.49
Logam,logam_R_8523.jpg,224,224,6.2
Logam,logam_R_8526.jpg,224,224,3.56
Logam,logam_R_8527.jpg,224,224,9.12
Logam,logam_R_8528.jpg,224,224,5.89
Logam,logam_R_8529.jpg,224,224,3.47
Logam,logam_R_8530.jpg,224,224,3.19
Logam,logam_R_8531.jpg,224,224,7.68
Logam,logam_R_8532.jpg,224,224,7.96
Logam,logam_R_8533.jpg,224,224,4.5
Logam,logam_R_8534.jpg,224,224,12.24
Logam,logam_R_8535.jpg,224,224,4.89
Logam,logam_R_8536.jpg,224,224,8.05
Logam,logam_R_8537.jpg,224,224,12.49
Logam,logam_R_8538.jpg,224,224,8.6
Logam,logam_R_8539.jpg,224,224,6.26
Logam,logam_R_8540.jpg,224,224,8.3
Logam,logam_R_8541.jpg,224,224,4.84
Logam,logam_R_8542.jpg,224,224,3.34
Logam,logam_R_8543.jpg,224,224,14.06
Logam,logam_R_8544.jpg,224,224,6.27
Logam,logam_R_8546.jpg,224,224,7.46
Logam,logam_R_8547.jpg,224,224,5.9
Logam,logam_R_8548.jpg,224,224,6.63
Logam,logam_R_8549.jpg,224,224,6.35
Logam,logam_R_8550.jpg,224,224,5.11
Logam,logam_R_8551.jpg,224,224,6.61
Logam,logam_R_8552.jpg,224,224,7.67
Logam,logam_R_8553.jpg,224,224,6.05
Logam,logam_R_8554.jpg,224,224,4.04
Logam,logam_R_8555.jpg,224,224,6.43
Logam,logam_R_8559.jpg,224,224,8.57
Logam,logam_R_8562.jpg,224,224,4.7
Logam,logam_R_8563.jpg,224,224,15.51
Logam,logam_R_8564.jpg,224,224,10.06
Logam,logam_R_8565.jpg,224,224,9.81
Logam,logam_R_8567.jpg,224,224,9.19
Logam,logam_R_8569.jpg,224,224,5.75
Logam,logam_R_8570.jpg,224,224,11.64
Logam,logam_R_8571.jpg,224,224,8.18
Logam,logam_R_8572.jpg,224,224,10.75
Logam,logam_R_8573.jpg,224,224,11.87
Logam,logam_R_8574.jpg,224,224,4.14
Logam,logam_R_8577.jpg,224,224,9.59
Logam,logam_R_8578.jpg,224,224,9.45
Logam,logam_R_8579.jpg,224,224,7.21
Logam,logam_R_8580.jpg,224,224,12.66
Logam,logam_R_8581.jpg,224,224,4.7
Logam,logam_R_8583.jpg,224,224,7.98
Logam,logam_R_8591.jpg,224,224,13.84
Logam,logam_R_8592.jpg,224,224,5.27
Logam,logam_R_8593.jpg,224,224,6.64
Logam,logam_R_8594.jpg,224,224,8.01
Logam,logam_R_8595.jpg,224,224,18.12
Logam,logam_R_8596.jpg,224,224,13.26
Logam,logam_R_8599.jpg,224,224,3.75
Logam,logam_R_8600.jpg,224,224,3.52
Logam,logam_R_8602.jpg,224,224,3.85
Logam,logam_R_8605.jpg,224,224,3.45
Logam,logam_R_8607.jpg,224,224,3.62
Logam,logam_R_8610.jpg,224,224,9.62
Logam,logam_R_8611.jpg,224,224,5.98
Logam,logam_R_8613.jpg,224,224,9.75
Logam,logam_R_8614.jpg,224,224,2.82
Logam,logam_R_8621.jpg,224,224,10.32
Logam,logam_R_8633.jpg,224,224,5.75
Logam,logam_R_8640.jpg,224,224,4.7
Logam,logam_R_8643.jpg,224,224,4.04
Logam,logam_R_8645.jpg,224,224,7.19
Logam,logam_R_8650.jpg,224,224,10.26
Logam,logam_R_8652.jpg,224,224,4.32
Logam,logam_R_8653.jpg,224,224,3.88
Logam,logam_R_8654.jpg,224,224,4.44
Logam,logam_R_8657.jpg,224,224,4.0
Logam,logam_R_8666.jpg,224,224,5.73
Logam,logam_R_8667.jpg,224,224,7.0
Logam,logam_R_8668.jpg,224,224,8.8
Logam,logam_R_8669.jpg,224,224,7.61
Logam,logam_R_8671.jpg,224,224,4.66
Logam,logam_R_8672.jpg,224,224,6.18
Logam,logam_R_8674.jpg,224,224,8.08
Logam,logam_R_8681.jpg,224,224,7.89
Logam,logam_R_8682.jpg,224,224,3.86
Logam,logam_R_8683.jpg,224,224,4.97
Logam,logam_R_8684.jpg,224,224,7.58
Logam,logam_R_8687.jpg,224,224,8.81
Logam,logam_R_8688.jpg,224,224,10.45
Logam,logam_R_8693.jpg,224,224,4.78
Logam,logam_R_8694.jpg,224,224,12.07
Logam,logam_R_8700.jpg,224,224,4.08
Logam,logam_R_8706.jpg,224,224,4.81
Logam,logam_R_8708.jpg,224,224,11.46
Logam,logam_R_8713.jpg,224,224,13.67
Logam,logam_R_8714.jpg,224,224,10.41
Logam,logam_R_8715.jpg,224,224,5.51
Logam,logam_R_8731.jpg,224,224,7.84
Logam,logam_R_8736.jpg,224,224,9.05
Logam,logam_R_8739.jpg,224,224,20.66
Logam,logam_R_8741.jpg,224,224,8.54
Logam,logam_R_8746.jpg,224,224,7.17
Logam,logam_R_8752.jpg,224,224,18.79
Logam,logam_R_8753.jpg,224,224,12.31
Logam,logam_R_8767.jpg,224,224,21.02
Logam,logam_R_8771.jpg,224,224,15.19
Logam,logam_R_8773.jpg,224,224,12.97
Logam,logam_R_8779.jpg,224,224,3.68
Logam,logam_R_8786.jpg,224,224,12.73
Logam,logam_R_8795.jpg,224,224,10.43
Logam,logam_R_8797.jpg,224,224,4.75
Logam,logam_R_8804.jpg,224,224,12.49
Logam,logam_R_8807.jpg,224,224,17.1
Logam,logam_R_8808.jpg,224,224,3.27
organic,organic_food-waste-10.jpg,224,224,33.58
organic,organic_food-waste-10_aug1335.jpg,224,224,33.67
organic,organic_food-waste-10_aug2265.jpg,224,224,33.65
organic,organic_food-waste-10_aug777.jpg,224,224,29.59
organic,organic_food-waste-11_aug464.jpg,224,224,31.15
organic,organic_food-waste-12.jpg,224,224,32.7
organic,organic_food-waste-12_aug1003.jpg,224,224,32.71
organic,organic_food-waste-12_aug1765.jpg,224,224,32.69
organic,organic_food-waste-12_aug303.jpg,224,224,26.84
organic,organic_food-waste-13_aug1071.jpg,224,224,31.33
organic,organic_food-waste-13_aug140.jpg,224,224,35.96
organic,organic_food-waste-13_aug2716.jpg,224,224,26.54
organic,organic_food-waste-13_aug43.jpg,224,224,35.99
organic,organic_food-waste-13_aug824.jpg,224,224,29.82
organic,organic_food-waste-14_aug1540.jpg,224,224,36.07
organic,organic_food-waste-14_aug1554.jpg,224,224,34.89
organic,organic_food-waste-14_aug163.jpg,224,224,31.22
organic,organic_food-waste-14_aug1866.jpg,224,224,36.46
organic,organic_food-waste-14_aug1897.jpg,224,224,31.43
organic,organic_food-waste-14_aug2592.jpg,224,224,31.59
organic,organic_food-waste-14_aug969.jpg,224,224,32.75
organic,organic_food-waste-15_aug2428.jpg,224,224,36.86
organic,organic_food-waste-15_aug26.jpg,224,224,38.11
organic,organic_food-waste-15_aug412.jpg,224,224,33.87
organic,organic_food-waste-15_aug714.jpg,224,224,38.25
organic,organic_food-waste-16_aug162.jpg,224,224,18.47
organic,organic_food-waste-16_aug2239.jpg,224,224,18.04
organic,organic_food-waste-16_aug2478.jpg,224,224,19.53
organic,organic_food-waste-17_aug1036.jpg,224,224,19.63
organic,organic_food-waste-17_aug1206.jpg,224,224,19.87
organic,organic_food-waste-17_aug1785.jpg,224,224,20.25
organic,organic_food-waste-18_aug1027.jpg,224,224,36.56
organic,organic_food-waste-18_aug1069.jpg,224,224,36.62
organic,organic_food-waste-18_aug1784.jpg,224,224,36.59
organic,organic_food-waste-18_aug2370.jpg,224,224,31.37
organic,organic_food-waste-18_aug394.jpg,224,224,35.54
organic,organic_food-waste-19_aug1726.jpg,224,224,28.38
organic,organic_food-waste-19_aug1875.jpg,224,224,35.18
organic,organic_food-waste-19_aug2386.jpg,224,224,34.5
organic,organic_food-waste-19_aug2690.jpg,224,224,28.32
organic,organic_food-waste-19_aug385.jpg,224,224,34.56
organic,organic_food-waste-19_aug77.jpg,224,224,32.94
organic,organic_food-waste-1_aug107.jpg,224,224,16.71
organic,organic_food-waste-1_aug1950.jpg,224,224,19.65
organic,organic_food-waste-1_aug666.jpg,224,224,19.95
organic,organic_food-waste-1_aug744.jpg,224,224,15.82
organic,organic_food-waste-1_aug816.jpg,224,224,18.69
organic,organic_food-waste-20_aug1955.jpg,224,224,30.51
organic,organic_food-waste-20_aug2567.jpg,224,224,34.71
organic,organic_food-waste-20_aug2655.jpg,224,224,28.29
organic,organic_food-waste-20_aug643.jpg,224,224,36.46
organic,organic_food-waste-21_aug2376.jpg,224,224,31.62
organic,organic_food-waste-21_aug413.jpg,224,224,30.59
organic,organic_food-waste-22_aug2423.jpg,224,224,29.16
organic,organic_food-waste-22_aug2719.jpg,224,224,32.04
organic,organic_food-waste-22_aug863.jpg,224,224,30.42
organic,organic_food-waste-22_aug938.jpg,224,224,28.37
organic,organic_food-waste-23_aug2522.jpg,224,224,32.5
organic,organic_food-waste-23_aug2654.jpg,224,224,28.69
organic,organic_food-waste-23_aug791.jpg,224,224,33.23
organic,organic_food-waste-24_aug914.jpg,224,224,31.86
organic,organic_food-waste-24_aug943.jpg,224,224,30.05
organic,organic_food-waste-24_aug985.jpg,224,224,32.8
organic,organic_food-waste-25_aug1253.jpg,224,224,32.87
organic,organic_food-waste-25_aug2254.jpg,224,224,32.63
organic,organic_food-waste-25_aug260.jpg,224,224,31.33
organic,organic_food-waste-25_aug473.jpg,224,224,33.5
organic,organic_food-waste-25_aug801.jpg,224,224,33.34
organic,organic_food-waste-26_aug1678.jpg,224,224,28.95
organic,organic_food-waste-26_aug1738.jpg,224,224,29.47
organic,organic_food-waste-26_aug2203.jpg,224,224,26.74
organic,organic_food-waste-26_aug2262.jpg,224,224,27.58
organic,organic_food-waste-26_aug239.jpg,224,224,30.94
organic,organic_food-waste-27_aug1997.jpg,224,224,28.68
organic,organic_food-waste-27_aug479.jpg,224,224,23.55
organic,organic_food-waste-28_aug2341.jpg,224,224,14.12
organic,organic_food-waste-29.jpg,224,224,16.74
organic,organic_food-waste-29_aug102.jpg,224,224,16.01
organic,organic_food-waste-29_aug1558.jpg,224,224,18.21
organic,organic_food-waste-29_aug2817.jpg,224,224,16.01
organic,organic_food-waste-29_aug531.jpg,224,224,17.54
organic,organic_food-waste-29_aug620.jpg,224,224,18.02
organic,organic_food-waste-2_aug1853.jpg,224,224,13.98
organic,organic_food-waste-2_aug2032.jpg,224,224,14.3
organic,organic_food-waste-2_aug2824.jpg,224,224,12.99
organic,organic_food-waste-30_aug1668.jpg,224,224,17.47
organic,organic_food-waste-30_aug2356.jpg,224,224,16.94
organic,organic_food-waste-30_aug2699.jpg,224,224,17.23
organic,organic_food-waste-30_aug553.jpg,224,224,17.28
organic,organic_food-waste-31_aug2260.jpg,224,224,8.49
organic,organic_food-waste-31_aug2297.jpg,224,224,10.37
organic,organic_food-waste-31_aug2792.jpg,224,224,9.92
organic,organic_food-waste-31_aug638.jpg,224,224,9.64
organic,organic_food-waste-32_aug1932.jpg,224,224,17.63
organic,organic_food-waste-32_aug20.jpg,224,224,16.75
organic,organic_food-waste-32_aug559.jpg,224,224,15.83
organic,organic_food-waste-32_aug715.jpg,224,224,16.09
organic,organic_food-waste-33_aug2213.jpg,224,224,21.97
organic,organic_food-waste-33_aug2556.jpg,224,224,19.81
organic,organic_food-waste-33_aug2659.jpg,224,224,19.4
organic,organic_food-waste-33_aug2722.jpg,224,224,21.37
organic,organic_food-waste-33_aug815.jpg,224,224,21.95
organic,organic_food-waste-34_aug1255.jpg,224,224,17.5
organic,organic_food-waste-34_aug1371.jpg,224,224,13.77
organic,organic_food-waste-34_aug219.jpg,224,224,16.47
organic,organic_food-waste-34_aug2546.jpg,224,224,16.78
organic,organic_food-waste-34_aug471.jpg,224,224,17.48
organic,organic_food-waste-34_aug594.jpg,224,224,17.45
organic,organic_food-waste-34_aug628.jpg,224,224,17.14
organic,organic_food-waste-34_aug71.jpg,224,224,18.99
organic,organic_food-waste-35_aug981.jpg,224,224,15.82
organic,organic_food-waste-36_aug1379.jpg,224,224,17.44
organic,organic_food-waste-36_aug373.jpg,224,224,17.46
organic,organic_food-waste-36_aug467.jpg,224,224,17.79
organic,organic_food-waste-37_aug1347.jpg,224,224,23.13
organic,organic_food-waste-37_aug1792.jpg,224,224,20.12
organic,organic_food-waste-37_aug2070.jpg,224,224,19.67
organic,organic_food-waste-37_aug2554.jpg,224,224,22.19
organic,organic_food-waste-37_aug706.jpg,224,224,23.27
organic,organic_food-waste-37_aug877.jpg,224,224,22.54
organic,organic_food-waste-38_aug1197.jpg,224,224,22.29
organic,organic_food-waste-38_aug1385.jpg,224,224,21.29
organic,organic_food-waste-38_aug1877.jpg,224,224,20.84
organic,organic_food-waste-38_aug238.jpg,224,224,22.08
organic,organic_food-waste-38_aug481.jpg,224,224,19.32
organic,organic_food-waste-38_aug482.jpg,224,224,22.99
organic,organic_food-waste-39_aug2267.jpg,224,224,21.87
organic,organic_food-waste-39_aug2412.jpg,224,224,21.34
organic,organic_food-waste-39_aug2417.jpg,224,224,21.58
organic,organic_food-waste-3_aug1137.jpg,224,224,13.1
organic,organic_food-waste-3_aug1580.jpg,224,224,13.17
organic,organic_food-waste-3_aug1991.jpg,224,224,14.44
organic,organic_food-waste-40_aug1083.jpg,224,224,19.32
organic,organic_food-waste-40_aug1361.jpg,224,224,19.58
organic,organic_food-waste-40_aug1477.jpg,224,224,18.11
organic,organic_food-waste-40_aug1625.jpg,224,224,17.96
organic,organic_food-waste-40_aug226.jpg,224,224,19.36
organic,organic_food-waste-40_aug2418.jpg,224,224,17.73
organic,organic_food-waste-40_aug254.jpg,224,224,16.61
organic,organic_food-waste-40_aug2581.jpg,224,224,19.24
organic,organic_food-waste-40_aug968.jpg,224,224,19.92
organic,organic_food-waste-41_aug1694.jpg,224,224,18.88
organic,organic_food-waste-41_aug1892.jpg,224,224,17.59
organic,organic_food-waste-41_aug274.jpg,224,224,17.58
organic,organic_food-waste-41_aug279.jpg,224,224,18.24
organic,organic_food-waste-42_aug1351.jpg,224,224,17.59
organic,organic_food-waste-42_aug2158.jpg,224,224,18.97
organic,organic_food-waste-42_aug597.jpg,224,224,17.64
organic,organic_food-waste-42_aug954.jpg,224,224,18.42
organic,organic_food-waste-43_aug1110.jpg,224,224,15.24
organic,organic_food-waste-43_aug1178.jpg,224,224,15.26
organic,organic_food-waste-43_aug2752.jpg,224,224,15.9
organic,organic_food-waste-44_aug1314.jpg,224,224,18.0
organic,organic_food-waste-44_aug1507.jpg,224,224,18.34
organic,organic_food-waste-44_aug1819.jpg,224,224,18.05
organic,organic_food-waste-44_aug2043.jpg,224,224,16.6
organic,organic_food-waste-44_aug223.jpg,224,224,17.71
organic,organic_food-waste-45.jpg,224,224,12.5
organic,organic_food-waste-45_aug159.jpg,224,224,12.88
organic,organic_food-waste-45_aug2044.jpg,224,224,12.91
organic,organic_food-waste-45_aug2266.jpg,224,224,12.5
organic,organic_food-waste-45_aug2304.jpg,224,224,12.91
organic,organic_food-waste-45_aug2361.jpg,224,224,13.01
organic,organic_food-waste-46_aug1161.jpg,224,224,15.63
organic,organic_food-waste-46_aug1627.jpg,224,224,13.4
organic,organic_food-waste-46_aug1750.jpg,224,224,13.7
organic,organic_food-waste-46_aug1996.jpg,224,224,13.79
organic,organic_food-waste-46_aug273.jpg,224,224,15.03
organic,organic_food-waste-46_aug642.jpg,224,224,13.9
organic,organic_food-waste-47_aug1216.jpg,224,224,14.98
organic,organic_food-waste-47_aug1369.jpg,224,224,15.02
organic,organic_food-waste-47_aug2408.jpg,224,224,13.72
organic,organic_food-waste-47_aug2625.jpg,224,224,13.74
organic,organic_food-waste-48.jpg,224,224,15.77
organic,organic_food-waste-48_aug1599.jpg,224,224,14.64
organic,organic_food-waste-48_aug1655.jpg,224,224,14.22
organic,organic_food-waste-48_aug1975.jpg,224,224,15.77
organic,organic_food-waste-48_aug2477.jpg,224,224,15.54
organic,organic_food-waste-48_aug897.jpg,224,224,17.53
organic,organic_food-waste-49_aug1045.jpg,224,224,14.53
organic,organic_food-waste-49_aug1193.jpg,224,224,12.94
organic,organic_food-waste-49_aug1712.jpg,224,224,12.94
organic,organic_food-waste-49_aug1889.jpg,224,224,13.61
organic,organic_food-waste-49_aug2357.jpg,224,224,12.94
organic,organic_food-waste-49_aug2733.jpg,224,224,12.92
organic,organic_food-waste-49_aug311.jpg,224,224,13.76
organic,organic_food-waste-4_aug1622.jpg,224,224,13.32
organic,organic_food-waste-4_aug1882.jpg,224,224,13.43
organic,organic_food-waste-4_aug2118.jpg,224,224,12.98
organic,organic_food-waste-4_aug2381.jpg,224,224,12.84
organic,organic_food-waste-4_aug284.jpg,224,224,14.1
organic,organic_food-waste-5_aug1406.jpg,224,224,12.59
organic,organic_food-waste-5_aug2791.jpg,224,224,12.9
organic,organic_food-waste-6.jpg,224,224,13.89
organic,organic_food-waste-6_aug1569.jpg,224,224,14.74
organic,organic_food-waste-6_aug2389.jpg,224,224,14.79
organic,organic_food-waste-6_aug2496.jpg,224,224,13.98
organic,organic_food-waste-6_aug478.jpg,224,224,13.97
organic,organic_food-waste-6_aug827.jpg,224,224,15.21
organic,organic_food-waste-7_aug1426.jpg,224,224,13.01
organic,organic_food-waste-7_aug1509.jpg,224,224,13.68
organic,organic_food-waste-7_aug1520.jpg,224,224,12.66
organic,organic_food-waste-7_aug175.jpg,224,224,13.4
organic,organic_food-waste-8_aug1637.jpg,224,224,34.23
organic,organic_food-waste-8_aug1744.jpg,224,224,34.42
organic,organic_food-waste-8_aug1763.jpg,224,224,34.85
organic,organic_food-waste-8_aug1976.jpg,224,224,33.96
organic,organic_food-waste-8_aug2614.jpg,224,224,34.6
organic,organic_food-waste-8_aug868.jpg,224,224,31.62
organic,organic_food-waste-9.jpg,224,224,35.08
organic,organic_food-waste-9_aug1277.jpg,224,224,32.84
organic,organic_food-waste-9_aug2137.jpg,224,224,29.76
organic,organic_garden-waste-10_aug1012.jpg,224,224,27.63
organic,organic_garden-waste-10_aug1082.jpg,224,224,26.88
organic,organic_garden-waste-10_aug1736.jpg,224,224,29.06
organic,organic_garden-waste-10_aug1798.jpg,224,224,29.6
organic,organic_garden-waste-10_aug19.jpg,224,224,24.82
organic,organic_garden-waste-10_aug806.jpg,224,224,27.92
organic,organic_garden-waste-2_aug2753.jpg,224,224,39.82
organic,organic_garden-waste-2_aug2827.jpg,224,224,40.33
organic,organic_garden-waste-3_aug1028.jpg,224,224,40.52
organic,organic_garden-waste-3_aug2064.jpg,224,224,35.01
organic,organic_garden-waste-4_aug144.jpg,224,224,33.22
organic,organic_garden-waste-4_aug505.jpg,224,224,31.43
organic,organic_garden-waste-5_aug1133.jpg,224,224,33.82
organic,organic_garden-waste-5_aug1560.jpg,224,224,31.74
organic,organic_garden-waste-5_aug1756.jpg,224,224,33.8
organic,organic_garden-waste-5_aug2805.jpg,224,224,31.32
organic,organic_garden-waste-5_aug660.jpg,224,224,34.06
organic,organic_garden-waste-5_aug864.jpg,224,224,31.41
organic,organic_garden-waste-6_aug2082.jpg,224,224,29.95
organic,organic_garden-waste-7_aug1435.jpg,224,224,26.52
organic,organic_garden-waste-7_aug1825.jpg,224,224,31.07
organic,organic_garden-waste-7_aug2054.jpg,224,224,31.7
organic,organic_garden-waste-7_aug2486.jpg,224,224,30.19
organic,organic_garden-waste-7_aug423.jpg,224,224,31.3
organic,organic_garden-waste-8_aug1022.jpg,224,224,24.92
organic,organic_garden-waste-8_aug1373.jpg,224,224,24.04
organic,organic_garden-waste-8_aug1702.jpg,224,224,24.16
organic,organic_garden-waste-8_aug2021.jpg,224,224,23.11
organic,organic_garden-waste-8_aug2086.jpg,224,224,24.83
organic,organic_garden-waste-9_aug1126.jpg,224,224,27.84
organic,organic_garden-waste-9_aug1281.jpg,224,224,29.22
organic,organic_garden-waste-9_aug1578.jpg,224,224,27.77
organic,organic_garden-waste-9_aug424.jpg,224,224,25.59
organic,organic_garden-waste-9_aug67.jpg,224,224,29.22
organic,organic_garden-waste-9_aug853.jpg,224,224,29.22
organic,organic_other-organic-10_aug1112.jpg,224,224,41.8
organic,organic_other-organic-10_aug2602.jpg,224,224,41.81
organic,organic_other-organic-10_aug51.jpg,224,224,40.76
organic,organic_other-organic-11_aug1279.jpg,224,224,43.13
organic,organic_other-organic-11_aug1309.jpg,224,224,40.78
organic,organic_other-organic-11_aug2723.jpg,224,224,40.95
organic,organic_other-organic-11_aug347.jpg,224,224,43.1
organic,organic_other-organic-11_aug929.jpg,224,224,43.12
organic,organic_other-organic-12_aug1440.jpg,224,224,35.63
organic,organic_other-organic-12_aug1821.jpg,224,224,35.19
organic,organic_other-organic-12_aug1888.jpg,224,224,37.92
organic,organic_other-organic-12_aug1921.jpg,224,224,37.64
organic,organic_other-organic-12_aug2085.jpg,224,224,33.0
organic,organic_other-organic-12_aug2140.jpg,224,224,37.61
organic,organic_other-organic-12_aug338.jpg,224,224,37.68
organic,organic_other-organic-12_aug873.jpg,224,224,38.33
organic,organic_other-organic-13.jpg,224,224,34.37
organic,organic_other-organic-13_aug1408.jpg,224,224,34.31
organic,organic_other-organic-13_aug1534.jpg,224,224,29.65
organic,organic_other-organic-13_aug155.jpg,224,224,28.79
organic,organic_other-organic-13_aug2673.jpg,224,224,30.98
organic,organic_other-organic-14_aug1616.jpg,224,224,34.19
organic,organic_other-organic-14_aug2250.jpg,224,224,35.7
organic,organic_other-organic-14_aug2483.jpg,224,224,33.0
organic,organic_other-organic-14_aug25.jpg,224,224,32.28
organic,organic_other-organic-14_aug729.jpg,224,224,33.52
organic,organic_other-organic-15.jpg,224,224,38.42
organic,organic_other-organic-15_aug1485.jpg,224,224,35.17
organic,organic_other-organic-15_aug1838.jpg,224,224,35.07
organic,organic_other-organic-15_aug316.jpg,224,224,35.49
organic,organic_other-organic-15_aug461.jpg,224,224,38.45
organic,organic_other-organic-15_aug759.jpg,224,224,36.18
organic,organic_other-organic-16_aug1564.jpg,224,224,39.7
organic,organic_other-organic-16_aug1565.jpg,224,224,38.8
organic,organic_other-organic-16_aug1607.jpg,224,224,38.79
organic,organic_other-organic-16_aug190.jpg,224,224,39.23
organic,organic_other-organic-16_aug841.jpg,224,224,37.39
organic,organic_other-organic-17_aug1282.jpg,224,224,23.88
organic,organic_other-organic-17_aug1624.jpg,224,224,25.37
organic,organic_other-organic-17_aug1970.jpg,224,224,23.98
organic,organic_other-organic-17_aug200.jpg,224,224,22.44
organic,organic_other-organic-17_aug453.jpg,224,224,22.82
organic,organic_other-organic-17_aug462.jpg,224,224,22.91
organic,organic_other-organic-17_aug747.jpg,224,224,21.71
organic,organic_other-organic-18_aug1140.jpg,224,224,24.37
organic,organic_other-organic-18_aug1280.jpg,224,224,24.32
organic,organic_other-organic-18_aug1454.jpg,224,224,25.14
organic,organic_other-organic-18_aug1850.jpg,224,224,24.59
organic,organic_other-organic-18_aug743.jpg,224,224,22.59
organic,organic_other-organic-18_aug984.jpg,224,224,22.35
organic,organic_other-organic-19.jpg,224,224,22.36
organic,organic_other-organic-19_aug1972.jpg,224,224,19.35
organic,organic_other-organic-19_aug2094.jpg,224,224,22.4
organic,organic_other-organic-19_aug410.jpg,224,224,21.92
organic,organic_other-organic-20_aug1283.jpg,224,224,23.61
organic,organic_other-organic-20_aug1529.jpg,224,224,23.34
organic,organic_other-organic-21_aug1258.jpg,224,224,27.0
organic,organic_other-organic-21_aug265.jpg,224,224,26.19
organic,organic_other-organic-22_aug1090.jpg,224,224,29.72
organic,organic_other-organic-22_aug1643.jpg,224,224,30.4
organic,organic_other-organic-22_aug2609.jpg,224,224,29.82
organic,organic_other-organic-22_aug263.jpg,224,224,30.41
organic,organic_other-organic-23_aug1824.jpg,224,224,32.52
organic,organic_other-organic-23_aug2714.jpg,224,224,32.52
organic,organic_other-organic-24.jpg,224,224,32.11
organic,organic_other-organic-24_aug1352.jpg,224,224,27.41
organic,organic_other-organic-24_aug1647.jpg,224,224,32.13
organic,organic_other-organic-24_aug1699.jpg,224,224,30.73
organic,organic_other-organic-24_aug2323.jpg,224,224,34.12
organic,organic_other-organic-24_aug622.jpg,224,224,32.06
organic,organic_other-organic-25_aug2745.jpg,224,224,32.4
organic,organic_other-organic-25_aug915.jpg,224,224,32.41
organic,organic_other-organic-26_aug2691.jpg,224,224,31.9
organic,organic_other-organic-26_aug271.jpg,224,224,27.3
organic,organic_other-organic-27.jpg,224,224,14.23
organic,organic_other-organic-27_aug1696.jpg,224,224,15.85
organic,organic_other-organic-27_aug866.jpg,224,224,14.17
organic,organic_other-organic-28_aug1664.jpg,224,224,15.85
organic,organic_other-organic-29_aug1128.jpg,224,224,13.92
organic,organic_other-organic-29_aug1151.jpg,224,224,13.27
organic,organic_other-organic-29_aug1725.jpg,224,224,13.27
organic,organic_other-organic-29_aug2503.jpg,224,224,12.31
organic,organic_other-organic-29_aug298.jpg,224,224,13.25
organic,organic_other-organic-29_aug396.jpg,224,224,14.66
organic,organic_other-organic-2_aug188.jpg,224,224,40.77
organic,organic_other-organic-2_aug2437.jpg,224,224,43.61
organic,organic_other-organic-2_aug2501.jpg,224,224,34.9
organic,organic_other-organic-2_aug448.jpg,224,224,38.93
organic,organic_other-organic-2_aug748.jpg,224,224,44.65
organic,organic_other-organic-3.jpg,224,224,43.72
organic,organic_other-organic-30_aug1979.jpg,224,224,10.56
organic,organic_other-organic-30_aug2305.jpg,224,224,12.55
organic,organic_other-organic-30_aug754.jpg,224,224,11.98
organic,organic_other-organic-30_aug998.jpg,224,224,12.53
organic,organic_other-organic-31_aug1758.jpg,224,224,10.96
organic,organic_other-organic-31_aug2241.jpg,224,224,9.32
organic,organic_other-organic-31_aug2664.jpg,224,224,9.31
organic,organic_other-organic-32_aug1007.jpg,224,224,8.18
organic,organic_other-organic-32_aug1461.jpg,224,224,9.01
organic,organic_other-organic-32_aug314.jpg,224,224,7.76
organic,organic_other-organic-33_aug1247.jpg,224,224,12.07
organic,organic_other-organic-33_aug1679.jpg,224,224,11.66
organic,organic_other-organic-33_aug1964.jpg,224,224,11.08
organic,organic_other-organic-33_aug2289.jpg,224,224,12.64
organic,organic_other-organic-33_aug2340.jpg,224,224,13.96
organic,organic_other-organic-33_aug354.jpg,224,224,11.63
organic,organic_other-organic-33_aug607.jpg,224,224,13.99
organic,organic_other-organic-34_aug1684.jpg,224,224,14.36
organic,organic_other-organic-35_aug696.jpg,224,224,17.69
organic,organic_other-organic-36_aug1317.jpg,224,224,21.65
organic,organic_other-organic-36_aug1511.jpg,224,224,22.63
organic,organic_other-organic-36_aug1593.jpg,224,224,22.22
organic,organic_other-organic-36_aug2011.jpg,224,224,25.91
organic,organic_other-organic-36_aug2750.jpg,224,224,23.47
organic,organic_other-organic-36_aug784.jpg,224,224,23.84
organic,organic_other-organic-37_aug1150.jpg,224,224,14.32
organic,organic_other-organic-37_aug244.jpg,224,224,13.68
organic,organic_other-organic-37_aug2561.jpg,224,224,13.99
organic,organic_other-organic-37_aug999.jpg,224,224,14.62
organic,organic_other-organic-38_aug259.jpg,224,224,16.76
organic,organic_other-organic-38_aug674.jpg,224,224,16.68
organic,organic_other-organic-38_aug796.jpg,224,224,15.19
organic,organic_other-organic-39_aug1840.jpg,224,224,15.82
organic,organic_other-organic-39_aug2017.jpg,224,224,16.07
organic,organic_other-organic-39_aug2755.jpg,224,224,16.86
organic,organic_other-organic-39_aug694.jpg,224,224,16.49
organic,organic_other-organic-3_aug1041.jpg,224,224,37.77
organic,organic_other-organic-3_aug1233.jpg,224,224,43.7
organic,organic_other-organic-3_aug2036.jpg,224,224,42.98
organic,organic_other-organic-3_aug2062.jpg,224,224,35.33
organic,organic_other-organic-3_aug2490.jpg,224,224,40.04
organic,organic_other-organic-4.jpg,224,224,41.61
organic,organic_other-organic-40_aug130.jpg,224,224,22.13
organic,organic_other-organic-40_aug1398.jpg,224,224,20.58
organic,organic_other-organic-40_aug1638.jpg,224,224,21.37
organic,organic_other-organic-41.jpg,224,224,19.94
organic,organic_other-organic-41_aug1242.jpg,224,224,20.0
organic,organic_other-organic-41_aug1575.jpg,224,224,19.76
organic,organic_other-organic-41_aug2734.jpg,224,224,18.76
organic,organic_other-organic-43_aug1297.jpg,224,224,40.77
organic,organic_other-organic-43_aug2721.jpg,224,224,40.77
organic,organic_other-organic-43_aug335.jpg,224,224,39.89
organic,organic_other-organic-43_aug679.jpg,224,224,40.85
organic,organic_other-organic-44_aug1795.jpg,224,224,33.74
organic,organic_other-organic-44_aug2038.jpg,224,224,33.72
organic,organic_other-organic-44_aug2433.jpg,224,224,33.72
organic,organic_other-organic-44_aug577.jpg,224,224,33.72
organic,organic_other-organic-45_aug1009.jpg,224,224,30.11
organic,organic_other-organic-45_aug1457.jpg,224,224,29.79
organic,organic_other-organic-45_aug2393.jpg,224,224,25.51
organic,organic_other-organic-45_aug2560.jpg,224,224,30.13
organic,organic_other-organic-4_aug1195.jpg,224,224,41.32
organic,organic_other-organic-4_aug409.jpg,224,224,41.59
organic,organic_other-organic-4_aug814.jpg,224,224,41.55
organic,organic_other-organic-5.jpg,224,224,43.07
organic,organic_other-organic-5_aug1301.jpg,224,224,34.55
organic,organic_other-organic-5_aug2282.jpg,224,224,38.44
organic,organic_other-organic-5_aug2624.jpg,224,224,43.11
organic,organic_other-organic-5_aug613.jpg,224,224,41.79
organic,organic_other-organic-6_aug1755.jpg,224,224,34.56
organic,organic_other-organic-6_aug2452.jpg,224,224,34.54
organic,organic_other-organic-6_aug449.jpg,224,224,32.91
organic,organic_other-organic-6_aug675.jpg,224,224,32.28
organic,organic_other-organic-7_aug1780.jpg,224,224,29.45
organic,organic_other-organic-7_aug2256.jpg,224,224,27.53
organic,organic_other-organic-7_aug886.jpg,224,224,29.65
organic,organic_other-organic-8_aug2845.jpg,224,224,30.04
Plastik,plastik_Image_1.jpg,224,224,18.47
Plastik,plastik_Image_11.jpg,224,224,24.27
Plastik,plastik_Image_14.jpg,224,224,24.12
Plastik,plastik_Image_16.jpg,224,224,19.26
Plastik,plastik_Image_18.jpg,224,224,14.72
Plastik,plastik_Image_2.jpg,224,224,16.91
Plastik,plastik_Image_20.jpg,224,224,11.29
Plastik,plastik_Image_24.jpg,224,224,21.08
Plastik,plastik_Image_27.jpg,224,224,20.19
Plastik,plastik_Image_28.jpg,224,224,6.7
Plastik,plastik_Image_30.jpg,224,224,9.21
Plastik,plastik_Image_31.jpg,224,224,6.25
Plastik,plastik_Image_34.jpg,224,224,6.56
Plastik,plastik_Image_36.jpg,224,224,16.1
Plastik,plastik_Image_37.jpg,224,224,8.89
Plastik,plastik_Image_39.jpg,224,224,6.03
Plastik,plastik_Image_4.jpg,224,224,12.88
Plastik,plastik_Image_40.jpg,224,224,19.19
Plastik,plastik_Image_43.jpg,224,224,6.1
Plastik,plastik_Image_47.JPG,224,224,30.79
Plastik,plastik_Image_49.jpg,224,224,8.0
Plastik,plastik_Image_5.jpg,224,224,24.23
Plastik,plastik_Image_50.jpg,224,224,33.74
Plastik,plastik_Image_53.jpg,224,224,14.97
Plastik,plastik_Image_56.jpg,224,224,18.48
Plastik,plastik_Image_58.jpg,224,224,4.82
Plastik,plastik_Image_59.jpg,224,224,15.23
Plastik,plastik_Image_6.jpg,224,224,10.81
Plastik,plastik_Image_63.jpg,224,224,11.08
Plastik,plastik_Image_7.jpg,224,224,24.7
Plastik,plastik_Image_72.jpg,224,224,8.68
Plastik,plastik_Image_76.jpg,224,224,32.66
Plastik,plastik_Image_8.jpg,224,224,27.44
Plastik,plastik_Image_84.jpg,224,224,17.5
Plastik,plastik_Image_9.jpg,224,224,14.86
Plastik,plastik_Image_94.jpg,224,224,21.35
Plastik,plastik_Image_97.jpg,224,224,19.92
Plastik,plastik_plastik_1.jpg,224,224,21.5
Plastik,plastik_plastik_2.jpg,224,224,35.37
Plastik,plastik_plastik_3.jpg,224,224,14.54
Plastik,plastik_plastik_4.jpg,224,224,20.43
Plastik,plastik_plastik_5.jpg,224,224,34.97
Plastik,plastik_R_1.jpg,224,224,14.42
Plastik,plastik_R_10.jpg,224,224,15.58
Plastik,plastik_R_100.jpg,224,224,30.39
Plastik,plastik_R_1000.jpg,224,224,23.91
Plastik,plastik_R_1001.jpg,224,224,18.94
Plastik,plastik_R_1002.jpg,224,224,24.62
Plastik,plastik_R_1003.jpg,224,224,11.86
Plastik,plastik_R_1004.jpg,224,224,12.46
Plastik,plastik_R_1005.jpg,224,224,18.05
Plastik,plastik_R_1006.jpg,224,224,32.1
Plastik,plastik_R_1007.jpg,224,224,26.76
Plastik,plastik_R_1008.jpg,224,224,11.46
Plastik,plastik_R_1009.jpg,224,224,24.91
Plastik,plastik_R_101.jpg,224,224,8.72
Plastik,plastik_R_1010.jpg,224,224,11.65
Plastik,plastik_R_1011.jpg,224,224,23.51
Plastik,plastik_R_1012.jpg,224,224,33.02
Plastik,plastik_R_1013.jpg,224,224,8.28
Plastik,plastik_R_1014.jpg,224,224,18.0
Plastik,plastik_R_1015.jpg,224,224,21.35
Plastik,plastik_R_1016.jpg,224,224,22.19
Plastik,plastik_R_1017.jpg,224,224,37.61
Plastik,plastik_R_1018.jpg,224,224,15.56
Plastik,plastik_R_1019.jpg,224,224,27.63
Plastik,plastik_R_102.jpg,224,224,19.6
Plastik,plastik_R_1020.jpg,224,224,33.41
Plastik,plastik_R_1021.jpg,224,224,34.7
Plastik,plastik_R_1022.jpg,224,224,34.26
Plastik,plastik_R_1023.jpg,224,224,12.07
Plastik,plastik_R_1024.jpg,224,224,20.92
Plastik,plastik_R_1025.jpg,224,224,28.03
Plastik,plastik_R_1026.jpg,224,224,17.81
Plastik,plastik_R_1027.jpg,224,224,15.42
Plastik,plastik_R_1028.jpg,224,224,32.24
Plastik,plastik_R_1029.jpg,224,224,23.5
Plastik,plastik_R_103.jpg,224,224,10.85
Plastik,plastik_R_1030.jpg,224,224,20.47
Plastik,plastik_R_1031.jpg,224,224,24.47
Plastik,plastik_R_1032.jpg,224,224,10.79
Plastik,plastik_R_1033.jpg,224,224,7.55
Plastik,plastik_R_1034.jpg,224,224,23.41
Plastik,plastik_R_1035.jpg,224,224,15.12
Plastik,plastik_R_1036.jpg,224,224,19.56
Plastik,plastik_R_1037.jpg,224,224,8.19
Plastik,plastik_R_1038.jpg,224,224,23.01
Plastik,plastik_R_10384.jpg,224,224,14.44
Plastik,plastik_R_10385.jpg,224,224,7.5
Plastik,plastik_R_10386.jpg,224,224,23.9
Plastik,plastik_R_10387.jpg,224,224,23.96
Plastik,plastik_R_10388.jpg,224,224,24.44
Plastik,plastik_R_10389.jpg,224,224,15.47
Plastik,plastik_R_1039.jpg,224,224,33.13
Plastik,plastik_R_10390.jpg,224,224,19.15
Plastik,plastik_R_10391.jpg,224,224,12.89
Plastik,plastik_R_10392.jpg,224,224,28.62
Plastik,plastik_R_10393.jpg,224,224,16.97
Plastik,plastik_R_10394.jpg,224,224,4.1
Plastik,plastik_R_10395.jpg,224,224,24.92
Plastik,plastik_R_10396.jpg,224,224,4.32
Plastik,plastik_R_10397.jpg,224,224,20.83
Plastik,plastik_R_10398.jpg,224,224,17.93
Plastik,plastik_R_10399.jpg,224,224,13.67
Plastik,plastik_R_104.jpg,224,224,7.69
Plastik,plastik_R_1040.jpg,224,224,14.2
Plastik,plastik_R_10400.jpg,224,224,32.45
Plastik,plastik_R_10401.jpg,224,224,6.31
Plastik,plastik_R_10402.jpg,224,224,3.33
Plastik,plastik_R_10403.jpg,224,224,30.08
Plastik,plastik_R_10404.jpg,224,224,26.18
Plastik,plastik_R_10405.jpg,224,224,19.73
Plastik,plastik_R_10406.jpg,224,224,29.4
Plastik,plastik_R_10407.jpg,224,224,20.12
Plastik,plastik_R_10408.jpg,224,224,24.51
Plastik,plastik_R_10409.jpg,224,224,20.08
Plastik,plastik_R_1041.jpg,224,224,17.57
Plastik,plastik_R_10410.jpg,224,224,15.36
Plastik,plastik_R_10412.jpg,224,224,29.78
Plastik,plastik_R_10413.jpg,224,224,7.18
Plastik,plastik_R_10414.jpg,224,224,15.33
Plastik,plastik_R_10415.jpg,224,224,19.6
Plastik,plastik_R_10416.jpg,224,224,21.24
Plastik,plastik_R_10417.jpg,224,224,24.86
Plastik,plastik_R_10418.jpg,224,224,23.5
Plastik,plastik_R_10419.jpg,224,224,25.05
Plastik,plastik_R_1042.jpg,224,224,27.89
Plastik,plastik_R_10420.jpg,224,224,5.68
Plastik,plastik_R_10421.jpg,224,224,11.96
Plastik,plastik_R_10422.jpg,224,224,34.92
Plastik,plastik_R_10423.jpg,224,224,3.77
Plastik,plastik_R_10424.jpg,224,224,12.84
Plastik,plastik_R_10425.jpg,224,224,5.08
Plastik,plastik_R_10426.jpg,224,224,19.46
Plastik,plastik_R_10427.jpg,224,224,10.86
Plastik,plastik_R_10428.jpg,224,224,22.09
Plastik,plastik_R_1043.jpg,224,224,32.62
Plastik,plastik_R_10431.jpg,224,224,18.64
Plastik,plastik_R_10432.jpg,224,224,22.54
Plastik,plastik_R_10433.jpg,224,224,20.63
Plastik,plastik_R_10434.jpg,224,224,30.0
Plastik,plastik_R_10435.jpg,224,224,25.13
Plastik,plastik_R_10436.jpg,224,224,10.73
Plastik,plastik_R_10437.jpg,224,224,15.73
Plastik,plastik_R_10438.jpg,224,224,14.43
Plastik,plastik_R_10439.jpg,224,224,12.49
Plastik,plastik_R_1044.jpg,224,224,14.82
Plastik,plastik_R_10440.jpg,224,224,18.07
Plastik,plastik_R_10441.jpg,224,224,17.79
Plastik,plastik_R_10442.jpg,224,224,21.65
Plastik,plastik_R_10443.jpg,224,224,14.41
Plastik,plastik_R_10444.jpg,224,224,24.18
Plastik,plastik_R_10445.jpg,224,224,9.33
Plastik,plastik_R_10446.jpg,224,224,7.49
Plastik,plastik_R_10447.jpg,224,224,24.67
Plastik,plastik_R_10448.jpg,224,224,16.74
Plastik,plastik_R_10449.jpg,224,224,18.91
Plastik,plastik_R_1045.jpg,224,224,24.23
Plastik,plastik_R_10450.jpg,224,224,14.22
Plastik,plastik_R_10451.jpg,224,224,23.51
Plastik,plastik_R_10452.jpg,224,224,2.34
Plastik,plastik_R_10453.jpg,224,224,14.61
Plastik,plastik_R_10454.jpg,224,224,17.31
Plastik,plastik_R_10457.jpg,224,224,26.06
Plastik,plastik_R_10458.jpg,224,224,16.38
Plastik,plastik_R_10459.jpg,224,224,22.53
Plastik,plastik_R_1046.jpg,224,224,9.11
Plastik,plastik_R_10460.jpg,224,224,23.59
Plastik,plastik_R_10461.jpg,224,224,14.5
Plastik,plastik_R_10462.jpg,224,224,14.58
Plastik,plastik_R_10463.jpg,224,224,5.52
Plastik,plastik_R_10464.jpg,224,224,7.07
Plastik,plastik_R_10465.jpg,224,224,21.0
Plastik,plastik_R_10466.jpg,224,224,28.46
Plastik,plastik_R_10467.jpg,224,224,17.45
Plastik,plastik_R_10469.jpg,224,224,29.95
Plastik,plastik_R_1047.jpg,224,224,10.43
Plastik,plastik_R_10471.jpg,224,224,19.36
Plastik,plastik_R_10472.jpg,224,224,23.32
Plastik,plastik_R_10473.jpg,224,224,16.03
Plastik,plastik_R_10474.jpg,224,224,14.23
Plastik,plastik_R_10475.jpg,224,224,26.66
Plastik,plastik_R_10476.jpg,224,224,22.21
Plastik,plastik_R_10477.jpg,224,224,31.08
Plastik,plastik_R_10478.jpg,224,224,18.58
Plastik,plastik_R_10479.jpg,224,224,6.43
Plastik,plastik_R_1048.jpg,224,224,8.5
Plastik,plastik_R_10480.jpg,224,224,39.03
Plastik,plastik_R_10481.jpg,224,224,32.57
Plastik,plastik_R_10482.jpg,224,224,12.57
Plastik,plastik_R_10483.jpg,224,224,3.36
Plastik,plastik_R_10484.jpg,224,224,29.01
Plastik,plastik_R_10485.jpg,224,224,5.71
Plastik,plastik_R_10487.jpg,224,224,18.31
Plastik,plastik_R_10489.jpg,224,224,24.15
Plastik,plastik_R_1049.jpg,224,224,23.13
Plastik,plastik_R_10490.jpg,224,224,22.35
Plastik,plastik_R_10491.jpg,224,224,28.71
Plastik,plastik_R_10492.jpg,224,224,29.68
Plastik,plastik_R_10493.jpg,224,224,20.57
Plastik,plastik_R_10494.jpg,224,224,32.35
Plastik,plastik_R_10495.jpg,224,224,14.33
Plastik,plastik_R_10496.jpg,224,224,9.07
Plastik,plastik_R_10497.jpg,224,224,16.97
Plastik,plastik_R_10498.jpg,224,224,24.91
Plastik,plastik_R_10499.jpg,224,224,6.57
Plastik,plastik_R_105.jpg,224,224,6.61
Plastik,plastik_R_1050.jpg,224,224,32.52
Plastik,plastik_R_10500.jpg,224,224,20.88
Plastik,plastik_R_10502.jpg,224,224,19.51
Plastik,plastik_R_10503.jpg,224,224,9.34
Plastik,plastik_R_10504.jpg,224,224,30.99
Plastik,plastik_R_10505.jpg,224,224,9.0
Plastik,plastik_R_10506.jpg,224,224,20.95
Plastik,plastik_R_10507.jpg,224,224,16.54
Plastik,plastik_R_10508.jpg,224,224,17.45
Plastik,plastik_R_10509.jpg,224,224,24.05
Plastik,plastik_R_1051.jpg,224,224,19.85
Plastik,plastik_R_10510.jpg,224,224,17.04
Plastik,plastik_R_10511.jpg,224,224,21.01
Plastik,plastik_R_10512.jpg,224,224,17.23
Plastik,plastik_R_10515.jpg,224,224,6.81
Plastik,plastik_R_10517.jpg,224,224,16.13
Plastik,plastik_R_10518.jpg,224,224,16.87
Plastik,plastik_R_10519.jpg,224,224,6.79
Plastik,plastik_R_1052.jpg,224,224,34.26
Plastik,plastik_R_10521.jpg,224,224,33.44
Plastik,plastik_R_10522.jpg,224,224,14.62
Plastik,plastik_R_10523.jpg,224,224,22.89
Plastik,plastik_R_10524.jpg,224,224,14.35
Plastik,plastik_R_10527.jpg,224,224,21.06
Plastik,plastik_R_10528.jpg,224,224,12.49
Plastik,plastik_R_10529.jpg,224,224,31.36
Plastik,plastik_R_1053.jpg,224,224,18.58
Plastik,plastik_R_10530.jpg,224,224,19.57
Plastik,plastik_R_10531.jpg,224,224,22.8
Plastik,plastik_R_10532.jpg,224,224,12.25
Plastik,plastik_R_10533.jpg,224,224,11.72
Plastik,plastik_R_10534.jpg,224,224,17.76
Plastik,plastik_R_10535.jpg,224,224,13.75
Plastik,plastik_R_10536.jpg,224,224,11.05
Plastik,plastik_R_10537.jpg,224,224,19.42
Plastik,plastik_R_10538.jpg,224,224,30.77
Plastik,plastik_R_10539.jpg,224,224,9.28
Plastik,plastik_R_1054.jpg,224,224,30.6
Plastik,plastik_R_10540.jpg,224,224,30.72
Plastik,plastik_R_10541.jpg,224,224,5.84
Plastik,plastik_R_10542.jpg,224,224,13.7
Plastik,plastik_R_10543.jpg,224,224,28.05
Plastik,plastik_R_10544.jpg,224,224,11.36
Plastik,plastik_R_10545.jpg,224,224,9.44
Plastik,plastik_R_10546.jpg,224,224,35.17
Plastik,plastik_R_10547.jpg,224,224,8.06
Plastik,plastik_R_10548.jpg,224,224,16.73
Plastik,plastik_R_1055.jpg,224,224,37.41
Plastik,plastik_R_10550.jpg,224,224,20.65
Plastik,plastik_R_10551.jpg,224,224,17.81
Plastik,plastik_R_10552.jpg,224,224,27.07
Plastik,plastik_R_10553.jpg,224,224,7.23
Plastik,plastik_R_10554.jpg,224,224,37.51
Plastik,plastik_R_10555.jpg,224,224,22.66
Plastik,plastik_R_10556.jpg,224,224,15.76
Plastik,plastik_R_10557.jpg,224,224,32.55
Plastik,plastik_R_10558.jpg,224,224,26.06
Plastik,plastik_R_10559.jpg,224,224,12.79
Plastik,plastik_R_1056.jpg,224,224,16.81
Plastik,plastik_R_10560.jpg,224,224,24.08
Plastik,plastik_R_10561.jpg,224,224,23.63
Plastik,plastik_R_10562.jpg,224,224,12.48
Plastik,plastik_R_10563.jpg,224,224,12.48
Plastik,plastik_R_10564.jpg,224,224,6.85
Plastik,plastik_R_10565.jpg,224,224,16.03
Plastik,plastik_R_10566.jpg,224,224,12.84
Plastik,plastik_R_10567.jpg,224,224,17.53
Plastik,plastik_R_10568.jpg,224,224,21.21
Plastik,plastik_R_10569.jpg,224,224,21.26
Plastik,plastik_R_1057.jpg,224,224,13.7
Plastik,plastik_R_10570.jpg,224,224,16.12
Plastik,plastik_R_10571.jpg,224,224,15.58
Plastik,plastik_R_10572.jpg,224,224,12.76
Plastik,plastik_R_10573.jpg,224,224,8.59
Plastik,plastik_R_10574.jpg,224,224,19.5
Plastik,plastik_R_10575.jpg,224,224,22.86
Plastik,plastik_R_10576.jpg,224,224,20.04
Plastik,plastik_R_10577.jpg,224,224,31.45
Plastik,plastik_R_10578.jpg,224,224,19.22
Plastik,plastik_R_1058.jpg,224,224,19.34
Plastik,plastik_R_10580.jpg,224,224,14.68
Plastik,plastik_R_10581.jpg,224,224,5.47
Plastik,plastik_R_10582.jpg,224,224,7.0
Plastik,plastik_R_10583.jpg,224,224,5.86
Plastik,plastik_R_10584.jpg,224,224,35.9
Plastik,plastik_R_10585.jpg,224,224,21.0
Plastik,plastik_R_10586.jpg,224,224,11.44
Plastik,plastik_R_10587.jpg,224,224,18.27
Plastik,plastik_R_10588.jpg,224,224,18.99
Plastik,plastik_R_10589.jpg,224,224,22.53
Plastik,plastik_R_1059.jpg,224,224,23.89
Plastik,plastik_R_10590.jpg,224,224,22.66
Plastik,plastik_R_10592.jpg,224,224,25.57
Plastik,plastik_R_10593.jpg,224,224,11.58
Plastik,plastik_R_10594.jpg,224,224,12.91
Plastik,plastik_R_10595.jpg,224,224,12.54
Plastik,plastik_R_10596.jpg,224,224,27.03
Plastik,plastik_R_10597.jpg,224,224,13.73
Plastik,plastik_R_10599.jpg,224,224,17.39
Plastik,plastik_R_106.jpg,224,224,7.25
Plastik,plastik_R_1060.jpg,224,224,22.73
Plastik,plastik_R_10600.jpg,224,224,14.38
Plastik,plastik_R_10601.jpg,224,224,20.76
Plastik,plastik_R_10602.jpg,224,224,13.85
Plastik,plastik_R_10603.jpg,224,224,14.96
Plastik,plastik_R_10604.jpg,224,224,2.46
Plastik,plastik_R_10605.jpg,224,224,23.24
Plastik,plastik_R_10606.jpg,224,224,27.34
Plastik,plastik_R_10607.jpg,224,224,6.45
Plastik,plastik_R_10608.jpg,224,224,15.28
Plastik,plastik_R_10609.jpg,224,224,23.73
Plastik,plastik_R_1061.jpg,224,224,14.7
Plastik,plastik_R_10610.jpg,224,224,16.38
Plastik,plastik_R_10611.jpg,224,224,21.44
Plastik,plastik_R_10613.jpg,224,224,22.73
Plastik,plastik_R_10615.jpg,224,224,20.92
Plastik,plastik_R_10616.jpg,224,224,15.54
Plastik,plastik_R_10617.jpg,224,224,13.09
Plastik,plastik_R_10618.jpg,224,224,8.16
Plastik,plastik_R_10619.jpg,224,224,17.69
Plastik,plastik_R_1062.jpg,224,224,5.6
Plastik,plastik_R_10621.jpg,224,224,20.69
Plastik,plastik_R_10622.jpg,224,224,17.08
Plastik,plastik_R_10623.jpg,224,224,12.28
Plastik,plastik_R_10624.jpg,224,224,30.95
Plastik,plastik_R_10625.jpg,224,224,17.58
Plastik,plastik_R_10626.jpg,224,224,17.64
Plastik,plastik_R_10627.jpg,224,224,9.13
Plastik,plastik_R_10628.jpg,224,224,21.64
Plastik,plastik_R_10629.jpg,224,224,28.51
Plastik,plastik_R_1063.jpg,224,224,27.19
Plastik,plastik_R_10630.jpg,224,224,34.1
Plastik,plastik_R_10631.jpg,224,224,3.5
Plastik,plastik_R_10632.jpg,224,224,22.16
Plastik,plastik_R_10633.jpg,224,224,34.39
Plastik,plastik_R_10634.jpg,224,224,26.28
Plastik,plastik_R_10636.jpg,224,224,9.82
Plastik,plastik_R_10637.jpg,224,224,12.49
Plastik,plastik_R_10639.jpg,224,224,16.25
Plastik,plastik_R_1064.jpg,224,224,31.3
Plastik,plastik_R_10640.jpg,224,224,21.19
Plastik,plastik_R_10642.jpg,224,224,15.3
Plastik,plastik_R_10643.jpg,224,224,11.36
Plastik,plastik_R_10644.jpg,224,224,31.0
Plastik,plastik_R_10645.jpg,224,224,9.13
Plastik,plastik_R_10646.jpg,224,224,5.99
Plastik,plastik_R_10647.jpg,224,224,23.22
Plastik,plastik_R_10648.jpg,224,224,20.01
Plastik,plastik_R_10649.jpg,224,224,16.6
Plastik,plastik_R_1065.jpg,224,224,34.52
Plastik,plastik_R_10650.jpg,224,224,21.09
Plastik,plastik_R_10651.jpg,224,224,12.18
Plastik,plastik_R_10652.jpg,224,224,22.03
Plastik,plastik_R_10653.jpg,224,224,16.5
Plastik,plastik_R_10654.jpg,224,224,4.19
Plastik,plastik_R_10655.jpg,224,224,22.47
Plastik,plastik_R_10656.jpg,224,224,11.81
Plastik,plastik_R_10658.jpg,224,224,16.65
Plastik,plastik_R_1066.jpg,224,224,29.8
Plastik,plastik_R_10661.jpg,224,224,14.23
Plastik,plastik_R_10664.jpg,224,224,25.61
Plastik,plastik_R_10665.jpg,224,224,3.73
Plastik,plastik_R_10666.jpg,224,224,16.26
Plastik,plastik_R_10668.jpg,224,224,23.3
Plastik,plastik_R_10669.jpg,224,224,17.17
Plastik,plastik_R_1067.jpg,224,224,23.47
Plastik,plastik_R_10670.jpg,224,224,29.65
Plastik,plastik_R_10671.jpg,224,224,8.59
Plastik,plastik_R_10672.jpg,224,224,18.43
Plastik,plastik_R_10673.jpg,224,224,9.75
Plastik,plastik_R_10674.jpg,224,224,4.75
Plastik,plastik_R_10675.jpg,224,224,29.53
Plastik,plastik_R_10676.jpg,224,224,4.67
Plastik,plastik_R_10677.jpg,224,224,18.93
Plastik,plastik_R_10678.jpg,224,224,19.42
Plastik,plastik_R_10679.jpg,224,224,21.41
Plastik,plastik_R_1068.jpg,224,224,11.9
Plastik,plastik_R_10680.jpg,224,224,19.12
Plastik,plastik_R_10681.jpg,224,224,26.44
Plastik,plastik_R_10682.jpg,224,224,21.0
Plastik,plastik_R_10683.jpg,224,224,9.37
Plastik,plastik_R_10684.jpg,224,224,12.96
Plastik,plastik_R_10685.jpg,224,224,23.53
Plastik,plastik_R_10686.jpg,224,224,21.24
Plastik,plastik_R_10687.jpg,224,224,22.1
Plastik,plastik_R_10688.jpg,224,224,23.45
Plastik,plastik_R_10689.jpg,224,224,23.5
Plastik,plastik_R_1069.jpg,224,224,6.66
Plastik,plastik_R_10690.jpg,224,224,13.02
Plastik,plastik_R_10691.jpg,224,224,6.25
Plastik,plastik_R_10692.jpg,224,224,17.33
Plastik,plastik_R_10693.jpg,224,224,7.08
Plastik,plastik_R_10694.jpg,224,224,27.85
Plastik,plastik_R_10695.jpg,224,224,22.33
Plastik,plastik_R_10696.jpg,224,224,19.93
Plastik,plastik_R_10697.jpg,224,224,44.82
Plastik,plastik_R_10698.jpg,224,224,19.95
Plastik,plastik_R_10699.jpg,224,224,27.36
Plastik,plastik_R_107.jpg,224,224,9.65
Plastik,plastik_R_1070.jpg,224,224,13.78
Plastik,plastik_R_10700.jpg,224,224,17.48
Plastik,plastik_R_10701.jpg,224,224,10.7
Plastik,plastik_R_10702.jpg,224,224,14.02
Plastik,plastik_R_10703.jpg,224,224,16.48
Plastik,plastik_R_10704.jpg,224,224,24.35
Plastik,plastik_R_10705.jpg,224,224,8.45
Plastik,plastik_R_10706.jpg,224,224,4.81
Plastik,plastik_R_10707.jpg,224,224,15.54
Plastik,plastik_R_10708.jpg,224,224,33.38
Plastik,plastik_R_10709.jpg,224,224,13.5
Plastik,plastik_R_1071.jpg,224,224,21.68
Plastik,plastik_R_10710.jpg,224,224,21.58
Plastik,plastik_R_10711.jpg,224,224,9.35
Plastik,plastik_R_10713.jpg,224,224,21.07
Plastik,plastik_R_10719.jpg,224,224,17.4
Plastik,plastik_R_1072.jpg,224,224,13.93
Plastik,plastik_R_10720.jpg,224,224,16.0
Plastik,plastik_R_10721.jpg,224,224,36.9
Plastik,plastik_R_10722.jpg,224,224,18.68
Plastik,plastik_R_10723.jpg,224,224,17.2
Plastik,plastik_R_10724.jpg,224,224,17.2
Plastik,plastik_R_10728.jpg,224,224,31.63
Plastik,plastik_R_10729.jpg,224,224,31.18
Plastik,plastik_R_1073.jpg,224,224,20.43
Plastik,plastik_R_10730.jpg,224,224,30.17
Plastik,plastik_R_10731.jpg,224,224,18.83
Plastik,plastik_R_10732.jpg,224,224,17.49
Plastik,plastik_R_1074.jpg,224,224,25.93
Plastik,plastik_R_1075.jpg,224,224,16.62
Plastik,plastik_R_1076.jpg,224,224,22.21
Plastik,plastik_R_1077.jpg,224,224,10.23
Plastik,plastik_R_1078.jpg,224,224,25.7
Plastik,plastik_R_1079.jpg,224,224,27.44
Plastik,plastik_R_108.jpg,224,224,17.35
Plastik,plastik_R_1080.jpg,224,224,10.41
Plastik,plastik_R_1081.jpg,224,224,25.04
Plastik,plastik_R_1082.jpg,224,224,29.84
Plastik,plastik_R_1083.jpg,224,224,7.73
Plastik,plastik_R_1084.jpg,224,224,4.74
Plastik,plastik_R_1085.jpg,224,224,15.51
Plastik,plastik_R_1086.jpg,224,224,24.23
Plastik,plastik_R_1087.jpg,224,224,2.9
Plastik,plastik_R_1088.jpg,224,224,5.27
Plastik,plastik_R_1089.jpg,224,224,10.28
Plastik,plastik_R_109.jpg,224,224,14.58
Plastik,plastik_R_1090.jpg,224,224,18.85
Plastik,plastik_R_1091.jpg,224,224,13.99
Plastik,plastik_R_1092.jpg,224,224,18.91
Plastik,plastik_R_1093.jpg,224,224,21.95
Plastik,plastik_R_1094.jpg,224,224,35.77
Plastik,plastik_R_1095.jpg,224,224,18.38
Plastik,plastik_R_1096.jpg,224,224,18.83
Plastik,plastik_R_1097.jpg,224,224,16.46
Plastik,plastik_R_1098.jpg,224,224,25.29
Plastik,plastik_R_1099.jpg,224,224,19.8
Plastik,plastik_R_11.jpg,224,224,13.65
Plastik,plastik_R_110.jpg,224,224,21.05
Plastik,plastik_R_1100.jpg,224,224,14.01
Plastik,plastik_R_1101.jpg,224,224,16.51
Plastik,plastik_R_1102.jpg,224,224,14.05
Plastik,plastik_R_1103.jpg,224,224,19.46
Plastik,plastik_R_1104.jpg,224,224,19.25
Plastik,plastik_R_1105.jpg,224,224,13.17
Plastik,plastik_R_1106.jpg,224,224,4.38
Plastik,plastik_R_1107.jpg,224,224,13.53
Plastik,plastik_R_1108.jpg,224,224,28.26
Plastik,plastik_R_1109.jpg,224,224,5.15
Plastik,plastik_R_111.jpg,224,224,10.31
Plastik,plastik_R_1110.jpg,224,224,20.97
Plastik,plastik_R_1111.jpg,224,224,13.29
Plastik,plastik_R_1112.jpg,224,224,31.6
Plastik,plastik_R_1113.jpg,224,224,3.23
Plastik,plastik_R_1114.jpg,224,224,4.24
Plastik,plastik_R_1115.jpg,224,224,6.41
Plastik,plastik_R_1116.jpg,224,224,19.32
Plastik,plastik_R_1117.jpg,224,224,28.32
Plastik,plastik_R_1118.jpg,224,224,18.04
Plastik,plastik_R_1119.jpg,224,224,31.7
Plastik,plastik_R_112.jpg,224,224,19.32
Plastik,plastik_R_1120.jpg,224,224,12.6
Plastik,plastik_R_1121.jpg,224,224,17.64
Plastik,plastik_R_1122.jpg,224,224,16.96
Plastik,plastik_R_1123.jpg,224,224,11.69
Plastik,plastik_R_1124.jpg,224,224,9.73
Plastik,plastik_R_1125.jpg,224,224,20.78
Plastik,plastik_R_1126.jpg,224,224,9.95
Plastik,plastik_R_1127.jpg,224,224,33.69
Plastik,plastik_R_1128.jpg,224,224,10.24
Plastik,plastik_R_1129.jpg,224,224,12.6
Plastik,plastik_R_113.jpg,224,224,10.2
Plastik,plastik_R_1130.jpg,224,224,13.19
Plastik,plastik_R_1131.jpg,224,224,16.04
Plastik,plastik_R_1132.jpg,224,224,32.33
Plastik,plastik_R_1133.jpg,224,224,8.75
Plastik,plastik_R_1134.jpg,224,224,30.15
Plastik,plastik_R_1135.jpg,224,224,8.87
Plastik,plastik_R_1136.jpg,224,224,15.58
Plastik,plastik_R_1137.jpg,224,224,5.38
Plastik,plastik_R_1138.jpg,224,224,20.86
Plastik,plastik_R_1139.jpg,224,224,26.97
Plastik,plastik_R_114.jpg,224,224,20.88
Plastik,plastik_R_1140.jpg,224,224,16.71
Plastik,plastik_R_1141.jpg,224,224,20.1
Plastik,plastik_R_1142.jpg,224,224,33.27
Plastik,plastik_R_1143.jpg,224,224,26.75
Plastik,plastik_R_1144.jpg,224,224,21.71
Plastik,plastik_R_1145.jpg,224,224,31.63
Plastik,plastik_R_1146.jpg,224,224,6.5
Plastik,plastik_R_1147.jpg,224,224,16.69
Plastik,plastik_R_1148.jpg,224,224,20.6
Plastik,plastik_R_1149.jpg,224,224,13.18
Plastik,plastik_R_115.jpg,224,224,22.93
Plastik,plastik_R_1150.jpg,224,224,20.45
Plastik,plastik_R_1151.jpg,224,224,18.2
Plastik,plastik_R_1152.jpg,224,224,27.45
Plastik,plastik_R_1153.jpg,224,224,10.12
Plastik,plastik_R_1154.jpg,224,224,31.75
Plastik,plastik_R_1155.jpg,224,224,12.47
Plastik,plastik_R_1156.jpg,224,224,13.18
Plastik,plastik_R_1157.jpg,224,224,13.22
Plastik,plastik_R_1158.jpg,224,224,8.93
Plastik,plastik_R_1159.jpg,224,224,11.7
Plastik,plastik_R_116.jpg,224,224,16.58
Plastik,plastik_R_1160.jpg,224,224,25.48
Plastik,plastik_R_1161.jpg,224,224,23.12
Plastik,plastik_R_1162.jpg,224,224,15.59
Plastik,plastik_R_1163.jpg,224,224,16.79
Plastik,plastik_R_1164.jpg,224,224,26.03
Plastik,plastik_R_1165.jpg,224,224,8.37
Plastik,plastik_R_1166.jpg,224,224,14.11
Plastik,plastik_R_1167.jpg,224,224,21.59
Plastik,plastik_R_1168.jpg,224,224,9.99
Plastik,plastik_R_1169.jpg,224,224,14.12
Plastik,plastik_R_117.jpg,224,224,6.11
Plastik,plastik_R_1170.jpg,224,224,15.15
Plastik,plastik_R_1171.jpg,224,224,27.67
Plastik,plastik_R_1172.jpg,224,224,7.65
Plastik,plastik_R_1173.jpg,224,224,24.33
Plastik,plastik_R_1174.jpg,224,224,23.92
Plastik,plastik_R_1175.jpg,224,224,18.07
Plastik,plastik_R_1176.jpg,224,224,29.37
Plastik,plastik_R_1177.jpg,224,224,21.56
Plastik,plastik_R_1178.jpg,224,224,10.82
Plastik,plastik_R_1179.jpg,224,224,23.36
Plastik,plastik_R_118.jpg,224,224,28.32
Plastik,plastik_R_1180.jpg,224,224,22.9
Plastik,plastik_R_1181.jpg,224,224,39.75
Plastik,plastik_R_1182.jpg,224,224,21.4
Plastik,plastik_R_1183.jpg,224,224,6.05
Plastik,plastik_R_1184.jpg,224,224,14.36
Plastik,plastik_R_1185.jpg,224,224,20.59
Plastik,plastik_R_1186.jpg,224,224,13.0
Plastik,plastik_R_1187.jpg,224,224,3.91
Plastik,plastik_R_1188.jpg,224,224,18.87
Plastik,plastik_R_1189.jpg,224,224,36.8
Plastik,plastik_R_119.jpg,224,224,19.62
Plastik,plastik_R_1190.jpg,224,224,8.16
Plastik,plastik_R_1191.jpg,224,224,21.03
Plastik,plastik_R_1192.jpg,224,224,32.04
Plastik,plastik_R_1193.jpg,224,224,20.39
Plastik,plastik_R_1194.jpg,224,224,16.48
Plastik,plastik_R_1195.jpg,224,224,13.15
Plastik,plastik_R_1196.jpg,224,224,13.55
Plastik,plastik_R_1197.jpg,224,224,21.93
Plastik,plastik_R_1198.jpg,224,224,12.88
Plastik,plastik_R_1199.jpg,224,224,24.79
Plastik,plastik_R_12.jpg,224,224,10.49
Plastik,plastik_R_120.jpg,224,224,11.3
Plastik,plastik_R_1200.jpg,224,224,18.76
Plastik,plastik_R_1201.jpg,224,224,21.05
Plastik,plastik_R_1202.jpg,224,224,26.04
Plastik,plastik_R_1203.jpg,224,224,5.84
Plastik,plastik_R_1204.jpg,224,224,4.74
Plastik,plastik_R_1205.jpg,224,224,22.91
Plastik,plastik_R_1206.jpg,224,224,15.09
Plastik,plastik_R_1207.jpg,224,224,8.09
Plastik,plastik_R_1208.jpg,224,224,16.68
Plastik,plastik_R_1209.jpg,224,224,13.69
Plastik,plastik_R_121.jpg,224,224,13.11
Plastik,plastik_R_1210.jpg,224,224,14.17
Plastik,plastik_R_1211.jpg,224,224,9.07
Plastik,plastik_R_1212.jpg,224,224,7.63
Plastik,plastik_R_1213.jpg,224,224,22.78
Plastik,plastik_R_1214.jpg,224,224,23.56
Plastik,plastik_R_1215.jpg,224,224,31.92
Plastik,plastik_R_1216.jpg,224,224,33.82
Plastik,plastik_R_1217.jpg,224,224,25.09
Plastik,plastik_R_1218.jpg,224,224,21.33
Plastik,plastik_R_1219.jpg,224,224,12.91
Plastik,plastik_R_122.jpg,224,224,23.77
Plastik,plastik_R_1220.jpg,224,224,27.34
Plastik,plastik_R_1221.jpg,224,224,27.09
Plastik,plastik_R_1222.jpg,224,224,16.35
Plastik,plastik_R_1223.jpg,224,224,21.84
Plastik,plastik_R_1224.jpg,224,224,23.52
Plastik,plastik_R_1225.jpg,224,224,39.29
Plastik,plastik_R_1226.jpg,224,224,36.81
Plastik,plastik_R_1227.jpg,224,224,20.16
Plastik,plastik_R_1228.jpg,224,224,10.64
Plastik,plastik_R_1229.jpg,224,224,13.85
Plastik,plastik_R_123.jpg,224,224,35.7
Plastik,plastik_R_1230.jpg,224,224,4.34
Plastik,plastik_R_1231.jpg,224,224,28.53
Plastik,plastik_R_1232.jpg,224,224,29.54
Plastik,plastik_R_1233.jpg,224,224,19.24
Plastik,plastik_R_1234.jpg,224,224,29.06
Plastik,plastik_R_1235.jpg,224,224,4.24
Plastik,plastik_R_1236.jpg,224,224,30.87
Plastik,plastik_R_1237.jpg,224,224,23.18
Plastik,plastik_R_1238.jpg,224,224,12.54
Plastik,plastik_R_1239.jpg,224,224,15.87
Plastik,plastik_R_124.jpg,224,224,22.63
Plastik,plastik_R_1240.jpg,224,224,22.62
Plastik,plastik_R_1241.jpg,224,224,30.83
Plastik,plastik_R_1242.jpg,224,224,28.94
Plastik,plastik_R_1243.jpg,224,224,13.47
Plastik,plastik_R_1244.jpg,224,224,25.0
Plastik,plastik_R_1245.jpg,224,224,12.35
Plastik,plastik_R_1246.jpg,224,224,13.56
Plastik,plastik_R_1247.jpg,224,224,19.28
Plastik,plastik_R_1248.jpg,224,224,16.07
Plastik,plastik_R_1249.jpg,224,224,28.9
Plastik,plastik_R_125.jpg,224,224,17.22
Plastik,plastik_R_1250.jpg,224,224,15.93
Plastik,plastik_R_1251.jpg,224,224,13.38
Plastik,plastik_R_1252.jpg,224,224,25.61
Plastik,plastik_R_1253.jpg,224,224,38.13
Plastik,plastik_R_1254.jpg,224,224,17.39
Plastik,plastik_R_1255.jpg,224,224,16.67
Plastik,plastik_R_1256.jpg,224,224,24.59
Plastik,plastik_R_1257.jpg,224,224,23.19
Plastik,plastik_R_1258.jpg,224,224,19.65
Plastik,plastik_R_1259.jpg,224,224,27.02
Plastik,plastik_R_126.jpg,224,224,12.36
Plastik,plastik_R_1260.jpg,224,224,18.2
Plastik,plastik_R_1261.jpg,224,224,24.7
Plastik,plastik_R_1262.jpg,224,224,12.61
Plastik,plastik_R_1263.jpg,224,224,6.18
Plastik,plastik_R_1264.jpg,224,224,15.48
Plastik,plastik_R_1265.jpg,224,224,15.41
Plastik,plastik_R_1266.jpg,224,224,10.26
Plastik,plastik_R_1267.jpg,224,224,17.4
Plastik,plastik_R_1268.jpg,224,224,14.64
Plastik,plastik_R_1269.jpg,224,224,4.51
Plastik,plastik_R_127.jpg,224,224,7.03
Plastik,plastik_R_1270.jpg,224,224,12.91
Plastik,plastik_R_1271.jpg,224,224,10.3
Plastik,plastik_R_1272.jpg,224,224,11.88
Plastik,plastik_R_1273.jpg,224,224,11.6
Plastik,plastik_R_1274.jpg,224,224,15.13
Plastik,plastik_R_1275.jpg,224,224,22.2
Plastik,plastik_R_1276.jpg,224,224,27.15
Plastik,plastik_R_1277.jpg,224,224,24.42
Plastik,plastik_R_1278.jpg,224,224,34.11
Plastik,plastik_R_1279.jpg,224,224,5.1
Plastik,plastik_R_128.jpg,224,224,14.18
Plastik,plastik_R_1280.jpg,224,224,11.52
Plastik,plastik_R_1281.jpg,224,224,3.36
Plastik,plastik_R_1282.jpg,224,224,20.22
Plastik,plastik_R_1283.jpg,224,224,31.16
Plastik,plastik_R_1284.jpg,224,224,16.97
Plastik,plastik_R_1285.jpg,224,224,16.99
Plastik,plastik_R_1286.jpg,224,224,31.79
Plastik,plastik_R_1287.jpg,224,224,15.02
Plastik,plastik_R_1288.jpg,224,224,15.11
Plastik,plastik_R_1289.jpg,224,224,22.35
Plastik,plastik_R_129.jpg,224,224,25.36
Plastik,plastik_R_1290.jpg,224,224,14.44
Plastik,plastik_R_1292.jpg,224,224,18.0
Plastik,plastik_R_1293.jpg,224,224,22.83
Plastik,plastik_R_1294.jpg,224,224,16.71
Plastik,plastik_R_1295.jpg,224,224,11.07
Plastik,plastik_R_1296.jpg,224,224,9.43
Plastik,plastik_R_1297.jpg,224,224,9.81
Plastik,plastik_R_1298.jpg,224,224,31.93
Plastik,plastik_R_1299.jpg,224,224,9.8
Plastik,plastik_R_13.jpg,224,224,15.63
Plastik,plastik_R_130.jpg,224,224,24.85
Plastik,plastik_R_1300.jpg,224,224,18.78
Plastik,plastik_R_1301.jpg,224,224,7.61
Plastik,plastik_R_1302.jpg,224,224,5.87
Plastik,plastik_R_1303.jpg,224,224,26.7
Plastik,plastik_R_1304.jpg,224,224,15.0
Plastik,plastik_R_1305.jpg,224,224,21.03
Plastik,plastik_R_1306.jpg,224,224,4.33
Plastik,plastik_R_1307.jpg,224,224,29.37
Plastik,plastik_R_1308.jpg,224,224,31.1
Plastik,plastik_R_1309.jpg,224,224,17.37
Plastik,plastik_R_1311.jpg,224,224,9.59
Plastik,plastik_R_1312.jpg,224,224,18.78
Plastik,plastik_R_1313.jpg,224,224,11.34
Plastik,plastik_R_1314.jpg,224,224,12.97
Plastik,plastik_R_1315.jpg,224,224,17.05
Plastik,plastik_R_1316.jpg,224,224,17.8
Plastik,plastik_R_1317.jpg,224,224,22.58
Plastik,plastik_R_1318.jpg,224,224,3.21
Plastik,plastik_R_1319.jpg,224,224,15.14
Plastik,plastik_R_132.jpg,224,224,6.8
Plastik,plastik_R_1320.jpg,224,224,20.44
Plastik,plastik_R_1321.jpg,224,224,5.39
Plastik,plastik_R_1322.jpg,224,224,24.54
Plastik,plastik_R_1323.jpg,224,224,11.98
Plastik,plastik_R_1324.jpg,224,224,18.64
Plastik,plastik_R_1326.jpg,224,224,21.82
Plastik,plastik_R_1328.jpg,224,224,7.76
Plastik,plastik_R_1329.jpg,224,224,11.35
Plastik,plastik_R_133.jpg,224,224,15.07
Plastik,plastik_R_1330.jpg,224,224,14.24
Plastik,plastik_R_1331.jpg,224,224,19.44
Plastik,plastik_R_1332.jpg,224,224,8.97
Plastik,plastik_R_1333.jpg,224,224,12.1
Plastik,plastik_R_1334.jpg,224,224,14.57
Plastik,plastik_R_1335.jpg,224,224,16.7
Plastik,plastik_R_1336.jpg,224,224,12.11
Plastik,plastik_R_1337.jpg,224,224,17.18
Plastik,plastik_R_1338.jpg,224,224,16.2
Plastik,plastik_R_1339.jpg,224,224,17.88
Plastik,plastik_R_134.jpg,224,224,33.18
Plastik,plastik_R_1341.jpg,224,224,7.01
Plastik,plastik_R_1342.jpg,224,224,29.66
Plastik,plastik_R_1343.jpg,224,224,10.13
Plastik,plastik_R_1344.jpg,224,224,9.24
Plastik,plastik_R_1345.jpg,224,224,17.3
Plastik,plastik_R_1346.jpg,224,224,12.82
Plastik,plastik_R_1347.jpg,224,224,2.63
Plastik,plastik_R_1348.jpg,224,224,10.84
Plastik,plastik_R_1349.jpg,224,224,13.78
Plastik,plastik_R_135.jpg,224,224,24.57
Plastik,plastik_R_1350.jpg,224,224,6.67
Plastik,plastik_R_1351.jpg,224,224,29.34
Plastik,plastik_R_1352.jpg,224,224,16.84
Plastik,plastik_R_1353.jpg,224,224,23.51
Plastik,plastik_R_1354.jpg,224,224,4.49
Plastik,plastik_R_1355.jpg,224,224,20.03
Plastik,plastik_R_1356.jpg,224,224,9.91
Plastik,plastik_R_1357.jpg,224,224,25.11
Plastik,plastik_R_1358.jpg,224,224,18.59
Plastik,plastik_R_1359.jpg,224,224,13.94
Plastik,plastik_R_136.jpg,224,224,31.41
Plastik,plastik_R_1360.jpg,224,224,34.04
Plastik,plastik_R_1361.jpg,224,224,24.44
Plastik,plastik_R_1362.jpg,224,224,11.58
Plastik,plastik_R_1363.jpg,224,224,15.52
Plastik,plastik_R_1364.jpg,224,224,8.58
Plastik,plastik_R_1365.jpg,224,224,19.95
Plastik,plastik_R_1366.jpg,224,224,24.76
Plastik,plastik_R_1367.jpg,224,224,4.06
Plastik,plastik_R_1368.jpg,224,224,26.54
Plastik,plastik_R_1369.jpg,224,224,8.73
Plastik,plastik_R_137.jpg,224,224,42.85
Plastik,plastik_R_1370.jpg,224,224,19.21
Plastik,plastik_R_1371.jpg,224,224,29.48
Plastik,plastik_R_1372.jpg,224,224,11.21
Plastik,plastik_R_1373.jpg,224,224,15.25
Plastik,plastik_R_1374.jpg,224,224,10.88
Plastik,plastik_R_1375.jpg,224,224,9.61
Plastik,plastik_R_1376.jpg,224,224,28.48
Plastik,plastik_R_1377.jpg,224,224,13.39
Plastik,plastik_R_1378.jpg,224,224,12.8
Plastik,plastik_R_1379.jpg,224,224,27.41
Plastik,plastik_R_138.jpg,224,224,30.36
Plastik,plastik_R_1380.jpg,224,224,21.12
Plastik,plastik_R_1381.jpg,224,224,3.84
Plastik,plastik_R_1382.jpg,224,224,5.3
Plastik,plastik_R_1383.jpg,224,224,15.56
Plastik,plastik_R_1384.jpg,224,224,29.25
Plastik,plastik_R_1385.jpg,224,224,18.75
Plastik,plastik_R_1386.jpg,224,224,12.6
Plastik,plastik_R_1387.jpg,224,224,17.64
Plastik,plastik_R_1388.jpg,224,224,20.19
Plastik,plastik_R_1389.jpg,224,224,12.89
Plastik,plastik_R_139.jpg,224,224,9.3
Plastik,plastik_R_1390.jpg,224,224,11.23
Plastik,plastik_R_1391.jpg,224,224,32.97
Plastik,plastik_R_1393.jpg,224,224,6.23
Plastik,plastik_R_1394.jpg,224,224,18.76
Plastik,plastik_R_1395.jpg,224,224,10.55
Plastik,plastik_R_1396.jpg,224,224,15.19
Plastik,plastik_R_1397.jpg,224,224,30.57
Plastik,plastik_R_1398.jpg,224,224,10.82
Plastik,plastik_R_1399.jpg,224,224,22.63
Plastik,plastik_R_14.jpg,224,224,5.51
Plastik,plastik_R_140.jpg,224,224,37.87
Plastik,plastik_R_1400.jpg,224,224,19.42
Plastik,plastik_R_1401.jpg,224,224,29.57
Plastik,plastik_R_1402.jpg,224,224,6.59
Plastik,plastik_R_1403.jpg,224,224,3.76
Plastik,plastik_R_1404.jpg,224,224,16.91
Plastik,plastik_R_1405.jpg,224,224,12.21
Plastik,plastik_R_1406.jpg,224,224,14.43
Plastik,plastik_R_1407.jpg,224,224,10.31
Plastik,plastik_R_1408.jpg,224,224,26.11
Plastik,plastik_R_1409.jpg,224,224,5.32
Plastik,plastik_R_141.jpg,224,224,9.38
Plastik,plastik_R_1410.jpg,224,224,24.84
Plastik,plastik_R_1411.jpg,224,224,30.05
Plastik,plastik_R_1412.jpg,224,224,16.67
Plastik,plastik_R_1413.jpg,224,224,15.96
Plastik,plastik_R_1414.jpg,224,224,13.5
Plastik,plastik_R_1415.jpg,224,224,17.24
Plastik,plastik_R_1416.jpg,224,224,29.09
Plastik,plastik_R_1417.jpg,224,224,13.5
Plastik,plastik_R_1418.jpg,224,224,17.48
Plastik,plastik_R_142.jpg,224,224,8.4
Plastik,plastik_R_1420.jpg,224,224,18.89
Plastik,plastik_R_1421.jpg,224,224,32.92
Plastik,plastik_R_1422.jpg,224,224,27.55
Plastik,plastik_R_1423.jpg,224,224,3.36
Plastik,plastik_R_1424.jpg,224,224,20.48
Plastik,plastik_R_1425.jpg,224,224,12.85
Plastik,plastik_R_1426.jpg,224,224,11.74
Plastik,plastik_R_1427.jpg,224,224,18.93
Plastik,plastik_R_1428.jpg,224,224,9.39
Plastik,plastik_R_1429.jpg,224,224,5.15
Plastik,plastik_R_143.jpg,224,224,10.88
Plastik,plastik_R_1430.jpg,224,224,22.11
Plastik,plastik_R_1431.jpg,224,224,25.69
Plastik,plastik_R_1432.jpg,224,224,14.33
Plastik,plastik_R_1433.jpg,224,224,11.65
Plastik,plastik_R_1434.jpg,224,224,15.83
Plastik,plastik_R_1435.jpg,224,224,39.24
Plastik,plastik_R_1436.jpg,224,224,24.51
Plastik,plastik_R_1437.jpg,224,224,9.35
Plastik,plastik_R_1438.jpg,224,224,19.18
Plastik,plastik_R_1439.jpg,224,224,13.86
Plastik,plastik_R_144.jpg,224,224,12.86
Plastik,plastik_R_1440.jpg,224,224,5.32
Plastik,plastik_R_1441.jpg,224,224,6.9
Plastik,plastik_R_1442.jpg,224,224,9.23
Plastik,plastik_R_1443.jpg,224,224,10.57
Plastik,plastik_R_1444.jpg,224,224,13.71
Plastik,plastik_R_1445.jpg,224,224,13.03
Plastik,plastik_R_1446.jpg,224,224,15.28
Plastik,plastik_R_1447.jpg,224,224,5.08
Plastik,plastik_R_1448.jpg,224,224,13.03
Plastik,plastik_R_1449.jpg,224,224,7.43
Plastik,plastik_R_145.jpg,224,224,13.85
Plastik,plastik_R_1450.jpg,224,224,3.44
Plastik,plastik_R_1451.jpg,224,224,24.99
Plastik,plastik_R_1452.jpg,224,224,20.61
Plastik,plastik_R_1453.jpg,224,224,25.6
Plastik,plastik_R_1454.jpg,224,224,18.58
Plastik,plastik_R_1455.jpg,224,224,17.33
Plastik,plastik_R_1456.jpg,224,224,28.55
Plastik,plastik_R_1457.jpg,224,224,22.77
Plastik,plastik_R_1458.jpg,224,224,9.8
Plastik,plastik_R_1459.jpg,224,224,33.61
Plastik,plastik_R_146.jpg,224,224,35.99
Plastik,plastik_R_1460.jpg,224,224,25.5
Plastik,plastik_R_1461.jpg,224,224,13.49
Plastik,plastik_R_1462.jpg,224,224,18.05
Plastik,plastik_R_1463.jpg,224,224,6.76
Plastik,plastik_R_1464.jpg,224,224,12.82
Plastik,plastik_R_1465.jpg,224,224,15.95
Plastik,plastik_R_1466.jpg,224,224,23.28
Plastik,plastik_R_1467.jpg,224,224,17.48
Plastik,plastik_R_1468.jpg,224,224,17.77
Plastik,plastik_R_1469.jpg,224,224,9.8
Plastik,plastik_R_147.jpg,224,224,12.54
Plastik,plastik_R_1470.jpg,224,224,21.31
Plastik,plastik_R_1471.jpg,224,224,18.32
Plastik,plastik_R_1472.jpg,224,224,8.52
Plastik,plastik_R_1473.jpg,224,224,18.26
Plastik,plastik_R_1474.jpg,224,224,12.68
Plastik,plastik_R_1475.jpg,224,224,30.56
Plastik,plastik_R_1476.jpg,224,224,7.29
Plastik,plastik_R_1477.jpg,224,224,20.41
Plastik,plastik_R_1478.jpg,224,224,7.53
Plastik,plastik_R_1479.jpg,224,224,17.83
Plastik,plastik_R_148.jpg,224,224,17.92
Plastik,plastik_R_1480.jpg,224,224,19.43
Plastik,plastik_R_1481.jpg,224,224,9.49
Plastik,plastik_R_1482.jpg,224,224,27.23
Plastik,plastik_R_1483.jpg,224,224,30.89
Plastik,plastik_R_1484.jpg,224,224,12.36
Plastik,plastik_R_1485.jpg,224,224,25.44
Plastik,plastik_R_1486.jpg,224,224,23.59
Plastik,plastik_R_1487.jpg,224,224,15.78
Plastik,plastik_R_1488.jpg,224,224,27.39
Plastik,plastik_R_1489.jpg,224,224,23.11
Plastik,plastik_R_149.jpg,224,224,28.0
Plastik,plastik_R_1490.jpg,224,224,3.67
Plastik,plastik_R_1491.jpg,224,224,24.5
Plastik,plastik_R_1492.jpg,224,224,34.53
Plastik,plastik_R_1493.jpg,224,224,33.13
Plastik,plastik_R_1494.jpg,224,224,5.25
Plastik,plastik_R_1495.jpg,224,224,34.55
Plastik,plastik_R_1496.jpg,224,224,35.88
Plastik,plastik_R_1498.jpg,224,224,23.73
Plastik,plastik_R_1499.jpg,224,224,28.72
Plastik,plastik_R_15.jpg,224,224,5.08
Plastik,plastik_R_150.jpg,224,224,27.39
Plastik,plastik_R_1500.jpg,224,224,19.5
Plastik,plastik_R_1501.jpg,224,224,10.52
Plastik,plastik_R_1502.jpg,224,224,20.28
Plastik,plastik_R_1503.jpg,224,224,6.58
Plastik,plastik_R_1505.jpg,224,224,18.92
Plastik,plastik_R_1506.jpg,224,224,8.78
Plastik,plastik_R_1507.jpg,224,224,12.91
Plastik,plastik_R_1508.jpg,224,224,10.89
Plastik,plastik_R_1509.jpg,224,224,20.21
Plastik,plastik_R_151.jpg,224,224,12.41
Plastik,plastik_R_1510.jpg,224,224,16.68
Plastik,plastik_R_1511.jpg,224,224,21.67
Plastik,plastik_R_1512.jpg,224,224,13.22
Plastik,plastik_R_1513.jpg,224,224,9.35
Plastik,plastik_R_1514.jpg,224,224,27.77
Plastik,plastik_R_1515.jpg,224,224,14.75
Plastik,plastik_R_1516.jpg,224,224,11.02
Plastik,plastik_R_1517.jpg,224,224,28.59
Plastik,plastik_R_1518.jpg,224,224,15.69
Plastik,plastik_R_152.jpg,224,224,6.46
Plastik,plastik_R_1521.jpg,224,224,17.03
Plastik,plastik_R_1522.jpg,224,224,37.83
Plastik,plastik_R_1524.jpg,224,224,11.51
Plastik,plastik_R_1525.jpg,224,224,8.77
Plastik,plastik_R_1526.jpg,224,224,13.12
Plastik,plastik_R_1527.jpg,224,224,33.36
Plastik,plastik_R_1528.jpg,224,224,19.23
Plastik,plastik_R_1529.jpg,224,224,16.5
Plastik,plastik_R_1530.jpg,224,224,18.06
Plastik,plastik_R_1531.jpg,224,224,12.42
Plastik,plastik_R_1532.jpg,224,224,37.19
Plastik,plastik_R_1533.jpg,224,224,15.68
Plastik,plastik_R_1534.jpg,224,224,17.16
Plastik,plastik_R_1535.jpg,224,224,8.74
Plastik,plastik_R_1536.jpg,224,224,9.5
Plastik,plastik_R_1537.jpg,224,224,24.91
Plastik,plastik_R_1538.jpg,224,224,27.25
Plastik,plastik_R_154.jpg,224,224,5.32
Plastik,plastik_R_1540.jpg,224,224,16.69
Plastik,plastik_R_1542.jpg,224,224,9.18
Plastik,plastik_R_1543.jpg,224,224,30.31
Plastik,plastik_R_1545.jpg,224,224,3.9
Plastik,plastik_R_1546.jpg,224,224,19.63
Plastik,plastik_R_1549.jpg,224,224,17.09
Plastik,plastik_R_1550.jpg,224,224,3.39
Plastik,plastik_R_1551.jpg,224,224,23.2
Plastik,plastik_R_1553.jpg,224,224,5.09
Plastik,plastik_R_1554.jpg,224,224,31.28
Plastik,plastik_R_1555.jpg,224,224,24.37
Plastik,plastik_R_1556.jpg,224,224,10.58
Plastik,plastik_R_1557.jpg,224,224,21.24
Plastik,plastik_R_1558.jpg,224,224,3.59
Plastik,plastik_R_1559.jpg,224,224,15.68
Plastik,plastik_R_156.jpg,224,224,13.28
Plastik,plastik_R_1561.jpg,224,224,10.32
Plastik,plastik_R_1563.jpg,224,224,16.7
Plastik,plastik_R_1564.jpg,224,224,12.7
Plastik,plastik_R_1565.jpg,224,224,30.61
Plastik,plastik_R_1566.jpg,224,224,5.54
Plastik,plastik_R_1567.jpg,224,224,12.15
Plastik,plastik_R_1568.jpg,224,224,8.63
Plastik,plastik_R_1569.jpg,224,224,25.17
Plastik,plastik_R_157.jpg,224,224,10.91
Plastik,plastik_R_1570.jpg,224,224,19.18
Plastik,plastik_R_1571.jpg,224,224,25.88
Plastik,plastik_R_1572.jpg,224,224,6.0
Plastik,plastik_R_1573.jpg,224,224,26.84
Plastik,plastik_R_1574.jpg,224,224,11.34
Plastik,plastik_R_1575.jpg,224,224,9.6
Plastik,plastik_R_1576.jpg,224,224,11.17
Plastik,plastik_R_1577.jpg,224,224,22.74
Plastik,plastik_R_1578.jpg,224,224,28.99
Plastik,plastik_R_1579.jpg,224,224,5.81
Plastik,plastik_R_158.jpg,224,224,11.39
Plastik,plastik_R_1580.jpg,224,224,10.53
Plastik,plastik_R_1581.jpg,224,224,30.46
Plastik,plastik_R_1582.jpg,224,224,4.42
Plastik,plastik_R_1583.jpg,224,224,27.77
Plastik,plastik_R_1584.jpg,224,224,11.07
Plastik,plastik_R_1585.jpg,224,224,29.3
Plastik,plastik_R_1586.jpg,224,224,4.67
Plastik,plastik_R_1588.jpg,224,224,12.37
Plastik,plastik_R_1589.jpg,224,224,26.47
Plastik,plastik_R_159.jpg,224,224,9.42
Plastik,plastik_R_1590.jpg,224,224,14.23
Plastik,plastik_R_1591.jpg,224,224,10.39
Plastik,plastik_R_1592.jpg,224,224,15.81
Plastik,plastik_R_1593.jpg,224,224,26.55
Plastik,plastik_R_1594.jpg,224,224,5.21
Plastik,plastik_R_1595.jpg,224,224,21.64
Plastik,plastik_R_1597.jpg,224,224,18.05
Plastik,plastik_R_1598.jpg,224,224,8.05
Plastik,plastik_R_1599.jpg,224,224,11.38
Plastik,plastik_R_16.jpg,224,224,12.04
Plastik,plastik_R_160.jpg,224,224,10.95
Plastik,plastik_R_1602.jpg,224,224,12.65
Plastik,plastik_R_1603.jpg,224,224,22.54
Plastik,plastik_R_1604.jpg,224,224,4.83
Plastik,plastik_R_1605.jpg,224,224,18.61
Plastik,plastik_R_1606.jpg,224,224,18.43
Plastik,plastik_R_1607.jpg,224,224,12.05
Plastik,plastik_R_1608.jpg,224,224,14.39
Plastik,plastik_R_1609.jpg,224,224,24.63
Plastik,plastik_R_161.jpg,224,224,11.26
Plastik,plastik_R_1610.jpg,224,224,9.55
Plastik,plastik_R_1611.jpg,224,224,11.72
Plastik,plastik_R_1612.jpg,224,224,19.67
Plastik,plastik_R_1613.jpg,224,224,16.02
Plastik,plastik_R_1614.jpg,224,224,13.81
Plastik,plastik_R_1615.jpg,224,224,6.95
Plastik,plastik_R_1617.jpg,224,224,16.38
Plastik,plastik_R_1618.jpg,224,224,25.38
Plastik,plastik_R_1619.jpg,224,224,21.36
Plastik,plastik_R_162.jpg,224,224,12.85
Plastik,plastik_R_1620.jpg,224,224,10.94
Plastik,plastik_R_1621.jpg,224,224,27.82
Plastik,plastik_R_1622.jpg,224,224,28.42
Plastik,plastik_R_164.jpg,224,224,7.9
Plastik,plastik_R_165.jpg,224,224,4.4
Plastik,plastik_R_166.jpg,224,224,8.21
Plastik,plastik_R_167.jpg,224,224,28.56
Plastik,plastik_R_168.jpg,224,224,12.02
Plastik,plastik_R_169.jpg,224,224,12.42
Plastik,plastik_R_17.jpg,224,224,15.62
Plastik,plastik_R_170.jpg,224,224,12.58
Plastik,plastik_R_171.jpg,224,224,28.19
Plastik,plastik_R_172.jpg,224,224,15.39
Plastik,plastik_R_174.jpg,224,224,10.56
Plastik,plastik_R_175.jpg,224,224,11.32
Plastik,plastik_R_176.jpg,224,224,37.03
Plastik,plastik_R_177.jpg,224,224,8.69
Plastik,plastik_R_178.jpg,224,224,6.11
Plastik,plastik_R_179.jpg,224,224,7.28
Plastik,plastik_R_18.jpg,224,224,3.83
Plastik,plastik_R_180.jpg,224,224,24.65
Plastik,plastik_R_181.jpg,224,224,11.8
Plastik,plastik_R_182.jpg,224,224,9.64
Plastik,plastik_R_183.jpg,224,224,38.15
Plastik,plastik_R_184.jpg,224,224,18.8
Plastik,plastik_R_185.jpg,224,224,11.26
Plastik,plastik_R_186.jpg,224,224,5.54
Plastik,plastik_R_187.jpg,224,224,8.12
Plastik,plastik_R_188.jpg,224,224,16.79
Plastik,plastik_R_189.jpg,224,224,10.34
Plastik,plastik_R_19.jpg,224,224,17.31
Plastik,plastik_R_190.jpg,224,224,31.23
Plastik,plastik_R_191.jpg,224,224,25.98
Plastik,plastik_R_192.jpg,224,224,31.62
Plastik,plastik_R_193.jpg,224,224,38.55
Plastik,plastik_R_195.jpg,224,224,37.16
Plastik,plastik_R_196.jpg,224,224,14.02
Plastik,plastik_R_197.jpg,224,224,19.96
Plastik,plastik_R_199.jpg,224,224,9.61
Plastik,plastik_R_2.jpg,224,224,5.8
Plastik,plastik_R_20.jpg,224,224,13.41
Plastik,plastik_R_200.jpg,224,224,13.35
Plastik,plastik_R_201.jpg,224,224,13.61
Plastik,plastik_R_202.jpg,224,224,21.8
Plastik,plastik_R_203.jpg,224,224,29.19
Plastik,plastik_R_204.jpg,224,224,15.13
Plastik,plastik_R_205.jpg,224,224,9.68
Plastik,plastik_R_206.jpg,224,224,13.65
Plastik,plastik_R_207.jpg,224,224,12.34
Plastik,plastik_R_208.jpg,224,224,10.37
Plastik,plastik_R_209.jpg,224,224,15.75
Plastik,plastik_R_21.jpg,224,224,18.21
Plastik,plastik_R_210.jpg,224,224,10.85
Plastik,plastik_R_211.jpg,224,224,33.39
Plastik,plastik_R_212.jpg,224,224,16.73
Plastik,plastik_R_213.jpg,224,224,7.4
Plastik,plastik_R_214.jpg,224,224,12.9
Plastik,plastik_R_215.jpg,224,224,10.19
Plastik,plastik_R_216.jpg,224,224,9.07
Plastik,plastik_R_217.jpg,224,224,5.72
Plastik,plastik_R_218.jpg,224,224,27.41
Plastik,plastik_R_219.jpg,224,224,13.43
Plastik,plastik_R_22.jpg,224,224,13.16
Plastik,plastik_R_220.jpg,224,224,13.65
Plastik,plastik_R_221.jpg,224,224,18.56
Plastik,plastik_R_222.jpg,224,224,39.5
Plastik,plastik_R_223.jpg,224,224,6.51
Plastik,plastik_R_224.jpg,224,224,22.65
Plastik,plastik_R_226.jpg,224,224,38.88
Plastik,plastik_R_227.jpg,224,224,17.79
Plastik,plastik_R_228.jpg,224,224,9.83
Plastik,plastik_R_229.jpg,224,224,8.34
Plastik,plastik_R_23.jpg,224,224,13.88
Plastik,plastik_R_230.jpg,224,224,10.06
Plastik,plastik_R_232.jpg,224,224,31.46
Plastik,plastik_R_233.jpg,224,224,16.98
Plastik,plastik_R_234.jpg,224,224,41.06
Plastik,plastik_R_235.jpg,224,224,8.42
Plastik,plastik_R_236.jpg,224,224,8.66
Plastik,plastik_R_237.jpg,224,224,23.31
Plastik,plastik_R_238.jpg,224,224,37.83
Plastik,plastik_R_239.jpg,224,224,34.54
Plastik,plastik_R_24.jpg,224,224,12.13
Plastik,plastik_R_240.jpg,224,224,20.84
Plastik,plastik_R_241.jpg,224,224,13.43
Plastik,plastik_R_242.jpg,224,224,14.48
Plastik,plastik_R_243.jpg,224,224,29.14
Plastik,plastik_R_244.jpg,224,224,13.24
Plastik,plastik_R_245.jpg,224,224,14.34
Plastik,plastik_R_246.jpg,224,224,26.57
Plastik,plastik_R_248.jpg,224,224,5.44
Plastik,plastik_R_249.jpg,224,224,8.77
Plastik,plastik_R_25.jpg,224,224,5.71
Plastik,plastik_R_250.jpg,224,224,32.07
Plastik,plastik_R_252.jpg,224,224,21.4
Plastik,plastik_R_255.jpg,224,224,37.71
Plastik,plastik_R_256.jpg,224,224,13.22
Plastik,plastik_R_259.jpg,224,224,14.34
Plastik,plastik_R_26.jpg,224,224,10.4
Plastik,plastik_R_260.jpg,224,224,5.96
Plastik,plastik_R_261.jpg,224,224,9.27
Plastik,plastik_R_262.jpg,224,224,15.77
Plastik,plastik_R_263.jpg,224,224,7.31
Plastik,plastik_R_264.jpg,224,224,6.0
Plastik,plastik_R_265.jpg,224,224,10.9
Plastik,plastik_R_266.jpg,224,224,17.65
Plastik,plastik_R_267.jpg,224,224,27.79
Plastik,plastik_R_268.jpg,224,224,10.82
Plastik,plastik_R_269.jpg,224,224,28.76
Plastik,plastik_R_27.jpg,224,224,11.2
Plastik,plastik_R_270.jpg,224,224,18.83
Plastik,plastik_R_271.jpg,224,224,11.95
Plastik,plastik_R_272.jpg,224,224,15.42
Plastik,plastik_R_273.jpg,224,224,12.59
Plastik,plastik_R_28.jpg,224,224,14.27
Plastik,plastik_R_29.jpg,224,224,9.67
Plastik,plastik_R_3.jpg,224,224,8.4
Plastik,plastik_R_30.jpg,224,224,6.64
Plastik,plastik_R_31.jpg,224,224,9.11
Plastik,plastik_R_32.jpg,224,224,14.68
Plastik,plastik_R_33.jpg,224,224,10.55
Plastik,plastik_R_34.jpg,224,224,17.58
Plastik,plastik_R_35.jpg,224,224,4.9
Plastik,plastik_R_36.jpg,224,224,20.68
Plastik,plastik_R_37.jpg,224,224,31.47
Plastik,plastik_R_39.jpg,224,224,9.29
Plastik,plastik_R_4.jpg,224,224,11.71
Plastik,plastik_R_40.jpg,224,224,10.25
Plastik,plastik_R_41.jpg,224,224,7.24
Plastik,plastik_R_42.jpg,224,224,9.27
Plastik,plastik_R_43.jpg,224,224,34.69
Plastik,plastik_R_44.jpg,224,224,8.04
Plastik,plastik_R_45.jpg,224,224,9.31
Plastik,plastik_R_46.jpg,224,224,12.51
Plastik,plastik_R_47.jpg,224,224,16.82
Plastik,plastik_R_48.jpg,224,224,11.95
Plastik,plastik_R_49.jpg,224,224,6.11
Plastik,plastik_R_5.jpg,224,224,10.42
Plastik,plastik_R_50.jpg,224,224,8.2
Plastik,plastik_R_51.jpg,224,224,16.12
Plastik,plastik_R_52.jpg,224,224,13.18
Plastik,plastik_R_53.jpg,224,224,20.24
Plastik,plastik_R_54.jpg,224,224,8.96
Plastik,plastik_R_55.jpg,224,224,11.18
Plastik,plastik_R_56.jpg,224,224,11.6
Plastik,plastik_R_57.jpg,224,224,13.53
Plastik,plastik_R_58.jpg,224,224,15.98
Plastik,plastik_R_59.jpg,224,224,8.45
Plastik,plastik_R_6.jpg,224,224,8.75
Plastik,plastik_R_60.jpg,224,224,11.37
Plastik,plastik_R_61.jpg,224,224,11.9
Plastik,plastik_R_62.jpg,224,224,27.76
Plastik,plastik_R_63.jpg,224,224,19.26
Plastik,plastik_R_64.jpg,224,224,11.33
Plastik,plastik_R_65.jpg,224,224,4.84
Plastik,plastik_R_66.jpg,224,224,11.86
Plastik,plastik_R_67.jpg,224,224,5.87
Plastik,plastik_R_68.jpg,224,224,6.37
Plastik,plastik_R_69.jpg,224,224,18.74
Plastik,plastik_R_7.jpg,224,224,17.46
Plastik,plastik_R_70.jpg,224,224,10.93
Plastik,plastik_R_71.jpg,224,224,10.77
Plastik,plastik_R_72.jpg,224,224,5.92
Plastik,plastik_R_73.jpg,224,224,16.26
Plastik,plastik_R_74.jpg,224,224,13.71
Plastik,plastik_R_75.jpg,224,224,12.41
Plastik,plastik_R_76.jpg,224,224,6.58
Plastik,plastik_R_77.jpg,224,224,10.91
Plastik,plastik_R_78.jpg,224,224,7.16
Plastik,plastik_R_79.jpg,224,224,10.54
Plastik,plastik_R_8.jpg,224,224,13.16
Plastik,plastik_R_80.jpg,224,224,10.37
Plastik,plastik_R_81.jpg,224,224,16.04
Plastik,plastik_R_82.jpg,224,224,13.95
Plastik,plastik_R_83.jpg,224,224,7.09
Plastik,plastik_R_84.jpg,224,224,8.66
Plastik,plastik_R_85.jpg,224,224,11.69
Plastik,plastik_R_86.jpg,224,224,4.6
Plastik,plastik_R_87.jpg,224,224,17.03
Plastik,plastik_R_88.jpg,224,224,7.73
Plastik,plastik_R_89.jpg,224,224,11.17
Plastik,plastik_R_9.jpg,224,224,11.97
Plastik,plastik_R_90.jpg,224,224,8.75
Plastik,plastik_R_91.jpg,224,224,18.26
Plastik,plastik_R_92.jpg,224,224,21.1
Plastik,plastik_R_93.jpg,224,224,16.94
Plastik,plastik_R_94.jpg,224,224,8.08
Plastik,plastik_R_949.jpg,224,224,26.02
Plastik,plastik_R_95.jpg,224,224,8.35
Plastik,plastik_R_950.jpg,224,224,17.95
Plastik,plastik_R_951.jpg,224,224,32.22
Plastik,plastik_R_952.jpg,224,224,13.33
Plastik,plastik_R_953.jpg,224,224,20.51
Plastik,plastik_R_954.jpg,224,224,19.79
Plastik,plastik_R_955.jpg,224,224,12.37
Plastik,plastik_R_956.jpg,224,224,26.63
Plastik,plastik_R_957.jpg,224,224,7.31
Plastik,plastik_R_958.jpg,224,224,37.47
Plastik,plastik_R_959.jpg,224,224,20.36
Plastik,plastik_R_96.jpg,224,224,17.95
Plastik,plastik_R_960.jpg,224,224,7.96
Plastik,plastik_R_961.jpg,224,224,18.66
Plastik,plastik_R_962.jpg,224,224,13.51
Plastik,plastik_R_963.jpg,224,224,3.89
Plastik,plastik_R_964.jpg,224,224,33.9
Plastik,plastik_R_965.jpg,224,224,25.81
Plastik,plastik_R_966.jpg,224,224,25.35
Plastik,plastik_R_967.jpg,224,224,17.25
Plastik,plastik_R_968.jpg,224,224,34.11
Plastik,plastik_R_969.jpg,224,224,21.96
Plastik,plastik_R_97.jpg,224,224,12.5
Plastik,plastik_R_970.jpg,224,224,21.83
Plastik,plastik_R_971.jpg,224,224,27.13
Plastik,plastik_R_972.jpg,224,224,19.53
Plastik,plastik_R_973.jpg,224,224,31.54
Plastik,plastik_R_974.jpg,224,224,21.25
Plastik,plastik_R_975.jpg,224,224,23.29
Plastik,plastik_R_976.jpg,224,224,33.48
Plastik,plastik_R_977.jpg,224,224,24.34
Plastik,plastik_R_978.jpg,224,224,5.3
Plastik,plastik_R_979.jpg,224,224,13.27
Plastik,plastik_R_98.jpg,224,224,20.37
Plastik,plastik_R_980.jpg,224,224,32.81
Plastik,plastik_R_981.jpg,224,224,18.4
Plastik,plastik_R_982.jpg,224,224,38.68
Plastik,plastik_R_983.jpg,224,224,30.33
Plastik,plastik_R_984.jpg,224,224,20.52
Plastik,plastik_R_985.jpg,224,224,35.36
Plastik,plastik_R_986.jpg,224,224,27.76
Plastik,plastik_R_987.jpg,224,224,9.9
Plastik,plastik_R_988.jpg,224,224,31.78
Plastik,plastik_R_989.jpg,224,224,32.42
Plastik,plastik_R_99.jpg,224,224,11.14
Plastik,plastik_R_990.jpg,224,224,23.64
Plastik,plastik_R_991.jpg,224,224,13.34
Plastik,plastik_R_992.jpg,224,224,20.37
Plastik,plastik_R_993.jpg,224,224,17.94
Plastik,plastik_R_994.jpg,224,224,30.15
Plastik,plastik_R_995.jpg,224,224,5.94
Plastik,plastik_R_996.jpg,224,224,5.32
Plastik,plastik_R_997.jpg,224,224,16.94
Plastik,plastik_R_998.jpg,224,224,33.34
Plastik,plastik_R_999.jpg,224,224,20.93
recyclable,recyclable_glass-10.jpg,224,224,14.03
recyclable,recyclable_glass-12_aug1876.jpg,224,224,15.57
recyclable,recyclable_glass-13_aug1930.jpg,224,224,14.67
recyclable,recyclable_glass-16_aug582.jpg,224,224,13.51
recyclable,recyclable_glass-17.jpg,224,224,13.9
recyclable,recyclable_glass-22_aug461.jpg,224,224,14.8
recyclable,recyclable_glass-24_aug858.jpg,224,224,15.01
recyclable,recyclable_glass-25.jpg,224,224,15.73
recyclable,recyclable_glass-27.jpg,224,224,14.17
recyclable,recyclable_glass-32.jpg,224,224,14.71
recyclable,recyclable_glass-35.jpg,224,224,12.75
recyclable,recyclable_glass-36_aug852.jpg,224,224,12.75
recyclable,recyclable_glass-37.jpg,224,224,16.34
recyclable,recyclable_glass-3_aug241.jpg,224,224,10.49
recyclable,recyclable_glass-40_aug1068.jpg,224,224,16.31
recyclable,recyclable_glass-42_aug1532.jpg,224,224,14.26
recyclable,recyclable_glass-43_aug468.jpg,224,224,13.35
recyclable,recyclable_glass-43_aug809.jpg,224,224,13.58
recyclable,recyclable_glass-44.jpg,224,224,14.78
recyclable,recyclable_glass-45_aug126.jpg,224,224,14.67
recyclable,recyclable_glass-46.jpg,224,224,15.22
recyclable,recyclable_glass-49_aug2108.jpg,224,224,15.56
recyclable,recyclable_glass-5.jpg,224,224,13.97
recyclable,recyclable_glass-57_aug568.jpg,224,224,13.92
recyclable,recyclable_glass-58_aug137.jpg,224,224,14.04
recyclable,recyclable_glass-60.jpg,224,224,13.7
recyclable,recyclable_glass-61_aug1009.jpg,224,224,17.41
recyclable,recyclable_glass-64_aug683.jpg,224,224,16.35
recyclable,recyclable_glass-65_aug1418.jpg,224,224,12.73
recyclable,recyclable_glass-66_aug1221.jpg,224,224,18.2
recyclable,recyclable_glass-70_aug590.jpg,224,224,15.07
recyclable,recyclable_glass-71_aug2104.jpg,224,224,17.07
recyclable,recyclable_glass-73_aug1299.jpg,224,224,25.79
recyclable,recyclable_glass-75.jpg,224,224,30.1
recyclable,recyclable_glass-80_aug328.jpg,224,224,27.38
recyclable,recyclable_glass-81_aug1429.jpg,224,224,27.3
recyclable,recyclable_glass-83_aug1567.jpg,224,224,17.08
recyclable,recyclable_glass-84_aug532.jpg,224,224,7.6
recyclable,recyclable_glass-85_aug1928.jpg,224,224,16.76
recyclable,recyclable_glass-8_aug1056.jpg,224,224,14.86
recyclable,recyclable_glass-90_aug1573.jpg,224,224,19.74
recyclable,recyclable_glass-91_aug1725.jpg,224,224,17.56
recyclable,recyclable_glass-92_aug1216.jpg,224,224,13.67
recyclable,recyclable_glass-93_aug1144.jpg,224,224,7.99
recyclable,recyclable_glass-94_aug1377.jpg,224,224,7.7
recyclable,recyclable_glass-96.jpg,224,224,11.9
recyclable,recyclable_glass-97_aug900.jpg,224,224,8.87
recyclable,recyclable_metal-102.jpg,224,224,14.45
recyclable,recyclable_metal-102_aug1497.jpg,224,224,14.53
recyclable,recyclable_metal-103_aug406.jpg,224,224,13.49
recyclable,recyclable_metal-106_aug1899.jpg,224,224,16.02
recyclable,recyclable_metal-108.jpg,224,224,17.51
recyclable,recyclable_metal-108_aug1229.jpg,224,224,16.51
recyclable,recyclable_metal-10_aug1545.jpg,224,224,17.6
recyclable,recyclable_metal-115_aug68.jpg,224,224,11.89
recyclable,recyclable_metal-118_aug1527.jpg,224,224,14.88
recyclable,recyclable_metal-126_aug1786.jpg,224,224,21.4
recyclable,recyclable_metal-128.jpg,224,224,26.9
recyclable,recyclable_metal-13.jpg,224,224,15.48
recyclable,recyclable_metal-131_aug753.jpg,224,224,17.96
recyclable,recyclable_metal-136.jpg,224,224,19.46
recyclable,recyclable_metal-137_aug1846.jpg,224,224,17.91
recyclable,recyclable_metal-139_aug889.jpg,224,224,23.7
recyclable,recyclable_metal-146_aug1196.jpg,224,224,24.74
recyclable,recyclable_metal-146_aug298.jpg,224,224,24.73
recyclable,recyclable_metal-147.jpg,224,224,26.38
recyclable,recyclable_metal-147_aug420.jpg,224,224,23.78
recyclable,recyclable_metal-15.jpg,224,224,15.5
recyclable,recyclable_metal-150_aug869.jpg,224,224,25.08
recyclable,recyclable_metal-152.jpg,224,224,25.5
recyclable,recyclable_metal-153.jpg,224,224,26.19
recyclable,recyclable_metal-156_aug1156.jpg,224,224,26.31
recyclable,recyclable_metal-157.jpg,224,224,19.23
recyclable,recyclable_metal-159_aug1982.jpg,224,224,27.76
recyclable,recyclable_metal-160.jpg,224,224,27.6
recyclable,recyclable_metal-167_aug2164.jpg,224,224,22.0
recyclable,recyclable_metal-170.jpg,224,224,29.96
recyclable,recyclable_metal-177.jpg,224,224,30.9
recyclable,recyclable_metal-183_aug1768.jpg,224,224,16.79
recyclable,recyclable_metal-183_aug245.jpg,224,224,16.19
recyclable,recyclable_metal-186.jpg,224,224,17.15
recyclable,recyclable_metal-188.jpg,224,224,18.09
recyclable,recyclable_metal-189_aug1538.jpg,224,224,16.38
recyclable,recyclable_metal-18_aug1487.jpg,224,224,14.19
recyclable,recyclable_metal-18_aug1897.jpg,224,224,15.68
recyclable,recyclable_metal-21_aug1475.jpg,224,224,13.89
recyclable,recyclable_metal-23.jpg,224,224,14.64
recyclable,recyclable_metal-27.jpg,224,224,13.66
recyclable,recyclable_metal-30_aug166.jpg,224,224,13.09
recyclable,recyclable_metal-33_aug1258.jpg,224,224,11.94
recyclable,recyclable_metal-35_aug78.jpg,224,224,14.68
recyclable,recyclable_metal-38_aug1065.jpg,224,224,16.13
recyclable,recyclable_metal-42_aug380.jpg,224,224,15.76
recyclable,recyclable_metal-42_aug411.jpg,224,224,17.1
recyclable,recyclable_metal-44_aug1410.jpg,224,224,12.74
recyclable,recyclable_metal-45.jpg,224,224,14.73
recyclable,recyclable_metal-45_aug1137.jpg,224,224,14.04
recyclable,recyclable_metal-50_aug910.jpg,224,224,12.08
recyclable,recyclable_metal-51.jpg,224,224,15.65
recyclable,recyclable_metal-54_aug306.jpg,224,224,15.56
recyclable,recyclable_metal-55_aug1355.jpg,224,224,16.38
recyclable,recyclable_metal-59.jpg,224,224,10.86
recyclable,recyclable_metal-60_aug2071.jpg,224,224,18.87
recyclable,recyclable_metal-61.jpg,224,224,20.37
recyclable,recyclable_metal-63_aug1122.jpg,224,224,16.54
recyclable,recyclable_metal-64_aug1416.jpg,224,224,16.77
recyclable,recyclable_metal-65_aug478.jpg,224,224,15.02
recyclable,recyclable_metal-65_aug654.jpg,224,224,15.94
recyclable,recyclable_metal-69_aug1121.jpg,224,224,20.21
recyclable,recyclable_metal-69_aug1817.jpg,224,224,20.75
recyclable,recyclable_metal-7.jpg,224,224,14.54
recyclable,recyclable_metal-70.jpg,224,224,19.54
recyclable,recyclable_metal-70_aug44.jpg,224,224,17.76
recyclable,recyclable_metal-79.jpg,224,224,14.59
recyclable,recyclable_metal-80.jpg,224,224,15.69
recyclable,recyclable_metal-85.jpg,224,224,14.96
recyclable,recyclable_metal-86.jpg,224,224,15.97
recyclable,recyclable_metal-88_aug195.jpg,224,224,14.35
recyclable,recyclable_metal-8_aug872.jpg,224,224,14.68
recyclable,recyclable_metal-90_aug2012.jpg,224,224,14.58
recyclable,recyclable_metal-92_aug1653.jpg,224,224,16.82
recyclable,recyclable_metal-94_aug1853.jpg,224,224,13.81
recyclable,recyclable_metal-95.jpg,224,224,14.98
recyclable,recyclable_metal-96_aug1449.jpg,224,224,15.41
recyclable,recyclable_metal-96_aug271.jpg,224,224,15.54
recyclable,recyclable_metal-98_aug377.jpg,224,224,14.44
recyclable,recyclable_paper-1.jpg,224,224,19.28
recyclable,recyclable_paper-101_aug1553.jpg,224,224,28.43
recyclable,recyclable_paper-101_aug395.jpg,224,224,30.53
recyclable,recyclable_paper-106_aug1157.jpg,224,224,31.84
recyclable,recyclable_paper-107_aug2115.jpg,224,224,24.52
recyclable,recyclable_paper-107_aug2156.jpg,224,224,25.39
recyclable,recyclable_paper-110.jpg,224,224,19.32
recyclable,recyclable_paper-12_aug209.jpg,224,224,14.77
recyclable,recyclable_paper-14.jpg,224,224,16.58
recyclable,recyclable_paper-20.jpg,224,224,15.51
recyclable,recyclable_paper-20_aug28.jpg,224,224,17.18
recyclable,recyclable_paper-21.jpg,224,224,17.31
recyclable,recyclable_paper-22.jpg,224,224,13.05
recyclable,recyclable_paper-24_aug139.jpg,224,224,12.3
recyclable,recyclable_paper-25.jpg,224,224,12.03
recyclable,recyclable_paper-26.jpg,224,224,11.3
recyclable,recyclable_paper-26_aug1336.jpg,224,224,11.79
recyclable,recyclable_paper-27_aug708.jpg,224,224,25.73
recyclable,recyclable_paper-29_aug579.jpg,224,224,22.4
recyclable,recyclable_paper-30_aug1711.jpg,224,224,22.2
recyclable,recyclable_paper-32.jpg,224,224,27.8
recyclable,recyclable_paper-35.jpg,224,224,24.88
recyclable,recyclable_paper-35_aug1177.jpg,224,224,23.24
recyclable,recyclable_paper-3_aug1184.jpg,224,224,23.83
recyclable,recyclable_paper-40_aug566.jpg,224,224,19.7
recyclable,recyclable_paper-43.jpg,224,224,23.75
recyclable,recyclable_paper-45.jpg,224,224,23.24
recyclable,recyclable_paper-46_aug1371.jpg,224,224,20.78
recyclable,recyclable_paper-47_aug429.jpg,224,224,21.51
recyclable,recyclable_paper-51_aug192.jpg,224,224,27.44
recyclable,recyclable_paper-55_aug2086.jpg,224,224,13.48
recyclable,recyclable_paper-57_aug1231.jpg,224,224,15.01
recyclable,recyclable_paper-57_aug396.jpg,224,224,15.3
recyclable,recyclable_paper-58_aug1670.jpg,224,224,35.14
recyclable,recyclable_paper-6.jpg,224,224,20.66
recyclable,recyclable_paper-61_aug1701.jpg,224,224,31.13
recyclable,recyclable_paper-62_aug2068.jpg,224,224,36.26
recyclable,recyclable_paper-62_aug440.jpg,224,224,35.87
recyclable,recyclable_paper-64_aug831.jpg,224,224,32.1
recyclable,recyclable_paper-65.jpg,224,224,37.11
recyclable,recyclable_paper-65_aug471.jpg,224,224,36.26
recyclable,recyclable_paper-66_aug686.jpg,224,224,31.88
recyclable,recyclable_paper-67.jpg,224,224,35.33
recyclable,recyclable_paper-67_aug399.jpg,224,224,35.35
recyclable,recyclable_paper-68.jpg,224,224,32.35
recyclable,recyclable_paper-72_aug1706.jpg,224,224,34.55
recyclable,recyclable_paper-72_aug2124.jpg,224,224,34.53
recyclable,recyclable_paper-74.jpg,224,224,26.86
recyclable,recyclable_paper-74_aug1771.jpg,224,224,26.83
recyclable,recyclable_paper-75_aug1288.jpg,224,224,26.7
recyclable,recyclable_paper-78.jpg,224,224,35.33
recyclable,recyclable_paper-79_aug871.jpg,224,224,29.84
recyclable,recyclable_paper-7_aug757.jpg,224,224,20.74
recyclable,recyclable_paper-83_aug2084.jpg,224,224,23.6
recyclable,recyclable_paper-85_aug651.jpg,224,224,31.19
recyclable,recyclable_paper-88_aug263.jpg,224,224,20.14
recyclable,recyclable_paper-9.jpg,224,224,20.16
recyclable,recyclable_paper-90_aug1282.jpg,224,224,24.29
recyclable,recyclable_paper-91_aug972.jpg,224,224,19.69
recyclable,recyclable_paper-94.jpg,224,224,25.57
recyclable,recyclable_paper-97.jpg,224,224,26.47
recyclable,recyclable_paper-98.jpg,224,224,20.18
recyclable,recyclable_paper-98_aug87.jpg,224,224,17.46
recyclable,recyclable_plastic-1.jpg,224,224,12.62
recyclable,recyclable_plastic-102_aug1462.jpg,224,224,13.4
recyclable,recyclable_plastic-102_aug1925.jpg,224,224,12.71
recyclable,recyclable_plastic-103_aug229.jpg,224,224,13.94
recyclable,recyclable_plastic-105.jpg,224,224,14.41
recyclable,recyclable_plastic-105_aug1860.jpg,224,224,14.4
recyclable,recyclable_plastic-10_aug1344.jpg,224,224,13.7
recyclable,recyclable_plastic-112.jpg,224,224,14.99
recyclable,recyclable_plastic-113.jpg,224,224,13.69
recyclable,recyclable_plastic-114_aug1308.jpg,224,224,15.39
recyclable,recyclable_plastic-118.jpg,224,224,14.72
recyclable,recyclable_plastic-122.jpg,224,224,11.87
recyclable,recyclable_plastic-125_aug1960.jpg,224,224,17.02
recyclable,recyclable_plastic-128.jpg,224,224,13.52
recyclable,recyclable_plastic-128_aug106.jpg,224,224,14.42
recyclable,recyclable_plastic-130.jpg,224,224,14.71
recyclable,recyclable_plastic-131_aug2149.jpg,224,224,15.02
recyclable,recyclable_plastic-132_aug1227.jpg,224,224,14.45
recyclable,recyclable_plastic-133.jpg,224,224,13.64
recyclable,recyclable_plastic-135.jpg,224,224,14.87
recyclable,recyclable_plastic-137_aug2150.jpg,224,224,12.58
recyclable,recyclable_plastic-137_aug307.jpg,224,224,14.74
recyclable,recyclable_plastic-138.jpg,224,224,16.32
recyclable,recyclable_plastic-139.jpg,224,224,15.37
recyclable,recyclable_plastic-142_aug720.jpg,224,224,15.67
recyclable,recyclable_plastic-143_aug1265.jpg,224,224,12.32
recyclable,recyclable_plastic-143_aug949.jpg,224,224,12.82
recyclable,recyclable_plastic-144.jpg,224,224,14.14
recyclable,recyclable_plastic-145.jpg,224,224,15.09
recyclable,recyclable_plastic-147_aug357.jpg,224,224,11.04
recyclable,recyclable_plastic-148.jpg,224,224,15.54
recyclable,recyclable_plastic-149.jpg,224,224,13.39
recyclable,recyclable_plastic-155.jpg,224,224,16.08
recyclable,recyclable_plastic-158.jpg,224,224,14.42
recyclable,recyclable_plastic-161.jpg,224,224,13.91
recyclable,recyclable_plastic-161_aug1572.jpg,224,224,14.49
recyclable,recyclable_plastic-162_aug979.jpg,224,224,14.88
recyclable,recyclable_plastic-163_aug1427.jpg,224,224,16.76
recyclable,recyclable_plastic-163_aug1652.jpg,224,224,14.42
recyclable,recyclable_plastic-167_aug1580.jpg,224,224,15.69
recyclable,recyclable_plastic-175_aug1828.jpg,224,224,14.33
recyclable,recyclable_plastic-177_aug525.jpg,224,224,12.87
recyclable,recyclable_plastic-17_aug1166.jpg,224,224,16.65
recyclable,recyclable_plastic-184.jpg,224,224,14.91
recyclable,recyclable_plastic-185.jpg,224,224,13.56
recyclable,recyclable_plastic-186_aug591.jpg,224,224,14.9
recyclable,recyclable_plastic-191_aug598.jpg,224,224,14.6
recyclable,recyclable_plastic-198_aug1907.jpg,224,224,17.86
recyclable,recyclable_plastic-20.jpg,224,224,18.5
recyclable,recyclable_plastic-201.jpg,224,224,17.44
recyclable,recyclable_plastic-202_aug2053.jpg,224,224,19.89
recyclable,recyclable_plastic-207_aug120.jpg,224,224,14.52
recyclable,recyclable_plastic-208_aug2091.jpg,224,224,14.57
recyclable,recyclable_plastic-209.jpg,224,224,13.05
recyclable,recyclable_plastic-214_aug1027.jpg,224,224,16.99
recyclable,recyclable_plastic-217_aug855.jpg,224,224,14.41
recyclable,recyclable_plastic-22.jpg,224,224,12.63
recyclable,recyclable_plastic-221_aug1293.jpg,224,224,14.06
recyclable,recyclable_plastic-221_aug503.jpg,224,224,14.1
recyclable,recyclable_plastic-223_aug1103.jpg,224,224,13.83
recyclable,recyclable_plastic-225.jpg,224,224,14.21
recyclable,recyclable_plastic-227_aug484.jpg,224,224,12.89
recyclable,recyclable_plastic-229.jpg,224,224,15.12
recyclable,recyclable_plastic-230_aug522.jpg,224,224,11.69
recyclable,recyclable_plastic-231_aug2057.jpg,224,224,12.8
recyclable,recyclable_plastic-232.jpg,224,224,13.02
recyclable,recyclable_plastic-239_aug372.jpg,224,224,14.41
recyclable,recyclable_plastic-23_aug1018.jpg,224,224,17.24
recyclable,recyclable_plastic-240.jpg,224,224,11.37
recyclable,recyclable_plastic-244_aug1466.jpg,224,224,14.5
recyclable,recyclable_plastic-245_aug630.jpg,224,224,18.99
recyclable,recyclable_plastic-246.jpg,224,224,15.34
recyclable,recyclable_plastic-247.jpg,224,224,14.77
recyclable,recyclable_plastic-252_aug135.jpg,224,224,16.7
recyclable,recyclable_plastic-252_aug1750.jpg,224,224,15.83
recyclable,recyclable_plastic-255.jpg,224,224,15.95
recyclable,recyclable_plastic-258_aug1833.jpg,224,224,16.94
recyclable,recyclable_plastic-258_aug243.jpg,224,224,17.04
recyclable,recyclable_plastic-260_aug11.jpg,224,224,14.03
recyclable,recyclable_plastic-261.jpg,224,224,14.99
recyclable,recyclable_plastic-263.jpg,224,224,13.32
recyclable,recyclable_plastic-265.jpg,224,224,13.01
recyclable,recyclable_plastic-267_aug1313.jpg,224,224,16.44
recyclable,recyclable_plastic-268.jpg,224,224,14.83
recyclable,recyclable_plastic-268_aug1883.jpg,224,224,14.85
recyclable,recyclable_plastic-269.jpg,224,224,17.64
recyclable,recyclable_plastic-269_aug1840.jpg,224,224,17.63
recyclable,recyclable_plastic-272.jpg,224,224,11.82
recyclable,recyclable_plastic-274.jpg,224,224,13.45
recyclable,recyclable_plastic-275.jpg,224,224,13.79
recyclable,recyclable_plastic-276.jpg,224,224,16.63
recyclable,recyclable_plastic-278.jpg,224,224,15.86
recyclable,recyclable_plastic-278_aug269.jpg,224,224,17.71
recyclable,recyclable_plastic-279.jpg,224,224,14.9
recyclable,recyclable_plastic-284.jpg,224,224,13.08
recyclable,recyclable_plastic-287.jpg,224,224,11.27
recyclable,recyclable_plastic-291.jpg,224,224,16.18
recyclable,recyclable_plastic-291_aug1881.jpg,224,224,18.33
recyclable,recyclable_plastic-291_aug232.jpg,224,224,16.07
recyclable,recyclable_plastic-295_aug1119.jpg,224,224,13.48
recyclable,recyclable_plastic-296_aug1998.jpg,224,224,13.57
recyclable,recyclable_plastic-297_aug1431.jpg,224,224,13.55
recyclable,recyclable_plastic-298_aug164.jpg,224,224,15.09
recyclable,recyclable_plastic-30.jpg,224,224,17.07
recyclable,recyclable_plastic-300_aug1237.jpg,224,224,15.5
recyclable,recyclable_plastic-302_aug1291.jpg,224,224,15.08
recyclable,recyclable_plastic-305_aug1294.jpg,224,224,14.36
recyclable,recyclable_plastic-306.jpg,224,224,13.0
recyclable,recyclable_plastic-307_aug1379.jpg,224,224,15.26
recyclable,recyclable_plastic-308_aug1200.jpg,224,224,14.44
recyclable,recyclable_plastic-309_aug2111.jpg,224,224,18.78
recyclable,recyclable_plastic-310_aug1764.jpg,224,224,17.24
recyclable,recyclable_plastic-311_aug1443.jpg,224,224,18.31
recyclable,recyclable_plastic-311_aug475.jpg,224,224,15.08
recyclable,recyclable_plastic-312.jpg,224,224,16.81
recyclable,recyclable_plastic-314_aug1983.jpg,224,224,36.62
recyclable,recyclable_plastic-314_aug2162.jpg,224,224,38.17
recyclable,recyclable_plastic-315_aug2127.jpg,224,224,29.87
recyclable,recyclable_plastic-317_aug1610.jpg,224,224,34.06
recyclable,recyclable_plastic-318_aug1490.jpg,224,224,28.67
recyclable,recyclable_plastic-319_aug988.jpg,224,224,33.74
recyclable,recyclable_plastic-31_aug48.jpg,224,224,17.96
recyclable,recyclable_plastic-324_aug218.jpg,224,224,21.78
recyclable,recyclable_plastic-325_aug368.jpg,224,224,17.6
recyclable,recyclable_plastic-326.jpg,224,224,21.43
recyclable,recyclable_plastic-330.jpg,224,224,23.61
recyclable,recyclable_plastic-330_aug1041.jpg,224,224,21.46
recyclable,recyclable_plastic-331_aug348.jpg,224,224,24.51
recyclable,recyclable_plastic-332_aug1472.jpg,224,224,27.58
recyclable,recyclable_plastic-333_aug2069.jpg,224,224,24.23
recyclable,recyclable_plastic-336_aug109.jpg,224,224,28.22
recyclable,recyclable_plastic-336_aug1459.jpg,224,224,30.93
recyclable,recyclable_plastic-344.jpg,224,224,14.9
recyclable,recyclable_plastic-35.jpg,224,224,16.37
recyclable,recyclable_plastic-353.jpg,224,224,9.9
recyclable,recyclable_plastic-354_aug926.jpg,224,224,15.56
recyclable,recyclable_plastic-358.jpg,224,224,8.93
recyclable,recyclable_plastic-362.jpg,224,224,7.96
recyclable,recyclable_plastic-364.jpg,224,224,17.86
recyclable,recyclable_plastic-366.jpg,224,224,13.34
recyclable,recyclable_plastic-367.jpg,224,224,13.39
recyclable,recyclable_plastic-368_aug1888.jpg,224,224,12.64
recyclable,recyclable_plastic-36_aug1420.jpg,224,224,15.98
recyclable,recyclable_plastic-36_aug621.jpg,224,224,16.14
recyclable,recyclable_plastic-370.jpg,224,224,15.74
recyclable,recyclable_plastic-372.jpg,224,224,14.43
recyclable,recyclable_plastic-380_aug775.jpg,224,224,21.77
recyclable,recyclable_plastic-383_aug460.jpg,224,224,19.46
recyclable,recyclable_plastic-387_aug894.jpg,224,224,28.26
recyclable,recyclable_plastic-38_aug899.jpg,224,224,14.13
recyclable,recyclable_plastic-39.jpg,224,224,15.64
recyclable,recyclable_plastic-391_aug1092.jpg,224,224,31.87
recyclable,recyclable_plastic-392.jpg,224,224,28.47
recyclable,recyclable_plastic-395_aug1365.jpg,224,224,30.07
recyclable,recyclable_plastic-41_aug143.jpg,224,224,15.1
recyclable,recyclable_plastic-43_aug1141.jpg,224,224,15.81
recyclable,recyclable_plastic-45_aug2134.jpg,224,224,15.3
recyclable,recyclable_plastic-4_aug459.jpg,224,224,14.47
recyclable,recyclable_plastic-50_aug1584.jpg,224,224,12.97
recyclable,recyclable_plastic-51_aug1979.jpg,224,224,16.68
recyclable,recyclable_plastic-53_aug9.jpg,224,224,15.72
recyclable,recyclable_plastic-55.jpg,224,224,15.2
recyclable,recyclable_plastic-56.jpg,224,224,15.14
recyclable,recyclable_plastic-56_aug479.jpg,224,224,15.19
recyclable,recyclable_plastic-61_aug1419.jpg,224,224,12.87
recyclable,recyclable_plastic-61_aug2044.jpg,224,224,13.53
recyclable,recyclable_plastic-62.jpg,224,224,14.35
recyclable,recyclable_plastic-62_aug1970.jpg,224,224,13.0
recyclable,recyclable_plastic-63_aug2169.jpg,224,224,15.18
recyclable,recyclable_plastic-67.jpg,224,224,14.49
recyclable,recyclable_plastic-68_aug886.jpg,224,224,12.9
recyclable,recyclable_plastic-75_aug2063.jpg,224,224,15.46
recyclable,recyclable_plastic-75_aug840.jpg,224,224,15.63
recyclable,recyclable_plastic-76_aug1061.jpg,224,224,14.45
recyclable,recyclable_plastic-78_aug1911.jpg,224,224,15.6
recyclable,recyclable_plastic-79_aug1721.jpg,224,224,15.24
recyclable,recyclable_plastic-79_aug851.jpg,224,224,12.83
recyclable,recyclable_plastic-83.jpg,224,224,17.71
recyclable,recyclable_plastic-92.jpg,224,224,12.39
recyclable,recyclable_plastic-92_aug272.jpg,224,224,12.31
recyclable,recyclable_plastic-93.jpg,224,224,14.12
recyclable,recyclable_plastic-97_aug359.jpg,224,224,13.89
recyclable,recyclable_plastic-9_aug697.jpg,224,224,13.43
recyclable,recyclable_textile_fabric-104.jpg,224,224,24.82
recyclable,recyclable_textile_fabric-106_aug770.jpg,224,224,25.05
recyclable,recyclable_textile_fabric-107_aug1210.jpg,224,224,23.94
recyclable,recyclable_textile_fabric-107_aug409.jpg,224,224,22.59
recyclable,recyclable_textile_fabric-11.jpg,224,224,14.91
recyclable,recyclable_textile_fabric-110_aug1832.jpg,224,224,28.35
recyclable,recyclable_textile_fabric-112_aug1143.jpg,224,224,27.86
recyclable,recyclable_textile_fabric-112_aug172.jpg,224,224,27.88
recyclable,recyclable_textile_fabric-114_aug235.jpg,224,224,28.89
recyclable,recyclable_textile_fabric-115.jpg,224,224,29.14
recyclable,recyclable_textile_fabric-115_aug1301.jpg,224,224,29.14
recyclable,recyclable_textile_fabric-117.jpg,224,224,28.21
recyclable,recyclable_textile_fabric-117_aug1461.jpg,224,224,23.75
recyclable,recyclable_textile_fabric-118_aug239.jpg,224,224,29.49
recyclable,recyclable_textile_fabric-12.jpg,224,224,12.48
recyclable,recyclable_textile_fabric-14_aug191.jpg,224,224,14.3
recyclable,recyclable_textile_fabric-15_aug1968.jpg,224,224,15.39
recyclable,recyclable_textile_fabric-15_aug2128.jpg,224,224,16.69
recyclable,recyclable_textile_fabric-16_aug679.jpg,224,224,15.94
recyclable,recyclable_textile_fabric-19_aug485.jpg,224,224,16.0
recyclable,recyclable_textile_fabric-25.jpg,224,224,17.69
recyclable,recyclable_textile_fabric-2_aug1990.jpg,224,224,16.68
recyclable,recyclable_textile_fabric-33_aug2011.jpg,224,224,16.99
recyclable,recyclable_textile_fabric-34_aug1082.jpg,224,224,14.4
recyclable,recyclable_textile_fabric-35.jpg,224,224,16.96
recyclable,recyclable_textile_fabric-38_aug1714.jpg,224,224,18.46
recyclable,recyclable_textile_fabric-41_aug1563.jpg,224,224,16.42
recyclable,recyclable_textile_fabric-43_aug1562.jpg,224,224,16.97
recyclable,recyclable_textile_fabric-43_aug694.jpg,224,224,16.99
recyclable,recyclable_textile_fabric-44_aug1508.jpg,224,224,16.84
recyclable,recyclable_textile_fabric-46_aug304.jpg,224,224,14.39
recyclable,recyclable_textile_fabric-47.jpg,224,224,15.38
recyclable,recyclable_textile_fabric-49_aug1926.jpg,224,224,17.15
recyclable,recyclable_textile_fabric-5.jpg,224,224,17.35
recyclable,recyclable_textile_fabric-63.jpg,224,224,13.48
recyclable,recyclable_textile_fabric-66.jpg,224,224,13.54
recyclable,recyclable_textile_fabric-69_aug2088.jpg,224,224,18.28
recyclable,recyclable_textile_fabric-6_aug1929.jpg,224,224,19.42
recyclable,recyclable_textile_fabric-70_aug1404.jpg,224,224,15.02
recyclable,recyclable_textile_fabric-71.jpg,224,224,14.49
recyclable,recyclable_textile_fabric-74.jpg,224,224,17.48
recyclable,recyclable_textile_fabric-75_aug1236.jpg,224,224,16.34
recyclable,recyclable_textile_fabric-76.jpg,224,224,15.6
recyclable,recyclable_textile_fabric-77_aug442.jpg,224,224,19.06
recyclable,recyclable_textile_fabric-78_aug584.jpg,224,224,23.0
recyclable,recyclable_textile_fabric-7_aug2174.jpg,224,224,16.0
recyclable,recyclable_textile_fabric-86.jpg,224,224,19.2
recyclable,recyclable_textile_fabric-86_aug1511.jpg,224,224,18.49
recyclable,recyclable_textile_fabric-87.jpg,224,224,18.51
recyclable,recyclable_textile_fabric-91_aug491.jpg,224,224,15.34
recyclable,recyclable_textile_fabric-93.jpg,224,224,13.1
recyclable,recyclable_textile_fabric-97_aug88.jpg,224,224,14.05
recyclable,recyclable_textile_fabric-98_aug884.jpg,224,224,18.64
recyclable,recyclable_trash-100.jpg,224,224,24.88
recyclable,recyclable_trash-106.jpg,224,224,30.75
recyclable,recyclable_trash-106_aug862.jpg,224,224,28.76
recyclable,recyclable_trash-107_aug995.jpg,224,224,30.9
recyclable,recyclable_trash-112.jpg,224,224,16.35
recyclable,recyclable_trash-113_aug1405.jpg,224,224,12.9
recyclable,recyclable_trash-113_aug1623.jpg,224,224,11.61
recyclable,recyclable_trash-114_aug1798.jpg,224,224,11.03
recyclable,recyclable_trash-115_aug597.jpg,224,224,17.26
recyclable,recyclable_trash-14_aug173.jpg,224,224,12.39
recyclable,recyclable_trash-15.jpg,224,224,18.28
recyclable,recyclable_trash-26_aug853.jpg,224,224,18.96
recyclable,recyclable_trash-27.jpg,224,224,14.56
recyclable,recyclable_trash-30_aug386.jpg,224,224,13.83
recyclable,recyclable_trash-31_aug1003.jpg,224,224,14.48
recyclable,recyclable_trash-33_aug789.jpg,224,224,16.36
recyclable,recyclable_trash-35_aug1413.jpg,224,224,13.64
recyclable,recyclable_trash-36_aug1145.jpg,224,224,14.86
recyclable,recyclable_trash-36_aug1720.jpg,224,224,14.68
recyclable,recyclable_trash-38.jpg,224,224,20.12
recyclable,recyclable_trash-3_aug1948.jpg,224,224,20.65
recyclable,recyclable_trash-40_aug1734.jpg,224,224,18.79
recyclable,recyclable_trash-43.jpg,224,224,18.56
recyclable,recyclable_trash-43_aug1875.jpg,224,224,19.47
recyclable,recyclable_trash-47_aug160.jpg,224,224,18.37
recyclable,recyclable_trash-4_aug425.jpg,224,224,17.08
recyclable,recyclable_trash-56_aug1914.jpg,224,224,39.34
recyclable,recyclable_trash-56_aug467.jpg,224,224,41.21
recyclable,recyclable_trash-59.jpg,224,224,37.19
recyclable,recyclable_trash-5_aug1457.jpg,224,224,18.93
recyclable,recyclable_trash-64.jpg,224,224,34.03
recyclable,recyclable_trash-65_aug1005.jpg,224,224,38.08
recyclable,recyclable_trash-68_aug736.jpg,224,224,44.99
recyclable,recyclable_trash-69_aug715.jpg,224,224,32.35
recyclable,recyclable_trash-70_aug1547.jpg,224,224,29.11
recyclable,recyclable_trash-76_aug828.jpg,224,224,32.99
recyclable,recyclable_trash-77_aug327.jpg,224,224,38.06
recyclable,recyclable_trash-83.jpg,224,224,22.79
recyclable,recyclable_trash-87_aug1799.jpg,224,224,19.11
recyclable,recyclable_trash-88_aug544.jpg,224,224,32.97
recyclable,recyclable_trash-8_aug848.jpg,224,224,19.71
recyclable,recyclable_trash-94_aug2.jpg,224,224,40.7
recyclable,recyclable_trash-95.jpg,224,224,41.2
recyclable,recyclable_trash-98_aug766.jpg,224,224,32.56
Residu,residu_-dengan-Sidoarjo-banyak-ditemukan-sampah-popok-dan-plastik-foto-Petrus-Riski.jpg,224,224,35.86
Residu,residu_-ks--bep.jpg,224,224,37.9
Residu,residu_-ks--popok-bekas.jpg,224,224,25.81
Residu,residu_-Memakai-Pembalut-yang-Mengandung-Klorin-By-La-corneja-artesana-shutterstock.jpg,224,224,16.77
Residu,residu_-pengumpulan-sampah-daur-ulang-crop-e4d5f01179896b8f603bdcdf60ceafa0_600x400.jpg,224,224,23.48
Residu,residu_01_clodispo.jpg,224,224,17.29
Residu,residu_027588700_1499681855-TopYaps.jpg,224,224,15.97
Residu,residu_042217_781488_pembalut_d.jpg,224,224,28.14
Residu,residu_0YvaixsHHrSFSQGpDb6Rer2LTCfRAmoZhHGAkciQ.jpg,224,224,18.83
Residu,residu_101257294_7debccb8-cd52-4780-8206-83bbb6b2fc18_674_674.jpg,224,224,19.2
Residu,residu_1187421600.jpg,224,224,37.68
Residu,residu_1579162417.jpg,224,224,22.25
Residu,residu_1584457142950-popok-bekas-banyuwangi3.jpg,224,224,30.03
Residu,residu_17-07-2017-popok-jadi.jpg,224,224,20.14
Residu,residu_172057-rekomendasi-pembalut-kain-terbaik-webp-large.jpg,224,224,21.22
Residu,residu_1_1.jpg,224,224,22.58
Residu,residu_20191129121214-58e2f.jpg,224,224,27.04
Residu,residu_20200104172423picsart01-04-051831.jpg,224,224,27.74
Residu,residu_20210224113911img20210223130307.jpg,224,224,25.54
Residu,residu_2115746344.jpg,224,224,15.98
Residu,residu_2449017228.jpg,224,224,36.5
Residu,residu_261436245197.jpg,224,224,29.1
Residu,residu_2628986452.jpg,224,224,34.44
Residu,residu_2656123227.jpg,224,224,32.97
Residu,residu_2657639953.jpg,224,224,24.77
Residu,residu_277da6a41ccc91c3624f735d7cce66d7.jpg,224,224,15.3
Residu,residu_3075349_cb828446-860c-4d8a-a213-8b50a1a31b74_800_800.jpg,224,224,16.87
Residu,residu_3332033820.jpg,224,224,28.1
Residu,residu_3982130445.jpg,224,224,27.19
Residu,residu_5140049_fdcfabe0-587f-48cd-b4d1-358ebcafb2fb_700_459.jpg,224,224,24.74
Residu,residu_58740091323-img_20200121_152520.jpg,224,224,25.6
Residu,residu_624f89d0cd1f9-flek-menstruasi-perdarahan-haid-pembalut_665_374.jpg,224,224,16.53
Residu,residu_680174717.jpg,224,224,14.09
Residu,residu_6bb06035a38a75056a85fa4fbb776b2a.jpg,224,224,27.62
Residu,residu_6_Fakta_Pembalut_Wanita.jpg,224,224,25.12
Residu,residu_71800-ilustrasi-popok-bayi.jpg,224,224,13.44
Residu,residu_730x480-img-73626-ilustrasi-pembalut-shutterstock.jpg,224,224,15.53
Residu,residu_92821-ilustrasi-popok-bayi-envato.jpg,224,224,18.65
Residu,residu_929888076.jpg,224,224,14.28
Residu,residu_9620491_20170320121907.jpg,224,224,18.72
Residu,residu_absorbent-3509508_1920.jpg,224,224,15.19
Residu,residu_antarafoto-daur-ulang-popok-bekas-pakai-160120-agr-3_1.jpg,224,224,27.41
Residu,residu_antarafoto-evakuasi-popok-bayi-dari-sungai-250917-pf-2_ratio-16x9.JPG.jpg,224,224,34.79
Residu,residu_Apa-itu-Alergi-Pembalut-Bagaimana-Mengatasinya-700x467.jpg,224,224,11.4
Residu,residu_astaga-pria-ini-cuci-pembalut-bekas-pacarnya-sangkin-bucinnya-banjir-kecaman-netizen44_700.jpg,224,224,19.3
Residu,residu_bantal_20170629_141656.jpg,224,224,25.2
Residu,residu_bekas-popok-sekali-pakai-yang-dibuang-di-sungai.jpg,224,224,30.45
Residu,residu_bocah-australia-disekap-ibunya-di-kamar-penuh-popok-bekas.jpg,224,224,18.25
Residu,residu_body_a7d45a7fc0aa47789c6f6fedbcce453d.jpg,224,224,8.58
Residu,residu_bukan-untuk-mabuk-ini-11-manfaat-baik-pembalut-nomor-5-6-9-penting-banget-NfeZtQqIQ6.jpg,224,224,24.56
Residu,residu_C-gd-BSVwAAYseb.jpg,224,224,9.94
Residu,residu_C-gdaltUwAEo2P-.jpg,224,224,11.12
Residu,residu_C-geAx0V0AASZ5h.jpg,224,224,14.86
Residu,residu_C-geFfnV0AArEV6.jpg,224,224,11.59
Residu,residu_c3be3e283cad39905a430ac7153c56a2.jpg,224,224,26.92
Residu,residu_cara-membersihkan-noda-darah-menstruasi-720x519.jpg,224,224,13.57
Residu,residu_Cara-membuang-popok-bekas-yang-kotor.jpg,224,224,14.8
Residu,residu_CSMyAeU1P_natracare-r7UjnJHJxmY-unsplash.jpg,224,224,16.97
Residu,residu_Daur-Ulang-Popok-Bekas-Pakai-160120-agr-6.jpg,224,224,22.88
Residu,residu_daur-ulang-popok-bekas-pakai-ntue-dom.jpg,224,224,28.94
Residu,residu_daur-ulang-popok-bekas-pakai-ntuk-dom.jpg,224,224,25.83
Residu,residu_daur-ulang-popok-bekas-pakai-q46tnd-prv.jpg,224,224,27.61
Residu,residu_DdfKUrgVwAAcAKw.jpg,224,224,19.66
Residu,residu_diaper-bekas_20161028_163535.jpg,224,224,20.36
Residu,residu_DM-oF7NVQAATK7v.jpg,224,224,16.99
Residu,residu_DpjFAYxUcAAt3Pj.jpg,224,224,19.61
Residu,residu_DpjFDgmUwAA3uH_.jpg,224,224,16.02
Residu,residu_DpjFFYHVAAACihB.jpg,224,224,17.03
Residu,residu_DpjFLdAV4AEgosR.jpg,224,224,23.89
Residu,residu_DpjFqfMVsAI_b8A.jpg,224,224,17.33
Residu,residu_DpjFsVFUwAAsgbk.jpg,224,224,15.18
Residu,residu_DYzQmVQUMAAY9py.jpg,224,224,20.86
Residu,residu_Ecoton-Pemerintah-Diminta-Segera-Tangani-Sampah-Popok-Sekali-Pakai.jpg,224,224,34.95
Residu,residu_EzqwKg6VUAA-7AH.jpg,224,224,22.45
Residu,residu_F-BOKS.jpg,224,224,31.84
Residu,residu_f426f88215b4574902afb2fb080219bb.jpg,224,224,14.12
Residu,residu_FI-Mabuk-karena-pembalut.jpg,224,224,23.94
Residu,residu_hipwee-absorbent-nappy-3509508-640x346.jpg,224,224,15.32
Residu,residu_hipwee-KAO-Indonesia-750x422.jpg,224,224,27.29
Residu,residu_hipwee-Sampah-Popok-yang-berhasil-dikumpul-oleh-tim-Ecoton-750x422.jpg,224,224,24.25
Residu,residu_hqdefault2.jpg,224,224,17.25
Residu,residu_hqdefault3.jpg,224,224,21.2
Residu,residu_Ide-Kreatif-IRT-di-Makassar-Sulap-Sampah-Popok-Bekas-Jadi-Pot-Bunga.jpg,224,224,20.51
Residu,residu_ihkan-aliran-Sungai-Brantas-dari-sampah-popok-Foto-KBR-Zainul-Arifin_810x450.jpg,224,224,33.42
Residu,residu_Ilustrasi-net1d64bcd6b926aa9576da0a76826c6faa.md.jpg,224,224,17.03
Residu,residu_ilustrasi-pembalut-wanita--1-istockphoto-getty-images-istockphoto.jpg,224,224,27.15
Residu,residu_Image_1.jpg,224,224,20.24
Residu,residu_Image_10.jpg,224,224,26.89
Residu,residu_Image_100.jpg,224,224,15.73
Residu,residu_Image_102.jpg,224,224,30.06
Residu,residu_Image_104.jpg,224,224,32.13
Residu,residu_Image_105.jpg,224,224,27.79
Residu,residu_Image_106.jpg,224,224,32.11
Residu,residu_Image_107.jpg,224,224,26.53
Residu,residu_Image_108.jpg,224,224,27.48
Residu,residu_Image_109.jpg,224,224,26.61
Residu,residu_Image_11.jpg,224,224,16.81
Residu,residu_Image_110.jpg,224,224,29.84
Residu,residu_Image_112.jpg,224,224,21.29
Residu,residu_Image_113.jpg,224,224,9.22
Residu,residu_Image_114.JPG,224,224,25.32
Residu,residu_Image_115.jpg,224,224,33.36
Residu,residu_Image_116.jpg,224,224,25.79
Residu,residu_Image_117.jpg,224,224,21.04
Residu,residu_Image_118.jpg,224,224,24.19
Residu,residu_Image_119.jpg,224,224,13.71
Residu,residu_Image_12.jpg,224,224,18.17
Residu,residu_Image_120.jpg,224,224,20.76
Residu,residu_Image_121.jpg,224,224,16.63
Residu,residu_Image_122.jpg,224,224,23.38
Residu,residu_Image_124.jpg,224,224,25.82
Residu,residu_Image_125.jpg,224,224,23.16
Residu,residu_Image_126.jpg,224,224,28.7
Residu,residu_Image_127.jpg,224,224,28.79
Residu,residu_Image_128.jpg,224,224,16.76
Residu,residu_Image_129.JPG,224,224,25.56
Residu,residu_Image_13.jpg,224,224,19.45
Residu,residu_Image_130.JPG,224,224,22.2
Residu,residu_Image_131.JPG,224,224,30.26
Residu,residu_Image_132.jpg,224,224,23.91
Residu,residu_Image_133.jpg,224,224,21.71
Residu,residu_Image_134.jpg,224,224,28.28
Residu,residu_Image_136.jpg,224,224,34.27
Residu,residu_Image_137.jpg,224,224,26.3
Residu,residu_Image_138.jpg,224,224,25.52
Residu,residu_Image_139.jpg,224,224,23.25
Residu,residu_Image_14.jpg,224,224,27.47
Residu,residu_Image_141.jpg,224,224,26.09
Residu,residu_Image_143.jpg,224,224,15.98
Residu,residu_Image_145.jpg,224,224,36.87
Residu,residu_Image_146.jpg,224,224,25.42
Residu,residu_Image_148.jpg,224,224,27.81
Residu,residu_Image_15.jpg,224,224,18.61
Residu,residu_Image_16.jpg,224,224,11.15
Residu,residu_Image_17.jpg,224,224,23.83
Residu,residu_Image_18.jpg,224,224,26.26
Residu,residu_Image_19.jpg,224,224,29.76
Residu,residu_Image_2.jpg,224,224,17.16
Residu,residu_Image_20.jpg,224,224,12.11
Residu,residu_Image_21.jpg,224,224,16.97
Residu,residu_Image_22.jpg,224,224,40.68
Residu,residu_Image_23.jpg,224,224,27.07
Residu,residu_Image_24.jpg,224,224,9.55
Residu,residu_Image_25.jpg,224,224,29.14
Residu,residu_Image_26.jpg,224,224,23.58
Residu,residu_Image_27.jpg,224,224,26.3
Residu,residu_Image_3.jpg,224,224,25.5
Residu,residu_Image_32.jpg,224,224,35.84
Residu,residu_Image_33.jpg,224,224,35.89
Residu,residu_Image_34.jpg,224,224,8.82
Residu,residu_Image_36.jpg,224,224,15.29
Residu,residu_Image_37.jpg,224,224,8.31
Residu,residu_Image_39.jpg,224,224,19.38
Residu,residu_Image_42.jpg,224,224,37.88
Residu,residu_Image_43.jpg,224,224,32.04
Residu,residu_Image_45.jpg,224,224,17.87
Residu,residu_Image_47.jpg,224,224,22.23
Residu,residu_Image_48.jpg,224,224,16.84
Residu,residu_Image_49.jpg,224,224,23.07
Residu,residu_Image_5.jpg,224,224,26.93
Residu,residu_Image_50.jpg,224,224,27.41
Residu,residu_Image_51.jpg,224,224,26.94
Residu,residu_Image_55.jpg,224,224,13.58
Residu,residu_Image_56.jpg,224,224,22.19
Residu,residu_Image_57.jpg,224,224,20.17
Residu,residu_Image_58.jpg,224,224,23.78
Residu,residu_Image_60.jpg,224,224,11.21
Residu,residu_Image_61.jpg,224,224,29.42
Residu,residu_Image_63.jpg,224,224,16.7
Residu,residu_Image_64.jpg,224,224,32.01
Residu,residu_Image_67.jpg,224,224,18.63
Residu,residu_Image_7.jpg,224,224,22.79
Residu,residu_Image_70.jpg,224,224,33.52
Residu,residu_Image_71.jpg,224,224,39.79
Residu,residu_Image_72.jpg,224,224,29.96
Residu,residu_Image_73.jpg,224,224,26.75
Residu,residu_Image_74.jpg,224,224,27.97
Residu,residu_Image_75.jpg,224,224,16.0
Residu,residu_image_750x_62ee5f8c9416b.jpg,224,224,20.54
Residu,residu_Image_76.jpg,224,224,17.72
Residu,residu_Image_77.jpg,224,224,11.51
Residu,residu_Image_78.jpg,224,224,20.71
Residu,residu_Image_79.jpg,224,224,22.33
Residu,residu_Image_8.jpg,224,224,24.99
Residu,residu_Image_80.jpg,224,224,27.64
Residu,residu_Image_81.jpg,224,224,20.87
Residu,residu_Image_83.jpg,224,224,19.92
Residu,residu_Image_84.jpg,224,224,14.14
Residu,residu_Image_87.jpg,224,224,27.04
Residu,residu_Image_88.jpg,224,224,26.05
Residu,residu_Image_89.jpg,224,224,25.7
Residu,residu_Image_9.jpg,224,224,24.26
Residu,residu_Image_90.jpg,224,224,16.63
Residu,residu_Image_91.jpg,224,224,23.95
Residu,residu_Image_93.jpg,224,224,13.86
Residu,residu_Image_94.jpg,224,224,28.39
Residu,residu_Image_95.jpg,224,224,21.23
Residu,residu_Image_96.jpg,224,224,19.89
Residu,residu_Image_97.jpg,224,224,20.68
Residu,residu_Image_98.jpg,224,224,23.92
Residu,residu_Image_99.jpg,224,224,18.66
Residu,residu_img-1220-56132f64d57a6144078b4567.jpg,224,224,27.97
Residu,residu_img-1223-56132fe01cafbde0048b4569.jpg,224,224,31.52
Residu,residu_IMG-20220422-WA0003.jpg,224,224,28.57
Residu,residu_img-20230211-wa0017-1.jpg,224,224,26.56
Residu,residu_IMG_20200915_165826.jpg,224,224,16.93
Residu,residu_IMG_20200915_170044.jpg,224,224,17.42
Residu,residu_IMG_20200915_172347.jpg,224,224,17.24
Residu,residu_IMG_20200915_172404.jpg,224,224,14.8
Residu,residu_Jangan-Abaikan-Girls--Lakukan-4-Hal-Ini-Sebelum-Membuang-Pembalut-Bekas-Pakai-master-139431748.jpg,224,224,15.45
Residu,residu_jangan-dibuang-popok-bayi-sekali-pakai-bisa-didaur-ulang-gimana-caranya48_700.jpg,224,224,25.65
Residu,residu_kemenkes-9-pembalut-dan-7-pantyliner-lolos-uji-keamanan-1P3-thumb.jpg,224,224,19.96
Residu,residu_Kerjasama-K-C-Softex-Indonesia-dan-Duitin-untuk-Pengumpulan-Popok-Bekas-yang-akan-didaur-ulang-1.jpg,224,224,24.2
Residu,residu_limbah-popok-bekas-menjadi-media-tanam.jpg,224,224,35.14
Residu,residu_limbah-popok-jadi-rumah.jpg,224,224,17.63
Residu,residu_limbah-popok-menumpuk-di-kali-surabaya-bep-tagih-janji-gubernur-xjz.jpg,224,224,36.37
Residu,residu_liputan-20200304-224438.jpg,224,224,27.65
Residu,residu_lnvjzbyt8oggp16i7mpu.jpg,224,224,27.54
Residu,residu_Luncurkan_Program_Olah_Popok_Bayi_Bekas_Merrie.width-800.jpg,224,224,26.51
Residu,residu_lut.jpg,224,224,21.08
Residu,residu_maxresdefault.jpg,224,224,25.61
Residu,residu_membuang-pembalut.jpg,224,224,22.02
Residu,residu_memilukan-6-anak-tinggal-di-rumah-yang-dipenuhi-dengan-kotoran-anjing-dan-popok-bekas84_700.jpg,224,224,26.24
Residu,residu_mencermati-keamanan-pembalut-wanita.jpg,224,224,16.72
Residu,residu_Mitos-Pembalut-yang-Masih-Dipercaya.jpg,224,224,19.47
Residu,residu_mitos-tentang-popok-sekali-pakai.jpg,224,224,14.29
Residu,residu_netizen-geram-tetangganya-buang-sembarangan-pembalut-bekas-di-sebuah-kondominium-mewah-mstar.jpg,224,224,18.87
Residu,residu_nyeri1_20170112_105111.jpg,224,224,13.76
Residu,residu_OhR0Bgy9Tk.jpg,224,224,17.29
Residu,residu_pabrik-popok-daur-ulang_20170321_131737.jpg,224,224,27.42
Residu,residu_Pakai-Pembalut-Kain-Saat-Menstruasi-Apakah-Lebih-Sehat-1.jpg,224,224,17.7
Residu,residu_pampers-1-300x240.jpg,224,224,26.84
Residu,residu_pampers.jpg,224,224,21.35
Residu,residu_Pembalut-Bekas-Darah-Haid-Tidak-Boleh-Dibuang-Sembarangan-Simak-Penjelasannya.jpg,224,224,11.0
Residu,residu_pembalut-bekas-pakai-di-dalam-ceret-dua-pelaku-wanita.jpg,224,224,18.8
Residu,residu_pembalut-kain.jpg,224,224,21.53
Residu,residu_pembalut-keputihan.jpg,224,224,24.24
Residu,residu_pembalut-malam-dipakai-di-siang-hari-haid-menstruasi-mojok.co_.jpg,224,224,17.11
Residu,residu_pembalut-sayap-vs-tanpa-sayap.jpg,224,224,15.3
Residu,residu_pembalut2.jpg,224,224,11.09
Residu,residu_pembalut2Bbekas.jpg,224,224,13.55
Residu,residu_pembalut_20181108_155339.jpg,224,224,11.8
Residu,residu_Pemerintah-Diminta-Segera-Tangani-Sampah-Popok-Sekali-Pakai.jpg,224,224,36.07
Residu,residu_pemulung-koran-bekas-shalat-ied-ilustrasi-_110830122051-476.jpg,224,224,22.52
Residu,residu_Pengelolaan-Limbah-Pembalut.jpg,224,224,27.57
Residu,residu_pengendalian-sampah-popok-lemah_m_205109.jpg,224,224,32.41
Residu,residu_perusahaan-ini-kirim-popok-bekas-dan-kotoran-anjing-didenda-rp383-juta-OzepDMbHfD.jpg,224,224,30.57
Residu,residu_pexels-sora-shimazaki-5938423.jpg,224,224,9.88
Residu,residu_pillow3.jpg,224,224,24.3
Residu,residu_popok-2-45e7c7adacdedd969cb4ba0502eef4aa_800x420.jpg,224,224,14.52
Residu,residu_Popok-620x330.jpg,224,224,31.77
Residu,residu_Popok-bayi-bekas-dapat-didaur-ulang-menjadi-media-tanam.jpg,224,224,17.13
Residu,residu_popok-bayi-jadi-pot-bunga.JPG.jpg,224,224,24.82
Residu,residu_popok.jpg,224,224,34.81
Residu,residu_popok2.jpg__780x439_q85_subsampling-2.jpg,224,224,34.86
Residu,residu_popokbayisekalipakai.jpg,224,224,15.9
Residu,residu_popok_1.jpg,224,224,30.48
Residu,residu_Pot-bunga-yang-terbuat-dari-popok-bekas.5c07fbeb2f2c9b59.md.jpg,224,224,33.17
Residu,residu_residu_1.jpg,224,224,12.39
Residu,residu_residu_10.jpg,224,224,8.89
Residu,residu_residu_100.jpg,224,224,28.4
Residu,residu_residu_101.jpg,224,224,10.93
Residu,residu_residu_102.jpg,224,224,20.5
Residu,residu_residu_103.jpg,224,224,4.83
Residu,residu_residu_104.jpg,224,224,12.39
Residu,residu_residu_105.jpg,224,224,4.43
Residu,residu_residu_106.jpg,224,224,11.27
Residu,residu_residu_107.jpg,224,224,10.2
Residu,residu_residu_108.jpg,224,224,11.84
Residu,residu_residu_109.jpg,224,224,13.94
Residu,residu_residu_11.jpg,224,224,13.91
Residu,residu_residu_110.jpg,224,224,12.8
Residu,residu_residu_111.jpg,224,224,21.71
Residu,residu_residu_112.jpg,224,224,9.92
Residu,residu_residu_113.jpg,224,224,6.43
Residu,residu_residu_114.jpg,224,224,7.37
Residu,residu_residu_115.jpg,224,224,14.75
Residu,residu_residu_116.jpg,224,224,16.08
Residu,residu_residu_117.jpg,224,224,15.57
Residu,residu_residu_118.jpg,224,224,9.95
Residu,residu_residu_119.jpg,224,224,6.24
Residu,residu_residu_12.jpg,224,224,9.09
Residu,residu_residu_120.jpg,224,224,5.97
Residu,residu_residu_121.jpg,224,224,11.46
Residu,residu_residu_122.jpg,224,224,8.38
Residu,residu_residu_123.jpg,224,224,5.05
Residu,residu_residu_124.jpg,224,224,18.38
Residu,residu_residu_125.jpg,224,224,6.92
Residu,residu_residu_126.jpg,224,224,28.42
Residu,residu_residu_127.jpg,224,224,5.09
Residu,residu_residu_128.jpg,224,224,27.05
Residu,residu_residu_129.jpg,224,224,16.68
Residu,residu_residu_13.jpg,224,224,9.08
Residu,residu_residu_130.jpg,224,224,16.67
Residu,residu_residu_131.jpg,224,224,11.35
Residu,residu_residu_132.jpg,224,224,9.69
Residu,residu_residu_133.jpg,224,224,16.17
Residu,residu_residu_134.jpg,224,224,24.47
Residu,residu_residu_135.jpg,224,224,17.79
Residu,residu_residu_136.jpg,224,224,7.27
Residu,residu_residu_137.jpg,224,224,13.53
Residu,residu_residu_138.jpg,224,224,21.03
Residu,residu_residu_139.jpg,224,224,9.77
Residu,residu_residu_14.jpg,224,224,7.29
Residu,residu_residu_140.jpg,224,224,24.46
Residu,residu_residu_141.jpg,224,224,15.14
Residu,residu_residu_142.jpg,224,224,9.0
Residu,residu_residu_143.jpg,224,224,7.17
Residu,residu_residu_144.jpg,224,224,28.87
Residu,residu_residu_145.jpg,224,224,13.61
Residu,residu_residu_146.jpg,224,224,11.28
Residu,residu_residu_147.jpg,224,224,9.75
Residu,residu_residu_148.jpg,224,224,14.98
Residu,residu_residu_149.jpg,224,224,8.86
Residu,residu_residu_15.jpg,224,224,24.2
Residu,residu_residu_150.jpg,224,224,20.97
Residu,residu_residu_151.jpg,224,224,6.64
Residu,residu_residu_152.jpg,224,224,4.73
Residu,residu_residu_153.jpg,224,224,9.31
Residu,residu_residu_154.jpg,224,224,12.2
Residu,residu_residu_155.jpg,224,224,5.21
Residu,residu_residu_156.jpg,224,224,20.46
Residu,residu_residu_157.jpg,224,224,8.04
Residu,residu_residu_158.jpg,224,224,15.53
Residu,residu_residu_159.jpg,224,224,10.78
Residu,residu_residu_16.jpg,224,224,18.89
Residu,residu_residu_160.jpg,224,224,17.22
Residu,residu_residu_161.jpg,224,224,31.5
Residu,residu_residu_162.jpg,224,224,28.87
Residu,residu_residu_163.jpg,224,224,8.91
Residu,residu_residu_164.jpg,224,224,20.51
Residu,residu_residu_165.jpg,224,224,6.02
Residu,residu_residu_166.jpg,224,224,25.65
Residu,residu_residu_167.jpg,224,224,9.41
Residu,residu_residu_168.jpg,224,224,18.29
Residu,residu_residu_169.jpg,224,224,7.02
Residu,residu_residu_17.jpg,224,224,6.64
Residu,residu_residu_170.jpg,224,224,23.23
Residu,residu_residu_171.jpg,224,224,22.14
Residu,residu_residu_172.jpg,224,224,5.94
Residu,residu_residu_173.jpg,224,224,6.2
Residu,residu_residu_174.jpg,224,224,5.01
Residu,residu_residu_175.jpg,224,224,7.22
Residu,residu_residu_176.jpg,224,224,26.48
Residu,residu_residu_177.jpg,224,224,27.57
Residu,residu_residu_178.jpg,224,224,7.66
Residu,residu_residu_179.jpg,224,224,5.76
Residu,residu_residu_18.jpg,224,224,9.18
Residu,residu_residu_180.jpg,224,224,10.56
Residu,residu_residu_181.jpg,224,224,4.36
Residu,residu_residu_182.jpg,224,224,10.33
Residu,residu_residu_183.jpg,224,224,22.89
Residu,residu_residu_184.jpg,224,224,16.19
Residu,residu_residu_185.jpg,224,224,34.78
Residu,residu_residu_186.jpg,224,224,25.49
Residu,residu_residu_187.jpg,224,224,6.21
Residu,residu_residu_188.jpg,224,224,9.65
Residu,residu_residu_189.jpg,224,224,5.39
Residu,residu_residu_19.jpg,224,224,14.12
Residu,residu_residu_190.jpg,224,224,33.58
Residu,residu_residu_191.jpg,224,224,15.91
Residu,residu_residu_192.jpg,224,224,9.76
Residu,residu_residu_193.jpg,224,224,5.6
Residu,residu_residu_194.jpg,224,224,28.14
Residu,residu_residu_195.jpg,224,224,12.89
Residu,residu_residu_196.jpg,224,224,20.04
Residu,residu_residu_197.jpg,224,224,19.76
Residu,residu_residu_198.jpg,224,224,20.23
Residu,residu_residu_199.jpg,224,224,26.79
Residu,residu_residu_2.jpg,224,224,6.29
Residu,residu_residu_20.jpg,224,224,9.22
Residu,residu_residu_200.jpg,224,224,13.92
Residu,residu_residu_201.jpg,224,224,29.2
Residu,residu_residu_202.jpg,224,224,7.9
Residu,residu_residu_203.jpg,224,224,12.82
Residu,residu_residu_204.jpg,224,224,11.7
Residu,residu_residu_205.jpg,224,224,18.18
Residu,residu_residu_206.jpg,224,224,8.3
Residu,residu_residu_207.jpg,224,224,6.1
Residu,residu_residu_208.jpg,224,224,15.05
Residu,residu_residu_209.jpg,224,224,6.63
Residu,residu_residu_21.jpg,224,224,17.65
Residu,residu_residu_210.jpg,224,224,10.37
Residu,residu_residu_211.jpg,224,224,9.87
Residu,residu_residu_212.jpg,224,224,6.34
Residu,residu_residu_213.jpg,224,224,16.42
Residu,residu_residu_214.jpg,224,224,5.7
Residu,residu_residu_215.jpg,224,224,4.47
Residu,residu_residu_216.jpg,224,224,13.79
Residu,residu_residu_217.jpg,224,224,6.03
Residu,residu_residu_218.jpg,224,224,8.77
Residu,residu_residu_219.jpg,224,224,5.39
Residu,residu_residu_22.jpg,224,224,32.2
Residu,residu_residu_220.jpg,224,224,7.55
Residu,residu_residu_221.jpg,224,224,21.98
Residu,residu_residu_222.jpg,224,224,7.76
Residu,residu_residu_223.jpg,224,224,11.64
Residu,residu_residu_224.jpg,224,224,20.5
Residu,residu_residu_225.jpg,224,224,7.54
Residu,residu_residu_226.jpg,224,224,12.83
Residu,residu_residu_227.jpg,224,224,4.27
Residu,residu_residu_228.jpg,224,224,22.2
Residu,residu_residu_229.jpg,224,224,9.89
Residu,residu_residu_23.jpg,224,224,7.75
Residu,residu_residu_230.jpg,224,224,27.38
Residu,residu_residu_231.jpg,224,224,12.21
Residu,residu_residu_232.jpg,224,224,17.68
Residu,residu_residu_233.jpg,224,224,11.54
Residu,residu_residu_234.jpg,224,224,5.04
Residu,residu_residu_235.jpg,224,224,9.24
Residu,residu_residu_236.jpg,224,224,13.87
Residu,residu_residu_237.jpg,224,224,7.46
Residu,residu_residu_238.jpg,224,224,10.39
Residu,residu_residu_239.jpg,224,224,21.09
Residu,residu_residu_24.jpg,224,224,13.47
Residu,residu_residu_240.jpg,224,224,9.1
Residu,residu_residu_241.jpg,224,224,11.96
Residu,residu_residu_242.jpg,224,224,8.99
Residu,residu_residu_243.jpg,224,224,14.42
Residu,residu_residu_244.jpg,224,224,11.22
Residu,residu_residu_245.jpg,224,224,18.23
Residu,residu_residu_246.jpg,224,224,10.17
Residu,residu_residu_247.jpg,224,224,8.15
Residu,residu_residu_248.jpg,224,224,14.09
Residu,residu_residu_249.jpg,224,224,12.03
Residu,residu_residu_25.jpg,224,224,12.41
Residu,residu_residu_250.jpg,224,224,13.94
Residu,residu_residu_251.jpg,224,224,11.88
Residu,residu_residu_252.jpg,224,224,9.74
Residu,residu_residu_253.jpg,224,224,10.37
Residu,residu_residu_254.jpg,224,224,29.99
Residu,residu_residu_255.jpg,224,224,17.94
Residu,residu_residu_256.jpg,224,224,11.57
Residu,residu_residu_257.jpg,224,224,15.85
Residu,residu_residu_258.jpg,224,224,16.37
Residu,residu_residu_259.jpg,224,224,28.93
Residu,residu_residu_26.jpg,224,224,6.11
Residu,residu_residu_260.jpg,224,224,14.82
Residu,residu_residu_261.jpg,224,224,9.11
Residu,residu_residu_262.jpg,224,224,11.97
Residu,residu_residu_263.jpg,224,224,8.89
Residu,residu_residu_264.jpg,224,224,6.96
Residu,residu_residu_265.jpg,224,224,8.79
Residu,residu_residu_266.jpg,224,224,12.49
Residu,residu_residu_267.jpg,224,224,16.44
Residu,residu_residu_268.jpg,224,224,8.22
Residu,residu_residu_269.jpg,224,224,11.93
Residu,residu_residu_27.jpg,224,224,10.06
Residu,residu_residu_270.jpg,224,224,9.88
Residu,residu_residu_271.jpg,224,224,8.88
Residu,residu_residu_272.jpg,224,224,7.57
Residu,residu_residu_273.jpg,224,224,8.94
Residu,residu_residu_274.jpg,224,224,18.81
Residu,residu_residu_275.jpg,224,224,8.61
Residu,residu_residu_276.jpg,224,224,7.47
Residu,residu_residu_277.jpg,224,224,10.35
Residu,residu_residu_278.jpg,224,224,10.37
Residu,residu_residu_279.jpg,224,224,6.85
Residu,residu_residu_28.jpg,224,224,5.16
Residu,residu_residu_280.jpg,224,224,6.03
Residu,residu_residu_281.jpg,224,224,18.07
Residu,residu_residu_282.jpg,224,224,6.26
Residu,residu_residu_283.jpg,224,224,19.49
Residu,residu_residu_284.jpg,224,224,13.16
Residu,residu_residu_285.jpg,224,224,4.41
Residu,residu_residu_286.jpg,224,224,10.08
Residu,residu_residu_287.jpg,224,224,8.18
Residu,residu_residu_288.jpg,224,224,7.65
Residu,residu_residu_289.jpg,224,224,29.81
Residu,residu_residu_29.jpg,224,224,7.57
Residu,residu_residu_290.jpg,224,224,6.02
Residu,residu_residu_291.jpg,224,224,8.87
Residu,residu_residu_292.jpg,224,224,10.05
Residu,residu_residu_293.jpg,224,224,5.44
Residu,residu_residu_294.jpg,224,224,8.49
Residu,residu_residu_295.jpg,224,224,12.7
Residu,residu_residu_296.jpg,224,224,10.88
Residu,residu_residu_297.jpg,224,224,14.14
Residu,residu_residu_298.jpg,224,224,18.76
Residu,residu_residu_299.jpg,224,224,13.7
Residu,residu_residu_3.jpg,224,224,10.19
Residu,residu_residu_30.jpg,224,224,5.32
Residu,residu_residu_300.jpg,224,224,12.55
Residu,residu_residu_301.jpg,224,224,11.45
Residu,residu_residu_302.jpg,224,224,5.52
Residu,residu_residu_303.jpg,224,224,26.2
Residu,residu_residu_304.jpg,224,224,8.87
Residu,residu_residu_305.jpg,224,224,15.55
Residu,residu_residu_306.jpg,224,224,10.2
Residu,residu_residu_307.jpg,224,224,7.98
Residu,residu_residu_308.jpg,224,224,8.7
Residu,residu_residu_309.jpg,224,224,21.71
Residu,residu_residu_31.jpg,224,224,11.63
Residu,residu_residu_310.jpg,224,224,7.03
Residu,residu_residu_311.jpg,224,224,6.32
Residu,residu_residu_312.jpg,224,224,10.04
Residu,residu_residu_313.jpg,224,224,6.42
Residu,residu_residu_314.jpg,224,224,9.17
Residu,residu_residu_315.jpg,224,224,8.13
Residu,residu_residu_316.jpg,224,224,6.45
Residu,residu_residu_317.jpg,224,224,10.76
Residu,residu_residu_318.jpg,224,224,11.04
Residu,residu_residu_319.jpg,224,224,10.52
Residu,residu_residu_32.jpg,224,224,9.71
Residu,residu_residu_320.jpg,224,224,5.77
Residu,residu_residu_321.jpg,224,224,6.61
Residu,residu_residu_322.jpg,224,224,7.99
Residu,residu_residu_33.jpg,224,224,6.5
Residu,residu_residu_34.jpg,224,224,24.34
Residu,residu_residu_35.jpg,224,224,13.5
Residu,residu_residu_36.jpg,224,224,26.96
Residu,residu_residu_37.jpg,224,224,6.48
Residu,residu_residu_38.jpg,224,224,7.48
Residu,residu_residu_39.jpg,224,224,10.29
Residu,residu_residu_4.jpg,224,224,4.77
Residu,residu_residu_40.jpg,224,224,8.94
Residu,residu_residu_41.jpg,224,224,8.48
Residu,residu_residu_42.jpg,224,224,12.9
Residu,residu_residu_43.jpg,224,224,8.67
Residu,residu_residu_44.jpg,224,224,20.97
Residu,residu_residu_45.jpg,224,224,25.33
Residu,residu_residu_46.jpg,224,224,19.79
Residu,residu_residu_47.jpg,224,224,7.09
Residu,residu_residu_48.jpg,224,224,5.56
Residu,residu_residu_49.jpg,224,224,6.05
Residu,residu_residu_5.jpg,224,224,13.42
Residu,residu_residu_50.jpg,224,224,9.01
Residu,residu_residu_51.jpg,224,224,6.99
Residu,residu_residu_52.jpg,224,224,8.15
Residu,residu_residu_53.jpg,224,224,25.73
Residu,residu_residu_54.jpg,224,224,16.77
Residu,residu_residu_55.jpg,224,224,23.48
Residu,residu_residu_56.jpg,224,224,7.09
Residu,residu_residu_57.jpg,224,224,5.87
Residu,residu_residu_58.jpg,224,224,20.71
Residu,residu_residu_59.jpg,224,224,19.81
Residu,residu_residu_6.jpg,224,224,8.72
Residu,residu_residu_60.jpg,224,224,6.61
Residu,residu_residu_61.jpg,224,224,30.95
Residu,residu_residu_62.jpg,224,224,7.95
Residu,residu_residu_63.jpg,224,224,10.35
Residu,residu_residu_64.jpg,224,224,8.78
Residu,residu_residu_65.jpg,224,224,27.6
Residu,residu_residu_66.jpg,224,224,12.69
Residu,residu_residu_67.jpg,224,224,9.56
Residu,residu_residu_68.jpg,224,224,14.89
Residu,residu_residu_69.jpg,224,224,13.65
Residu,residu_residu_7.jpg,224,224,13.48
Residu,residu_residu_70.jpg,224,224,13.94
Residu,residu_residu_71.jpg,224,224,4.72
Residu,residu_residu_72.jpg,224,224,8.97
Residu,residu_residu_73.jpg,224,224,14.82
Residu,residu_residu_74.jpg,224,224,14.93
Residu,residu_residu_75.jpg,224,224,18.33
Residu,residu_residu_76.jpg,224,224,11.39
Residu,residu_residu_77.jpg,224,224,17.89
Residu,residu_residu_78.jpg,224,224,7.21
Residu,residu_residu_79.jpg,224,224,31.09
Residu,residu_residu_8.jpg,224,224,14.1
Residu,residu_residu_80.jpg,224,224,6.19
Residu,residu_residu_81.jpg,224,224,29.25
Residu,residu_residu_82.jpg,224,224,17.9
Residu,residu_residu_83.jpg,224,224,8.43
Residu,residu_residu_84.jpg,224,224,14.27
Residu,residu_residu_85.jpg,224,224,7.16
Residu,residu_residu_86.jpg,224,224,9.95
Residu,residu_residu_87.jpg,224,224,7.81
Residu,residu_residu_88.jpg,224,224,9.01
Residu,residu_residu_89.jpg,224,224,16.35
Residu,residu_residu_9.jpg,224,224,17.06
Residu,residu_residu_90.jpg,224,224,17.72
Residu,residu_residu_91.jpg,224,224,13.67
Residu,residu_residu_92.jpg,224,224,8.1
Residu,residu_residu_93.jpg,224,224,14.1
Residu,residu_residu_94.jpg,224,224,13.6
Residu,residu_residu_95.jpg,224,224,18.75
Residu,residu_residu_96.jpg,224,224,5.0
Residu,residu_residu_97.jpg,224,224,11.48
Residu,residu_residu_98.jpg,224,224,23.34
Residu,residu_residu_99.jpg,224,224,23.32
Residu,residu_Rupaya-Pembalut-Sekali-Pakai-Berbahaya-Bagi-Lingkungan.jpg,224,224,8.42
Residu,residu_R_3200.jpg,224,224,5.52
Residu,residu_R_3201.jpg,224,224,5.28
Residu,residu_R_3202.jpg,224,224,5.76
Residu,residu_R_3203.jpg,224,224,4.1
Residu,residu_R_3204.jpg,224,224,7.12
Residu,residu_R_3205.jpg,224,224,6.53
Residu,residu_R_3206.jpg,224,224,13.99
Residu,residu_R_3207.jpg,224,224,9.36
Residu,residu_R_3208.jpg,224,224,6.45
Residu,residu_R_3209.jpg,224,224,4.96
Residu,residu_R_3210.jpg,224,224,6.53
Residu,residu_R_3211.jpg,224,224,7.34
Residu,residu_R_3212.jpg,224,224,5.0
Residu,residu_R_3213.jpg,224,224,6.68
Residu,residu_R_3214.jpg,224,224,11.65
Residu,residu_R_3215.jpg,224,224,5.22
Residu,residu_R_3216.jpg,224,224,6.8
Residu,residu_R_3217.jpg,224,224,5.38
Residu,residu_R_3218.jpg,224,224,11.96
Residu,residu_R_3219.jpg,224,224,23.78
Residu,residu_R_3220.jpg,224,224,6.46
Residu,residu_R_3221.jpg,224,224,11.01
Residu,residu_R_3222.jpg,224,224,5.9
Residu,residu_R_3223.jpg,224,224,4.91
Residu,residu_R_3224.jpg,224,224,5.06
Residu,residu_R_3225.jpg,224,224,5.76
Residu,residu_R_3226.jpg,224,224,5.74
Residu,residu_R_3227.jpg,224,224,4.38
Residu,residu_R_3228.jpg,224,224,5.05
Residu,residu_R_3229.jpg,224,224,11.84
Residu,residu_R_3230.jpg,224,224,3.7
Residu,residu_R_3231.jpg,224,224,7.55
Residu,residu_R_3232.jpg,224,224,5.38
Residu,residu_R_3233.jpg,224,224,6.73
Residu,residu_R_3234.jpg,224,224,9.7
Residu,residu_R_3235.jpg,224,224,7.33
Residu,residu_R_3236.jpg,224,224,14.33
Residu,residu_R_3237.jpg,224,224,13.59
Residu,residu_R_3238.jpg,224,224,4.52
Residu,residu_R_3239.jpg,224,224,12.1
Residu,residu_R_3240.jpg,224,224,6.52
Residu,residu_R_3241.jpg,224,224,7.16
Residu,residu_R_3242.jpg,224,224,4.47
Residu,residu_R_3243.jpg,224,224,7.21
Residu,residu_R_3244.jpg,224,224,7.18
Residu,residu_R_3245.jpg,224,224,7.75
Residu,residu_R_3246.jpg,224,224,5.04
Residu,residu_R_3247.jpg,224,224,2.86
Residu,residu_R_3248.jpg,224,224,10.82
Residu,residu_R_3249.jpg,224,224,16.89
Residu,residu_R_3250.jpg,224,224,9.93
Residu,residu_R_3251.jpg,224,224,4.19
Residu,residu_R_3252.jpg,224,224,6.52
Residu,residu_R_3253.jpg,224,224,5.16
Residu,residu_R_3254.jpg,224,224,3.95
Residu,residu_R_3255.jpg,224,224,5.11
Residu,residu_R_3256.jpg,224,224,7.3
Residu,residu_R_3257.jpg,224,224,8.17
Residu,residu_R_3258.jpg,224,224,12.0
Residu,residu_R_3259.jpg,224,224,5.37
Residu,residu_R_3260.jpg,224,224,8.06
Residu,residu_R_3261.jpg,224,224,6.36
Residu,residu_R_3262.jpg,224,224,13.99
Residu,residu_R_3263.jpg,224,224,9.7
Residu,residu_R_3264.jpg,224,224,7.8
Residu,residu_R_3265.jpg,224,224,9.74
Residu,residu_R_3266.jpg,224,224,3.44
Residu,residu_R_3267.jpg,224,224,15.12
Residu,residu_R_3268.jpg,224,224,15.74
Residu,residu_R_3269.jpg,224,224,9.98
Residu,residu_R_3270.jpg,224,224,4.15
Residu,residu_R_3271.jpg,224,224,7.89
Residu,residu_R_3272.jpg,224,224,17.11
Residu,residu_R_3273.jpg,224,224,5.66
Residu,residu_R_3274.jpg,224,224,2.3
Residu,residu_R_3275.jpg,224,224,3.09
Residu,residu_R_3276.jpg,224,224,3.88
Residu,residu_R_3277.jpg,224,224,12.42
Residu,residu_R_3278.jpg,224,224,5.21
Residu,residu_R_3279.jpg,224,224,6.88
Residu,residu_R_3280.jpg,224,224,7.12
Residu,residu_R_3281.jpg,224,224,17.13
Residu,residu_R_3282.jpg,224,224,20.7
Residu,residu_R_3283.jpg,224,224,4.68
Residu,residu_R_3284.jpg,224,224,10.07
Residu,residu_R_3285.jpg,224,224,5.57
Residu,residu_R_3286.jpg,224,224,4.8
Residu,residu_R_3287.jpg,224,224,2.61
Residu,residu_R_3288.jpg,224,224,6.62
Residu,residu_R_3289.jpg,224,224,11.42
Residu,residu_R_3290.jpg,224,224,8.84
Residu,residu_R_3291.jpg,224,224,7.41
Residu,residu_R_3292.jpg,224,224,4.07
Residu,residu_R_3293.jpg,224,224,3.83
Residu,residu_R_3294.jpg,224,224,9.49
Residu,residu_R_3295.jpg,224,224,9.17
Residu,residu_R_3296.jpg,224,224,19.9
Residu,residu_R_3297.jpg,224,224,7.02
Residu,residu_R_3298.jpg,224,224,4.48
Residu,residu_R_3299.jpg,224,224,9.3
Residu,residu_R_3300.jpg,224,224,6.93
Residu,residu_R_3301.jpg,224,224,5.97
Residu,residu_R_3302.jpg,224,224,14.4
Residu,residu_R_3303.jpg,224,224,5.9
Residu,residu_R_3304.jpg,224,224,16.45
Residu,residu_R_3305.jpg,224,224,5.6
Residu,residu_R_3306.jpg,224,224,6.73
Residu,residu_R_3307.jpg,224,224,6.62
Residu,residu_R_3308.jpg,224,224,16.71
Residu,residu_R_3309.jpg,224,224,17.98
Residu,residu_R_3310.jpg,224,224,4.07
Residu,residu_R_3311.jpg,224,224,3.85
Residu,residu_R_3312.jpg,224,224,8.6
Residu,residu_R_3313.jpg,224,224,6.76
Residu,residu_R_3314.jpg,224,224,9.21
Residu,residu_R_3315.jpg,224,224,10.81
Residu,residu_R_3316.jpg,224,224,13.09
Residu,residu_R_3317.jpg,224,224,7.88
Residu,residu_R_3318.jpg,224,224,9.49
Residu,residu_R_3319.jpg,224,224,6.37
Residu,residu_R_3320.jpg,224,224,12.02
Residu,residu_R_3321.jpg,224,224,11.42
Residu,residu_R_3322.jpg,224,224,7.32
Residu,residu_R_3323.jpg,224,224,12.59
Residu,residu_R_3324.jpg,224,224,3.75
Residu,residu_R_3325.jpg,224,224,3.48
Residu,residu_R_3326.jpg,224,224,7.42
Residu,residu_R_3327.jpg,224,224,15.44
Residu,residu_R_3328.jpg,224,224,12.67
Residu,residu_R_3329.jpg,224,224,17.85
Residu,residu_R_3330.jpg,224,224,5.92
Residu,residu_R_3331.jpg,224,224,6.16
Residu,residu_R_3332.jpg,224,224,15.49
Residu,residu_R_3333.jpg,224,224,3.48
Residu,residu_R_3334.jpg,224,224,11.12
Residu,residu_R_3335.jpg,224,224,15.24
Residu,residu_R_3336.jpg,224,224,17.11
Residu,residu_R_3337.jpg,224,224,9.25
Residu,residu_R_3338.jpg,224,224,6.67
Residu,residu_R_3339.jpg,224,224,17.49
Residu,residu_R_3340.jpg,224,224,11.04
Residu,residu_R_3341.jpg,224,224,4.51
Residu,residu_R_3342.jpg,224,224,8.31
Residu,residu_R_3343.jpg,224,224,11.87
Residu,residu_R_3344.jpg,224,224,6.63
Residu,residu_R_3345.jpg,224,224,6.54
Residu,residu_R_3346.jpg,224,224,11.01
Residu,residu_R_3347.jpg,224,224,13.26
Residu,residu_R_3348.jpg,224,224,18.06
Residu,residu_R_3349.jpg,224,224,8.51
Residu,residu_R_3350.jpg,224,224,12.54
Residu,residu_R_3351.jpg,224,224,10.53
Residu,residu_R_3352.jpg,224,224,12.58
Residu,residu_R_3353.jpg,224,224,7.96
Residu,residu_R_3354.jpg,224,224,14.22
Residu,residu_R_3355.jpg,224,224,13.73
Residu,residu_R_3356.jpg,224,224,9.91
Residu,residu_R_3357.jpg,224,224,3.82
Residu,residu_R_3358.jpg,224,224,6.71
Residu,residu_R_3359.jpg,224,224,3.88
Residu,residu_R_3360.jpg,224,224,16.38
Residu,residu_R_3361.jpg,224,224,6.1
Residu,residu_R_3362.jpg,224,224,18.99
Residu,residu_R_3363.jpg,224,224,17.7
Residu,residu_R_3364.jpg,224,224,12.78
Residu,residu_R_3365.jpg,224,224,11.33
Residu,residu_R_3366.jpg,224,224,5.37
Residu,residu_R_3367.jpg,224,224,7.51
Residu,residu_R_3368.jpg,224,224,10.49
Residu,residu_R_3369.jpg,224,224,14.55
Residu,residu_R_3370.jpg,224,224,10.9
Residu,residu_R_3371.jpg,224,224,7.53
Residu,residu_R_3372.jpg,224,224,16.84
Residu,residu_R_3373.jpg,224,224,10.74
Residu,residu_R_3374.jpg,224,224,13.03
Residu,residu_R_3375.jpg,224,224,14.32
Residu,residu_R_3376.jpg,224,224,9.32
Residu,residu_R_3377.jpg,224,224,10.23
Residu,residu_R_3378.jpg,224,224,10.82
Residu,residu_R_3379.jpg,224,224,14.15
Residu,residu_R_3380.jpg,224,224,14.77
Residu,residu_R_3381.jpg,224,224,4.36
Residu,residu_R_3382.jpg,224,224,8.36
Residu,residu_R_3383.jpg,224,224,12.63
Residu,residu_R_3384.jpg,224,224,6.76
Residu,residu_R_3385.jpg,224,224,13.44
Residu,residu_R_3386.jpg,224,224,5.79
Residu,residu_R_3387.jpg,224,224,17.04
Residu,residu_R_3388.jpg,224,224,18.9
Residu,residu_R_3389.jpg,224,224,17.31
Residu,residu_R_3390.jpg,224,224,9.2
Residu,residu_R_3391.jpg,224,224,5.94
Residu,residu_R_3392.jpg,224,224,12.35
Residu,residu_R_3393.jpg,224,224,8.15
Residu,residu_R_3394.jpg,224,224,19.4
Residu,residu_R_3395.jpg,224,224,12.2
Residu,residu_R_3396.jpg,224,224,13.92
Residu,residu_R_3397.jpg,224,224,6.01
Residu,residu_R_3398.jpg,224,224,7.78
Residu,residu_R_3399.jpg,224,224,6.5
Residu,residu_R_3400.jpg,224,224,3.83
Residu,residu_R_3401.jpg,224,224,10.37
Residu,residu_R_3402.jpg,224,224,10.58
Residu,residu_R_3403.jpg,224,224,4.79
Residu,residu_R_3404.jpg,224,224,14.39
Residu,residu_R_3405.jpg,224,224,4.61
Residu,residu_R_3406.jpg,224,224,15.85
Residu,residu_R_3407.jpg,224,224,5.82
Residu,residu_R_3408.jpg,224,224,11.82
Residu,residu_R_3409.jpg,224,224,11.69
Residu,residu_R_3410.jpg,224,224,5.1
Residu,residu_R_3411.jpg,224,224,17.67
Residu,residu_R_3412.jpg,224,224,6.63
Residu,residu_R_3413.jpg,224,224,4.77
Residu,residu_R_3414.jpg,224,224,17.88
Residu,residu_R_3415.jpg,224,224,9.83
Residu,residu_R_3416.jpg,224,224,7.21
Residu,residu_R_3417.jpg,224,224,5.8
Residu,residu_R_3418.jpg,224,224,7.51
Residu,residu_R_3419.jpg,224,224,15.32
Residu,residu_R_3420.jpg,224,224,3.72
Residu,residu_R_3421.jpg,224,224,18.29
Residu,residu_R_3422.jpg,224,224,8.94
Residu,residu_R_3423.jpg,224,224,8.83
Residu,residu_R_3424.jpg,224,224,6.77
Residu,residu_R_3425.jpg,224,224,12.37
Residu,residu_R_3426.jpg,224,224,7.41
Residu,residu_R_3427.jpg,224,224,14.69
Residu,residu_R_3428.jpg,224,224,8.89
Residu,residu_R_3429.jpg,224,224,3.5
Residu,residu_R_3430.jpg,224,224,9.66
Residu,residu_R_3431.jpg,224,224,7.69
Residu,residu_R_3432.jpg,224,224,9.57
Residu,residu_R_3433.jpg,224,224,5.06
Residu,residu_R_3434.jpg,224,224,6.89
Residu,residu_R_3435.jpg,224,224,17.44
Residu,residu_R_3436.jpg,224,224,8.15
Residu,residu_R_3437.jpg,224,224,15.67
Residu,residu_R_3438.jpg,224,224,8.18
Residu,residu_R_3439.jpg,224,224,11.33
Residu,residu_R_3440.jpg,224,224,9.78
Residu,residu_R_3441.jpg,224,224,2.9
Residu,residu_R_3442.jpg,224,224,8.63
Residu,residu_R_3443.jpg,224,224,20.79
Residu,residu_R_3444.jpg,224,224,10.1
Residu,residu_R_3445.jpg,224,224,13.74
Residu,residu_R_3446.jpg,224,224,6.32
Residu,residu_R_3447.jpg,224,224,17.63
Residu,residu_R_3448.jpg,224,224,15.48
Residu,residu_R_3449.jpg,224,224,4.15
Residu,residu_R_3450.jpg,224,224,12.61
Residu,residu_R_3451.jpg,224,224,13.77
Residu,residu_R_3452.jpg,224,224,8.86
Residu,residu_R_3453.jpg,224,224,14.85
Residu,residu_R_3454.jpg,224,224,8.84
Residu,residu_R_3455.jpg,224,224,13.41
Residu,residu_R_3456.jpg,224,224,7.37
Residu,residu_R_3457.jpg,224,224,9.5
Residu,residu_R_3458.jpg,224,224,9.12
Residu,residu_R_3459.jpg,224,224,12.79
Residu,residu_R_3460.jpg,224,224,5.84
Residu,residu_R_3461.jpg,224,224,8.65
Residu,residu_R_3462.jpg,224,224,5.16
Residu,residu_R_3463.jpg,224,224,8.72
Residu,residu_R_3464.jpg,224,224,12.46
Residu,residu_R_3465.jpg,224,224,9.95
Residu,residu_R_3466.jpg,224,224,19.26
Residu,residu_R_3467.jpg,224,224,12.91
Residu,residu_R_3468.jpg,224,224,2.65
Residu,residu_R_3469.jpg,224,224,18.88
Residu,residu_R_3470.jpg,224,224,8.82
Residu,residu_R_3471.jpg,224,224,12.97
Residu,residu_R_3472.jpg,224,224,3.92
Residu,residu_R_3473.jpg,224,224,6.81
Residu,residu_R_3474.jpg,224,224,7.05
Residu,residu_R_3475.jpg,224,224,6.56
Residu,residu_R_3476.jpg,224,224,7.46
Residu,residu_R_3477.jpg,224,224,7.63
Residu,residu_R_3478.jpg,224,224,11.79
Residu,residu_R_3479.jpg,224,224,16.22
Residu,residu_R_3480.jpg,224,224,7.01
Residu,residu_R_3481.jpg,224,224,7.69
Residu,residu_R_3482.jpg,224,224,4.6
Residu,residu_R_3483.jpg,224,224,3.26
Residu,residu_R_3484.jpg,224,224,7.09
Residu,residu_R_3485.jpg,224,224,8.75
Residu,residu_R_3486.jpg,224,224,5.26
Residu,residu_R_3487.jpg,224,224,2.34
Residu,residu_R_3488.jpg,224,224,6.81
Residu,residu_R_3489.jpg,224,224,11.2
Residu,residu_R_3490.jpg,224,224,9.97
Residu,residu_R_3491.jpg,224,224,10.65
Residu,residu_R_3492.jpg,224,224,14.11
Residu,residu_R_3493.jpg,224,224,9.28
Residu,residu_R_3494.jpg,224,224,13.57
Residu,residu_R_3495.jpg,224,224,9.83
Residu,residu_R_3496.jpg,224,224,6.37
Residu,residu_R_3497.jpg,224,224,7.84
Residu,residu_R_3498.jpg,224,224,11.39
Residu,residu_R_3499.jpg,224,224,5.59
Residu,residu_R_3500.jpg,224,224,7.9
Residu,residu_R_3501.jpg,224,224,11.27
Residu,residu_R_3502.jpg,224,224,16.38
Residu,residu_R_3503.jpg,224,224,14.31
Residu,residu_R_3504.jpg,224,224,4.08
Residu,residu_R_3505.jpg,224,224,3.42
Residu,residu_R_3506.jpg,224,224,8.52
Residu,residu_R_3507.jpg,224,224,8.08
Residu,residu_R_3508.jpg,224,224,7.21
Residu,residu_R_3509.jpg,224,224,10.63
Residu,residu_R_3510.jpg,224,224,8.99
Residu,residu_R_3511.jpg,224,224,12.19
Residu,residu_R_3512.jpg,224,224,9.53
Residu,residu_R_3513.jpg,224,224,15.71
Residu,residu_R_3514.jpg,224,224,6.46
Residu,residu_R_3515.jpg,224,224,19.31
Residu,residu_R_3516.jpg,224,224,8.47
Residu,residu_R_3517.jpg,224,224,12.58
Residu,residu_R_3518.jpg,224,224,18.81
Residu,residu_R_3519.jpg,224,224,35.73
Residu,residu_R_3520.jpg,224,224,6.9
Residu,residu_R_3521.jpg,224,224,5.66
Residu,residu_R_3522.jpg,224,224,15.1
Residu,residu_R_3523.jpg,224,224,8.67
Residu,residu_R_3524.jpg,224,224,10.64
Residu,residu_R_3525.jpg,224,224,11.28
Residu,residu_R_3526.jpg,224,224,16.01
Residu,residu_R_3527.jpg,224,224,4.37
Residu,residu_R_3528.jpg,224,224,7.66
Residu,residu_R_3529.jpg,224,224,11.68
Residu,residu_R_3530.jpg,224,224,9.62
Residu,residu_R_3531.jpg,224,224,13.22
Residu,residu_R_3532.jpg,224,224,12.89
Residu,residu_R_3533.jpg,224,224,24.46
Residu,residu_R_3534.jpg,224,224,8.1
Residu,residu_R_3535.jpg,224,224,16.56
Residu,residu_R_3536.jpg,224,224,17.66
Residu,residu_R_3537.jpg,224,224,17.78
Residu,residu_R_3538.jpg,224,224,15.12
Residu,residu_R_3539.jpg,224,224,14.53
Residu,residu_R_3540.jpg,224,224,7.19
Residu,residu_R_3541.jpg,224,224,10.41
Residu,residu_R_3542.jpg,224,224,6.71
Residu,residu_R_3543.jpg,224,224,10.94
Residu,residu_R_3544.jpg,224,224,17.87
Residu,residu_R_3545.jpg,224,224,10.44
Residu,residu_R_3546.jpg,224,224,12.23
Residu,residu_R_3547.jpg,224,224,10.99
Residu,residu_R_3548.jpg,224,224,15.29
Residu,residu_R_3549.jpg,224,224,11.55
Residu,residu_R_3550.jpg,224,224,13.45
Residu,residu_R_3551.jpg,224,224,9.27
Residu,residu_R_3552.jpg,224,224,9.77
Residu,residu_R_3553.jpg,224,224,17.41
Residu,residu_R_3554.jpg,224,224,5.9
Residu,residu_R_3555.jpg,224,224,8.52
Residu,residu_R_3556.jpg,224,224,14.0
Residu,residu_R_3557.jpg,224,224,10.21
Residu,residu_R_3558.jpg,224,224,4.0
Residu,residu_R_3559.jpg,224,224,22.45
Residu,residu_R_3560.jpg,224,224,8.02
Residu,residu_R_3561.jpg,224,224,15.53
Residu,residu_R_3562.jpg,224,224,10.49
Residu,residu_R_3563.jpg,224,224,8.33
Residu,residu_R_3564.jpg,224,224,7.43
Residu,residu_R_3565.jpg,224,224,8.0
Residu,residu_R_3566.jpg,224,224,16.45
Residu,residu_R_3567.jpg,224,224,7.64
Residu,residu_R_3568.jpg,224,224,15.72
Residu,residu_R_3569.jpg,224,224,22.88
Residu,residu_R_3570.jpg,224,224,19.33
Residu,residu_R_3571.jpg,224,224,9.4
Residu,residu_R_3572.jpg,224,224,15.27
Residu,residu_R_3573.jpg,224,224,13.15
Residu,residu_R_3574.jpg,224,224,18.65
Residu,residu_R_3575.jpg,224,224,16.22
Residu,residu_R_3576.jpg,224,224,16.5
Residu,residu_R_3577.jpg,224,224,16.63
Residu,residu_R_3578.jpg,224,224,16.57
Residu,residu_Sampah-Popok-1.jpg,224,224,35.15
Residu,residu_Sampah-Popok-2.jpg,224,224,32.9
Residu,residu_sampah-popok-bayi-sekali-pakai-cemari-sungai-brantas-foto-riana-setiawanjawa-pos.jpg,224,224,25.39
Residu,residu_Sampah-Popok-yang-berhasil-dikumpul-oleh-tim-Ecoton.jpg,224,224,24.56
Residu,residu_sampah-popok-yang-telah-dibersihkan-dan-hasil-kerajinan.jpg,224,224,26.74
Residu,residu_sampah-sungai-sekayu_20151019_145140.jpg,224,224,29.22
Residu,residu_sampah_popok.jpg,224,224,32.94
Residu,residu_sampah_popok_mojokerto.jpg,224,224,35.09
Residu,residu_seni-IMG20180726103514-scaled.jpg,224,224,31.94
Residu,residu_seni-IMG20200307164535-scaled.jpg,224,224,18.68
Residu,residu_seni-IMG20200307165813-1200x800.jpg,224,224,22.21
Residu,residu_Share-materi-kulwap-diapers.pptx.jpg,224,224,19.8
Residu,residu_siswa_smp_ubah_limbah_popok_bekas_menjadi_pupuk_unpi_0f5.jpg,224,224,17.16
Residu,residu_skata-1598493640.jpg,224,224,12.76
Residu,residu_Softex.jpg,224,224,29.15
Residu,residu_softex_sampah1.jpg,224,224,28.73
Residu,residu_STYROFOAM (1).jpg,224,224,12.3
Residu,residu_STYROFOAM (11).jpg,224,224,10.64
Residu,residu_STYROFOAM (12).jpg,224,224,17.87
Residu,residu_STYROFOAM (13).jpg,224,224,14.56
Residu,residu_STYROFOAM (14).jpg,224,224,15.09
Residu,residu_STYROFOAM (15).jpg,224,224,16.76
Residu,residu_STYROFOAM (16).jpg,224,224,3.95
Residu,residu_STYROFOAM (17).jpg,224,224,3.98
Residu,residu_STYROFOAM (18).jpg,224,224,9.21
Residu,residu_STYROFOAM (19).jpg,224,224,19.36
Residu,residu_STYROFOAM (2).jpg,224,224,7.85
Residu,residu_STYROFOAM (20).jpg,224,224,9.46
Residu,residu_STYROFOAM (21).jpg,224,224,17.73
Residu,residu_STYROFOAM (22).jpg,224,224,7.21
Residu,residu_STYROFOAM (23).jpg,224,224,21.01
Residu,residu_STYROFOAM (24).jpg,224,224,18.11
Residu,residu_STYROFOAM (25).jpg,224,224,11.07
Residu,residu_STYROFOAM (26).jpg,224,224,11.57
Residu,residu_STYROFOAM (27).jpg,224,224,7.87
Residu,residu_STYROFOAM (28).jpg,224,224,8.01
Residu,residu_STYROFOAM (29).jpg,224,224,31.52
Residu,residu_STYROFOAM (5).jpg,224,224,12.22
Residu,residu_TERBARU_BK096_TEMPAT_KANTONG_SAMPAH___POPOK_BEKAS___BABY_DIA.jpg,224,224,32.29
Residu,residu_tips-memilih-pembalut-yang-aman-dan-cara-pemakaiannya-alodokter.jpg,224,224,18.67
Residu,residu_tumpukan_popok_di_jembatan_dinoyon-mojokerto-karin.jpg,224,224,40.22
Residu,residu_waspadai-peredaran-pembalut-berbahaya-rugikan-konsumen-wanita.jpg,224,224,28.05
Residu,residu_Yunita-2.jpg,224,224,25.31
Residu,residu__221110100921_missy-2_ori.jpg,224,224,34.59
